Horizonte,Bloco,Target_QID,Target_Periodo,Modelo,Alpha,N_Treino,Feature,Beta_Padronizado,Importancia_Normalizada,Rank_Importancia
H1,Validação,53,1T19,Ridge Contábil,0.1,296,Custo_t,15801.974207457164,0.4883856174879385,1
H1,Validação,53,1T19,Ridge Contábil,0.1,296,Custo_t_1,-1083.0792799713163,0.03347432010663324,9
H1,Validação,53,1T19,Ridge Contábil,0.1,296,Custo_t_4,3111.8238476529023,0.09617595823137437,2
H1,Validação,53,1T19,Ridge Contábil,0.1,296,Receita_t,1285.6545394700004,0.03973523674269226,7
H1,Validação,53,1T19,Ridge Contábil,0.1,296,Receita_t_1,-1384.459329577479,0.04278895887854001,5
H1,Validação,53,1T19,Ridge Contábil,0.1,296,Receita_t_4,-1444.1289328570672,0.044633144653075045,4
H1,Validação,53,1T19,Ridge Contábil,0.1,296,Despesas_t,-1308.3292558752926,0.040436035593998866,6
H1,Validação,53,1T19,Ridge Contábil,0.1,296,Despesas_t_1,372.763004387546,0.011520844654243136,14
H1,Validação,53,1T19,Ridge Contábil,0.1,296,Despesas_t_4,301.39484653073225,0.009315096094836679,16
H1,Validação,53,1T19,Ridge Contábil,0.1,296,EBIT_t,-551.0634298295747,0.017031508210241943,12
H1,Validação,53,1T19,Ridge Contábil,0.1,296,EBIT_t_1,102.67073490284952,0.003173205423902381,20
H1,Validação,53,1T19,Ridge Contábil,0.1,296,EBIT_t_4,1266.9640558210115,0.03915757706053989,8
H1,Validação,53,1T19,Ridge Contábil,0.1,296,Trimestre_Sin,137.9842023804576,0.0042646253562012805,19
H1,Validação,53,1T19,Ridge Contábil,0.1,296,Trimestre_Cos,-518.4879399050569,0.016024709910682014,13
H1,Validação,53,1T19,Ridge Contábil,0.1,296,Segmento=CORPORATIVO / OUTROS NEGÓCIOS,351.33485582069386,0.010858573001850063,15
H1,Validação,53,1T19,Ridge Contábil,0.1,296,Segmento=DISTRIBUIÇÃO,595.4516488980063,0.018403398044658674,11
H1,Validação,53,1T19,Ridge Contábil,0.1,296,Segmento=E&P,639.9263192696284,0.019777959796681205,10
H1,Validação,53,1T19,Ridge Contábil,0.1,296,Segmento=GÁS & ENERGIA / G&EBC,255.55477436790363,0.007898334388038695,17
H1,Validação,53,1T19,Ridge Contábil,0.1,296,Segmento=INTERNACIONAL,188.25821769793706,0.005818425260699185,18
H1,Validação,53,1T19,Ridge Contábil,0.1,296,Segmento=REFINO / RTC,1654.2239344519348,0.05112647110317247,3
H1,Validação,53,1T19,Ridge + Brent e Câmbio,10.0,296,Custo_t,5609.254798062903,0.17931737696600686,1
H1,Validação,53,1T19,Ridge + Brent e Câmbio,10.0,296,Custo_t_1,2031.6964940868659,0.06494953415853076,4
H1,Validação,53,1T19,Ridge + Brent e Câmbio,10.0,296,Custo_t_4,1585.2204658911417,0.050676531213129455,8
H1,Validação,53,1T19,Ridge + Brent e Câmbio,10.0,296,Receita_t,3862.837560989522,0.1234876866926452,2
H1,Validação,53,1T19,Ridge + Brent e Câmbio,10.0,296,Receita_t_1,1508.1282514129548,0.04821203741093968,9
H1,Validação,53,1T19,Ridge + Brent e Câmbio,10.0,296,Receita_t_4,1590.0895018921742,0.05083218518063325,7
H1,Validação,53,1T19,Ridge + Brent e Câmbio,10.0,296,Despesas_t,-1962.5626995122266,0.06273945614476105,5
H1,Validação,53,1T19,Ridge + Brent e Câmbio,10.0,296,Despesas_t_1,-391.8829416411455,0.012527764150967157,21
H1,Validação,53,1T19,Ridge + Brent e Câmbio,10.0,296,Despesas_t_4,-151.46771009280445,0.004842139187235522,26
H1,Validação,53,1T19,Ridge + Brent e Câmbio,10.0,296,EBIT_t,-1919.461203132004,0.06136158197921584,6
H1,Validação,53,1T19,Ridge + Brent e Câmbio,10.0,296,EBIT_t_1,-654.1466212279483,0.020911843104413796,14
H1,Validação,53,1T19,Ridge + Brent e Câmbio,10.0,296,EBIT_t_4,450.54755483072887,0.014403162031183674,19
H1,Validação,53,1T19,Ridge + Brent e Câmbio,10.0,296,Trimestre_Sin,-41.953049035500065,0.0013411604535008988,29
H1,Validação,53,1T19,Ridge + Brent e Câmbio,10.0,296,Trimestre_Cos,-451.99589018839504,0.014449462601696803,18
H1,Validação,53,1T19,Ridge + Brent e Câmbio,10.0,296,Brent_t,568.1571618444852,0.018162921035711814,16
H1,Validação,53,1T19,Ridge + Brent e Câmbio,10.0,296,Brent_t_1,-986.098550692108,0.031523724969875544,10
H1,Validação,53,1T19,Ridge + Brent e Câmbio,10.0,296,Brent_t_4,-104.24369880057078,0.0033324759361275866,28
H1,Validação,53,1T19,Ridge + Brent e Câmbio,10.0,296,USD_BRL_t,260.1944916712075,0.00831793088871575,24
H1,Validação,53,1T19,Ridge + Brent e Câmbio,10.0,296,USD_BRL_t_1,-466.14738367837526,0.014901859361004495,17
H1,Validação,53,1T19,Ridge + Brent e Câmbio,10.0,296,USD_BRL_t_4,113.99411022104776,0.003644178339245934,27
H1,Validação,53,1T19,Ridge + Brent e Câmbio,10.0,296,Brent_BRL_t,755.7498549720696,0.024159908314885552,13
H1,Validação,53,1T19,Ridge + Brent e Câmbio,10.0,296,Brent_Var_AA,575.9065209675725,0.01841065354228283,15
H1,Validação,53,1T19,Ridge + Brent e Câmbio,10.0,296,USD_BRL_Var_AA,417.26310612346634,0.013339120505024608,20
H1,Validação,53,1T19,Ridge + Brent e Câmbio,10.0,296,Segmento=CORPORATIVO / OUTROS NEGÓCIOS,264.94598323299977,0.008469827180506763,23
H1,Validação,53,1T19,Ridge + Brent e Câmbio,10.0,296,Segmento=DISTRIBUIÇÃO,781.999777908365,0.02499906921877636,12
H1,Validação,53,1T19,Ridge + Brent e Câmbio,10.0,296,Segmento=E&P,919.1687885551535,0.029384105747817368,11
H1,Validação,53,1T19,Ridge + Brent e Câmbio,10.0,296,Segmento=GÁS & ENERGIA / G&EBC,284.054350546793,0.009080685918105147,22
H1,Validação,53,1T19,Ridge + Brent e Câmbio,10.0,296,Segmento=INTERNACIONAL,240.94886762952365,0.007702684310432221,25
H1,Validação,53,1T19,Ridge + Brent e Câmbio,10.0,296,Segmento=REFINO / RTC,2331.038363991687,0.07451893345662809,3
H1,Validação,54,2T19,Ridge Contábil,0.1,302,Custo_t,14782.420714505864,0.43255403803567877,1
H1,Validação,54,2T19,Ridge Contábil,0.1,302,Custo_t_1,-594.948441167384,0.017409012746975306,11
H1,Validação,54,2T19,Ridge Contábil,0.1,302,Custo_t_4,3766.040962694058,0.110199557791137,2
H1,Validação,54,2T19,Ridge Contábil,0.1,302,Receita_t,2381.2299591962856,0.06967807602249794,4
H1,Validação,54,2T19,Ridge Contábil,0.1,302,Receita_t_1,-2645.3529743552003,0.07740668008211837,3
H1,Validação,54,2T19,Ridge Contábil,0.1,302,Receita_t_4,-1593.3845977961682,0.04662463308490861,6
H1,Validação,54,2T19,Ridge Contábil,0.1,302,Despesas_t,-1175.9217567144688,0.034409094024885845,8
H1,Validação,54,2T19,Ridge Contábil,0.1,302,Despesas_t_1,276.4785094623077,0.008090142880364127,16
H1,Validação,54,2T19,Ridge Contábil,0.1,302,Despesas_t_4,242.05924692105455,0.007082987740758368,17
H1,Validação,54,2T19,Ridge Contábil,0.1,302,EBIT_t,-315.4673359170597,0.009231009768608352,14
H1,Validação,54,2T19,Ridge Contábil,0.1,302,EBIT_t_1,-121.56530550648851,0.0035571686665819714,20
H1,Validação,54,2T19,Ridge Contábil,0.1,302,EBIT_t_4,1237.7537098027653,0.03621838233459618,7
H1,Validação,54,2T19,Ridge Contábil,0.1,302,Trimestre_Sin,130.37603018032948,0.0038149826342192667,19
H1,Validação,54,2T19,Ridge Contábil,0.1,302,Trimestre_Cos,-527.7685792370635,0.0154432372414707,12
H1,Validação,54,2T19,Ridge Contábil,0.1,302,Segmento=CORPORATIVO / OUTROS NEGÓCIOS,351.60188681146303,0.010288356613475389,13
H1,Validação,54,2T19,Ridge Contábil,0.1,302,Segmento=DISTRIBUIÇÃO,713.9544494864964,0.020891292844606824,10
H1,Validação,54,2T19,Ridge Contábil,0.1,302,Segmento=E&P,878.5922861787294,0.025708823237636538,9
H1,Validação,54,2T19,Ridge Contábil,0.1,302,Segmento=GÁS & ENERGIA / G&EBC,300.9797993592736,0.00880708444810178,15
H1,Validação,54,2T19,Ridge Contábil,0.1,302,Segmento=INTERNACIONAL,221.1647146092587,0.0064715848792862045,18
H1,Validação,54,2T19,Ridge Contábil,0.1,302,Segmento=REFINO / RTC,1917.6762633821427,0.05611385492209254,5
H1,Validação,54,2T19,Ridge + Brent e Câmbio,10.0,302,Custo_t,5472.852339037215,0.17179227927766935,1
H1,Validação,54,2T19,Ridge + Brent e Câmbio,10.0,302,Custo_t_1,1913.1214712351784,0.060052688747739405,4
H1,Validação,54,2T19,Ridge + Brent e Câmbio,10.0,302,Custo_t_4,1818.430673389409,0.05708035421707537,5
H1,Validação,54,2T19,Ridge + Brent e Câmbio,10.0,302,Receita_t,3884.2657897603567,0.12192670878100054,2
H1,Validação,54,2T19,Ridge + Brent e Câmbio,10.0,302,Receita_t_1,1313.072212715757,0.041217203444282195,9
H1,Validação,54,2T19,Ridge + Brent e Câmbio,10.0,302,Receita_t_4,1734.6275875228944,0.05444978386003858,7
H1,Validação,54,2T19,Ridge + Brent e Câmbio,10.0,302,Despesas_t,-1800.8889196030716,0.05652972034669166,6
H1,Validação,54,2T19,Ridge + Brent e Câmbio,10.0,302,Despesas_t_1,-441.4671851451364,0.013857610120670959,20
H1,Validação,54,2T19,Ridge + Brent e Câmbio,10.0,302,Despesas_t_4,-230.9700792575797,0.007250127338093662,26
H1,Validação,54,2T19,Ridge + Brent e Câmbio,10.0,302,EBIT_t,-1667.052857719612,0.05232861995220313,8
H1,Validação,54,2T19,Ridge + Brent e Câmbio,10.0,302,EBIT_t_1,-820.2366631909629,0.025747145581032516,12
H1,Validação,54,2T19,Ridge + Brent e Câmbio,10.0,302,EBIT_t_4,337.7486351140514,0.01060189536547447,21
H1,Validação,54,2T19,Ridge + Brent e Câmbio,10.0,302,Trimestre_Sin,-47.394867608328376,0.0014877200823456655,29
H1,Validação,54,2T19,Ridge + Brent e Câmbio,10.0,302,Trimestre_Cos,-512.082127040473,0.01607420597741102,18
H1,Validação,54,2T19,Ridge + Brent e Câmbio,10.0,302,Brent_t,657.6225391048556,0.02064270473576597,16
H1,Validação,54,2T19,Ridge + Brent e Câmbio,10.0,302,Brent_t_1,-988.8433755428213,0.031039693163548824,11
H1,Validação,54,2T19,Ridge + Brent e Câmbio,10.0,302,Brent_t_4,-119.93632913680099,0.003764789194775255,28
H1,Validação,54,2T19,Ridge + Brent e Câmbio,10.0,302,USD_BRL_t,316.5495651959975,0.009936458713034139,22
H1,Validação,54,2T19,Ridge + Brent e Câmbio,10.0,302,USD_BRL_t_1,-726.6752448710484,0.022810262159022054,14
H1,Validação,54,2T19,Ridge + Brent e Câmbio,10.0,302,USD_BRL_t_4,261.27986197286316,0.008201548340251646,24
H1,Validação,54,2T19,Ridge + Brent e Câmbio,10.0,302,Brent_BRL_t,704.372818483945,0.022110191259039222,15
H1,Validação,54,2T19,Ridge + Brent e Câmbio,10.0,302,Brent_Var_AA,565.2555347761553,0.017743313847673917,17
H1,Validação,54,2T19,Ridge + Brent e Câmbio,10.0,302,USD_BRL_Var_AA,506.9180162486549,0.01591210506395482,19
H1,Validação,54,2T19,Ridge + Brent e Câmbio,10.0,302,Segmento=CORPORATIVO / OUTROS NEGÓCIOS,231.77389928514887,0.007275359167149266,25
H1,Validação,54,2T19,Ridge + Brent e Câmbio,10.0,302,Segmento=DISTRIBUIÇÃO,817.9274803650165,0.025674660566571493,13
H1,Validação,54,2T19,Ridge + Brent e Câmbio,10.0,302,Segmento=E&P,1020.7226655135603,0.0320403808391075,10
H1,Validação,54,2T19,Ridge + Brent e Câmbio,10.0,302,Segmento=GÁS & ENERGIA / G&EBC,282.39098563686423,0.008864224368706215,23
H1,Validação,54,2T19,Ridge + Brent e Câmbio,10.0,302,Segmento=INTERNACIONAL,229.45876966577933,0.007202687483446449,27
H1,Validação,54,2T19,Ridge + Brent e Câmbio,10.0,302,Segmento=REFINO / RTC,2433.4439333407877,0.0763855580062249,3
H1,Validação,55,3T19,Ridge Contábil,0.1,308,Custo_t,14478.102913980907,0.43442433104077505,1
H1,Validação,55,3T19,Ridge Contábil,0.1,308,Custo_t_1,-38.97534120925547,0.0011694789457233643,20
H1,Validação,55,3T19,Ridge Contábil,0.1,308,Custo_t_4,3776.892224431122,0.11332796069761096,2
H1,Validação,55,3T19,Ridge Contábil,0.1,308,Receita_t,2355.4953977966557,0.07067807975513786,4
H1,Validação,55,3T19,Ridge Contábil,0.1,308,Receita_t_1,-2651.1048985413677,0.07954802358502383,3
H1,Validação,55,3T19,Ridge Contábil,0.1,308,Receita_t_4,-1740.026904444942,0.05221057126389766,6
H1,Validação,55,3T19,Ridge Contábil,0.1,308,Despesas_t,-1141.2459574821007,0.03424378280619841,8
H1,Validação,55,3T19,Ridge Contábil,0.1,308,Despesas_t_1,231.8690487397269,0.00695737259130451,16
H1,Validação,55,3T19,Ridge Contábil,0.1,308,Despesas_t_4,293.6510087495621,0.008811178079987885,13
H1,Validação,55,3T19,Ridge Contábil,0.1,308,EBIT_t,-249.43762108826044,0.007484528347497059,15
H1,Validação,55,3T19,Ridge Contábil,0.1,308,EBIT_t_1,-177.82427374849323,0.005335726070257626,18
H1,Validação,55,3T19,Ridge Contábil,0.1,308,EBIT_t_4,1333.149557644665,0.040001967674772154,7
H1,Validação,55,3T19,Ridge Contábil,0.1,308,Trimestre_Sin,116.68898288260561,0.0035013242846652724,19
H1,Validação,55,3T19,Ridge Contábil,0.1,308,Trimestre_Cos,-528.3918745187719,0.015854721297327932,11
H1,Validação,55,3T19,Ridge Contábil,0.1,308,Segmento=CORPORATIVO / OUTROS NEGÓCIOS,367.9285178623576,0.011039920160315372,12
H1,Validação,55,3T19,Ridge Contábil,0.1,308,Segmento=DISTRIBUIÇÃO,667.0021373438408,0.020013806991146195,10
H1,Validação,55,3T19,Ridge Contábil,0.1,308,Segmento=E&P,823.3730631801982,0.024705812238953056,9
H1,Validação,55,3T19,Ridge Contábil,0.1,308,Segmento=GÁS & ENERGIA / G&EBC,278.4640398995874,0.008355483793078492,14
H1,Validação,55,3T19,Ridge Contábil,0.1,308,Segmento=INTERNACIONAL,210.68908113802317,0.00632185471223554,17
H1,Validação,55,3T19,Ridge Contábil,0.1,308,Segmento=REFINO / RTC,1866.7866741103796,0.056014075664091834,5
H1,Validação,55,3T19,Ridge + Brent e Câmbio,10.0,308,Custo_t,5509.079919435255,0.17262563292180236,1
H1,Validação,55,3T19,Ridge + Brent e Câmbio,10.0,308,Custo_t_1,1911.7186544278663,0.05990322295467023,4
H1,Validação,55,3T19,Ridge + Brent e Câmbio,10.0,308,Custo_t_4,1829.3985152911657,0.057323742110591186,5
H1,Validação,55,3T19,Ridge + Brent e Câmbio,10.0,308,Receita_t,3910.5288259243107,0.12253543668020306,2
H1,Validação,55,3T19,Ridge + Brent e Câmbio,10.0,308,Receita_t_1,1330.5614560759736,0.04169280839186223,9
H1,Validação,55,3T19,Ridge + Brent e Câmbio,10.0,308,Receita_t_4,1734.1886099823666,0.05434036368720444,7
H1,Validação,55,3T19,Ridge + Brent e Câmbio,10.0,308,Despesas_t,-1786.2460303907667,0.05597156985551097,6
H1,Validação,55,3T19,Ridge + Brent e Câmbio,10.0,308,Despesas_t_1,-409.64260827408117,0.01283604804417147,20
H1,Validação,55,3T19,Ridge + Brent e Câmbio,10.0,308,Despesas_t_4,-224.9947948162796,0.007050155275883685,26
H1,Validação,55,3T19,Ridge + Brent e Câmbio,10.0,308,EBIT_t,-1678.0925088976105,0.0525826064762337,8
H1,Validação,55,3T19,Ridge + Brent e Câmbio,10.0,308,EBIT_t_1,-799.312075383402,0.02504624273616345,12
H1,Validação,55,3T19,Ridge + Brent e Câmbio,10.0,308,EBIT_t_4,347.0802379421561,0.010875671913569996,21
H1,Validação,55,3T19,Ridge + Brent e Câmbio,10.0,308,Trimestre_Sin,-73.63948292427439,0.002307474666139942,29
H1,Validação,55,3T19,Ridge + Brent e Câmbio,10.0,308,Trimestre_Cos,-505.9890875858213,0.015855040727922813,19
H1,Validação,55,3T19,Ridge + Brent e Câmbio,10.0,308,Brent_t,659.2397211601772,0.020657110765627464,16
H1,Validação,55,3T19,Ridge + Brent e Câmbio,10.0,308,Brent_t_1,-1005.6758155877277,0.03151259860426528,10
H1,Validação,55,3T19,Ridge + Brent e Câmbio,10.0,308,Brent_t_4,-97.27471386580324,0.0030480786799137404,28
H1,Validação,55,3T19,Ridge + Brent e Câmbio,10.0,308,USD_BRL_t,288.05166003461835,0.009026026279311853,23
H1,Validação,55,3T19,Ridge + Brent e Câmbio,10.0,308,USD_BRL_t_1,-784.8943909541225,0.02459446822276588,14
H1,Validação,55,3T19,Ridge + Brent e Câmbio,10.0,308,USD_BRL_t_4,295.653014511415,0.00926421280897006,22
H1,Validação,55,3T19,Ridge + Brent e Câmbio,10.0,308,Brent_BRL_t,680.5595742239683,0.021325162996264562,15
H1,Validação,55,3T19,Ridge + Brent e Câmbio,10.0,308,Brent_Var_AA,596.6602503984462,0.01869619879736133,17
H1,Validação,55,3T19,Ridge + Brent e Câmbio,10.0,308,USD_BRL_Var_AA,541.8554495731479,0.016978904155066456,18
H1,Validação,55,3T19,Ridge + Brent e Câmbio,10.0,308,Segmento=CORPORATIVO / OUTROS NEGÓCIOS,227.29618646471505,0.007122268804044816,25
H1,Validação,55,3T19,Ridge + Brent e Câmbio,10.0,308,Segmento=DISTRIBUIÇÃO,788.2579170139115,0.024699863465421856,13
H1,Validação,55,3T19,Ridge + Brent e Câmbio,10.0,308,Segmento=E&P,1000.3870207788449,0.03134687554984814,11
H1,Validação,55,3T19,Ridge + Brent e Câmbio,10.0,308,Segmento=GÁS & ENERGIA / G&EBC,265.27629561470957,0.008312365966608585,24
H1,Validação,55,3T19,Ridge + Brent e Câmbio,10.0,308,Segmento=INTERNACIONAL,218.841490298624,0.006857343027295035,27
H1,Validação,55,3T19,Ridge + Brent e Câmbio,10.0,308,Segmento=REFINO / RTC,2413.05609312683,0.07561250543530552,3
H1,Validação,56,4T19,Ridge Contábil,0.1,314,Custo_t,11895.628971687038,0.3155086766030516,1
H1,Validação,56,4T19,Ridge Contábil,0.1,314,Custo_t_1,807.0883647399612,0.021406466397607612,10
H1,Validação,56,4T19,Ridge Contábil,0.1,314,Custo_t_4,3677.928430970843,0.09754997694180588,4
H1,Validação,56,4T19,Ridge Contábil,0.1,314,Receita_t,6578.572935780772,0.1744839928889008,2
H1,Validação,56,4T19,Ridge Contábil,0.1,314,Receita_t_1,-4462.285136557572,0.11835352980592163,3
H1,Validação,56,4T19,Ridge Contábil,0.1,314,Receita_t_4,-2121.072407685488,0.056257365618994117,5
H1,Validação,56,4T19,Ridge Contábil,0.1,314,Despesas_t,-916.2989951389469,0.02430306829652194,9
H1,Validação,56,4T19,Ridge Contábil,0.1,314,Despesas_t_1,-78.09260608166304,0.0020712561610615396,19
H1,Validação,56,4T19,Ridge Contábil,0.1,314,Despesas_t_4,276.0954282965597,0.007322900151419758,16
H1,Validação,56,4T19,Ridge Contábil,0.1,314,EBIT_t,53.60341294126098,0.0014217274192695026,20
H1,Validação,56,4T19,Ridge Contábil,0.1,314,EBIT_t_1,-919.7802669579512,0.02439540233511072,8
H1,Validação,56,4T19,Ridge Contábil,0.1,314,EBIT_t_4,1448.0892314696362,0.038407781388571635,7
H1,Validação,56,4T19,Ridge Contábil,0.1,314,Trimestre_Sin,118.24659904909092,0.0031362635861951686,18
H1,Validação,56,4T19,Ridge Contábil,0.1,314,Trimestre_Cos,-495.4605538314301,0.013141138145820961,13
H1,Validação,56,4T19,Ridge Contábil,0.1,314,Segmento=CORPORATIVO / OUTROS NEGÓCIOS,334.69490608651364,0.00887713858060609,14
H1,Validação,56,4T19,Ridge Contábil,0.1,314,Segmento=DISTRIBUIÇÃO,626.425729654158,0.016614737516082317,11
H1,Validação,56,4T19,Ridge Contábil,0.1,314,Segmento=E&P,520.4878215203646,0.013804938279997993,12
H1,Validação,56,4T19,Ridge Contábil,0.1,314,Segmento=GÁS & ENERGIA / G&EBC,291.06293998122004,0.007719884608055696,15
H1,Validação,56,4T19,Ridge Contábil,0.1,314,Segmento=INTERNACIONAL,197.99206648499862,0.005251358715311888,17
H1,Validação,56,4T19,Ridge Contábil,0.1,314,Segmento=REFINO / RTC,1884.1101129146284,0.04997239655969324,6
H1,Validação,56,4T19,Ridge + Brent e Câmbio,10.0,314,Custo_t,5524.265448434222,0.18106832393846067,1
H1,Validação,56,4T19,Ridge + Brent e Câmbio,10.0,314,Custo_t_1,1808.4680221117515,0.05927598460224082,4
H1,Validação,56,4T19,Ridge + Brent e Câmbio,10.0,314,Custo_t_4,1582.2864553092716,0.0518624528686584,5
H1,Validação,56,4T19,Ridge + Brent e Câmbio,10.0,314,Receita_t,5091.66138899931,0.16688890176875745,2
H1,Validação,56,4T19,Ridge + Brent e Câmbio,10.0,314,Receita_t_1,927.9409780265202,0.03041503330595766,9
H1,Validação,56,4T19,Ridge + Brent e Câmbio,10.0,314,Receita_t_4,1461.3425021604824,0.04789828440290337,7
H1,Validação,56,4T19,Ridge + Brent e Câmbio,10.0,314,Despesas_t,-1165.979164457299,0.0382171883350192,8
H1,Validação,56,4T19,Ridge + Brent e Câmbio,10.0,314,Despesas_t_1,-701.2634427085228,0.02298524525944653,13
H1,Validação,56,4T19,Ridge + Brent e Câmbio,10.0,314,Despesas_t_4,-278.9230158934318,0.009142233201338838,23
H1,Validação,56,4T19,Ridge + Brent e Câmbio,10.0,314,EBIT_t,-750.0473557750186,0.024584230944794727,11
H1,Validação,56,4T19,Ridge + Brent e Câmbio,10.0,314,EBIT_t_1,-1490.3496395439497,0.04884904858998019,6
H1,Validação,56,4T19,Ridge + Brent e Câmbio,10.0,314,EBIT_t_4,334.6799021285431,0.010969771365979451,22
H1,Validação,56,4T19,Ridge + Brent e Câmbio,10.0,314,Trimestre_Sin,-76.08110308894557,0.0024937030901744962,28
H1,Validação,56,4T19,Ridge + Brent e Câmbio,10.0,314,Trimestre_Cos,-477.3398352701672,0.01564572244549324,20
H1,Validação,56,4T19,Ridge + Brent e Câmbio,10.0,314,Brent_t,617.0358243078057,0.020224524610610084,16
H1,Validação,56,4T19,Ridge + Brent e Câmbio,10.0,314,Brent_t_1,-915.5523027405465,0.030008970872718702,10
H1,Validação,56,4T19,Ridge + Brent e Câmbio,10.0,314,Brent_t_4,-54.45023875873531,0.001784710304405751,29
H1,Validação,56,4T19,Ridge + Brent e Câmbio,10.0,314,USD_BRL_t,152.25620248360815,0.004990487088334218,27
H1,Validação,56,4T19,Ridge + Brent e Câmbio,10.0,314,USD_BRL_t_1,-736.3636030333289,0.024135719880789226,12
H1,Validação,56,4T19,Ridge + Brent e Câmbio,10.0,314,USD_BRL_t_4,344.9330357307766,0.011305837352272658,21
H1,Validação,56,4T19,Ridge + Brent e Câmbio,10.0,314,Brent_BRL_t,549.0997911617418,0.01799779170437871,19
H1,Validação,56,4T19,Ridge + Brent e Câmbio,10.0,314,Brent_Var_AA,612.2193017763387,0.020066653909043462,17
H1,Validação,56,4T19,Ridge + Brent e Câmbio,10.0,314,USD_BRL_Var_AA,589.4740053154527,0.019321133487170298,18
H1,Validação,56,4T19,Ridge + Brent e Câmbio,10.0,314,Segmento=CORPORATIVO / OUTROS NEGÓCIOS,189.75373598226489,0.006219540182506671,25
H1,Validação,56,4T19,Ridge + Brent e Câmbio,10.0,314,Segmento=DISTRIBUIÇÃO,676.3369850093293,0.022168233122820263,14
H1,Validação,56,4T19,Ridge + Brent e Câmbio,10.0,314,Segmento=E&P,620.6786073670205,0.020343923764970125,15
H1,Validação,56,4T19,Ridge + Brent e Câmbio,10.0,314,Segmento=GÁS & ENERGIA / G&EBC,278.8179649938845,0.009138789957981543,24
H1,Validação,56,4T19,Ridge + Brent e Câmbio,10.0,314,Segmento=INTERNACIONAL,181.47131044855786,0.005948067907408358,26
H1,Validação,56,4T19,Ridge + Brent e Câmbio,10.0,314,Segmento=REFINO / RTC,2320.2157640093674,0.07604949173538499,3
H1,Validação,57,1T20,Ridge Contábil,0.1,318,Custo_t,11947.389001474792,0.302273870351581,1
H1,Validação,57,1T20,Ridge Contábil,0.1,318,Custo_t_1,1919.0358275266813,0.048552398089510125,6
H1,Validação,57,1T20,Ridge Contábil,0.1,318,Custo_t_4,3627.140324897644,0.0917681465113225,4
H1,Validação,57,1T20,Ridge Contábil,0.1,318,Receita_t,6628.304551124737,0.1676988394945667,2
H1,Validação,57,1T20,Ridge Contábil,0.1,318,Receita_t_1,-5650.364115672181,0.14295654305129657,3
H1,Validação,57,1T20,Ridge Contábil,0.1,318,Receita_t_4,-2031.8116582897403,0.051405673130831435,5
H1,Validação,57,1T20,Ridge Contábil,0.1,318,Despesas_t,-916.8881742577524,0.023197649049367518,9
H1,Validação,57,1T20,Ridge Contábil,0.1,318,Despesas_t_1,162.1520397719098,0.004102513498238679,18
H1,Validação,57,1T20,Ridge Contábil,0.1,318,Despesas_t_4,278.31508964052045,0.007041486580248001,16
H1,Validação,57,1T20,Ridge Contábil,0.1,318,EBIT_t,38.11518453249542,0.0009643298921948485,20
H1,Validação,57,1T20,Ridge Contábil,0.1,318,EBIT_t_1,-523.7399664886264,0.013250837208764374,11
H1,Validação,57,1T20,Ridge Contábil,0.1,318,EBIT_t_4,1447.5584003443535,0.03662382468487621,8
H1,Validação,57,1T20,Ridge Contábil,0.1,318,Trimestre_Sin,88.0732927519355,0.0022282906391889574,19
H1,Validação,57,1T20,Ridge Contábil,0.1,318,Trimestre_Cos,-494.5404018973888,0.012512076179012614,12
H1,Validação,57,1T20,Ridge Contábil,0.1,318,Segmento=CORPORATIVO / OUTROS NEGÓCIOS,369.6453847021719,0.009352180721472453,14
H1,Validação,57,1T20,Ridge Contábil,0.1,318,Segmento=DISTRIBUIÇÃO,605.5311318773462,0.015320187434120117,10
H1,Validação,57,1T20,Ridge Contábil,0.1,318,Segmento=E&P,478.2374874300597,0.012099605717605351,13
H1,Validação,57,1T20,Ridge Contábil,0.1,318,Segmento=GÁS & ENERGIA / G&EBC,281.3905853295034,0.007119297889902664,15
H1,Validação,57,1T20,Ridge Contábil,0.1,318,Segmento=INTERNACIONAL,189.6393422997733,0.0047979535914336405,17
H1,Validação,57,1T20,Ridge Contábil,0.1,318,Segmento=REFINO / RTC,1847.1752678167916,0.046734296284466535,7
H1,Validação,57,1T20,Ridge + Brent e Câmbio,10.0,318,Custo_t,5652.348024405214,0.18755218809499247,1
H1,Validação,57,1T20,Ridge + Brent e Câmbio,10.0,318,Custo_t_1,2027.0479759336838,0.06726006283024184,4
H1,Validação,57,1T20,Ridge + Brent e Câmbio,10.0,318,Custo_t_4,1553.5901923139368,0.05155012372085144,5
H1,Validação,57,1T20,Ridge + Brent e Câmbio,10.0,318,Receita_t,5075.320504439008,0.16840567172809254,2
H1,Validação,57,1T20,Ridge + Brent e Câmbio,10.0,318,Receita_t_1,674.683033341791,0.022386852088276187,13
H1,Validação,57,1T20,Ridge + Brent e Câmbio,10.0,318,Receita_t_4,1379.8107506375788,0.045783898005166364,6
H1,Validação,57,1T20,Ridge + Brent e Câmbio,10.0,318,Despesas_t,-1249.765134264254,0.0414688169454601,7
H1,Validação,57,1T20,Ridge + Brent e Câmbio,10.0,318,Despesas_t_1,-348.42758258547696,0.011561275990862466,21
H1,Validação,57,1T20,Ridge + Brent e Câmbio,10.0,318,Despesas_t_4,-347.6041217237972,0.011533952498793014,22
H1,Validação,57,1T20,Ridge + Brent e Câmbio,10.0,318,EBIT_t,-969.8131703511502,0.032179650183843715,8
H1,Validação,57,1T20,Ridge + Brent e Câmbio,10.0,318,EBIT_t_1,-957.4214976599777,0.03176847852255328,9
H1,Validação,57,1T20,Ridge + Brent e Câmbio,10.0,318,EBIT_t_4,207.85727594808233,0.006896972151609456,26
H1,Validação,57,1T20,Ridge + Brent e Câmbio,10.0,318,Trimestre_Sin,-108.87285260966198,0.0036125414859313094,28
H1,Validação,57,1T20,Ridge + Brent e Câmbio,10.0,318,Trimestre_Cos,-484.4278609889165,0.016073940406776118,18
H1,Validação,57,1T20,Ridge + Brent e Câmbio,10.0,318,Brent_t,662.175367457716,0.021971831623437382,14
H1,Validação,57,1T20,Ridge + Brent e Câmbio,10.0,318,Brent_t_1,-897.5064924154452,0.029780421473550627,10
H1,Validação,57,1T20,Ridge + Brent e Câmbio,10.0,318,Brent_t_4,44.32027567706941,0.0014706038347810928,29
H1,Validação,57,1T20,Ridge + Brent e Câmbio,10.0,318,USD_BRL_t,216.56269792147688,0.007185829265918546,24
H1,Validação,57,1T20,Ridge + Brent e Câmbio,10.0,318,USD_BRL_t_1,-745.8892884555057,0.024749567351909085,11
H1,Validação,57,1T20,Ridge + Brent e Câmbio,10.0,318,USD_BRL_t_4,478.7757358130805,0.015886395613083696,19
H1,Validação,57,1T20,Ridge + Brent e Câmbio,10.0,318,Brent_BRL_t,560.7062872707189,0.01860495684310039,16
H1,Validação,57,1T20,Ridge + Brent e Câmbio,10.0,318,Brent_Var_AA,517.644738557617,0.017176119190317814,17
H1,Validação,57,1T20,Ridge + Brent e Câmbio,10.0,318,USD_BRL_Var_AA,458.93777545656195,0.015228146535683993,20
H1,Validação,57,1T20,Ridge + Brent e Câmbio,10.0,318,Segmento=CORPORATIVO / OUTROS NEGÓCIOS,212.44784101785442,0.007049293013614197,25
H1,Validação,57,1T20,Ridge + Brent e Câmbio,10.0,318,Segmento=DISTRIBUIÇÃO,724.0433688073979,0.024024691598813333,12
H1,Validação,57,1T20,Ridge + Brent e Câmbio,10.0,318,Segmento=E&P,596.8996910409509,0.01980590059999633,15
H1,Validação,57,1T20,Ridge + Brent e Câmbio,10.0,318,Segmento=GÁS & ENERGIA / G&EBC,324.2428629538277,0.010758795841764243,23
H1,Validação,57,1T20,Ridge + Brent e Câmbio,10.0,318,Segmento=INTERNACIONAL,207.72171179173478,0.006892473958285115,27
H1,Validação,57,1T20,Ridge + Brent e Câmbio,10.0,318,Segmento=REFINO / RTC,2452.6036608232416,0.08138054860229377,3
H1,Validação,58,2T20,Ridge Contábil,0.1,322,Custo_t,11867.37457140703,0.29840191352314865,1
H1,Validação,58,2T20,Ridge Contábil,0.1,322,Custo_t_1,1991.5215898402842,0.05007627000017622,6
H1,Validação,58,2T20,Ridge Contábil,0.1,322,Custo_t_4,3868.8525948197143,0.09728124872832121,4
H1,Validação,58,2T20,Ridge Contábil,0.1,322,Receita_t,6686.180638012926,0.16812219792502353,2
H1,Validação,58,2T20,Ridge Contábil,0.1,322,Receita_t_1,-5659.321643718669,0.14230210713981015,3
H1,Validação,58,2T20,Ridge Contábil,0.1,322,Receita_t_4,-2097.083865559155,0.05273060478002421,5
H1,Validação,58,2T20,Ridge Contábil,0.1,322,Despesas_t,-931.2283563478088,0.023415484342317883,9
H1,Validação,58,2T20,Ridge Contábil,0.1,322,Despesas_t_1,143.69867122242593,0.0036132640969148864,18
H1,Validação,58,2T20,Ridge Contábil,0.1,322,Despesas_t_4,253.88006951202868,0.006383745460458423,16
H1,Validação,58,2T20,Ridge Contábil,0.1,322,EBIT_t,9.197879841545499,0.0002312781928773111,20
H1,Validação,58,2T20,Ridge Contábil,0.1,322,EBIT_t_1,-506.3520203079753,0.012732084157877695,12
H1,Validação,58,2T20,Ridge Contábil,0.1,322,EBIT_t_4,1410.686861849127,0.03547133836762648,8
H1,Validação,58,2T20,Ridge Contábil,0.1,322,Trimestre_Sin,89.22923943139455,0.0022436450141799513,19
H1,Validação,58,2T20,Ridge Contábil,0.1,322,Trimestre_Cos,-509.61648280680595,0.012814168181636637,11
H1,Validação,58,2T20,Ridge Contábil,0.1,322,Segmento=CORPORATIVO / OUTROS NEGÓCIOS,354.9259601713331,0.00892451696345248,14
H1,Validação,58,2T20,Ridge Contábil,0.1,322,Segmento=DISTRIBUIÇÃO,586.4805926428432,0.014746895367276282,10
H1,Validação,58,2T20,Ridge Contábil,0.1,322,Segmento=E&P,499.65916621076616,0.012563794157631949,13
H1,Validação,58,2T20,Ridge Contábil,0.1,322,Segmento=GÁS & ENERGIA / G&EBC,283.79449577080806,0.007135935591801731,15
H1,Validação,58,2T20,Ridge Contábil,0.1,322,Segmento=INTERNACIONAL,188.36102774649103,0.004736286933098441,17
H1,Validação,58,2T20,Ridge Contábil,0.1,322,Segmento=REFINO / RTC,1832.3212668735935,0.04607322107634577,7
H1,Validação,58,2T20,Ridge + Brent e Câmbio,10.0,322,Custo_t,5661.83696338427,0.18773889280712316,1
H1,Validação,58,2T20,Ridge + Brent e Câmbio,10.0,322,Custo_t_1,2068.9967244293844,0.06860514648831548,4
H1,Validação,58,2T20,Ridge + Brent e Câmbio,10.0,322,Custo_t_4,1656.7257766426746,0.054934796781220416,5
H1,Validação,58,2T20,Ridge + Brent e Câmbio,10.0,322,Receita_t,5072.214072879962,0.16818779139729942,2
H1,Validação,58,2T20,Ridge + Brent e Câmbio,10.0,322,Receita_t_1,703.6940923088312,0.023333548920491425,12
H1,Validação,58,2T20,Ridge + Brent e Câmbio,10.0,322,Receita_t_4,1451.4871758198567,0.04812936103149025,6
H1,Validação,58,2T20,Ridge + Brent e Câmbio,10.0,322,Despesas_t,-1245.9712241882223,0.04131472870225717,7
H1,Validação,58,2T20,Ridge + Brent e Câmbio,10.0,322,Despesas_t_1,-353.83658093512554,0.011732744755636995,22
H1,Validação,58,2T20,Ridge + Brent e Câmbio,10.0,322,Despesas_t_4,-368.70844467026495,0.012225875739391885,21
H1,Validação,58,2T20,Ridge + Brent e Câmbio,10.0,322,EBIT_t,-971.0377298528894,0.032198304093792915,8
H1,Validação,58,2T20,Ridge + Brent e Câmbio,10.0,322,EBIT_t_1,-947.2722924382884,0.03141027417768116,9
H1,Validação,58,2T20,Ridge + Brent e Câmbio,10.0,322,EBIT_t_4,165.63117873258045,0.005492106945270745,27
H1,Validação,58,2T20,Ridge + Brent e Câmbio,10.0,322,Trimestre_Sin,-107.73742062892784,0.0035724278522283976,28
H1,Validação,58,2T20,Ridge + Brent e Câmbio,10.0,322,Trimestre_Cos,-497.84336971076806,0.016507816036617197,18
H1,Validação,58,2T20,Ridge + Brent e Câmbio,10.0,322,Brent_t,648.9370410311402,0.021517878803753932,14
H1,Validação,58,2T20,Ridge + Brent e Câmbio,10.0,322,Brent_t_1,-884.2603075054801,0.029320881572177118,10
H1,Validação,58,2T20,Ridge + Brent e Câmbio,10.0,322,Brent_t_4,24.641399454763338,0.0008170756383084039,29
H1,Validação,58,2T20,Ridge + Brent e Câmbio,10.0,322,USD_BRL_t,194.865866498911,0.0064614898413709885,26
H1,Validação,58,2T20,Ridge + Brent e Câmbio,10.0,322,USD_BRL_t_1,-737.6483955335879,0.024459427912535532,11
H1,Validação,58,2T20,Ridge + Brent e Câmbio,10.0,322,USD_BRL_t_4,459.3483667031162,0.015231373551607242,20
H1,Validação,58,2T20,Ridge + Brent e Câmbio,10.0,322,Brent_BRL_t,556.4300890937924,0.01845047279294953,16
H1,Validação,58,2T20,Ridge + Brent e Câmbio,10.0,322,Brent_Var_AA,532.7640832479259,0.017665739893820954,17
H1,Validação,58,2T20,Ridge + Brent e Câmbio,10.0,322,USD_BRL_Var_AA,468.4592810941692,0.015533479209417349,19
H1,Validação,58,2T20,Ridge + Brent e Câmbio,10.0,322,Segmento=CORPORATIVO / OUTROS NEGÓCIOS,199.499322640146,0.006615129010328243,24
H1,Validação,58,2T20,Ridge + Brent e Câmbio,10.0,322,Segmento=DISTRIBUIÇÃO,690.3752041250578,0.0228919125156966,13
H1,Validação,58,2T20,Ridge + Brent e Câmbio,10.0,322,Segmento=E&P,579.3980072683314,0.019212058044531053,15
H1,Validação,58,2T20,Ridge + Brent e Câmbio,10.0,322,Segmento=GÁS & ENERGIA / G&EBC,305.85875820547955,0.010141864732631848,23
H1,Validação,58,2T20,Ridge + Brent e Câmbio,10.0,322,Segmento=INTERNACIONAL,196.14940072680787,0.006504050108715982,25
H1,Validação,58,2T20,Ridge + Brent e Câmbio,10.0,322,Segmento=REFINO / RTC,2406.4110283684145,0.07979335064333865,3
H1,Validação,59,3T20,Ridge Contábil,0.1,326,Custo_t,10245.12674688079,0.23497852332313757,1
H1,Validação,59,3T20,Ridge Contábil,0.1,326,Custo_t_1,3295.018810375472,0.07557336024366113,5
H1,Validação,59,3T20,Ridge Contábil,0.1,326,Custo_t_4,4461.790817578357,0.10233402119798063,4
H1,Validação,59,3T20,Ridge Contábil,0.1,326,Receita_t,7418.363278526986,0.17014489832383756,2
H1,Validação,59,3T20,Ridge Contábil,0.1,326,Receita_t_1,-6901.484145131014,0.158289945378633,3
H1,Validação,59,3T20,Ridge Contábil,0.1,326,Receita_t_4,-2613.225155771816,0.05993598745872914,6
H1,Validação,59,3T20,Ridge Contábil,0.1,326,Despesas_t,-780.1949281602748,0.017894268821917577,11
H1,Validação,59,3T20,Ridge Contábil,0.1,326,Despesas_t_1,87.95063007885456,0.0020172038562198224,18
H1,Validação,59,3T20,Ridge Contábil,0.1,326,Despesas_t_4,328.33065717672827,0.007530473257306657,14
H1,Validação,59,3T20,Ridge Contábil,0.1,326,EBIT_t,-14.993713195778897,0.0003438903854408081,19
H1,Validação,59,3T20,Ridge Contábil,0.1,326,EBIT_t_1,-451.56661799958493,0.010356968703376108,13
H1,Validação,59,3T20,Ridge Contábil,0.1,326,EBIT_t_4,1566.5869190868652,0.03593067123512655,8
H1,Validação,59,3T20,Ridge Contábil,0.1,326,Trimestre_Sin,0.09906610787926147,2.272144436663685e-06,20
H1,Validação,59,3T20,Ridge Contábil,0.1,326,Trimestre_Cos,-529.0955438287797,0.012135144118504061,12
H1,Validação,59,3T20,Ridge Contábil,0.1,326,Segmento=CORPORATIVO / OUTROS NEGÓCIOS,270.9920635704498,0.006215376002982216,16
H1,Validação,59,3T20,Ridge Contábil,0.1,326,Segmento=DISTRIBUIÇÃO,860.1162488029496,0.01972731533960643,9
H1,Validação,59,3T20,Ridge Contábil,0.1,326,Segmento=E&P,826.326554499146,0.01895232712645764,10
H1,Validação,59,3T20,Ridge Contábil,0.1,326,Segmento=GÁS & ENERGIA / G&EBC,308.20508483970985,0.007068880405834577,15
H1,Validação,59,3T20,Ridge Contábil,0.1,326,Segmento=INTERNACIONAL,247.9450808190993,0.005686778738373951,17
H1,Validação,59,3T20,Ridge Contábil,0.1,326,Segmento=REFINO / RTC,2392.856600386383,0.0548816939384379,7
H1,Validação,59,3T20,Ridge + Brent e Câmbio,10.0,326,Custo_t,5310.584322018322,0.17470121876964528,1
H1,Validação,59,3T20,Ridge + Brent e Câmbio,10.0,326,Custo_t_1,2161.437898707216,0.07110438556327078,4
H1,Validação,59,3T20,Ridge + Brent e Câmbio,10.0,326,Custo_t_4,1785.74361431079,0.05874524664578522,5
H1,Validação,59,3T20,Ridge + Brent e Câmbio,10.0,326,Receita_t,4995.835624300881,0.16434699449541373,2
H1,Validação,59,3T20,Ridge + Brent e Câmbio,10.0,326,Receita_t_1,500.1920197945538,0.01645471574844483,17
H1,Validação,59,3T20,Ridge + Brent e Câmbio,10.0,326,Receita_t_4,1570.3673120413994,0.05166005597391168,6
H1,Validação,59,3T20,Ridge + Brent e Câmbio,10.0,326,Despesas_t,-1268.8511849661104,0.04174114090078906,7
H1,Validação,59,3T20,Ridge + Brent e Câmbio,10.0,326,Despesas_t_1,-404.5147533689566,0.01330724005847268,21
H1,Validação,59,3T20,Ridge + Brent e Câmbio,10.0,326,Despesas_t_4,-315.02320748504775,0.01036325476655727,23
H1,Validação,59,3T20,Ridge + Brent e Câmbio,10.0,326,EBIT_t,-822.9539244072724,0.027072548869833575,10
H1,Validação,59,3T20,Ridge + Brent e Câmbio,10.0,326,EBIT_t_1,-1093.1286513575715,0.035960432239517975,8
H1,Validação,59,3T20,Ridge + Brent e Câmbio,10.0,326,EBIT_t_4,179.46278507548075,0.005903750957590619,26
H1,Validação,59,3T20,Ridge + Brent e Câmbio,10.0,326,Trimestre_Sin,-203.82709133195445,0.006705258614636001,25
H1,Validação,59,3T20,Ridge + Brent e Câmbio,10.0,326,Trimestre_Cos,-484.99056074612605,0.015954636423496295,18
H1,Validação,59,3T20,Ridge + Brent e Câmbio,10.0,326,Brent_t,464.05929029199325,0.01526606465116366,19
H1,Validação,59,3T20,Ridge + Brent e Câmbio,10.0,326,Brent_t_1,-968.1412972444899,0.03184874852068195,9
H1,Validação,59,3T20,Ridge + Brent e Câmbio,10.0,326,Brent_t_4,15.551579617181863,0.0005115971705129196,29
H1,Validação,59,3T20,Ridge + Brent e Câmbio,10.0,326,USD_BRL_t,-334.07168180941136,0.01098988857526476,22
H1,Validação,59,3T20,Ridge + Brent e Câmbio,10.0,326,USD_BRL_t_1,-673.2784064809688,0.022148703617383986,13
H1,Validação,59,3T20,Ridge + Brent e Câmbio,10.0,326,USD_BRL_t_4,443.988046258782,0.014605784994123525,20
H1,Validação,59,3T20,Ridge + Brent e Câmbio,10.0,326,Brent_BRL_t,760.9247234300209,0.025031986786090102,11
H1,Validação,59,3T20,Ridge + Brent e Câmbio,10.0,326,Brent_Var_AA,664.5701010030555,0.021862228252685956,14
H1,Validação,59,3T20,Ridge + Brent e Câmbio,10.0,326,USD_BRL_Var_AA,607.2410711073854,0.019976286746752284,15
H1,Validação,59,3T20,Ridge + Brent e Câmbio,10.0,326,Segmento=CORPORATIVO / OUTROS NEGÓCIOS,82.61056969215835,0.0027176232093024644,28
H1,Validação,59,3T20,Ridge + Brent e Câmbio,10.0,326,Segmento=DISTRIBUIÇÃO,760.4070879587715,0.025014958236645794,12
H1,Validação,59,3T20,Ridge + Brent e Câmbio,10.0,326,Segmento=E&P,597.7623882431355,0.01966446843292763,16
H1,Validação,59,3T20,Ridge + Brent e Câmbio,10.0,326,Segmento=GÁS & ENERGIA / G&EBC,250.0644323921696,0.008226319075421108,24
H1,Validação,59,3T20,Ridge + Brent e Câmbio,10.0,326,Segmento=INTERNACIONAL,145.7071836473307,0.004793299761975492,27
H1,Validação,59,3T20,Ridge + Brent e Câmbio,10.0,326,Segmento=REFINO / RTC,2532.804633054126,0.08332116194170344,3
H1,Validação,60,4T20,Ridge Contábil,0.1,330,Custo_t,8041.678317506735,0.21095961910007863,1
H1,Validação,60,4T20,Ridge Contábil,0.1,330,Custo_t_1,5337.9334604704645,0.1400315164498584,4
H1,Validação,60,4T20,Ridge Contábil,0.1,330,Custo_t_4,1103.8740734879711,0.028958240417365413,7
H1,Validação,60,4T20,Ridge Contábil,0.1,330,Receita_t,7374.041873667692,0.19344532365966075,2
H1,Validação,60,4T20,Ridge Contábil,0.1,330,Receita_t_1,-6944.9523497587315,0.18218889695994994,3
H1,Validação,60,4T20,Ridge Contábil,0.1,330,Receita_t_4,1452.9710505593337,0.038116200037764246,6
H1,Validação,60,4T20,Ridge Contábil,0.1,330,Despesas_t,-890.5410235079885,0.023361814250049066,8
H1,Validação,60,4T20,Ridge Contábil,0.1,330,Despesas_t_1,92.66021413229124,0.002430781574105599,19
H1,Validação,60,4T20,Ridge Contábil,0.1,330,Despesas_t_4,-302.6059533254603,0.007938347460626563,15
H1,Validação,60,4T20,Ridge Contábil,0.1,330,EBIT_t,-180.88070059413855,0.004745094517996787,18
H1,Validação,60,4T20,Ridge Contábil,0.1,330,EBIT_t_1,-491.6661955066768,0.012898018203820855,12
H1,Validação,60,4T20,Ridge Contábil,0.1,330,EBIT_t_4,474.8621572034269,0.012457193119823236,13
H1,Validação,60,4T20,Ridge Contábil,0.1,330,Trimestre_Sin,-83.62590461680414,0.002193781980367773,20
H1,Validação,60,4T20,Ridge Contábil,0.1,330,Trimestre_Cos,-613.8695909796526,0.01610381440006912,11
H1,Validação,60,4T20,Ridge Contábil,0.1,330,Segmento=CORPORATIVO / OUTROS NEGÓCIOS,270.803483685099,0.007104064290263125,16
H1,Validação,60,4T20,Ridge Contábil,0.1,330,Segmento=DISTRIBUIÇÃO,805.9524124023831,0.021142777318393254,9
H1,Validação,60,4T20,Ridge Contábil,0.1,330,Segmento=E&P,766.0645982258887,0.020096389020680686,10
H1,Validação,60,4T20,Ridge Contábil,0.1,330,Segmento=GÁS & ENERGIA / G&EBC,310.6818641827485,0.008150205111613518,14
H1,Validação,60,4T20,Ridge Contábil,0.1,330,Segmento=INTERNACIONAL,234.57296909211502,0.006153618965722283,17
H1,Validação,60,4T20,Ridge Contábil,0.1,330,Segmento=REFINO / RTC,2345.2765834828906,0.06152430316179083,5
H1,Validação,60,4T20,Ridge + Brent e Câmbio,10.0,330,Custo_t,5023.469365219848,0.16273699444891482,1
H1,Validação,60,4T20,Ridge + Brent e Câmbio,10.0,330,Custo_t_1,2420.1243267885843,0.07840074866606483,4
H1,Validação,60,4T20,Ridge + Brent e Câmbio,10.0,330,Custo_t_4,1871.9638479267317,0.06064290397345531,5
H1,Validação,60,4T20,Ridge + Brent e Câmbio,10.0,330,Receita_t,4825.241745831572,0.15631534346416762,2
H1,Validação,60,4T20,Ridge + Brent e Câmbio,10.0,330,Receita_t_1,598.0315550897263,0.019373435127269554,16
H1,Validação,60,4T20,Ridge + Brent e Câmbio,10.0,330,Receita_t_4,1603.420926600831,0.05194336492586407,6
H1,Validação,60,4T20,Ridge + Brent e Câmbio,10.0,330,Despesas_t,-1288.2407378279254,0.04173299577623563,7
H1,Validação,60,4T20,Ridge + Brent e Câmbio,10.0,330,Despesas_t_1,-592.9301622704492,0.019208173776088584,17
H1,Validação,60,4T20,Ridge + Brent e Câmbio,10.0,330,Despesas_t_4,-292.7438532575402,0.009483536448408563,22
H1,Validação,60,4T20,Ridge + Brent e Câmbio,10.0,330,EBIT_t,-829.64227629506,0.026876543021598674,10
H1,Validação,60,4T20,Ridge + Brent e Câmbio,10.0,330,EBIT_t_1,-1203.2709537602884,0.038980370792817354,8
H1,Validação,60,4T20,Ridge + Brent e Câmbio,10.0,330,EBIT_t_4,253.6188325796261,0.008216068129211052,24
H1,Validação,60,4T20,Ridge + Brent e Câmbio,10.0,330,Trimestre_Sin,-227.86475779231102,0.007381756138633837,25
H1,Validação,60,4T20,Ridge + Brent e Câmbio,10.0,330,Trimestre_Cos,-529.5062335029473,0.01715353408519567,19
H1,Validação,60,4T20,Ridge + Brent e Câmbio,10.0,330,Brent_t,697.494071715479,0.022595557099002097,14
H1,Validação,60,4T20,Ridge + Brent e Câmbio,10.0,330,Brent_t_1,-882.0640598677478,0.02857476448609791,9
H1,Validação,60,4T20,Ridge + Brent e Câmbio,10.0,330,Brent_t_4,92.49266017822333,0.002996331107382031,29
H1,Validação,60,4T20,Ridge + Brent e Câmbio,10.0,330,USD_BRL_t,150.33732537169024,0.0048702286618616105,27
H1,Validação,60,4T20,Ridge + Brent e Câmbio,10.0,330,USD_BRL_t_1,-739.2191760545893,0.023947256010560407,12
H1,Validação,60,4T20,Ridge + Brent e Câmbio,10.0,330,USD_BRL_t_4,450.89786749654826,0.014606989398173027,21
H1,Validação,60,4T20,Ridge + Brent e Câmbio,10.0,330,Brent_BRL_t,473.49161004041713,0.01533892135348632,20
H1,Validação,60,4T20,Ridge + Brent e Câmbio,10.0,330,Brent_Var_AA,724.8742543992984,0.023482547406592433,13
H1,Validação,60,4T20,Ridge + Brent e Câmbio,10.0,330,USD_BRL_Var_AA,574.5856633046901,0.01861389750817146,18
H1,Validação,60,4T20,Ridge + Brent e Câmbio,10.0,330,Segmento=CORPORATIVO / OUTROS NEGÓCIOS,104.02942661100201,0.003370068570165854,28
H1,Validação,60,4T20,Ridge + Brent e Câmbio,10.0,330,Segmento=DISTRIBUIÇÃO,769.0923013013867,0.024915006038283935,11
H1,Validação,60,4T20,Ridge + Brent e Câmbio,10.0,330,Segmento=E&P,616.9018210625969,0.019984743795764277,15
H1,Validação,60,4T20,Ridge + Brent e Câmbio,10.0,330,Segmento=GÁS & ENERGIA / G&EBC,263.8237646533767,0.008546660366069419,23
H1,Validação,60,4T20,Ridge + Brent e Câmbio,10.0,330,Segmento=INTERNACIONAL,166.32907632442502,0.0053882868596565,26
H1,Validação,60,4T20,Ridge + Brent e Câmbio,10.0,330,Segmento=REFINO / RTC,2602.9353122688626,0.08432297256480711,3
H1,Validação,61,1T21,Ridge Contábil,0.1,334,Custo_t,8146.859311926838,0.2365876496260803,1
H1,Validação,61,1T21,Ridge Contábil,0.1,334,Custo_t_1,4033.7055604670904,0.11714022315783057,4
H1,Validação,61,1T21,Ridge Contábil,0.1,334,Custo_t_4,1530.823435031617,0.04445564905686263,6
H1,Validação,61,1T21,Ridge Contábil,0.1,334,Receita_t,6852.38530327121,0.19899567074391994,2
H1,Validação,61,1T21,Ridge Contábil,0.1,334,Receita_t_1,-4750.093930856816,0.13794439250464072,3
H1,Validação,61,1T21,Ridge Contábil,0.1,334,Receita_t_4,544.3082977675184,0.015806903729424105,11
H1,Validação,61,1T21,Ridge Contábil,0.1,334,Despesas_t,-1063.4194212554373,0.030882072686983193,7
H1,Validação,61,1T21,Ridge Contábil,0.1,334,Despesas_t_1,64.7077264586405,0.0018791350543006116,20
H1,Validação,61,1T21,Ridge Contábil,0.1,334,Despesas_t_4,-294.54013761709746,0.008553548823085054,16
H1,Validação,61,1T21,Ridge Contábil,0.1,334,EBIT_t,-453.4856185184398,0.013169381293652374,13
H1,Validação,61,1T21,Ridge Contábil,0.1,334,EBIT_t_1,-487.6639540674572,0.014161932136384559,12
H1,Validação,61,1T21,Ridge Contábil,0.1,334,EBIT_t_4,397.9178156735477,0.011555672824339298,14
H1,Validação,61,1T21,Ridge Contábil,0.1,334,Trimestre_Sin,-89.66789014920177,0.0026039869555954985,19
H1,Validação,61,1T21,Ridge Contábil,0.1,334,Trimestre_Cos,-635.4412342213841,0.018453436143157854,10
H1,Validação,61,1T21,Ridge Contábil,0.1,334,Segmento=CORPORATIVO / OUTROS NEGÓCIOS,263.07917296378656,0.007639911383513807,17
H1,Validação,61,1T21,Ridge Contábil,0.1,334,Segmento=DISTRIBUIÇÃO,855.9523553961427,0.024857156384008434,8
H1,Validação,61,1T21,Ridge Contábil,0.1,334,Segmento=E&P,832.2606663268655,0.0241691414302745,9
H1,Validação,61,1T21,Ridge Contábil,0.1,334,Segmento=GÁS & ENERGIA / G&EBC,360.553694313388,0.010470605645137812,15
H1,Validação,61,1T21,Ridge Contábil,0.1,334,Segmento=INTERNACIONAL,251.91103959560442,0.007315584876436335,18
H1,Validação,61,1T21,Ridge Contábil,0.1,334,Segmento=REFINO / RTC,2526.069567479705,0.07335794554437246,5
H1,Validação,61,1T21,Ridge + Brent e Câmbio,10.0,334,Custo_t,5038.863362070602,0.16290202175938304,1
H1,Validação,61,1T21,Ridge + Brent e Câmbio,10.0,334,Custo_t_1,2356.0076418236076,0.07616765539280453,4
H1,Validação,61,1T21,Ridge + Brent e Câmbio,10.0,334,Custo_t_4,1911.4777440401813,0.06179639467823438,5
H1,Validação,61,1T21,Ridge + Brent e Câmbio,10.0,334,Receita_t,4769.856529932554,0.15420526741747376,2
H1,Validação,61,1T21,Ridge + Brent e Câmbio,10.0,334,Receita_t_1,714.7725807556291,0.023107969027248328,14
H1,Validação,61,1T21,Ridge + Brent e Câmbio,10.0,334,Receita_t_4,1564.218495173347,0.05056980851182438,6
H1,Validação,61,1T21,Ridge + Brent e Câmbio,10.0,334,Despesas_t,-1316.1625498576666,0.042550377918502184,7
H1,Validação,61,1T21,Ridge + Brent e Câmbio,10.0,334,Despesas_t_1,-524.0341293275342,0.01694156261131361,19
H1,Validação,61,1T21,Ridge + Brent e Câmbio,10.0,334,Despesas_t_4,-310.55811152753796,0.010040070668005352,22
H1,Validação,61,1T21,Ridge + Brent e Câmbio,10.0,334,EBIT_t,-905.8191631274789,0.0292843370456512,9
H1,Validação,61,1T21,Ridge + Brent e Câmbio,10.0,334,EBIT_t_1,-1117.4796714795013,0.03612713516490691,8
H1,Validação,61,1T21,Ridge + Brent e Câmbio,10.0,334,EBIT_t_4,202.65937692669328,0.0065517994550836605,25
H1,Validação,61,1T21,Ridge + Brent e Câmbio,10.0,334,Trimestre_Sin,-229.1105385095654,0.007406942250216595,24
H1,Validação,61,1T21,Ridge + Brent e Câmbio,10.0,334,Trimestre_Cos,-531.2279043003982,0.01717413103060888,18
H1,Validação,61,1T21,Ridge + Brent e Câmbio,10.0,334,Brent_t,692.3407494310504,0.02238276764511803,15
H1,Validação,61,1T21,Ridge + Brent e Câmbio,10.0,334,Brent_t_1,-893.0674856261768,0.0288720865247456,10
H1,Validação,61,1T21,Ridge + Brent e Câmbio,10.0,334,Brent_t_4,102.37456035648974,0.0033096795170780603,28
H1,Validação,61,1T21,Ridge + Brent e Câmbio,10.0,334,USD_BRL_t,136.1894646519559,0.004402885639076948,27
H1,Validação,61,1T21,Ridge + Brent e Câmbio,10.0,334,USD_BRL_t_1,-743.4060226379587,0.024033663025556023,12
H1,Validação,61,1T21,Ridge + Brent e Câmbio,10.0,334,USD_BRL_t_4,443.3470744353186,0.014333021075797358,21
H1,Validação,61,1T21,Ridge + Brent e Câmbio,10.0,334,Brent_BRL_t,481.12017759738217,0.015554192286658957,20
H1,Validação,61,1T21,Ridge + Brent e Câmbio,10.0,334,Brent_Var_AA,734.3385785396018,0.023740520530974557,13
H1,Validação,61,1T21,Ridge + Brent e Câmbio,10.0,334,USD_BRL_Var_AA,573.0295948684048,0.018525542929916698,17
H1,Validação,61,1T21,Ridge + Brent e Câmbio,10.0,334,Segmento=CORPORATIVO / OUTROS NEGÓCIOS,97.77629624537109,0.003161021681677453,29
H1,Validação,61,1T21,Ridge + Brent e Câmbio,10.0,334,Segmento=DISTRIBUIÇÃO,782.8488259667197,0.025308814174618447,11
H1,Validação,61,1T21,Ridge + Brent e Câmbio,10.0,334,Segmento=E&P,629.7949450946489,0.020360716788239915,16
H1,Validação,61,1T21,Ridge + Brent e Câmbio,10.0,334,Segmento=GÁS & ENERGIA / G&EBC,276.82948465040414,0.008949653819076323,23
H1,Validação,61,1T21,Ridge + Brent e Câmbio,10.0,334,Segmento=INTERNACIONAL,169.4214778485227,0.005477247404391945,26
H1,Validação,61,1T21,Ridge + Brent e Câmbio,10.0,334,Segmento=REFINO / RTC,2683.7325662185417,0.08676271402581685,3
H1,Validação,62,2T21,Ridge Contábil,0.1,338,Custo_t,9368.020006003508,0.2681050187664863,1
H1,Validação,62,2T21,Ridge Contábil,0.1,338,Custo_t_1,4590.492129010065,0.13137610483399198,4
H1,Validação,62,2T21,Ridge Contábil,0.1,338,Custo_t_4,1344.4821885726685,0.038477973164818075,6
H1,Validação,62,2T21,Ridge Contábil,0.1,338,Receita_t,5798.035593584726,0.1659350044759294,2
H1,Validação,62,2T21,Ridge Contábil,0.1,338,Receita_t_1,-5624.35971925521,0.1609645439606273,3
H1,Validação,62,2T21,Ridge Contábil,0.1,338,Receita_t_4,985.1606067697468,0.028194485365823318,7
H1,Validação,62,2T21,Ridge Contábil,0.1,338,Despesas_t,-479.8633510520378,0.013733293978525627,12
H1,Validação,62,2T21,Ridge Contábil,0.1,338,Despesas_t_1,58.62660843467898,0.0016778452591392945,20
H1,Validação,62,2T21,Ridge Contábil,0.1,338,Despesas_t_4,-291.73071989619785,0.00834909298682185,15
H1,Validação,62,2T21,Ridge Contábil,0.1,338,EBIT_t,438.4941111927368,0.012549340397969086,14
H1,Validação,62,2T21,Ridge Contábil,0.1,338,EBIT_t_1,-526.5461974829669,0.015069318603837745,11
H1,Validação,62,2T21,Ridge Contábil,0.1,338,EBIT_t_4,449.89803636671235,0.012875711346240007,13
H1,Validação,62,2T21,Ridge Contábil,0.1,338,Trimestre_Sin,-69.16680528527813,0.0019794970140054645,19
H1,Validação,62,2T21,Ridge Contábil,0.1,338,Trimestre_Cos,-537.7521441683158,0.015390023570783413,9
H1,Validação,62,2T21,Ridge Contábil,0.1,338,Segmento=CORPORATIVO / OUTROS NEGÓCIOS,268.506217022498,0.0076844268380726714,17
H1,Validação,62,2T21,Ridge Contábil,0.1,338,Segmento=DISTRIBUIÇÃO,746.5053773305563,0.021364369212515617,8
H1,Validação,62,2T21,Ridge Contábil,0.1,338,Segmento=E&P,529.6106585029803,0.015157020954895207,10
H1,Validação,62,2T21,Ridge Contábil,0.1,338,Segmento=GÁS & ENERGIA / G&EBC,281.7165377946525,0.00806249534094308,16
H1,Validação,62,2T21,Ridge Contábil,0.1,338,Segmento=INTERNACIONAL,216.75328958722292,0.006203300669217025,18
H1,Validação,62,2T21,Ridge Contábil,0.1,338,Segmento=REFINO / RTC,2335.885977364454,0.06685113325935767,5
H1,Validação,62,2T21,Ridge + Brent e Câmbio,10.0,338,Custo_t,5365.222930369425,0.18252142208363414,1
H1,Validação,62,2T21,Ridge + Brent e Câmbio,10.0,338,Custo_t_1,2483.834085707361,0.08449843285671169,4
H1,Validação,62,2T21,Ridge + Brent e Câmbio,10.0,338,Custo_t_4,1949.9260068697497,0.06633522452854033,5
H1,Validação,62,2T21,Ridge + Brent e Câmbio,10.0,338,Receita_t,4419.401316736922,0.1503451810964297,2
H1,Validação,62,2T21,Ridge + Brent e Câmbio,10.0,338,Receita_t_1,572.2055112370319,0.01946606226628587,14
H1,Validação,62,2T21,Ridge + Brent e Câmbio,10.0,338,Receita_t_4,1655.8381143688162,0.05633054419121214,6
H1,Validação,62,2T21,Ridge + Brent e Câmbio,10.0,338,Despesas_t,-847.8028531117398,0.02884170600267346,8
H1,Validação,62,2T21,Ridge + Brent e Câmbio,10.0,338,Despesas_t_1,-650.7286582164716,0.02213736905803976,13
H1,Validação,62,2T21,Ridge + Brent e Câmbio,10.0,338,Despesas_t_4,-331.8902530193096,0.011290692249503692,19
H1,Validação,62,2T21,Ridge + Brent e Câmbio,10.0,338,EBIT_t,-211.0339427174953,0.0071792385577650625,27
H1,Validação,62,2T21,Ridge + Brent e Câmbio,10.0,338,EBIT_t_1,-1301.3475269025298,0.044271003147098545,7
H1,Validação,62,2T21,Ridge + Brent e Câmbio,10.0,338,EBIT_t_4,222.50934666556435,0.007569624395365569,25
H1,Validação,62,2T21,Ridge + Brent e Câmbio,10.0,338,Trimestre_Sin,-226.405494759126,0.007702168839448221,24
H1,Validação,62,2T21,Ridge + Brent e Câmbio,10.0,338,Trimestre_Cos,-429.26455568173424,0.014603303193542168,16
H1,Validação,62,2T21,Ridge + Brent e Câmbio,10.0,338,Brent_t,835.6210028613647,0.02842728731771581,9
H1,Validação,62,2T21,Ridge + Brent e Câmbio,10.0,338,Brent_t_1,-801.7320327930333,0.027274406423464573,11
H1,Validação,62,2T21,Ridge + Brent e Câmbio,10.0,338,Brent_t_4,214.34085825399075,0.0072917376904693305,26
H1,Validação,62,2T21,Ridge + Brent e Câmbio,10.0,338,USD_BRL_t,292.93299581517283,0.009965391497296671,21
H1,Validação,62,2T21,Ridge + Brent e Câmbio,10.0,338,USD_BRL_t_1,-369.454612313622,0.012568607513611158,18
H1,Validação,62,2T21,Ridge + Brent e Câmbio,10.0,338,USD_BRL_t_4,296.3190703830707,0.010080583569170447,20
H1,Validação,62,2T21,Ridge + Brent e Câmbio,10.0,338,Brent_BRL_t,246.06792681672746,0.008371072090506448,22
H1,Validação,62,2T21,Ridge + Brent e Câmbio,10.0,338,Brent_Var_AA,833.1072550323503,0.02834177123861418,10
H1,Validação,62,2T21,Ridge + Brent e Câmbio,10.0,338,USD_BRL_Var_AA,513.3548169746103,0.01746399962195755,15
H1,Validação,62,2T21,Ridge + Brent e Câmbio,10.0,338,Segmento=CORPORATIVO / OUTROS NEGÓCIOS,125.206467840122,0.004259443244173701,29
H1,Validação,62,2T21,Ridge + Brent e Câmbio,10.0,338,Segmento=DISTRIBUIÇÃO,754.7752111098191,0.0256769656495436,12
H1,Validação,62,2T21,Ridge + Brent e Câmbio,10.0,338,Segmento=E&P,387.57504377124485,0.013185052899262003,17
H1,Validação,62,2T21,Ridge + Brent e Câmbio,10.0,338,Segmento=GÁS & ENERGIA / G&EBC,238.0615445849682,0.008098700133245536,23
H1,Validação,62,2T21,Ridge + Brent e Câmbio,10.0,338,Segmento=INTERNACIONAL,170.66671114421723,0.005805971387331425,28
H1,Validação,62,2T21,Ridge + Brent e Câmbio,10.0,338,Segmento=REFINO / RTC,2648.405237770854,0.09009703725738707,3
H1,Validação,63,3T21,Ridge Contábil,0.1,342,Custo_t,9723.692648892089,0.26266553840415713,1
H1,Validação,63,3T21,Ridge Contábil,0.1,342,Custo_t_1,5040.1714058978,0.13614985415342443,4
H1,Validação,63,3T21,Ridge Contábil,0.1,342,Custo_t_4,2095.6893595939305,0.0566107335805521,5
H1,Validação,63,3T21,Ridge Contábil,0.1,342,Receita_t,6547.2223588398865,0.17685973302872335,3
H1,Validação,63,3T21,Ridge Contábil,0.1,342,Receita_t_1,-6893.381580843934,0.1862105117610825,2
H1,Validação,63,3T21,Ridge Contábil,0.1,342,Receita_t_4,554.4817718368267,0.014978183535182554,9
H1,Validação,63,3T21,Ridge Contábil,0.1,342,Despesas_t,-501.3022919660573,0.013541649368926255,11
H1,Validação,63,3T21,Ridge Contábil,0.1,342,Despesas_t_1,368.13926064513987,0.009944524225175057,12
H1,Validação,63,3T21,Ridge Contábil,0.1,342,Despesas_t_4,-318.87201966268367,0.008613671138223705,14
H1,Validação,63,3T21,Ridge Contábil,0.1,342,EBIT_t,572.5639052711601,0.015466635143591438,7
H1,Validação,63,3T21,Ridge Contábil,0.1,342,EBIT_t_1,-26.994065229784308,0.000729189098557749,20
H1,Validação,63,3T21,Ridge Contábil,0.1,342,EBIT_t_4,367.0921816928852,0.009916239542937907,13
H1,Validação,63,3T21,Ridge Contábil,0.1,342,Trimestre_Sin,114.1787229818845,0.00308430313763084,19
H1,Validação,63,3T21,Ridge Contábil,0.1,342,Trimestre_Cos,-565.6733585895194,0.015280501210796023,8
H1,Validação,63,3T21,Ridge Contábil,0.1,342,Segmento=CORPORATIVO / OUTROS NEGÓCIOS,266.3245473120322,0.007194209353987439,15
H1,Validação,63,3T21,Ridge Contábil,0.1,342,Segmento=DISTRIBUIÇÃO,553.8511022172113,0.014961147293790214,10
H1,Validação,63,3T21,Ridge Contábil,0.1,342,Segmento=E&P,242.9154105765057,0.006561859718284567,16
H1,Validação,63,3T21,Ridge Contábil,0.1,342,Segmento=GÁS & ENERGIA / G&EBC,201.5163367361996,0.005443548968207903,17
H1,Validação,63,3T21,Ridge Contábil,0.1,342,Segmento=INTERNACIONAL,162.7547451850037,0.0043964843722946465,18
H1,Validação,63,3T21,Ridge Contábil,0.1,342,Segmento=REFINO / RTC,1902.4763893785826,0.05139148296447436,6
H1,Validação,63,3T21,Ridge + Brent e Câmbio,10.0,342,Custo_t,5545.6212334971915,0.19383004592314654,1
H1,Validação,63,3T21,Ridge + Brent e Câmbio,10.0,342,Custo_t_1,2490.101777481484,0.08703380947965877,4
H1,Validação,63,3T21,Ridge + Brent e Câmbio,10.0,342,Custo_t_4,2117.954572132306,0.0740265544101464,5
H1,Validação,63,3T21,Ridge + Brent e Câmbio,10.0,342,Receita_t,4693.948656885572,0.16406246395433402,2
H1,Validação,63,3T21,Ridge + Brent e Câmbio,10.0,342,Receita_t_1,277.4016626645857,0.009695717530915119,19
H1,Validação,63,3T21,Ridge + Brent e Câmbio,10.0,342,Receita_t_4,1619.2229696987677,0.056594933076344,6
H1,Validação,63,3T21,Ridge + Brent e Câmbio,10.0,342,Despesas_t,-948.1883720999317,0.03314099322142542,7
H1,Validação,63,3T21,Ridge + Brent e Câmbio,10.0,342,Despesas_t_1,-417.5553751174411,0.014594357264358464,15
H1,Validação,63,3T21,Ridge + Brent e Câmbio,10.0,342,Despesas_t_4,-304.5956278247356,0.010646198512916892,18
H1,Validação,63,3T21,Ridge + Brent e Câmbio,10.0,342,EBIT_t,-185.545452485853,0.006485167677685772,25
H1,Validação,63,3T21,Ridge + Brent e Câmbio,10.0,342,EBIT_t_1,-892.0726653689428,0.031179642174408786,9
H1,Validação,63,3T21,Ridge + Brent e Câmbio,10.0,342,EBIT_t_4,-95.09241581425414,0.003323661416485948,27
H1,Validação,63,3T21,Ridge + Brent e Câmbio,10.0,342,Trimestre_Sin,-67.18567395942816,0.0023482675286716557,28
H1,Validação,63,3T21,Ridge + Brent e Câmbio,10.0,342,Trimestre_Cos,-460.82853669235016,0.01610683684818589,14
H1,Validação,63,3T21,Ridge + Brent e Câmbio,10.0,342,Brent_t,786.4429330608962,0.027487681436007102,11
H1,Validação,63,3T21,Ridge + Brent e Câmbio,10.0,342,Brent_t_1,-867.369361502216,0.030316214558036663,10
H1,Validação,63,3T21,Ridge + Brent e Câmbio,10.0,342,Brent_t_4,273.2314432421842,0.009549960403242708,21
H1,Validação,63,3T21,Ridge + Brent e Câmbio,10.0,342,USD_BRL_t,530.9125114667002,0.01855640552174319,13
H1,Validação,63,3T21,Ridge + Brent e Câmbio,10.0,342,USD_BRL_t_1,-217.0292209596234,0.007585585472583794,22
H1,Validação,63,3T21,Ridge + Brent e Câmbio,10.0,342,USD_BRL_t_4,4.535849055504252,0.00015853658115313029,29
H1,Validação,63,3T21,Ridge + Brent e Câmbio,10.0,342,Brent_BRL_t,402.7737598290387,0.014077711599331227,16
H1,Validação,63,3T21,Ridge + Brent e Câmbio,10.0,342,Brent_Var_AA,926.2216551291361,0.03237321453983937,8
H1,Validação,63,3T21,Ridge + Brent e Câmbio,10.0,342,USD_BRL_Var_AA,399.99454800929004,0.013980572842108113,17
H1,Validação,63,3T21,Ridge + Brent e Câmbio,10.0,342,Segmento=CORPORATIVO / OUTROS NEGÓCIOS,101.81470534378707,0.003558618265025776,26
H1,Validação,63,3T21,Ridge + Brent e Câmbio,10.0,342,Segmento=DISTRIBUIÇÃO,715.2692311257479,0.025000024718436736,12
H1,Validação,63,3T21,Ridge + Brent e Câmbio,10.0,342,Segmento=E&P,275.5308191025754,0.009630327977919845,20
H1,Validação,63,3T21,Ridge + Brent e Câmbio,10.0,342,Segmento=GÁS & ENERGIA / G&EBC,205.47150286072858,0.007181621167134318,23
H1,Validação,63,3T21,Ridge + Brent e Câmbio,10.0,342,Segmento=INTERNACIONAL,193.62917932015662,0.006767709358329032,24
H1,Validação,63,3T21,Ridge + Brent e Câmbio,10.0,342,Segmento=REFINO / RTC,2595.1992447878706,0.09070716654042524,3
H1,Validação,64,4T21,Ridge Contábil,0.1,346,Custo_t,11230.578697403134,0.31753902466612666,1
H1,Validação,64,4T21,Ridge Contábil,0.1,346,Custo_t_1,3772.074611647105,0.10665353277184596,4
H1,Validação,64,4T21,Ridge Contábil,0.1,346,Custo_t_4,1330.409870192378,0.03761667710718784,6
H1,Validação,64,4T21,Ridge Contábil,0.1,346,Receita_t,7050.21573755807,0.19934134200115877,2
H1,Validação,64,4T21,Ridge Contábil,0.1,346,Receita_t_1,-5954.253115509944,0.1683535441812509,3
H1,Validação,64,4T21,Ridge Contábil,0.1,346,Receita_t_4,248.8732319500821,0.007036766801448025,14
H1,Validação,64,4T21,Ridge Contábil,0.1,346,Despesas_t,-442.48375300218777,0.012511007949342042,10
H1,Validação,64,4T21,Ridge Contábil,0.1,346,Despesas_t_1,318.6631768269212,0.009010042767433514,12
H1,Validação,64,4T21,Ridge Contábil,0.1,346,Despesas_t_4,-322.32532159807846,0.00911358808866334,11
H1,Validação,64,4T21,Ridge Contábil,0.1,346,EBIT_t,695.6553656694346,0.01966930932682111,7
H1,Validação,64,4T21,Ridge Contábil,0.1,346,EBIT_t_1,-239.2620173403721,0.00676501449061387,15
H1,Validação,64,4T21,Ridge Contábil,0.1,346,EBIT_t_4,275.2829735410127,0.007783489104227283,13
H1,Validação,64,4T21,Ridge Contábil,0.1,346,Trimestre_Sin,119.11613616242305,0.0033679494813352285,19
H1,Validação,64,4T21,Ridge Contábil,0.1,346,Trimestre_Cos,-640.1186797686214,0.01809903716638373,8
H1,Validação,64,4T21,Ridge Contábil,0.1,346,Segmento=CORPORATIVO / OUTROS NEGÓCIOS,224.2460407713152,0.006340445224628468,16
H1,Validação,64,4T21,Ridge Contábil,0.1,346,Segmento=DISTRIBUIÇÃO,457.1004964308332,0.01292428909692888,9
H1,Validação,64,4T21,Ridge Contábil,0.1,346,Segmento=E&P,-31.21091953734226,0.0008824732202902672,20
H1,Validação,64,4T21,Ridge Contábil,0.1,346,Segmento=GÁS & ENERGIA / G&EBC,182.75474718966402,0.005167299543444653,17
H1,Validação,64,4T21,Ridge Contábil,0.1,346,Segmento=INTERNACIONAL,126.71959987139167,0.0035829336344482352,18
H1,Validação,64,4T21,Ridge Contábil,0.1,346,Segmento=REFINO / RTC,1706.2098085173789,0.04824223337642127,5
H1,Validação,64,4T21,Ridge + Brent e Câmbio,10.0,346,Custo_t,6405.473742391813,0.22094151196367814,1
H1,Validação,64,4T21,Ridge + Brent e Câmbio,10.0,346,Custo_t_1,2388.263675166506,0.08237744912871768,4
H1,Validação,64,4T21,Ridge + Brent e Câmbio,10.0,346,Custo_t_4,1536.568679222639,0.05300026522264926,5
H1,Validação,64,4T21,Ridge + Brent e Câmbio,10.0,346,Receita_t,5255.1427725406675,0.1812635936770825,2
H1,Validação,64,4T21,Ridge + Brent e Câmbio,10.0,346,Receita_t_1,366.95057630803194,0.01265708336432369,18
H1,Validação,64,4T21,Ridge + Brent e Câmbio,10.0,346,Receita_t_4,1246.3915450883226,0.04299129830914454,6
H1,Validação,64,4T21,Ridge + Brent e Câmbio,10.0,346,Despesas_t,-915.0622597843919,0.031562886267046196,9
H1,Validação,64,4T21,Ridge + Brent e Câmbio,10.0,346,Despesas_t_1,-397.9451294289959,0.013726166418066297,16
H1,Validação,64,4T21,Ridge + Brent e Câmbio,10.0,346,Despesas_t_4,-281.991707061708,0.009726630164308206,20
H1,Validação,64,4T21,Ridge + Brent e Câmbio,10.0,346,EBIT_t,-136.5609804401648,0.004710344731258866,24
H1,Validação,64,4T21,Ridge + Brent e Câmbio,10.0,346,EBIT_t_1,-941.8854312805155,0.03248808747844039,8
H1,Validação,64,4T21,Ridge + Brent e Câmbio,10.0,346,EBIT_t_4,-121.89342088067976,0.004204422309870584,27
H1,Validação,64,4T21,Ridge + Brent e Câmbio,10.0,346,Trimestre_Sin,-74.47425324653211,0.002568811422293108,28
H1,Validação,64,4T21,Ridge + Brent e Câmbio,10.0,346,Trimestre_Cos,-485.381315276431,0.016742068735114277,14
H1,Validação,64,4T21,Ridge + Brent e Câmbio,10.0,346,Brent_t,724.2870267232411,0.02498255042727819,11
H1,Validação,64,4T21,Ridge + Brent e Câmbio,10.0,346,Brent_t_1,-893.9698901120187,0.030835355371794906,10
H1,Validação,64,4T21,Ridge + Brent e Câmbio,10.0,346,Brent_t_4,471.2983205288211,0.01625630948019434,15
H1,Validação,64,4T21,Ridge + Brent e Câmbio,10.0,346,USD_BRL_t,537.9904931826595,0.018556696626388404,13
H1,Validação,64,4T21,Ridge + Brent e Câmbio,10.0,346,USD_BRL_t_1,-196.96582503435334,0.006793865518526606,21
H1,Validação,64,4T21,Ridge + Brent e Câmbio,10.0,346,USD_BRL_t_4,125.56514435448025,0.004331069638146274,26
H1,Validação,64,4T21,Ridge + Brent e Câmbio,10.0,346,Brent_BRL_t,311.8809420306995,0.010757587909366538,19
H1,Validação,64,4T21,Ridge + Brent e Câmbio,10.0,346,Brent_Var_AA,1080.34842125195,0.03726403748395507,7
H1,Validação,64,4T21,Ridge + Brent e Câmbio,10.0,346,USD_BRL_Var_AA,378.8053956146688,0.013065987031250052,17
H1,Validação,64,4T21,Ridge + Brent e Câmbio,10.0,346,Segmento=CORPORATIVO / OUTROS NEGÓCIOS,56.9002169194234,0.0019626370293330414,29
H1,Validação,64,4T21,Ridge + Brent e Câmbio,10.0,346,Segmento=DISTRIBUIÇÃO,657.7216792403,0.02268653781232725,12
H1,Validação,64,4T21,Ridge + Brent e Câmbio,10.0,346,Segmento=E&P,131.20627594384578,0.0045256469938057,25
H1,Validação,64,4T21,Ridge + Brent e Câmbio,10.0,346,Segmento=GÁS & ENERGIA / G&EBC,186.59775612009906,0.00643624375405059,22
H1,Validação,64,4T21,Ridge + Brent e Câmbio,10.0,346,Segmento=INTERNACIONAL,184.60016999572574,0.006367341793579528,23
H1,Validação,64,4T21,Ridge + Brent e Câmbio,10.0,346,Segmento=REFINO / RTC,2499.5937465794627,0.08621751393800972,3
H1,Validação,65,1T22,Ridge Contábil,0.1,350,Custo_t,11961.720667349553,0.3464456189373954,1
H1,Validação,65,1T22,Ridge Contábil,0.1,350,Custo_t_1,3635.3396190241174,0.10528982571865311,4
H1,Validação,65,1T22,Ridge Contábil,0.1,350,Custo_t_4,400.4231705282929,0.011597399488621143,11
H1,Validação,65,1T22,Ridge Contábil,0.1,350,Receita_t,7457.075166541364,0.21597821027428674,2
H1,Validação,65,1T22,Ridge Contábil,0.1,350,Receita_t_1,-5214.423972839933,0.15102462186761678,3
H1,Validação,65,1T22,Ridge Contábil,0.1,350,Receita_t_4,469.4595998730766,0.013596891799026423,9
H1,Validação,65,1T22,Ridge Contábil,0.1,350,Despesas_t,-515.2293130160646,0.014922513508425777,8
H1,Validação,65,1T22,Ridge Contábil,0.1,350,Despesas_t_1,271.54521550962505,0.007864725558548384,14
H1,Validação,65,1T22,Ridge Contábil,0.1,350,Despesas_t_4,-336.1945304256345,0.00973715449605828,12
H1,Validação,65,1T22,Ridge Contábil,0.1,350,EBIT_t,671.9557328925432,0.019461758575914867,6
H1,Validação,65,1T22,Ridge Contábil,0.1,350,EBIT_t_1,-334.7751260462166,0.009696044488357453,13
H1,Validação,65,1T22,Ridge Contábil,0.1,350,EBIT_t_4,223.8167996049249,0.006482374218900431,17
H1,Validação,65,1T22,Ridge Contábil,0.1,350,Trimestre_Sin,24.519022792028245,0.0007101409791411323,20
H1,Validação,65,1T22,Ridge Contábil,0.1,350,Trimestre_Cos,-643.7533057666022,0.018644935679535665,7
H1,Validação,65,1T22,Ridge Contábil,0.1,350,Segmento=CORPORATIVO / OUTROS NEGÓCIOS,228.49418043198187,0.006617844536315452,16
H1,Validação,65,1T22,Ridge Contábil,0.1,350,Segmento=DISTRIBUIÇÃO,263.01556113631085,0.00761768238885199,15
H1,Validação,65,1T22,Ridge Contábil,0.1,350,Segmento=E&P,-421.60405454477893,0.01221085842791592,10
H1,Validação,65,1T22,Ridge Contábil,0.1,350,Segmento=GÁS & ENERGIA / G&EBC,163.73469855424878,0.0047422248487201625,18
H1,Validação,65,1T22,Ridge Contábil,0.1,350,Segmento=INTERNACIONAL,68.2020017412172,0.0019753249020854125,19
H1,Validação,65,1T22,Ridge Contábil,0.1,350,Segmento=REFINO / RTC,1221.6974278032858,0.035383849305629725,5
H1,Validação,65,1T22,Ridge + Brent e Câmbio,10.0,350,Custo_t,6795.731306736323,0.22785776989291429,1
H1,Validação,65,1T22,Ridge + Brent e Câmbio,10.0,350,Custo_t_1,2690.6614205275587,0.09021664970929352,3
H1,Validação,65,1T22,Ridge + Brent e Câmbio,10.0,350,Custo_t_4,1137.3263227909977,0.03813403265293646,5
H1,Validação,65,1T22,Ridge + Brent e Câmbio,10.0,350,Receita_t,5585.895725304026,0.18729253488296033,2
H1,Validação,65,1T22,Ridge + Brent e Câmbio,10.0,350,Receita_t_1,778.0508150741117,0.026087688812889975,11
H1,Validação,65,1T22,Ridge + Brent e Câmbio,10.0,350,Receita_t_4,970.6207359651105,0.03254447039270066,8
H1,Validação,65,1T22,Ridge + Brent e Câmbio,10.0,350,Despesas_t,-954.4493714825171,0.03200225192042577,10
H1,Validação,65,1T22,Ridge + Brent e Câmbio,10.0,350,Despesas_t_1,-388.6423533724807,0.01303100077509044,18
H1,Validação,65,1T22,Ridge + Brent e Câmbio,10.0,350,Despesas_t_4,-270.8375819014869,0.00908106054076761,21
H1,Validação,65,1T22,Ridge + Brent e Câmbio,10.0,350,EBIT_t,-155.51388755761792,0.005214309690427427,25
H1,Validação,65,1T22,Ridge + Brent e Câmbio,10.0,350,EBIT_t_1,-964.5055976458069,0.03233943259512882,9
H1,Validação,65,1T22,Ridge + Brent e Câmbio,10.0,350,EBIT_t_4,-66.17294067881045,0.0022187485069316455,29
H1,Validação,65,1T22,Ridge + Brent e Câmbio,10.0,350,Trimestre_Sin,-154.53864360333222,0.0051816102056339635,26
H1,Validação,65,1T22,Ridge + Brent e Câmbio,10.0,350,Trimestre_Cos,-463.4067372347461,0.015537816451776607,15
H1,Validação,65,1T22,Ridge + Brent e Câmbio,10.0,350,Brent_t,684.8190438852496,0.02296167006562098,12
H1,Validação,65,1T22,Ridge + Brent e Câmbio,10.0,350,Brent_t_1,-997.8706734272423,0.03345814836194114,7
H1,Validação,65,1T22,Ridge + Brent e Câmbio,10.0,350,Brent_t_4,594.7802148654333,0.01994270921237358,13
H1,Validação,65,1T22,Ridge + Brent e Câmbio,10.0,350,USD_BRL_t,420.8711393361696,0.01411161726279101,16
H1,Validação,65,1T22,Ridge + Brent e Câmbio,10.0,350,USD_BRL_t_1,-231.05021667755312,0.00774700833937262,22
H1,Validação,65,1T22,Ridge + Brent e Câmbio,10.0,350,USD_BRL_t_4,338.88490719985646,0.011362656308730745,19
H1,Validação,65,1T22,Ridge + Brent e Câmbio,10.0,350,Brent_BRL_t,409.5001920664477,0.013730354589282944,17
H1,Validação,65,1T22,Ridge + Brent e Câmbio,10.0,350,Brent_Var_AA,1095.5407085594152,0.03673298007409538,6
H1,Validação,65,1T22,Ridge + Brent e Câmbio,10.0,350,USD_BRL_Var_AA,326.43787437385913,0.01094531297752748,20
H1,Validação,65,1T22,Ridge + Brent e Câmbio,10.0,350,Segmento=CORPORATIVO / OUTROS NEGÓCIOS,72.58137866026098,0.0024336205083456686,27
H1,Validação,65,1T22,Ridge + Brent e Câmbio,10.0,350,Segmento=DISTRIBUIÇÃO,564.2883876488493,0.018920332158907115,14
H1,Validação,65,1T22,Ridge + Brent e Câmbio,10.0,350,Segmento=E&P,-72.09098694913175,0.0024171778980321746,28
H1,Validação,65,1T22,Ridge + Brent e Câmbio,10.0,350,Segmento=GÁS & ENERGIA / G&EBC,201.86167004569037,0.006768329689238397,23
H1,Validação,65,1T22,Ridge + Brent e Câmbio,10.0,350,Segmento=INTERNACIONAL,186.85317524775039,0.006265101706884518,24
H1,Validação,65,1T22,Ridge + Brent e Câmbio,10.0,350,Segmento=REFINO / RTC,2250.6600289259463,0.07546360381697859,4
H1,Validação,66,2T22,Ridge Contábil,0.1,354,Custo_t,12457.584988626255,0.3516016764144583,1
H1,Validação,66,2T22,Ridge Contábil,0.1,354,Custo_t_1,3706.1874663374574,0.10460307735891286,4
H1,Validação,66,2T22,Ridge Contábil,0.1,354,Custo_t_4,-212.20515935218054,0.005989257937244196,15
H1,Validação,66,2T22,Ridge Contábil,0.1,354,Receita_t,7832.880930056472,0.22107447540411254,2
H1,Validação,66,2T22,Ridge Contábil,0.1,354,Receita_t_1,-5061.197247217026,0.14284674263996194,3
H1,Validação,66,2T22,Ridge Contábil,0.1,354,Receita_t_4,863.0263350715016,0.02435797198879296,6
H1,Validação,66,2T22,Ridge Contábil,0.1,354,Despesas_t,-528.0127333700304,0.014902580427151911,10
H1,Validação,66,2T22,Ridge Contábil,0.1,354,Despesas_t_1,215.19899220785854,0.006073755586822514,14
H1,Validação,66,2T22,Ridge Contábil,0.1,354,Despesas_t_4,-479.39107113650687,0.01353028732483934,11
H1,Validação,66,2T22,Ridge Contábil,0.1,354,EBIT_t,746.72927583785,0.021075615013026294,7
H1,Validação,66,2T22,Ridge Contábil,0.1,354,EBIT_t_1,-477.9666046611834,0.013490083320517699,12
H1,Validação,66,2T22,Ridge Contábil,0.1,354,EBIT_t_4,45.11554686601123,0.0012733368405615708,19
H1,Validação,66,2T22,Ridge Contábil,0.1,354,Trimestre_Sin,23.784355814856497,0.0006712873630464142,20
H1,Validação,66,2T22,Ridge Contábil,0.1,354,Trimestre_Cos,-641.857204576655,0.018115715795147563,8
H1,Validação,66,2T22,Ridge Contábil,0.1,354,Segmento=CORPORATIVO / OUTROS NEGÓCIOS,242.32937051985274,0.0068394807658973345,13
H1,Validação,66,2T22,Ridge Contábil,0.1,354,Segmento=DISTRIBUIÇÃO,179.5385673660886,0.0050672791977418455,16
H1,Validação,66,2T22,Ridge Contábil,0.1,354,Segmento=E&P,-529.4533681703233,0.014943240764717052,9
H1,Validação,66,2T22,Ridge Contábil,0.1,354,Segmento=GÁS & ENERGIA / G&EBC,129.7264429334126,0.003661386605214101,17
H1,Validação,66,2T22,Ridge Contábil,0.1,354,Segmento=INTERNACIONAL,46.87492987461702,0.001322993496795158,18
H1,Validação,66,2T22,Ridge Contábil,0.1,354,Segmento=REFINO / RTC,1011.8995682870631,0.028559755755038347,5
H1,Validação,66,2T22,Ridge + Brent e Câmbio,10.0,354,Custo_t,7172.894680521102,0.23414319540339287,1
H1,Validação,66,2T22,Ridge + Brent e Câmbio,10.0,354,Custo_t_1,3022.2357679156826,0.09865416564443351,3
H1,Validação,66,2T22,Ridge + Brent e Câmbio,10.0,354,Custo_t_4,952.0309888663214,0.03107693445737561,10
H1,Validação,66,2T22,Ridge + Brent e Câmbio,10.0,354,Receita_t,5905.407472771763,0.1927688942079104,2
H1,Validação,66,2T22,Ridge + Brent e Câmbio,10.0,354,Receita_t_1,1045.1415265405951,0.03411632089587809,7
H1,Validação,66,2T22,Ridge + Brent e Câmbio,10.0,354,Receita_t_4,775.6033512686768,0.025317846576611798,11
H1,Validação,66,2T22,Ridge + Brent e Câmbio,10.0,354,Despesas_t,-961.7398364579911,0.031393858195984434,8
H1,Validação,66,2T22,Ridge + Brent e Câmbio,10.0,354,Despesas_t_1,-344.7658140601625,0.011254113292519987,19
H1,Validação,66,2T22,Ridge + Brent e Câmbio,10.0,354,Despesas_t_4,-365.6362387488573,0.01193538189378737,18
H1,Validação,66,2T22,Ridge + Brent e Câmbio,10.0,354,EBIT_t,-73.43031348839328,0.0023969692858220246,29
H1,Validação,66,2T22,Ridge + Brent e Câmbio,10.0,354,EBIT_t_1,-953.7712336585689,0.031133740878575056,9
H1,Validação,66,2T22,Ridge + Brent e Câmbio,10.0,354,EBIT_t_4,-116.27947019249883,0.0037956847163281245,27
H1,Validação,66,2T22,Ridge + Brent e Câmbio,10.0,354,Trimestre_Sin,-164.57351109626399,0.005372136282926094,24
H1,Validação,66,2T22,Ridge + Brent e Câmbio,10.0,354,Trimestre_Cos,-457.7639265872779,0.014942685385109091,15
H1,Validação,66,2T22,Ridge + Brent e Câmbio,10.0,354,Brent_t,755.167295944253,0.02465075699726871,12
H1,Validação,66,2T22,Ridge + Brent e Câmbio,10.0,354,Brent_t_1,-1089.9839887308524,0.035580103351167104,5
H1,Validação,66,2T22,Ridge + Brent e Câmbio,10.0,354,Brent_t_4,587.8760470240231,0.019189906206920654,13
H1,Validação,66,2T22,Ridge + Brent e Câmbio,10.0,354,USD_BRL_t,465.0744438745529,0.015181320964457923,14
H1,Validação,66,2T22,Ridge + Brent e Câmbio,10.0,354,USD_BRL_t_1,-294.2305533322783,0.009604502088900478,22
H1,Validação,66,2T22,Ridge + Brent e Câmbio,10.0,354,USD_BRL_t_4,331.53242315052677,0.01082213867535201,20
H1,Validação,66,2T22,Ridge + Brent e Câmbio,10.0,354,Brent_BRL_t,369.72829512708853,0.012068957974134934,17
H1,Validação,66,2T22,Ridge + Brent e Câmbio,10.0,354,Brent_Var_AA,1047.2204330505863,0.034184182175720404,6
H1,Validação,66,2T22,Ridge + Brent e Câmbio,10.0,354,USD_BRL_Var_AA,303.78747014983406,0.009916466385259611,21
H1,Validação,66,2T22,Ridge + Brent e Câmbio,10.0,354,Segmento=CORPORATIVO / OUTROS NEGÓCIOS,102.95190962291807,0.0033606361400304453,28
H1,Validação,66,2T22,Ridge + Brent e Câmbio,10.0,354,Segmento=DISTRIBUIÇÃO,444.5609594322134,0.014511703883751222,16
H1,Validação,66,2T22,Ridge + Brent e Câmbio,10.0,354,Segmento=E&P,-278.57101930843936,0.009093331425147832,23
H1,Validação,66,2T22,Ridge + Brent e Câmbio,10.0,354,Segmento=GÁS & ENERGIA / G&EBC,149.0508560550996,0.0048654337291645245,26
H1,Validação,66,2T22,Ridge + Brent e Câmbio,10.0,354,Segmento=INTERNACIONAL,156.8904352504179,0.005121339357947079,25
H1,Validação,66,2T22,Ridge + Brent e Câmbio,10.0,354,Segmento=REFINO / RTC,1946.7490521092475,0.06354729352812284,4
H1,Validação,67,3T22,Ridge Contábil,0.1,358,Custo_t,13967.401277450848,0.36507183521316516,1
H1,Validação,67,3T22,Ridge Contábil,0.1,358,Custo_t_1,4748.4297367056615,0.12411170295211009,4
H1,Validação,67,3T22,Ridge Contábil,0.1,358,Custo_t_4,-522.2034073919721,0.013649049848587788,10
H1,Validação,67,3T22,Ridge Contábil,0.1,358,Receita_t,7653.4142647648505,0.20004050401237236,2
H1,Validação,67,3T22,Ridge Contábil,0.1,358,Receita_t_1,-5936.832118039593,0.1551734752680305,3
H1,Validação,67,3T22,Ridge Contábil,0.1,358,Receita_t_4,719.1290748000484,0.018796178750605318,6
H1,Validação,67,3T22,Ridge Contábil,0.1,358,Despesas_t,-499.3981747054987,0.013052979900862082,11
H1,Validação,67,3T22,Ridge Contábil,0.1,358,Despesas_t_1,235.04167596898196,0.006143383031180069,15
H1,Validação,67,3T22,Ridge Contábil,0.1,358,Despesas_t_4,-425.7992685361051,0.011129294369730423,13
H1,Validação,67,3T22,Ridge Contábil,0.1,358,EBIT_t,818.6405709928889,0.021397152533650984,5
H1,Validação,67,3T22,Ridge Contábil,0.1,358,EBIT_t_1,-440.5137387578886,0.011513892659802342,12
H1,Validação,67,3T22,Ridge Contábil,0.1,358,EBIT_t_4,110.59852504098274,0.0028907601139637165,16
H1,Validação,67,3T22,Ridge Contábil,0.1,358,Trimestre_Sin,35.08718022862296,0.000917088370561676,18
H1,Validação,67,3T22,Ridge Contábil,0.1,358,Trimestre_Cos,-654.5097400181093,0.017107196049350678,7
H1,Validação,67,3T22,Ridge Contábil,0.1,358,Segmento=CORPORATIVO / OUTROS NEGÓCIOS,241.0116279597927,0.006299422174477133,14
H1,Validação,67,3T22,Ridge Contábil,0.1,358,Segmento=DISTRIBUIÇÃO,20.48952034736656,0.0005355432014348041,19
H1,Validação,67,3T22,Ridge Contábil,0.1,358,Segmento=E&P,-525.7234382405677,0.013741054373722925,9
H1,Validação,67,3T22,Ridge Contábil,0.1,358,Segmento=GÁS & ENERGIA / G&EBC,70.15993454175845,0.001833799684909599,17
H1,Validação,67,3T22,Ridge Contábil,0.1,358,Segmento=INTERNACIONAL,15.788955874715937,0.0004126825729985917,20
H1,Validação,67,3T22,Ridge Contábil,0.1,358,Segmento=REFINO / RTC,619.1508129884688,0.01618300491848377,8
H1,Validação,67,3T22,Ridge + Brent e Câmbio,10.0,358,Custo_t,8053.942393580542,0.2554634161294412,1
H1,Validação,67,3T22,Ridge + Brent e Câmbio,10.0,358,Custo_t_1,3580.34129622791,0.11356503110485609,3
H1,Validação,67,3T22,Ridge + Brent e Câmbio,10.0,358,Custo_t_4,747.028537170115,0.023695036880790967,11
H1,Validação,67,3T22,Ridge + Brent e Câmbio,10.0,358,Receita_t,6079.999388589747,0.1928518156663319,2
H1,Validação,67,3T22,Ridge + Brent e Câmbio,10.0,358,Receita_t_1,1240.3632602159144,0.03934314652520611,5
H1,Validação,67,3T22,Ridge + Brent e Câmbio,10.0,358,Receita_t_4,492.53532751068855,0.015622753576013065,14
H1,Validação,67,3T22,Ridge + Brent e Câmbio,10.0,358,Despesas_t,-1002.4944280459097,0.03179817271147425,9
H1,Validação,67,3T22,Ridge + Brent e Câmbio,10.0,358,Despesas_t_1,-379.15694811150246,0.012026498884692954,17
H1,Validação,67,3T22,Ridge + Brent e Câmbio,10.0,358,Despesas_t_4,-309.5499004341181,0.009818629332444503,18
H1,Validação,67,3T22,Ridge + Brent e Câmbio,10.0,358,EBIT_t,-173.9391404542172,0.0055171846094243665,24
H1,Validação,67,3T22,Ridge + Brent e Câmbio,10.0,358,EBIT_t_1,-1007.3512387587639,0.03195222614215047,8
H1,Validação,67,3T22,Ridge + Brent e Câmbio,10.0,358,EBIT_t_4,-69.37022705467265,0.0022003578266448446,29
H1,Validação,67,3T22,Ridge + Brent e Câmbio,10.0,358,Trimestre_Sin,-195.7280109435471,0.006208306921553494,23
H1,Validação,67,3T22,Ridge + Brent e Câmbio,10.0,358,Trimestre_Cos,-463.4662599142672,0.01470071031459137,15
H1,Validação,67,3T22,Ridge + Brent e Câmbio,10.0,358,Brent_t,846.6761027203369,0.026855763176118364,10
H1,Validação,67,3T22,Ridge + Brent e Câmbio,10.0,358,Brent_t_1,-1191.7809605900866,0.037802162045886975,6
H1,Validação,67,3T22,Ridge + Brent e Câmbio,10.0,358,Brent_t_4,630.8773560901805,0.02001083154927531,12
H1,Validação,67,3T22,Ridge + Brent e Câmbio,10.0,358,USD_BRL_t,570.238389291084,0.018087421019122498,13
H1,Validação,67,3T22,Ridge + Brent e Câmbio,10.0,358,USD_BRL_t_1,-284.91951881648475,0.009037376981592377,19
H1,Validação,67,3T22,Ridge + Brent e Câmbio,10.0,358,USD_BRL_t_4,262.4990146119983,0.008326219846921553,21
H1,Validação,67,3T22,Ridge + Brent e Câmbio,10.0,358,Brent_BRL_t,151.69819944009876,0.004811723048893616,25
H1,Validação,67,3T22,Ridge + Brent e Câmbio,10.0,358,Brent_Var_AA,1077.2060188752753,0.03416795353247285,7
H1,Validação,67,3T22,Ridge + Brent e Câmbio,10.0,358,USD_BRL_Var_AA,277.7364167134658,0.008809535793765354,20
H1,Validação,67,3T22,Ridge + Brent e Câmbio,10.0,358,Segmento=CORPORATIVO / OUTROS NEGÓCIOS,119.86904053319441,0.0038021323081694654,26
H1,Validação,67,3T22,Ridge + Brent e Câmbio,10.0,358,Segmento=DISTRIBUIÇÃO,242.69341970931697,0.0076980051558967425,22
H1,Validação,67,3T22,Ridge + Brent e Câmbio,10.0,358,Segmento=E&P,-454.9960974122184,0.014432044791273304,16
H1,Validação,67,3T22,Ridge + Brent e Câmbio,10.0,358,Segmento=GÁS & ENERGIA / G&EBC,75.77108974198572,0.0024033871219102053,28
H1,Validação,67,3T22,Ridge + Brent e Câmbio,10.0,358,Segmento=INTERNACIONAL,108.72592792914625,0.0034486833420564068,27
H1,Validação,67,3T22,Ridge + Brent e Câmbio,10.0,358,Segmento=REFINO / RTC,1435.8396941017406,0.04554347366102928,4
H1,Validação,68,4T22,Ridge Contábil,0.1,362,Custo_t,14789.615413555057,0.3673308170448424,1
H1,Validação,68,4T22,Ridge Contábil,0.1,362,Custo_t_1,5367.850540667549,0.1333217172821699,4
H1,Validação,68,4T22,Ridge Contábil,0.1,362,Custo_t_4,-81.08772150921553,0.002013981984074119,17
H1,Validação,68,4T22,Ridge Contábil,0.1,362,Receita_t,8081.1455288721345,0.20071203386791336,2
H1,Validação,68,4T22,Ridge Contábil,0.1,362,Receita_t_1,-7106.07128073438,0.17649403967182695,3
H1,Validação,68,4T22,Ridge Contábil,0.1,362,Receita_t_4,262.26156769873285,0.006513810754939693,12
H1,Validação,68,4T22,Ridge Contábil,0.1,362,Despesas_t,-570.2995494673506,0.014164573831591714,8
H1,Validação,68,4T22,Ridge Contábil,0.1,362,Despesas_t_1,320.71859024376573,0.007965712325943026,11
H1,Validação,68,4T22,Ridge Contábil,0.1,362,Despesas_t_4,-336.630618653685,0.008360920601020911,10
H1,Validação,68,4T22,Ridge Contábil,0.1,362,EBIT_t,707.356243223446,0.017568661489797393,6
H1,Validação,68,4T22,Ridge Contábil,0.1,362,EBIT_t_1,-362.75098915036557,0.00900967425470049,9
H1,Validação,68,4T22,Ridge Contábil,0.1,362,EBIT_t_4,229.57804369697016,0.005702047552194832,14
H1,Validação,68,4T22,Ridge Contábil,0.1,362,Trimestre_Sin,44.121973149719075,0.0010958608451618324,19
H1,Validação,68,4T22,Ridge Contábil,0.1,362,Trimestre_Cos,-620.123733883663,0.015402060937136239,7
H1,Validação,68,4T22,Ridge Contábil,0.1,362,Segmento=CORPORATIVO / OUTROS NEGÓCIOS,218.6303390578671,0.005430138568938811,15
H1,Validação,68,4T22,Ridge Contábil,0.1,362,Segmento=DISTRIBUIÇÃO,60.998561928835564,0.0015150259804148337,18
H1,Validação,68,4T22,Ridge Contábil,0.1,362,Segmento=E&P,-231.59504422665427,0.005752143949689367,13
H1,Validação,68,4T22,Ridge Contábil,0.1,362,Segmento=GÁS & ENERGIA / G&EBC,102.52909680774367,0.002546523073665591,16
H1,Validação,68,4T22,Ridge Contábil,0.1,362,Segmento=INTERNACIONAL,35.341578265524475,0.000877781501203268,20
H1,Validação,68,4T22,Ridge Contábil,0.1,362,Segmento=REFINO / RTC,733.6803147955519,0.018222474482775298,5
H1,Validação,68,4T22,Ridge + Brent e Câmbio,10.0,362,Custo_t,8683.329565567064,0.2624999218298408,1
H1,Validação,68,4T22,Ridge + Brent e Câmbio,10.0,362,Custo_t_1,3818.1274724494538,0.11542325504132778,3
H1,Validação,68,4T22,Ridge + Brent e Câmbio,10.0,362,Custo_t_4,917.2359711577577,0.027728346472440463,10
H1,Validação,68,4T22,Ridge + Brent e Câmbio,10.0,362,Receita_t,6457.423944921426,0.19521005945526607,2
H1,Validação,68,4T22,Ridge + Brent e Câmbio,10.0,362,Receita_t_1,1154.928554153238,0.03491387179250493,7
H1,Validação,68,4T22,Ridge + Brent e Câmbio,10.0,362,Receita_t_4,443.3111724610956,0.013401443218138777,15
H1,Validação,68,4T22,Ridge + Brent e Câmbio,10.0,362,Despesas_t,-1156.4262652571324,0.03495914809403504,6
H1,Validação,68,4T22,Ridge + Brent e Câmbio,10.0,362,Despesas_t_1,-379.2622514818531,0.01146522317450407,18
H1,Validação,68,4T22,Ridge + Brent e Câmbio,10.0,362,Despesas_t_4,-263.1375780518967,0.007954735927911964,20
H1,Validação,68,4T22,Ridge + Brent e Câmbio,10.0,362,EBIT_t,-465.9068586007831,0.014084518275992145,14
H1,Validação,68,4T22,Ridge + Brent e Câmbio,10.0,362,EBIT_t_1,-1060.1366464456466,0.03204828110226844,9
H1,Validação,68,4T22,Ridge + Brent e Câmbio,10.0,362,EBIT_t_4,-42.373455280302394,0.0012809635537555741,29
H1,Validação,68,4T22,Ridge + Brent e Câmbio,10.0,362,Trimestre_Sin,-193.42300070002415,0.005847241220140631,23
H1,Validação,68,4T22,Ridge + Brent e Câmbio,10.0,362,Trimestre_Cos,-432.69984999876516,0.013080659434010796,16
H1,Validação,68,4T22,Ridge + Brent e Câmbio,10.0,362,Brent_t,901.584490408921,0.02725519703799048,11
H1,Validação,68,4T22,Ridge + Brent e Câmbio,10.0,362,Brent_t_1,-1224.6913481637366,0.03702282410579782,5
H1,Validação,68,4T22,Ridge + Brent e Câmbio,10.0,362,Brent_t_4,708.4587702002649,0.02141694270532848,13
H1,Validação,68,4T22,Ridge + Brent e Câmbio,10.0,362,USD_BRL_t,715.1923860378593,0.021620502136955936,12
H1,Validação,68,4T22,Ridge + Brent e Câmbio,10.0,362,USD_BRL_t_1,-230.825925726655,0.0069779440020126225,21
H1,Validação,68,4T22,Ridge + Brent e Câmbio,10.0,362,USD_BRL_t_4,224.67839353308926,0.006792102072592309,22
H1,Validação,68,4T22,Ridge + Brent e Câmbio,10.0,362,Brent_BRL_t,-115.00942209381478,0.0034767728302098583,26
H1,Validação,68,4T22,Ridge + Brent e Câmbio,10.0,362,Brent_Var_AA,1228.7777160904595,0.03714635635840128,4
H1,Validação,68,4T22,Ridge + Brent e Câmbio,10.0,362,USD_BRL_Var_AA,294.5543968068837,0.00890447673932015,19
H1,Validação,68,4T22,Ridge + Brent e Câmbio,10.0,362,Segmento=CORPORATIVO / OUTROS NEGÓCIOS,115.30539247406396,0.003485720112596495,25
H1,Validação,68,4T22,Ridge + Brent e Câmbio,10.0,362,Segmento=DISTRIBUIÇÃO,134.17653659831655,0.004056201034695697,24
H1,Validação,68,4T22,Ridge + Brent e Câmbio,10.0,362,Segmento=E&P,-429.6615062765928,0.012988809299389037,17
H1,Validação,68,4T22,Ridge + Brent e Câmbio,10.0,362,Segmento=GÁS & ENERGIA / G&EBC,58.74369376496776,0.00177584127204472,28
H1,Validação,68,4T22,Ridge + Brent e Câmbio,10.0,362,Segmento=INTERNACIONAL,89.58618104542802,0.002708219853212848,27
H1,Validação,68,4T22,Ridge + Brent e Câmbio,10.0,362,Segmento=REFINO / RTC,1140.3918309608785,0.034474421847314786,8
H1,Teste,69,1T23,Ridge Contábil,0.1,366,Custo_t,15009.693353215012,0.33106796858233184,1
H1,Teste,69,1T23,Ridge Contábil,0.1,366,Custo_t_1,6247.508667574206,0.13780094999950623,4
H1,Teste,69,1T23,Ridge Contábil,0.1,366,Custo_t_4,-156.55876364236119,0.003453207911921521,16
H1,Teste,69,1T23,Ridge Contábil,0.1,366,Receita_t,9097.142142080678,0.20065515650513036,2
H1,Teste,69,1T23,Ridge Contábil,0.1,366,Receita_t_1,-9086.706917784852,0.20042498734524006,3
H1,Teste,69,1T23,Ridge Contábil,0.1,366,Receita_t_4,295.6020476989693,0.006520077868180644,12
H1,Teste,69,1T23,Ridge Contábil,0.1,366,Despesas_t,-417.4437874723352,0.009207534322223735,9
H1,Teste,69,1T23,Ridge Contábil,0.1,366,Despesas_t_1,381.4992630632385,0.008414707953440608,10
H1,Teste,69,1T23,Ridge Contábil,0.1,366,Despesas_t_4,-358.3258675989699,0.00790357366302107,11
H1,Teste,69,1T23,Ridge Contábil,0.1,366,EBIT_t,955.9602409134405,0.02108556168050555,6
H1,Teste,69,1T23,Ridge Contábil,0.1,366,EBIT_t_1,-423.8517561946956,0.009348874530696187,8
H1,Teste,69,1T23,Ridge Contábil,0.1,366,EBIT_t_4,253.13304208001287,0.005583341381491,13
H1,Teste,69,1T23,Ridge Contábil,0.1,366,Trimestre_Sin,91.0431620933438,0.002008133945061517,18
H1,Teste,69,1T23,Ridge Contábil,0.1,366,Trimestre_Cos,-610.7279190207478,0.013470791624360871,7
H1,Teste,69,1T23,Ridge Contábil,0.1,366,Segmento=CORPORATIVO / OUTROS NEGÓCIOS,194.31403614287075,0.004285973850296853,15
H1,Teste,69,1T23,Ridge Contábil,0.1,366,Segmento=DISTRIBUIÇÃO,246.95111316184511,0.005446986920364065,14
H1,Teste,69,1T23,Ridge Contábil,0.1,366,Segmento=E&P,22.63227842508247,0.0004991989020866212,20
H1,Teste,69,1T23,Ridge Contábil,0.1,366,Segmento=GÁS & ENERGIA / G&EBC,153.58052671825436,0.00338751710630558,17
H1,Teste,69,1T23,Ridge Contábil,0.1,366,Segmento=INTERNACIONAL,80.56855439305602,0.0017770961076170673,19
H1,Teste,69,1T23,Ridge Contábil,0.1,366,Segmento=REFINO / RTC,1253.9524769848856,0.027658359800218527,5
H1,Teste,69,1T23,Ridge + Brent e Câmbio,10.0,366,Custo_t,8825.195154145094,0.255970594150071,1
H1,Teste,69,1T23,Ridge + Brent e Câmbio,10.0,366,Custo_t_1,3901.489913675124,0.11316086203542687,3
H1,Teste,69,1T23,Ridge + Brent e Câmbio,10.0,366,Custo_t_4,920.0299492197443,0.026685031732927245,11
H1,Teste,69,1T23,Ridge + Brent e Câmbio,10.0,366,Receita_t,6727.907532619068,0.19513976273967928,2
H1,Teste,69,1T23,Ridge + Brent e Câmbio,10.0,366,Receita_t_1,939.4701297823955,0.027248884937541,10
H1,Teste,69,1T23,Ridge + Brent e Câmbio,10.0,366,Receita_t_4,508.3609717182402,0.014744768551923401,14
H1,Teste,69,1T23,Ridge + Brent e Câmbio,10.0,366,Despesas_t,-1034.971468576975,0.030018855913411597,8
H1,Teste,69,1T23,Ridge + Brent e Câmbio,10.0,366,Despesas_t_1,-425.6509871023392,0.012345804729085842,15
H1,Teste,69,1T23,Ridge + Brent e Câmbio,10.0,366,Despesas_t_4,-333.9052353172518,0.00968476277080762,18
H1,Teste,69,1T23,Ridge + Brent e Câmbio,10.0,366,EBIT_t,-304.0818645207758,0.008819750064686748,20
H1,Teste,69,1T23,Ridge + Brent e Câmbio,10.0,366,EBIT_t_1,-1329.1098495929077,0.03855019996143812,6
H1,Teste,69,1T23,Ridge + Brent e Câmbio,10.0,366,EBIT_t_4,-186.52521757701564,0.005410075350541646,23
H1,Teste,69,1T23,Ridge + Brent e Câmbio,10.0,366,Trimestre_Sin,-142.17212384306586,0.004123634931131714,25
H1,Teste,69,1T23,Ridge + Brent e Câmbio,10.0,366,Trimestre_Cos,-410.8769326416952,0.011917290296006104,16
H1,Teste,69,1T23,Ridge + Brent e Câmbio,10.0,366,Brent_t,997.7923849274993,0.028940494249393142,9
H1,Teste,69,1T23,Ridge + Brent e Câmbio,10.0,366,Brent_t_1,-1276.1235741342357,0.03701335820620676,7
H1,Teste,69,1T23,Ridge + Brent e Câmbio,10.0,366,Brent_t_4,805.6508684538543,0.023367520816669214,12
H1,Teste,69,1T23,Ridge + Brent e Câmbio,10.0,366,USD_BRL_t,696.5471800385818,0.020203020150131052,13
H1,Teste,69,1T23,Ridge + Brent e Câmbio,10.0,366,USD_BRL_t_1,-46.64304450313914,0.0013528593539179697,29
H1,Teste,69,1T23,Ridge + Brent e Câmbio,10.0,366,USD_BRL_t_4,289.4326246257439,0.008394855818805171,21
H1,Teste,69,1T23,Ridge + Brent e Câmbio,10.0,366,Brent_BRL_t,-312.7572960693568,0.009071376836583746,19
H1,Teste,69,1T23,Ridge + Brent e Câmbio,10.0,366,Brent_Var_AA,1394.4217474708628,0.04044454054120838,5
H1,Teste,69,1T23,Ridge + Brent e Câmbio,10.0,366,USD_BRL_Var_AA,392.0417258295011,0.011370984067707878,17
H1,Teste,69,1T23,Ridge + Brent e Câmbio,10.0,366,Segmento=CORPORATIVO / OUTROS NEGÓCIOS,52.51037925312389,0.0015230386118039038,28
H1,Teste,69,1T23,Ridge + Brent e Câmbio,10.0,366,Segmento=DISTRIBUIÇÃO,268.8501403121045,0.00779787063640133,22
H1,Teste,69,1T23,Ridge + Brent e Câmbio,10.0,366,Segmento=E&P,-181.03302040730438,0.00525077678000975,24
H1,Teste,69,1T23,Ridge + Brent e Câmbio,10.0,366,Segmento=GÁS & ENERGIA / G&EBC,79.16619752966947,0.0022961779614305193,27
H1,Teste,69,1T23,Ridge + Brent e Câmbio,10.0,366,Segmento=INTERNACIONAL,116.97383589403103,0.003392770556438593,26
H1,Teste,69,1T23,Ridge + Brent e Câmbio,10.0,366,Segmento=REFINO / RTC,1577.6875204306127,0.04576007724861431,4
H1,Teste,70,2T23,Ridge Contábil,0.1,370,Custo_t,16313.951021469215,0.3456944797415577,1
H1,Teste,70,2T23,Ridge Contábil,0.1,370,Custo_t_1,5196.175709318011,0.11010755494573245,4
H1,Teste,70,2T23,Ridge Contábil,0.1,370,Custo_t_4,-246.44373643911396,0.005222170836590668,15
H1,Teste,70,2T23,Ridge Contábil,0.1,370,Receita_t,9331.008049288155,0.19772512304456188,3
H1,Teste,70,2T23,Ridge Contábil,0.1,370,Receita_t_1,-9367.256553988955,0.19849323298662688,2
H1,Teste,70,2T23,Ridge Contábil,0.1,370,Receita_t_4,7.3995175306353005,0.0001567966190241227,20
H1,Teste,70,2T23,Ridge Contábil,0.1,370,Despesas_t,-326.6485466507165,0.0069217198975374825,11
H1,Teste,70,2T23,Ridge Contábil,0.1,370,Despesas_t_1,447.2446449835036,0.009477164952947491,10
H1,Teste,70,2T23,Ridge Contábil,0.1,370,Despesas_t_4,-325.4633426109766,0.0068966052889815116,12
H1,Teste,70,2T23,Ridge Contábil,0.1,370,EBIT_t,1059.782633436081,0.02245691467521826,6
H1,Teste,70,2T23,Ridge Contábil,0.1,370,EBIT_t_1,-484.9945423941672,0.010277089577491403,8
H1,Teste,70,2T23,Ridge Contábil,0.1,370,EBIT_t_4,258.3991736638743,0.005475507912695496,13
H1,Teste,70,2T23,Ridge Contábil,0.1,370,Trimestre_Sin,103.24659895667965,0.0021878071881204085,19
H1,Teste,70,2T23,Ridge Contábil,0.1,370,Trimestre_Cos,-658.4962704729671,0.013953610951346819,7
H1,Teste,70,2T23,Ridge Contábil,0.1,370,Segmento=CORPORATIVO / OUTROS NEGÓCIOS,155.62118036034877,0.0032976305317234528,17
H1,Teste,70,2T23,Ridge Contábil,0.1,370,Segmento=DISTRIBUIÇÃO,459.8311519058009,0.00974387446780021,9
H1,Teste,70,2T23,Ridge Contábil,0.1,370,Segmento=E&P,248.3381087706194,0.005262312801998972,14
H1,Teste,70,2T23,Ridge Contábil,0.1,370,Segmento=GÁS & ENERGIA / G&EBC,187.46452414511054,0.003972394612381665,16
H1,Teste,70,2T23,Ridge Contábil,0.1,370,Segmento=INTERNACIONAL,130.48479516799335,0.0027649876673297028,18
H1,Teste,70,2T23,Ridge Contábil,0.1,370,Segmento=REFINO / RTC,1883.568042796899,0.039913021300333494,5
H1,Teste,70,2T23,Ridge + Brent e Câmbio,10.0,370,Custo_t,9267.02769649248,0.26502939514848506,1
H1,Teste,70,2T23,Ridge + Brent e Câmbio,10.0,370,Custo_t_1,3704.7266395002175,0.10595214481001837,3
H1,Teste,70,2T23,Ridge + Brent e Câmbio,10.0,370,Custo_t_4,835.6634323729919,0.023899289101439528,10
H1,Teste,70,2T23,Ridge + Brent e Câmbio,10.0,370,Receita_t,6990.12908970283,0.19991196156184649,2
H1,Teste,70,2T23,Ridge + Brent e Câmbio,10.0,370,Receita_t_1,697.9482606313396,0.01996074808647371,13
H1,Teste,70,2T23,Ridge + Brent e Câmbio,10.0,370,Receita_t_4,227.65692903094904,0.006510801540527474,21
H1,Teste,70,2T23,Ridge + Brent e Câmbio,10.0,370,Despesas_t,-926.3080238266631,0.02649165010792932,9
H1,Teste,70,2T23,Ridge + Brent e Câmbio,10.0,370,Despesas_t_1,-335.0757137477323,0.009582890723108618,17
H1,Teste,70,2T23,Ridge + Brent e Câmbio,10.0,370,Despesas_t_4,-312.3930787549866,0.008934185957202221,18
H1,Teste,70,2T23,Ridge + Brent e Câmbio,10.0,370,EBIT_t,-186.5928195356841,0.005336401672707886,22
H1,Teste,70,2T23,Ridge + Brent e Câmbio,10.0,370,EBIT_t_1,-1384.9110273427432,0.03960732005258145,6
H1,Teste,70,2T23,Ridge + Brent e Câmbio,10.0,370,EBIT_t_4,-291.98921228483556,0.008350652102941556,19
H1,Teste,70,2T23,Ridge + Brent e Câmbio,10.0,370,Trimestre_Sin,-166.14065257864846,0.004751486464118342,23
H1,Teste,70,2T23,Ridge + Brent e Câmbio,10.0,370,Trimestre_Cos,-496.32481131288733,0.014194482723864948,15
H1,Teste,70,2T23,Ridge + Brent e Câmbio,10.0,370,Brent_t,960.4525691263001,0.027468156112309555,8
H1,Teste,70,2T23,Ridge + Brent e Câmbio,10.0,370,Brent_t_1,-1338.445411215636,0.03827844152316581,7
H1,Teste,70,2T23,Ridge + Brent e Câmbio,10.0,370,Brent_t_4,729.3052013474253,0.02085753088500107,12
H1,Teste,70,2T23,Ridge + Brent e Câmbio,10.0,370,USD_BRL_t,746.8847185970792,0.021360290666914916,11
H1,Teste,70,2T23,Ridge + Brent e Câmbio,10.0,370,USD_BRL_t_1,-65.28525432492322,0.0018671047538142487,26
H1,Teste,70,2T23,Ridge + Brent e Câmbio,10.0,370,USD_BRL_t_4,58.296038267300474,0.0016672189042214029,28
H1,Teste,70,2T23,Ridge + Brent e Câmbio,10.0,370,Brent_BRL_t,-232.2477715525898,0.006642095873142117,20
H1,Teste,70,2T23,Ridge + Brent e Câmbio,10.0,370,Brent_Var_AA,1525.6236293024444,0.04363158511453485,5
H1,Teste,70,2T23,Ridge + Brent e Câmbio,10.0,370,USD_BRL_Var_AA,557.2858647455929,0.015937918877077222,14
H1,Teste,70,2T23,Ridge + Brent e Câmbio,10.0,370,Segmento=CORPORATIVO / OUTROS NEGÓCIOS,-31.39852487155467,0.0008979720712837034,29
H1,Teste,70,2T23,Ridge + Brent e Câmbio,10.0,370,Segmento=DISTRIBUIÇÃO,446.91468401383577,0.012781393588798078,16
H1,Teste,70,2T23,Ridge + Brent e Câmbio,10.0,370,Segmento=E&P,59.139052551737024,0.0016913284216657411,27
H1,Teste,70,2T23,Ridge + Brent e Câmbio,10.0,370,Segmento=GÁS & ENERGIA / G&EBC,73.64253431987008,0.0021061161104961373,25
H1,Teste,70,2T23,Ridge + Brent e Câmbio,10.0,370,Segmento=INTERNACIONAL,140.72625335915941,0.004024655480786687,24
H1,Teste,70,2T23,Ridge + Brent e Câmbio,10.0,370,Segmento=REFINO / RTC,2177.5023303322637,0.06227478156354346,4
H1,Teste,71,3T23,Ridge Contábil,0.1,374,Custo_t,17184.938082079803,0.34445278454057043,1
H1,Teste,71,3T23,Ridge Contábil,0.1,374,Custo_t_1,4433.258276563535,0.08885968344234088,4
H1,Teste,71,3T23,Ridge Contábil,0.1,374,Custo_t_4,60.82964243614907,0.001219261868716781,19
H1,Teste,71,3T23,Ridge Contábil,0.1,374,Receita_t,9709.951589793722,0.19462507498623494,2
H1,Teste,71,3T23,Ridge Contábil,0.1,374,Receita_t_1,-9375.210449541475,0.18791556475643623,3
H1,Teste,71,3T23,Ridge Contábil,0.1,374,Receita_t_4,-1151.2857184771492,0.023076229290856502,7
H1,Teste,71,3T23,Ridge Contábil,0.1,374,Despesas_t,-226.86485399633025,0.004547251220818395,16
H1,Teste,71,3T23,Ridge Contábil,0.1,374,Despesas_t_1,474.6502883359998,0.00951383198004126,12
H1,Teste,71,3T23,Ridge Contábil,0.1,374,Despesas_t_4,-244.37771793062092,0.004898276910793793,15
H1,Teste,71,3T23,Ridge Contábil,0.1,374,EBIT_t,1208.4041560535065,0.024221104225977706,6
H1,Teste,71,3T23,Ridge Contábil,0.1,374,EBIT_t_1,-607.2624989421788,0.012171894813273808,10
H1,Teste,71,3T23,Ridge Contábil,0.1,374,EBIT_t_4,339.2757441295002,0.006800401271992069,13
H1,Teste,71,3T23,Ridge Contábil,0.1,374,Trimestre_Sin,59.16108067714208,0.0011858174221134382,20
H1,Teste,71,3T23,Ridge Contábil,0.1,374,Trimestre_Cos,-635.2898959490155,0.012733672510482744,9
H1,Teste,71,3T23,Ridge Contábil,0.1,374,Segmento=CORPORATIVO / OUTROS NEGÓCIOS,112.18300997003648,0.0022485824492214307,18
H1,Teste,71,3T23,Ridge Contábil,0.1,374,Segmento=DISTRIBUIÇÃO,656.0492978909579,0.01314977140884046,8
H1,Teste,71,3T23,Ridge Contábil,0.1,374,Segmento=E&P,527.9872343097751,0.010582911162742244,11
H1,Teste,71,3T23,Ridge Contábil,0.1,374,Segmento=GÁS & ENERGIA / G&EBC,252.24012507192532,0.005055870032170126,14
H1,Teste,71,3T23,Ridge Contábil,0.1,374,Segmento=INTERNACIONAL,178.67284543028936,0.00358129653050235,17
H1,Teste,71,3T23,Ridge Contábil,0.1,374,Segmento=REFINO / RTC,2452.655205661178,0.0491607191758746,5
H1,Teste,71,3T23,Ridge + Brent e Câmbio,10.0,374,Custo_t,9643.280646092435,0.264066602930289,1
H1,Teste,71,3T23,Ridge + Brent e Câmbio,10.0,374,Custo_t_1,3532.963972537623,0.0967448556919419,3
H1,Teste,71,3T23,Ridge + Brent e Câmbio,10.0,374,Custo_t_4,637.2876613259219,0.01745115526466776,13
H1,Teste,71,3T23,Ridge + Brent e Câmbio,10.0,374,Receita_t,7300.619850920819,0.1999163929859575,2
H1,Teste,71,3T23,Ridge + Brent e Câmbio,10.0,374,Receita_t_1,608.318665842269,0.016657883295468058,14
H1,Teste,71,3T23,Ridge + Brent e Câmbio,10.0,374,Receita_t_4,-383.6532570894456,0.01050576209703102,18
H1,Teste,71,3T23,Ridge + Brent e Câmbio,10.0,374,Despesas_t,-828.2285397588645,0.022679781390854765,9
H1,Teste,71,3T23,Ridge + Brent e Câmbio,10.0,374,Despesas_t_1,-270.7413566802678,0.007413841093618497,21
H1,Teste,71,3T23,Ridge + Brent e Câmbio,10.0,374,Despesas_t_4,-315.06750939716244,0.008627645502978145,20
H1,Teste,71,3T23,Ridge + Brent e Câmbio,10.0,374,EBIT_t,-68.28540493346567,0.0018698921634937794,29
H1,Teste,71,3T23,Ridge + Brent e Câmbio,10.0,374,EBIT_t_1,-1402.1082128707076,0.03839460514544453,6
H1,Teste,71,3T23,Ridge + Brent e Câmbio,10.0,374,EBIT_t_4,-427.4980292151463,0.011706384629589783,17
H1,Teste,71,3T23,Ridge + Brent e Câmbio,10.0,374,Trimestre_Sin,-258.12167374935933,0.007068270232007962,22
H1,Teste,71,3T23,Ridge + Brent e Câmbio,10.0,374,Trimestre_Cos,-479.390617043138,0.01312738437935358,16
H1,Teste,71,3T23,Ridge + Brent e Câmbio,10.0,374,Brent_t,989.182474729585,0.02708726058759507,8
H1,Teste,71,3T23,Ridge + Brent e Câmbio,10.0,374,Brent_t_1,-1349.6841540852063,0.036959051870230596,7
H1,Teste,71,3T23,Ridge + Brent e Câmbio,10.0,374,Brent_t_4,544.6442793684613,0.014914256873414057,15
H1,Teste,71,3T23,Ridge + Brent e Câmbio,10.0,374,USD_BRL_t,695.6708280132483,0.019049889664426438,11
H1,Teste,71,3T23,Ridge + Brent e Câmbio,10.0,374,USD_BRL_t_1,-178.20435021212128,0.004879855633672006,24
H1,Teste,71,3T23,Ridge + Brent e Câmbio,10.0,374,USD_BRL_t_4,76.82165350173317,0.0021036443733399527,28
H1,Teste,71,3T23,Ridge + Brent e Câmbio,10.0,374,Brent_BRL_t,-91.22895189239756,0.0024981663708893436,27
H1,Teste,71,3T23,Ridge + Brent e Câmbio,10.0,374,Brent_Var_AA,1477.0309979635072,0.04044625188970356,5
H1,Teste,71,3T23,Ridge + Brent e Câmbio,10.0,374,USD_BRL_Var_AA,737.914679547015,0.020206673416616982,10
H1,Teste,71,3T23,Ridge + Brent e Câmbio,10.0,374,Segmento=CORPORATIVO / OUTROS NEGÓCIOS,-111.83107610276413,0.003062324270367655,25
H1,Teste,71,3T23,Ridge + Brent e Câmbio,10.0,374,Segmento=DISTRIBUIÇÃO,649.2842439417275,0.01777966346995493,12
H1,Teste,71,3T23,Ridge + Brent e Câmbio,10.0,374,Segmento=E&P,352.21776794026994,0.009644948942698685,19
H1,Teste,71,3T23,Ridge + Brent e Câmbio,10.0,374,Segmento=GÁS & ENERGIA / G&EBC,102.24937091217453,0.002799943817820753,26
H1,Teste,71,3T23,Ridge + Brent e Câmbio,10.0,374,Segmento=INTERNACIONAL,182.36878545295568,0.004993892371534232,23
H1,Teste,71,3T23,Ridge + Brent e Câmbio,10.0,374,Segmento=REFINO / RTC,2824.466200849731,0.07734371964503942,4
H1,Teste,72,4T23,Ridge Contábil,0.1,378,Custo_t,17037.19544168246,0.34656466433376876,1
H1,Teste,72,4T23,Ridge Contábil,0.1,378,Custo_t_1,5334.986260466368,0.10852242253794386,4
H1,Teste,72,4T23,Ridge Contábil,0.1,378,Custo_t_4,270.1790237262292,0.005495887101149517,14
H1,Teste,72,4T23,Ridge Contábil,0.1,378,Receita_t,9207.277846599507,0.18729122215313354,3
H1,Teste,72,4T23,Ridge Contábil,0.1,378,Receita_t_1,-10352.795041509686,0.21059293184481986,2
H1,Teste,72,4T23,Ridge Contábil,0.1,378,Receita_t_4,304.268825454759,0.006189329911833501,13
H1,Teste,72,4T23,Ridge Contábil,0.1,378,Despesas_t,-335.49143760049253,0.006824449355931458,12
H1,Teste,72,4T23,Ridge Contábil,0.1,378,Despesas_t_1,394.6735615970334,0.008028311400457915,11
H1,Teste,72,4T23,Ridge Contábil,0.1,378,Despesas_t_4,-180.34400034432747,0.003668494510019475,16
H1,Teste,72,4T23,Ridge Contábil,0.1,378,EBIT_t,1056.5937187769891,0.021492859475523797,6
H1,Teste,72,4T23,Ridge Contábil,0.1,378,EBIT_t_1,-504.27180719031077,0.010257720537989838,9
H1,Teste,72,4T23,Ridge Contábil,0.1,378,EBIT_t_4,571.6612982952552,0.011628533970538113,8
H1,Teste,72,4T23,Ridge Contábil,0.1,378,Trimestre_Sin,63.75826275429145,0.0012969482568642287,20
H1,Teste,72,4T23,Ridge Contábil,0.1,378,Trimestre_Cos,-704.5282391817589,0.014331266760509477,7
H1,Teste,72,4T23,Ridge Contábil,0.1,378,Segmento=CORPORATIVO / OUTROS NEGÓCIOS,158.31708928092655,0.003220430797589381,18
H1,Teste,72,4T23,Ridge Contábil,0.1,378,Segmento=DISTRIBUIÇÃO,409.9516480041787,0.008339092884739094,10
H1,Teste,72,4T23,Ridge Contábil,0.1,378,Segmento=E&P,210.42936695506086,0.004280480503635426,15
H1,Teste,72,4T23,Ridge Contábil,0.1,378,Segmento=GÁS & ENERGIA / G&EBC,166.5092277200465,0.003387072409352743,17
H1,Teste,72,4T23,Ridge Contábil,0.1,378,Segmento=INTERNACIONAL,120.03324717050073,0.002441674285942738,19
H1,Teste,72,4T23,Ridge Contábil,0.1,378,Segmento=REFINO / RTC,1776.9555178903381,0.03614620696825725,5
H1,Teste,72,4T23,Ridge + Brent e Câmbio,10.0,378,Custo_t,9542.34576183814,0.26749687274607575,1
H1,Teste,72,4T23,Ridge + Brent e Câmbio,10.0,378,Custo_t_1,3644.766496652623,0.10217232366944122,3
H1,Teste,72,4T23,Ridge + Brent e Câmbio,10.0,378,Custo_t_4,990.7063677142252,0.027772086841897255,8
H1,Teste,72,4T23,Ridge + Brent e Câmbio,10.0,378,Receita_t,7102.248659446975,0.19909457834413147,2
H1,Teste,72,4T23,Ridge + Brent e Câmbio,10.0,378,Receita_t_1,643.6571809295532,0.018043391773517572,12
H1,Teste,72,4T23,Ridge + Brent e Câmbio,10.0,378,Receita_t_4,138.20281655994518,0.0038741858822943774,24
H1,Teste,72,4T23,Ridge + Brent e Câmbio,10.0,378,Despesas_t,-877.8938776468121,0.024609658121234574,10
H1,Teste,72,4T23,Ridge + Brent e Câmbio,10.0,378,Despesas_t_1,-343.92469016507926,0.009641107268114757,17
H1,Teste,72,4T23,Ridge + Brent e Câmbio,10.0,378,Despesas_t_4,-197.044561270392,0.005523673659179909,20
H1,Teste,72,4T23,Ridge + Brent e Câmbio,10.0,378,EBIT_t,-187.32989652213053,0.00525134623521158,21
H1,Teste,72,4T23,Ridge + Brent e Câmbio,10.0,378,EBIT_t_1,-1492.3921316498731,0.041835649020780304,6
H1,Teste,72,4T23,Ridge + Brent e Câmbio,10.0,378,EBIT_t_4,-223.55290622945373,0.006266771798274933,19
H1,Teste,72,4T23,Ridge + Brent e Câmbio,10.0,378,Trimestre_Sin,-256.69420136545676,0.007195808853617166,18
H1,Teste,72,4T23,Ridge + Brent e Câmbio,10.0,378,Trimestre_Cos,-512.8986145512877,0.014377887665415699,16
H1,Teste,72,4T23,Ridge + Brent e Câmbio,10.0,378,Brent_t,910.2700759474226,0.02551724751413369,9
H1,Teste,72,4T23,Ridge + Brent e Câmbio,10.0,378,Brent_t_1,-1332.7186137513115,0.03735958330651487,7
H1,Teste,72,4T23,Ridge + Brent e Câmbio,10.0,378,Brent_t_4,615.2546043341405,0.01724719337463035,14
H1,Teste,72,4T23,Ridge + Brent e Câmbio,10.0,378,USD_BRL_t,621.2568370234277,0.017415451632500197,13
H1,Teste,72,4T23,Ridge + Brent e Câmbio,10.0,378,USD_BRL_t_1,-59.46391384823431,0.0016669288026910374,28
H1,Teste,72,4T23,Ridge + Brent e Câmbio,10.0,378,USD_BRL_t_4,-13.245064858091116,0.00037129375913285176,29
H1,Teste,72,4T23,Ridge + Brent e Câmbio,10.0,378,Brent_BRL_t,-109.13901426966417,0.003059451600305542,25
H1,Teste,72,4T23,Ridge + Brent e Câmbio,10.0,378,Brent_Var_AA,1633.69645721833,0.04579677830056595,5
H1,Teste,72,4T23,Ridge + Brent e Câmbio,10.0,378,USD_BRL_Var_AA,720.6696341255229,0.020202251964353615,11
H1,Teste,72,4T23,Ridge + Brent e Câmbio,10.0,378,Segmento=CORPORATIVO / OUTROS NEGÓCIOS,-77.52392718381742,0.002173198142494368,26
H1,Teste,72,4T23,Ridge + Brent e Câmbio,10.0,378,Segmento=DISTRIBUIÇÃO,533.9600443446192,0.014968294547108064,15
H1,Teste,72,4T23,Ridge + Brent e Câmbio,10.0,378,Segmento=E&P,170.02883828243776,0.004766352388853192,22
H1,Teste,72,4T23,Ridge + Brent e Câmbio,10.0,378,Segmento=GÁS & ENERGIA / G&EBC,64.67291483103762,0.0018129507042033035,27
H1,Teste,72,4T23,Ridge + Brent e Câmbio,10.0,378,Segmento=INTERNACIONAL,152.78859038788025,0.0042830632152828455,23
H1,Teste,72,4T23,Ridge + Brent e Câmbio,10.0,378,Segmento=REFINO / RTC,2504.3909502181864,0.07020461886804362,4
H1,Teste,73,1T24,Ridge Contábil,0.1,382,Custo_t,17702.865358308492,0.3512227963143629,1
H1,Teste,73,1T24,Ridge Contábil,0.1,382,Custo_t_1,4949.177826403148,0.09819111428933361,4
H1,Teste,73,1T24,Ridge Contábil,0.1,382,Custo_t_4,1361.4271445349445,0.027010556709534284,6
H1,Teste,73,1T24,Ridge Contábil,0.1,382,Receita_t,9121.734784441504,0.18097416058841087,3
H1,Teste,73,1T24,Ridge Contábil,0.1,382,Receita_t_1,-10532.304130540204,0.20895969287963345,2
H1,Teste,73,1T24,Ridge Contábil,0.1,382,Receita_t_4,-244.59740060376006,0.0048527840704023495,14
H1,Teste,73,1T24,Ridge Contábil,0.1,382,Despesas_t,-346.2524187183384,0.006869607844347658,12
H1,Teste,73,1T24,Ridge Contábil,0.1,382,Despesas_t_1,404.351463752676,0.00802228616207418,11
H1,Teste,73,1T24,Ridge Contábil,0.1,382,Despesas_t_4,-171.56577597730885,0.003403845104787691,17
H1,Teste,73,1T24,Ridge Contábil,0.1,382,EBIT_t,1101.3913772226726,0.02185147723349325,7
H1,Teste,73,1T24,Ridge Contábil,0.1,382,EBIT_t_1,-461.95706655413613,0.009165174643107996,10
H1,Teste,73,1T24,Ridge Contábil,0.1,382,EBIT_t_4,676.0321379799324,0.013412399241247814,9
H1,Teste,73,1T24,Ridge Contábil,0.1,382,Trimestre_Sin,79.62620642005952,0.0015797747038522455,20
H1,Teste,73,1T24,Ridge Contábil,0.1,382,Trimestre_Cos,-697.8591442983311,0.013845444516075108,8
H1,Teste,73,1T24,Ridge Contábil,0.1,382,Segmento=CORPORATIVO / OUTROS NEGÓCIOS,175.94000721054272,0.0034906293453253944,16
H1,Teste,73,1T24,Ridge Contábil,0.1,382,Segmento=DISTRIBUIÇÃO,331.49239629371306,0.006576770710656949,13
H1,Teste,73,1T24,Ridge Contábil,0.1,382,Segmento=E&P,224.45152316038912,0.004453092197552718,15
H1,Teste,73,1T24,Ridge Contábil,0.1,382,Segmento=GÁS & ENERGIA / G&EBC,159.0381416993568,0.003155298293113448,18
H1,Teste,73,1T24,Ridge Contábil,0.1,382,Segmento=INTERNACIONAL,107.36927743496051,0.002130194016374911,19
H1,Teste,73,1T24,Ridge Contábil,0.1,382,Segmento=REFINO / RTC,1554.086759601,0.03083290113631324,5
H1,Teste,73,1T24,Ridge + Brent e Câmbio,10.0,382,Custo_t,9700.033741737949,0.2689570838481055,1
H1,Teste,73,1T24,Ridge + Brent e Câmbio,10.0,382,Custo_t_1,3493.6100347489332,0.09686885551804261,3
H1,Teste,73,1T24,Ridge + Brent e Câmbio,10.0,382,Custo_t_4,1542.833328614573,0.04277881541198578,6
H1,Teste,73,1T24,Ridge + Brent e Câmbio,10.0,382,Receita_t,7183.066404918087,0.19916802815243814,2
H1,Teste,73,1T24,Ridge + Brent e Câmbio,10.0,382,Receita_t_1,402.66677308145097,0.011164917971832727,17
H1,Teste,73,1T24,Ridge + Brent e Câmbio,10.0,382,Receita_t_4,479.32292676535593,0.013290396717862462,15
H1,Teste,73,1T24,Ridge + Brent e Câmbio,10.0,382,Despesas_t,-899.3617523566533,0.02493699719801472,9
H1,Teste,73,1T24,Ridge + Brent e Câmbio,10.0,382,Despesas_t_1,-346.0931556408611,0.009596276503701796,18
H1,Teste,73,1T24,Ridge + Brent e Câmbio,10.0,382,Despesas_t_4,-233.35007309588354,0.0064701996762710455,21
H1,Teste,73,1T24,Ridge + Brent e Câmbio,10.0,382,EBIT_t,-195.56398651546252,0.005422488304611301,22
H1,Teste,73,1T24,Ridge + Brent e Câmbio,10.0,382,EBIT_t_1,-1521.1782884101026,0.04217837662805178,7
H1,Teste,73,1T24,Ridge + Brent e Câmbio,10.0,382,EBIT_t_4,-263.7394630053756,0.007312819599829745,20
H1,Teste,73,1T24,Ridge + Brent e Câmbio,10.0,382,Trimestre_Sin,-267.48510522501937,0.0074166766621200485,19
H1,Teste,73,1T24,Ridge + Brent e Câmbio,10.0,382,Trimestre_Cos,-504.27509785670463,0.013982256493930182,14
H1,Teste,73,1T24,Ridge + Brent e Câmbio,10.0,382,Brent_t,887.4688658018885,0.024607237923823497,10
H1,Teste,73,1T24,Ridge + Brent e Câmbio,10.0,382,Brent_t_1,-1331.2949700970307,0.03691339869863119,8
H1,Teste,73,1T24,Ridge + Brent e Câmbio,10.0,382,Brent_t_4,593.1831114035514,0.016447447924285288,12
H1,Teste,73,1T24,Ridge + Brent e Câmbio,10.0,382,USD_BRL_t,577.8907177769175,0.016023429028641747,13
H1,Teste,73,1T24,Ridge + Brent e Câmbio,10.0,382,USD_BRL_t_1,-132.01648903345935,0.0036604790102454736,24
H1,Teste,73,1T24,Ridge + Brent e Câmbio,10.0,382,USD_BRL_t_4,31.301605608139656,0.0008679133277551215,29
H1,Teste,73,1T24,Ridge + Brent e Câmbio,10.0,382,Brent_BRL_t,-53.98445596064093,0.0014968506538100982,26
H1,Teste,73,1T24,Ridge + Brent e Câmbio,10.0,382,Brent_Var_AA,1670.569113848969,0.04632060147318927,5
H1,Teste,73,1T24,Ridge + Brent e Câmbio,10.0,382,USD_BRL_Var_AA,729.7571728338935,0.02023429674044368,11
H1,Teste,73,1T24,Ridge + Brent e Câmbio,10.0,382,Segmento=CORPORATIVO / OUTROS NEGÓCIOS,-53.95117051346697,0.0014959277336383911,27
H1,Teste,73,1T24,Ridge + Brent e Câmbio,10.0,382,Segmento=DISTRIBUIÇÃO,444.31538263413694,0.01231972720960057,16
H1,Teste,73,1T24,Ridge + Brent e Câmbio,10.0,382,Segmento=E&P,97.60893743662963,0.0027064457577612934,25
H1,Teste,73,1T24,Ridge + Brent e Câmbio,10.0,382,Segmento=GÁS & ENERGIA / G&EBC,47.85143725271276,0.0013267977580379343,28
H1,Teste,73,1T24,Ridge + Brent e Câmbio,10.0,382,Segmento=INTERNACIONAL,136.74428930352926,0.00379156879895238,23
H1,Teste,73,1T24,Ridge + Brent e Câmbio,10.0,382,Segmento=REFINO / RTC,2244.8409892515674,0.06224368927438613,4
H1,Teste,74,2T24,Ridge Contábil,0.1,386,Custo_t,17246.58732206054,0.33455254040036275,1
H1,Teste,74,2T24,Ridge Contábil,0.1,386,Custo_t_1,5639.609486328606,0.10939820413652715,4
H1,Teste,74,2T24,Ridge Contábil,0.1,386,Custo_t_4,1043.0004089720271,0.020232317846086173,7
H1,Teste,74,2T24,Ridge Contábil,0.1,386,Receita_t,9314.814733749323,0.18069052586121975,3
H1,Teste,74,2T24,Ridge Contábil,0.1,386,Receita_t_1,-10204.932735131339,0.19795720204808107,2
H1,Teste,74,2T24,Ridge Contábil,0.1,386,Receita_t_4,-808.5862834399127,0.015685108607642544,8
H1,Teste,74,2T24,Ridge Contábil,0.1,386,Despesas_t,-336.3631953752446,0.006524836444948747,15
H1,Teste,74,2T24,Ridge Contábil,0.1,386,Despesas_t_1,402.7053124501652,0.007811753293394636,13
H1,Teste,74,2T24,Ridge Contábil,0.1,386,Despesas_t_4,-128.74986712121392,0.002497514106255372,19
H1,Teste,74,2T24,Ridge Contábil,0.1,386,EBIT_t,1128.2755180119755,0.021886500428963916,6
H1,Teste,74,2T24,Ridge Contábil,0.1,386,EBIT_t_1,-498.24767117238974,0.009665101914166533,11
H1,Teste,74,2T24,Ridge Contábil,0.1,386,EBIT_t_4,685.8618257887005,0.01330447652607405,10
H1,Teste,74,2T24,Ridge Contábil,0.1,386,Trimestre_Sin,19.35750078734578,0.0003755004363051472,20
H1,Teste,74,2T24,Ridge Contábil,0.1,386,Trimestre_Cos,-766.545269825214,0.014869589128735962,9
H1,Teste,74,2T24,Ridge Contábil,0.1,386,Segmento=CORPORATIVO / OUTROS NEGÓCIOS,166.86467792413265,0.0032368723655374857,17
H1,Teste,74,2T24,Ridge Contábil,0.1,386,Segmento=DISTRIBUIÇÃO,467.16690873386045,0.009062191446303153,12
H1,Teste,74,2T24,Ridge Contábil,0.1,386,Segmento=E&P,375.81455182627553,0.007290121267764102,14
H1,Teste,74,2T24,Ridge Contábil,0.1,386,Segmento=GÁS & ENERGIA / G&EBC,202.85689807740417,0.0039350562126991675,16
H1,Teste,74,2T24,Ridge Contábil,0.1,386,Segmento=INTERNACIONAL,139.06365004631564,0.002697582804734464,18
H1,Teste,74,2T24,Ridge Contábil,0.1,386,Segmento=REFINO / RTC,1975.803361044179,0.03832700472419786,5
H1,Teste,74,2T24,Ridge + Brent e Câmbio,10.0,386,Custo_t,9639.084075666235,0.2628090392967746,1
H1,Teste,74,2T24,Ridge + Brent e Câmbio,10.0,386,Custo_t_1,3790.3680986780787,0.10334415498143444,3
H1,Teste,74,2T24,Ridge + Brent e Câmbio,10.0,386,Custo_t_4,1345.8378894061843,0.03669418795266512,8
H1,Teste,74,2T24,Ridge + Brent e Câmbio,10.0,386,Receita_t,7161.00390672726,0.19524433466437655,2
H1,Teste,74,2T24,Ridge + Brent e Câmbio,10.0,386,Receita_t_1,669.2008198539071,0.018245719529141394,12
H1,Teste,74,2T24,Ridge + Brent e Câmbio,10.0,386,Receita_t_4,219.13519157177504,0.005974707629999824,21
H1,Teste,74,2T24,Ridge + Brent e Câmbio,10.0,386,Despesas_t,-909.6725474459994,0.024802166512113203,9
H1,Teste,74,2T24,Ridge + Brent e Câmbio,10.0,386,Despesas_t_1,-331.56880435782153,0.009040203223669505,17
H1,Teste,74,2T24,Ridge + Brent e Câmbio,10.0,386,Despesas_t_4,-227.79432046118797,0.006210798250924953,20
H1,Teste,74,2T24,Ridge + Brent e Câmbio,10.0,386,EBIT_t,-172.9725232631139,0.004716085294688743,23
H1,Teste,74,2T24,Ridge + Brent e Câmbio,10.0,386,EBIT_t_1,-1528.2747913984635,0.04166831895603607,6
H1,Teste,74,2T24,Ridge + Brent e Câmbio,10.0,386,EBIT_t_4,-296.33785298841497,0.00807963348382468,19
H1,Teste,74,2T24,Ridge + Brent e Câmbio,10.0,386,Trimestre_Sin,-298.484745970484,0.008138168390010934,18
H1,Teste,74,2T24,Ridge + Brent e Câmbio,10.0,386,Trimestre_Cos,-547.2623784104064,0.014921075361962324,15
H1,Teste,74,2T24,Ridge + Brent e Câmbio,10.0,386,Brent_t,885.3689092661713,0.02413952929976836,10
H1,Teste,74,2T24,Ridge + Brent e Câmbio,10.0,386,Brent_t_1,-1347.857475023286,0.03674925183131184,7
H1,Teste,74,2T24,Ridge + Brent e Câmbio,10.0,386,Brent_t_4,617.2344079032741,0.016828858477485685,13
H1,Teste,74,2T24,Ridge + Brent e Câmbio,10.0,386,USD_BRL_t,583.4464464773499,0.01590763177042121,14
H1,Teste,74,2T24,Ridge + Brent e Câmbio,10.0,386,USD_BRL_t_1,-31.521029623767472,0.0008594189497714208,29
H1,Teste,74,2T24,Ridge + Brent e Câmbio,10.0,386,USD_BRL_t_4,-43.74704853783002,0.001192760609622737,27
H1,Teste,74,2T24,Ridge + Brent e Câmbio,10.0,386,Brent_BRL_t,-40.48055376485081,0.0011036998289079194,28
H1,Teste,74,2T24,Ridge + Brent e Câmbio,10.0,386,Brent_Var_AA,1687.8395048990633,0.04601884113548488,5
H1,Teste,74,2T24,Ridge + Brent e Câmbio,10.0,386,USD_BRL_Var_AA,745.7989323533081,0.02033416239361786,11
H1,Teste,74,2T24,Ridge + Brent e Câmbio,10.0,386,Segmento=CORPORATIVO / OUTROS NEGÓCIOS,-71.67085644756985,0.0019541015288074438,25
H1,Teste,74,2T24,Ridge + Brent e Câmbio,10.0,386,Segmento=DISTRIBUIÇÃO,527.4537734644397,0.014380994956522035,16
H1,Teste,74,2T24,Ridge + Brent e Câmbio,10.0,386,Segmento=E&P,211.5503526244451,0.005767907458809207,22
H1,Teste,74,2T24,Ridge + Brent e Câmbio,10.0,386,Segmento=GÁS & ENERGIA / G&EBC,62.41602808570519,0.001701769198106191,26
H1,Teste,74,2T24,Ridge + Brent e Câmbio,10.0,386,Segmento=INTERNACIONAL,154.90532117217992,0.004223484131857735,24
H1,Teste,74,2T24,Ridge + Brent e Câmbio,10.0,386,Segmento=REFINO / RTC,2528.851977733675,0.06894899490188329,4
H1,Teste,75,3T24,Ridge Contábil,0.1,390,Custo_t,16921.47196061162,0.325922123355964,1
H1,Teste,75,3T24,Ridge Contábil,0.1,390,Custo_t_1,6447.689631644548,0.12418805529314417,4
H1,Teste,75,3T24,Ridge Contábil,0.1,390,Custo_t_4,1132.978308185374,0.02182213797827775,6
H1,Teste,75,3T24,Ridge Contábil,0.1,390,Receita_t,9355.418048185878,0.180193408838485,3
H1,Teste,75,3T24,Ridge Contábil,0.1,390,Receita_t_1,-10507.863754020334,0.20239050566152358,2
H1,Teste,75,3T24,Ridge Contábil,0.1,390,Receita_t_4,-628.0424853428226,0.012096639161011327,10
H1,Teste,75,3T24,Ridge Contábil,0.1,390,Despesas_t,-367.643355662401,0.0070811276580498295,14
H1,Teste,75,3T24,Ridge Contábil,0.1,390,Despesas_t_1,376.1650341470471,0.007245262524847333,13
H1,Teste,75,3T24,Ridge Contábil,0.1,390,Despesas_t_4,-129.5525914015115,0.0024952944858540583,18
H1,Teste,75,3T24,Ridge Contábil,0.1,390,EBIT_t,1124.377797836616,0.021656484741884547,7
H1,Teste,75,3T24,Ridge Contábil,0.1,390,EBIT_t_1,-467.42020656210786,0.009002915737875273,11
H1,Teste,75,3T24,Ridge Contábil,0.1,390,EBIT_t_4,653.1847674001659,0.012580901166894632,9
H1,Teste,75,3T24,Ridge Contábil,0.1,390,Trimestre_Sin,45.29004172292127,0.000872325209034662,20
H1,Teste,75,3T24,Ridge Contábil,0.1,390,Trimestre_Cos,-768.6922548090863,0.014805674853690784,8
H1,Teste,75,3T24,Ridge Contábil,0.1,390,Segmento=CORPORATIVO / OUTROS NEGÓCIOS,180.83702762829077,0.003483076895626244,17
H1,Teste,75,3T24,Ridge Contábil,0.1,390,Segmento=DISTRIBUIÇÃO,395.61437241985215,0.007619873530467669,12
H1,Teste,75,3T24,Ridge Contábil,0.1,390,Segmento=E&P,321.1896472224872,0.006186389225853277,15
H1,Teste,75,3T24,Ridge Contábil,0.1,390,Segmento=GÁS & ENERGIA / G&EBC,187.66905669508563,0.0036146676594476534,16
H1,Teste,75,3T24,Ridge Contábil,0.1,390,Segmento=INTERNACIONAL,123.20937744270083,0.00237311872199799,19
H1,Teste,75,3T24,Ridge Contábil,0.1,390,Segmento=REFINO / RTC,1784.4486223896974,0.03437001730007025,5
H1,Teste,75,3T24,Ridge + Brent e Câmbio,10.0,390,Custo_t,9630.713459252333,0.25982672246976285,1
H1,Teste,75,3T24,Ridge + Brent e Câmbio,10.0,390,Custo_t_1,3988.935720811431,0.1076173742336071,3
H1,Teste,75,3T24,Ridge + Brent e Câmbio,10.0,390,Custo_t_4,1502.033056468433,0.04052330367367519,7
H1,Teste,75,3T24,Ridge + Brent e Câmbio,10.0,390,Receita_t,7126.724544422101,0.19227168248298848,2
H1,Teste,75,3T24,Ridge + Brent e Câmbio,10.0,390,Receita_t_1,743.7716175261316,0.020066191613476957,12
H1,Teste,75,3T24,Ridge + Brent e Câmbio,10.0,390,Receita_t_4,281.26433751751586,0.007588221918761018,20
H1,Teste,75,3T24,Ridge + Brent e Câmbio,10.0,390,Despesas_t,-914.1788026094423,0.024663601823304983,9
H1,Teste,75,3T24,Ridge + Brent e Câmbio,10.0,390,Despesas_t_1,-389.7237396884459,0.010514344797022873,17
H1,Teste,75,3T24,Ridge + Brent e Câmbio,10.0,390,Despesas_t_4,-199.6721481069372,0.00538694874794356,22
H1,Teste,75,3T24,Ridge + Brent e Câmbio,10.0,390,EBIT_t,-185.78826667076166,0.005012375937322287,23
H1,Teste,75,3T24,Ridge + Brent e Câmbio,10.0,390,EBIT_t_1,-1572.3588891561662,0.04242062215267697,6
H1,Teste,75,3T24,Ridge + Brent e Câmbio,10.0,390,EBIT_t_4,-318.4315421636258,0.008590954790777273,18
H1,Teste,75,3T24,Ridge + Brent e Câmbio,10.0,390,Trimestre_Sin,-287.1270202102078,0.0077463910549696036,19
H1,Teste,75,3T24,Ridge + Brent e Câmbio,10.0,390,Trimestre_Cos,-548.8267409209014,0.014806779778111064,15
H1,Teste,75,3T24,Ridge + Brent e Câmbio,10.0,390,Brent_t,883.8486581774705,0.023845325788706236,10
H1,Teste,75,3T24,Ridge + Brent e Câmbio,10.0,390,Brent_t_1,-1344.33546640414,0.03626878523730522,8
H1,Teste,75,3T24,Ridge + Brent e Câmbio,10.0,390,Brent_t_4,598.4182766407673,0.016144708296372184,13
H1,Teste,75,3T24,Ridge + Brent e Câmbio,10.0,390,USD_BRL_t,578.5288710374665,0.015608112633793041,14
H1,Teste,75,3T24,Ridge + Brent e Câmbio,10.0,390,USD_BRL_t_1,-45.14081164428987,0.001217852570194866,27
H1,Teste,75,3T24,Ridge + Brent e Câmbio,10.0,390,USD_BRL_t_4,-37.50432110906663,0.0010118279267109286,28
H1,Teste,75,3T24,Ridge + Brent e Câmbio,10.0,390,Brent_BRL_t,-23.650670295137978,0.0006380707071182807,29
H1,Teste,75,3T24,Ridge + Brent e Câmbio,10.0,390,Brent_Var_AA,1694.2543593816822,0.045709236298099296,5
H1,Teste,75,3T24,Ridge + Brent e Câmbio,10.0,390,USD_BRL_Var_AA,751.2697782441059,0.020268484261072143,11
H1,Teste,75,3T24,Ridge + Brent e Câmbio,10.0,390,Segmento=CORPORATIVO / OUTROS NEGÓCIOS,-62.578889581844,0.001688313939008005,25
H1,Teste,75,3T24,Ridge + Brent e Câmbio,10.0,390,Segmento=DISTRIBUIÇÃO,494.3080755398574,0.013335922380129449,16
H1,Teste,75,3T24,Ridge + Brent e Câmbio,10.0,390,Segmento=E&P,203.34826544620998,0.005486126604674402,21
H1,Teste,75,3T24,Ridge + Brent e Câmbio,10.0,390,Segmento=GÁS & ENERGIA / G&EBC,58.616871794612024,0.001581422782877262,26
H1,Teste,75,3T24,Ridge + Brent e Câmbio,10.0,390,Segmento=INTERNACIONAL,150.85017152882102,0.004069782142119504,24
H1,Teste,75,3T24,Ridge + Brent e Câmbio,10.0,390,Segmento=REFINO / RTC,2449.70489031195,0.06609051295741879,4
H1,Teste,76,4T24,Ridge Contábil,0.1,394,Custo_t,17545.3878014037,0.33535428493847935,1
H1,Teste,76,4T24,Ridge Contábil,0.1,394,Custo_t_1,6185.5435457994245,0.11822756819267546,4
H1,Teste,76,4T24,Ridge Contábil,0.1,394,Custo_t_4,1314.0520132641777,0.02511617174086753,6
H1,Teste,76,4T24,Ridge Contábil,0.1,394,Receita_t,9308.383926945182,0.1779160695156476,3
H1,Teste,76,4T24,Ridge Contábil,0.1,394,Receita_t_1,-10449.431638763359,0.19972551846079195,2
H1,Teste,76,4T24,Ridge Contábil,0.1,394,Receita_t_4,-725.5750941975474,0.013868300868466492,9
H1,Teste,76,4T24,Ridge Contábil,0.1,394,Despesas_t,-380.17783496688253,0.007266540212042396,12
H1,Teste,76,4T24,Ridge Contábil,0.1,394,Despesas_t_1,365.24541154627195,0.006981128898522336,13
H1,Teste,76,4T24,Ridge Contábil,0.1,394,Despesas_t_4,-114.85753810110819,0.0021953329271302683,18
H1,Teste,76,4T24,Ridge Contábil,0.1,394,EBIT_t,1121.715931102521,0.02143995038678434,7
H1,Teste,76,4T24,Ridge Contábil,0.1,394,EBIT_t_1,-490.7467620796002,0.009379902647116857,11
H1,Teste,76,4T24,Ridge Contábil,0.1,394,EBIT_t_4,664.7132351631151,0.012705015938686502,10
H1,Teste,76,4T24,Ridge Contábil,0.1,394,Trimestre_Sin,55.729363674380316,0.0010651848290069187,20
H1,Teste,76,4T24,Ridge Contábil,0.1,394,Trimestre_Cos,-801.579309647457,0.01532100967222832,8
H1,Teste,76,4T24,Ridge Contábil,0.1,394,Segmento=CORPORATIVO / OUTROS NEGÓCIOS,181.00576244587938,0.0034596589554963166,17
H1,Teste,76,4T24,Ridge Contábil,0.1,394,Segmento=DISTRIBUIÇÃO,351.26811040581754,0.006713973342749902,14
H1,Teste,76,4T24,Ridge Contábil,0.1,394,Segmento=E&P,298.727373223789,0.005709734419834212,15
H1,Teste,76,4T24,Ridge Contábil,0.1,394,Segmento=GÁS & ENERGIA / G&EBC,181.91323928548337,0.0034770040407169057,16
H1,Teste,76,4T24,Ridge Contábil,0.1,394,Segmento=INTERNACIONAL,113.53049857614415,0.002169968518203165,19
H1,Teste,76,4T24,Ridge Contábil,0.1,394,Segmento=REFINO / RTC,1669.3767481405785,0.03190768149455316,5
H1,Teste,76,4T24,Ridge + Brent e Câmbio,10.0,394,Custo_t,9848.57430678771,0.26203431809606365,1
H1,Teste,76,4T24,Ridge + Brent e Câmbio,10.0,394,Custo_t_1,4024.2303586500097,0.10706996008179308,3
H1,Teste,76,4T24,Ridge + Brent e Câmbio,10.0,394,Custo_t_4,1610.9084913722868,0.04286034657432317,6
H1,Teste,76,4T24,Ridge + Brent e Câmbio,10.0,394,Receita_t,7195.956477268616,0.19145791967782316,2
H1,Teste,76,4T24,Ridge + Brent e Câmbio,10.0,394,Receita_t_1,777.4657436241431,0.020685502249111754,11
H1,Teste,76,4T24,Ridge + Brent e Câmbio,10.0,394,Receita_t_4,299.387150962682,0.007965590298197937,19
H1,Teste,76,4T24,Ridge + Brent e Câmbio,10.0,394,Despesas_t,-945.187686414617,0.02514796590525322,9
H1,Teste,76,4T24,Ridge + Brent e Câmbio,10.0,394,Despesas_t_1,-397.20382455530216,0.01056813200269644,17
H1,Teste,76,4T24,Ridge + Brent e Câmbio,10.0,394,Despesas_t_4,-195.2852396300007,0.005195821548039282,22
H1,Teste,76,4T24,Ridge + Brent e Câmbio,10.0,394,EBIT_t,-231.55840942075838,0.006160917105550905,21
H1,Teste,76,4T24,Ridge + Brent e Câmbio,10.0,394,EBIT_t_1,-1590.277333998261,0.0423114274023056,7
H1,Teste,76,4T24,Ridge + Brent e Câmbio,10.0,394,EBIT_t_4,-355.0723796250074,0.009447169303039203,18
H1,Teste,76,4T24,Ridge + Brent e Câmbio,10.0,394,Trimestre_Sin,-282.1091053163953,0.0075058850893092695,20
H1,Teste,76,4T24,Ridge + Brent e Câmbio,10.0,394,Trimestre_Cos,-581.9499425849393,0.015483546310473602,14
H1,Teste,76,4T24,Ridge + Brent e Câmbio,10.0,394,Brent_t,875.2245674534647,0.02328650478430455,10
H1,Teste,76,4T24,Ridge + Brent e Câmbio,10.0,394,Brent_t_1,-1343.4771775977813,0.03574498350150359,8
H1,Teste,76,4T24,Ridge + Brent e Câmbio,10.0,394,Brent_t_4,556.37392181944,0.014803062521436297,15
H1,Teste,76,4T24,Ridge + Brent e Câmbio,10.0,394,USD_BRL_t,619.9039112749326,0.016493361741105772,13
H1,Teste,76,4T24,Ridge + Brent e Câmbio,10.0,394,USD_BRL_t_1,-103.38987408822962,0.002750824059485984,25
H1,Teste,76,4T24,Ridge + Brent e Câmbio,10.0,394,USD_BRL_t_4,-68.51717151623936,0.0018229897807396235,26
H1,Teste,76,4T24,Ridge + Brent e Câmbio,10.0,394,Brent_BRL_t,35.42228128034693,0.0009424565456449414,29
H1,Teste,76,4T24,Ridge + Brent e Câmbio,10.0,394,Brent_Var_AA,1656.3910636968053,0.04407047044129711,5
H1,Teste,76,4T24,Ridge + Brent e Câmbio,10.0,394,USD_BRL_Var_AA,736.2225252262485,0.019588171988676902,12
H1,Teste,76,4T24,Ridge + Brent e Câmbio,10.0,394,Segmento=CORPORATIVO / OUTROS NEGÓCIOS,-57.668842548568904,0.0015343556703622324,27
H1,Teste,76,4T24,Ridge + Brent e Câmbio,10.0,394,Segmento=DISTRIBUIÇÃO,455.4158928477535,0.012116940910952442,16
H1,Teste,76,4T24,Ridge + Brent e Câmbio,10.0,394,Segmento=E&P,189.60363375718023,0.0050446549249120115,23
H1,Teste,76,4T24,Ridge + Brent e Câmbio,10.0,394,Segmento=GÁS & ENERGIA / G&EBC,54.13738074437165,0.001440396468053391,28
H1,Teste,76,4T24,Ridge + Brent e Câmbio,10.0,394,Segmento=INTERNACIONAL,147.18309294859412,0.003916000447848959,24
H1,Teste,76,4T24,Ridge + Brent e Câmbio,10.0,394,Segmento=REFINO / RTC,2350.9574009786634,0.06255032456969581,4
H1,Teste,77,1T25,Ridge Contábil,0.1,398,Custo_t,17504.124466516067,0.3319312254766742,1
H1,Teste,77,1T25,Ridge Contábil,0.1,398,Custo_t_1,6202.520611852796,0.11761858021947698,4
H1,Teste,77,1T25,Ridge Contábil,0.1,398,Custo_t_4,1271.0020735668832,0.024102049586626338,6
H1,Teste,77,1T25,Ridge Contábil,0.1,398,Receita_t,9516.959673243768,0.1804703853194572,3
H1,Teste,77,1T25,Ridge Contábil,0.1,398,Receita_t_1,-10355.53854781012,0.1963723811048574,2
H1,Teste,77,1T25,Ridge Contábil,0.1,398,Receita_t_4,-808.5234707511809,0.015332054281633502,8
H1,Teste,77,1T25,Ridge Contábil,0.1,398,Despesas_t,-370.49239206324415,0.007025658093472983,13
H1,Teste,77,1T25,Ridge Contábil,0.1,398,Despesas_t_1,357.7185302652424,0.006783426977669892,14
H1,Teste,77,1T25,Ridge Contábil,0.1,398,Despesas_t_4,-105.99976170314892,0.002010076589072874,19
H1,Teste,77,1T25,Ridge Contábil,0.1,398,EBIT_t,1132.9892750415158,0.021484908841676618,7
H1,Teste,77,1T25,Ridge Contábil,0.1,398,EBIT_t_1,-517.6585277492455,0.00981637383937419,11
H1,Teste,77,1T25,Ridge Contábil,0.1,398,EBIT_t_4,660.5070574640296,0.012525214696651686,10
H1,Teste,77,1T25,Ridge Contábil,0.1,398,Trimestre_Sin,75.20434003582848,0.0014261021050786383,20
H1,Teste,77,1T25,Ridge Contábil,0.1,398,Trimestre_Cos,-796.6883272759237,0.015107624108907687,9
H1,Teste,77,1T25,Ridge Contábil,0.1,398,Segmento=CORPORATIVO / OUTROS NEGÓCIOS,172.68949591906477,0.0032747159743416283,17
H1,Teste,77,1T25,Ridge Contábil,0.1,398,Segmento=DISTRIBUIÇÃO,402.90710771675856,0.007640339296804856,12
H1,Teste,77,1T25,Ridge Contábil,0.1,398,Segmento=E&P,326.2812109584561,0.006187280169918128,15
H1,Teste,77,1T25,Ridge Contábil,0.1,398,Segmento=GÁS & ENERGIA / G&EBC,201.00735004771033,0.0038117082724580887,16
H1,Teste,77,1T25,Ridge Contábil,0.1,398,Segmento=INTERNACIONAL,124.50214218767766,0.0023609377726878295,18
H1,Teste,77,1T25,Ridge Contábil,0.1,398,Segmento=REFINO / RTC,1830.8761056881629,0.03471895727315925,5
H1,Teste,77,1T25,Ridge + Brent e Câmbio,10.0,398,Custo_t,9851.080021550957,0.26053332789338113,1
H1,Teste,77,1T25,Ridge + Brent e Câmbio,10.0,398,Custo_t_1,4103.470276141716,0.1085252342500467,3
H1,Teste,77,1T25,Ridge + Brent e Câmbio,10.0,398,Custo_t_4,1620.4302468533135,0.042855817220873546,6
H1,Teste,77,1T25,Ridge + Brent e Câmbio,10.0,398,Receita_t,7230.676260162303,0.19123102693903007,2
H1,Teste,77,1T25,Ridge + Brent e Câmbio,10.0,398,Receita_t_1,877.0959094610292,0.023196717078091154,11
H1,Teste,77,1T25,Ridge + Brent e Câmbio,10.0,398,Receita_t_4,270.8446151887251,0.0071630774273226455,19
H1,Teste,77,1T25,Ridge + Brent e Câmbio,10.0,398,Despesas_t,-929.219280990149,0.024575233486017627,9
H1,Teste,77,1T25,Ridge + Brent e Câmbio,10.0,398,Despesas_t_1,-392.2260246799189,0.010373273922523898,17
H1,Teste,77,1T25,Ridge + Brent e Câmbio,10.0,398,Despesas_t_4,-191.74268793327653,0.005071054186667098,23
H1,Teste,77,1T25,Ridge + Brent e Câmbio,10.0,398,EBIT_t,-225.03086337713927,0.005951432694294209,21
H1,Teste,77,1T25,Ridge + Brent e Câmbio,10.0,398,EBIT_t_1,-1583.1284197472814,0.041869288928424654,7
H1,Teste,77,1T25,Ridge + Brent e Câmbio,10.0,398,EBIT_t_4,-376.3636570131045,0.009953758963000417,18
H1,Teste,77,1T25,Ridge + Brent e Câmbio,10.0,398,Trimestre_Sin,-262.48884298930983,0.0069420907808361515,20
H1,Teste,77,1T25,Ridge + Brent e Câmbio,10.0,398,Trimestre_Cos,-576.2610956636191,0.015240483343986826,13
H1,Teste,77,1T25,Ridge + Brent e Câmbio,10.0,398,Brent_t,895.6983741052563,0.023688699887100595,10
H1,Teste,77,1T25,Ridge + Brent e Câmbio,10.0,398,Brent_t_1,-1345.698295661206,0.035589930702224326,8
H1,Teste,77,1T25,Ridge + Brent e Câmbio,10.0,398,Brent_t_4,572.2709693965056,0.015134955739621451,14
H1,Teste,77,1T25,Ridge + Brent e Câmbio,10.0,398,USD_BRL_t,533.0626146510366,0.014098005159511047,15
H1,Teste,77,1T25,Ridge + Brent e Câmbio,10.0,398,USD_BRL_t_1,-71.4096725064258,0.0018885847623991267,26
H1,Teste,77,1T25,Ridge + Brent e Câmbio,10.0,398,USD_BRL_t_4,30.43280847815554,0.0008048620915280576,28
H1,Teste,77,1T25,Ridge + Brent e Câmbio,10.0,398,Brent_BRL_t,-13.429289283835073,0.0003551668873571513,29
H1,Teste,77,1T25,Ridge + Brent e Câmbio,10.0,398,Brent_Var_AA,1678.0516316661192,0.04437974059884463,5
H1,Teste,77,1T25,Ridge + Brent e Câmbio,10.0,398,USD_BRL_Var_AA,769.7146566073011,0.020356785304301968,12
H1,Teste,77,1T25,Ridge + Brent e Câmbio,10.0,398,Segmento=CORPORATIVO / OUTROS NEGÓCIOS,-71.51396153632268,0.0018913429135827902,25
H1,Teste,77,1T25,Ridge + Brent e Câmbio,10.0,398,Segmento=DISTRIBUIÇÃO,478.90510718000115,0.012665691583642027,16
H1,Teste,77,1T25,Ridge + Brent e Câmbio,10.0,398,Segmento=E&P,207.34988394482212,0.005483820574421209,22
H1,Teste,77,1T25,Ridge + Brent e Câmbio,10.0,398,Segmento=GÁS & ENERGIA / G&EBC,60.12889966849761,0.0015902400852424005,27
H1,Teste,77,1T25,Ridge + Brent e Câmbio,10.0,398,Segmento=INTERNACIONAL,147.74022567066086,0.003907312961978796,24
H1,Teste,77,1T25,Ridge + Brent e Câmbio,10.0,398,Segmento=REFINO / RTC,2445.744059026065,0.06468304363374829,4
H1,Teste,78,2T25,Ridge Contábil,0.1,402,Custo_t,17659.07480640441,0.3599713168411038,1
H1,Teste,78,2T25,Ridge Contábil,0.1,402,Custo_t_1,5691.968655810224,0.1160279049108056,4
H1,Teste,78,2T25,Ridge Contábil,0.1,402,Custo_t_4,583.410450205177,0.011892527231554291,9
H1,Teste,78,2T25,Ridge Contábil,0.1,402,Receita_t,9344.103291420164,0.1904748240429861,3
H1,Teste,78,2T25,Ridge Contábil,0.1,402,Receita_t_1,-9490.149441216301,0.19345190100981688,2
H1,Teste,78,2T25,Ridge Contábil,0.1,402,Receita_t_4,185.92462914870296,0.003789979617934451,14
H1,Teste,78,2T25,Ridge Contábil,0.1,402,Despesas_t,-352.1728753742238,0.007178866112408158,11
H1,Teste,78,2T25,Ridge Contábil,0.1,402,Despesas_t_1,266.39277744781924,0.005430282160652767,13
H1,Teste,78,2T25,Ridge Contábil,0.1,402,Despesas_t_4,-59.05916207139641,0.0012038911763747964,20
H1,Teste,78,2T25,Ridge Contábil,0.1,402,EBIT_t,911.9209177620531,0.0185890471171628,6
H1,Teste,78,2T25,Ridge Contábil,0.1,402,EBIT_t_1,-614.4216891279425,0.012524675667091438,8
H1,Teste,78,2T25,Ridge Contábil,0.1,402,EBIT_t_4,487.8056066041953,0.009943670803642684,10
H1,Teste,78,2T25,Ridge Contábil,0.1,402,Trimestre_Sin,76.84784265254586,0.001566504441444596,19
H1,Teste,78,2T25,Ridge Contábil,0.1,402,Trimestre_Cos,-751.1937688323961,0.015312705401268277,7
H1,Teste,78,2T25,Ridge Contábil,0.1,402,Segmento=CORPORATIVO / OUTROS NEGÓCIOS,135.32457999929213,0.0027585231841051926,17
H1,Teste,78,2T25,Ridge Contábil,0.1,402,Segmento=DISTRIBUIÇÃO,346.9558509542052,0.0070725197057557995,12
H1,Teste,78,2T25,Ridge Contábil,0.1,402,Segmento=E&P,161.79310664845406,0.0032980707253663683,15
H1,Teste,78,2T25,Ridge Contábil,0.1,402,Segmento=GÁS & ENERGIA / G&EBC,149.48613022718874,0.0030471992297040583,16
H1,Teste,78,2T25,Ridge Contábil,0.1,402,Segmento=INTERNACIONAL,103.22083819619617,0.0021041046293915518,18
H1,Teste,78,2T25,Ridge Contábil,0.1,402,Segmento=REFINO / RTC,1685.6677829409828,0.03436148599143056,5
H1,Teste,78,2T25,Ridge + Brent e Câmbio,10.0,402,Custo_t,9811.967633063809,0.2561158175801505,1
H1,Teste,78,2T25,Ridge + Brent e Câmbio,10.0,402,Custo_t_1,4132.476646190036,0.10786752203536917,3
H1,Teste,78,2T25,Ridge + Brent e Câmbio,10.0,402,Custo_t_4,1624.5672652012952,0.04240509028371691,6
H1,Teste,78,2T25,Ridge + Brent e Câmbio,10.0,402,Receita_t,7217.208462203009,0.1883863986377954,2
H1,Teste,78,2T25,Ridge + Brent e Câmbio,10.0,402,Receita_t_1,1076.3800324203207,0.02809609268392973,9
H1,Teste,78,2T25,Ridge + Brent e Câmbio,10.0,402,Receita_t_4,520.7100494634839,0.01359177741181543,16
H1,Teste,78,2T25,Ridge + Brent e Câmbio,10.0,402,Despesas_t,-909.0003841426709,0.023727083626006194,10
H1,Teste,78,2T25,Ridge + Brent e Câmbio,10.0,402,Despesas_t_1,-415.4126523208334,0.010843263559468894,18
H1,Teste,78,2T25,Ridge + Brent e Câmbio,10.0,402,Despesas_t_4,-138.28539765568942,0.0036095795465770474,25
H1,Teste,78,2T25,Ridge + Brent e Câmbio,10.0,402,EBIT_t,-324.41396467313126,0.008467980215985773,20
H1,Teste,78,2T25,Ridge + Brent e Câmbio,10.0,402,EBIT_t_1,-1585.0349143936069,0.041373201397958845,7
H1,Teste,78,2T25,Ridge + Brent e Câmbio,10.0,402,EBIT_t_4,-356.42012625447217,0.009303417566327694,19
H1,Teste,78,2T25,Ridge + Brent e Câmbio,10.0,402,Trimestre_Sin,-257.27384570809295,0.006715462565681419,21
H1,Teste,78,2T25,Ridge + Brent e Câmbio,10.0,402,Trimestre_Cos,-545.2084486989651,0.014231244212384258,15
H1,Teste,78,2T25,Ridge + Brent e Câmbio,10.0,402,Brent_t,880.9814967228928,0.02299572366564298,11
H1,Teste,78,2T25,Ridge + Brent e Câmbio,10.0,402,Brent_t_1,-1357.9154209234655,0.035444839530714124,8
H1,Teste,78,2T25,Ridge + Brent e Câmbio,10.0,402,Brent_t_4,570.5076994367638,0.014891615152158068,14
H1,Teste,78,2T25,Ridge + Brent e Câmbio,10.0,402,USD_BRL_t,637.4930839309017,0.016640093862771165,13
H1,Teste,78,2T25,Ridge + Brent e Câmbio,10.0,402,USD_BRL_t_1,-47.89742753174648,0.0012502373908105497,28
H1,Teste,78,2T25,Ridge + Brent e Câmbio,10.0,402,USD_BRL_t_4,-154.86254295255245,0.004042282678061522,22
H1,Teste,78,2T25,Ridge + Brent e Câmbio,10.0,402,Brent_BRL_t,52.07728807012934,0.0013593417457364188,27
H1,Teste,78,2T25,Ridge + Brent e Câmbio,10.0,402,Brent_Var_AA,1715.4274489631734,0.044776758344589815,5
H1,Teste,78,2T25,Ridge + Brent e Câmbio,10.0,402,USD_BRL_Var_AA,748.8480849557426,0.01954672566137304,12
H1,Teste,78,2T25,Ridge + Brent e Câmbio,10.0,402,Segmento=CORPORATIVO / OUTROS NEGÓCIOS,-84.26341096338929,0.0021994765166425535,26
H1,Teste,78,2T25,Ridge + Brent e Câmbio,10.0,402,Segmento=DISTRIBUIÇÃO,452.9858362307104,0.011824013504438156,17
H1,Teste,78,2T25,Ridge + Brent e Câmbio,10.0,402,Segmento=E&P,146.3465935534638,0.0038199960354243067,23
H1,Teste,78,2T25,Ridge + Brent e Câmbio,10.0,402,Segmento=GÁS & ENERGIA / G&EBC,33.666637751455184,0.0008787797489091687,29
H1,Teste,78,2T25,Ridge + Brent e Câmbio,10.0,402,Segmento=INTERNACIONAL,140.72471209337135,0.003673251486284302,24
H1,Teste,78,2T25,Ridge + Brent e Câmbio,10.0,402,Segmento=REFINO / RTC,2372.308838818884,0.061922933353276456,4
H1,Teste,79,3T25,Ridge Contábil,0.1,406,Custo_t,17765.582515117665,0.3605890981744152,1
H1,Teste,79,3T25,Ridge Contábil,0.1,406,Custo_t_1,5907.401541174286,0.1199028848321486,4
H1,Teste,79,3T25,Ridge Contábil,0.1,406,Custo_t_4,929.0111831169307,0.01885619592991217,6
H1,Teste,79,3T25,Ridge Contábil,0.1,406,Receita_t,9070.658810566278,0.18410770812421315,3
H1,Teste,79,3T25,Ridge Contábil,0.1,406,Receita_t_1,-9307.003306827964,0.18890480659779077,2
H1,Teste,79,3T25,Ridge Contábil,0.1,406,Receita_t_4,-226.0040992306856,0.0045872188123280465,14
H1,Teste,79,3T25,Ridge Contábil,0.1,406,Despesas_t,-348.1461001841809,0.007066342361221581,12
H1,Teste,79,3T25,Ridge Contábil,0.1,406,Despesas_t_1,204.94193178275648,0.004159718731247987,15
H1,Teste,79,3T25,Ridge Contábil,0.1,406,Despesas_t_4,-21.470499215198867,0.00043578801555057097,20
H1,Teste,79,3T25,Ridge Contábil,0.1,406,EBIT_t,888.1908962994105,0.018027664110129446,7
H1,Teste,79,3T25,Ridge Contábil,0.1,406,EBIT_t_1,-495.6476596492682,0.010060190396408477,10
H1,Teste,79,3T25,Ridge Contábil,0.1,406,EBIT_t_4,506.535846023001,0.01028118857093601,9
H1,Teste,79,3T25,Ridge Contábil,0.1,406,Trimestre_Sin,37.792208526907636,0.0007670707323635884,19
H1,Teste,79,3T25,Ridge Contábil,0.1,406,Trimestre_Cos,-750.0816623305365,0.015224452671156501,8
H1,Teste,79,3T25,Ridge Contábil,0.1,406,Segmento=CORPORATIVO / OUTROS NEGÓCIOS,152.30504485396395,0.0030913446673966815,17
H1,Teste,79,3T25,Ridge Contábil,0.1,406,Segmento=DISTRIBUIÇÃO,364.2922748389925,0.007394062240532646,11
H1,Teste,79,3T25,Ridge Contábil,0.1,406,Segmento=E&P,241.6550116528057,0.004904886324276875,13
H1,Teste,79,3T25,Ridge Contábil,0.1,406,Segmento=GÁS & ENERGIA / G&EBC,177.4340598753511,0.0036013897985857453,16
H1,Teste,79,3T25,Ridge Contábil,0.1,406,Segmento=INTERNACIONAL,112.19579826185786,0.0022772448738888986,18
H1,Teste,79,3T25,Ridge Contábil,0.1,406,Segmento=REFINO / RTC,1761.8681545866616,0.03576074403549709,5
H1,Teste,79,3T25,Ridge + Brent e Câmbio,10.0,406,Custo_t,9837.239564728796,0.2544230738389524,1
H1,Teste,79,3T25,Ridge + Brent e Câmbio,10.0,406,Custo_t_1,4263.080250672087,0.11025714828446655,3
H1,Teste,79,3T25,Ridge + Brent e Câmbio,10.0,406,Custo_t_4,1702.9361663936427,0.0440434789815284,6
H1,Teste,79,3T25,Ridge + Brent e Câmbio,10.0,406,Receita_t,7180.489575097721,0.18571086099348044,2
H1,Teste,79,3T25,Ridge + Brent e Câmbio,10.0,406,Receita_t_1,1175.8994591173832,0.0304125921652752,9
H1,Teste,79,3T25,Ridge + Brent e Câmbio,10.0,406,Receita_t_4,497.0439318060761,0.012855175898787506,16
H1,Teste,79,3T25,Ridge + Brent e Câmbio,10.0,406,Despesas_t,-909.7817503820646,0.023529920963266567,10
H1,Teste,79,3T25,Ridge + Brent e Câmbio,10.0,406,Despesas_t_1,-468.0276269451361,0.012104719693508336,17
H1,Teste,79,3T25,Ridge + Brent e Câmbio,10.0,406,Despesas_t_4,-131.4440923946063,0.0033995725940144847,24
H1,Teste,79,3T25,Ridge + Brent e Câmbio,10.0,406,EBIT_t,-362.76638299237794,0.009382320887791043,20
H1,Teste,79,3T25,Ridge + Brent e Câmbio,10.0,406,EBIT_t_1,-1525.7632726974402,0.039461210559729266,7
H1,Teste,79,3T25,Ridge + Brent e Câmbio,10.0,406,EBIT_t_4,-395.09700544423004,0.01021849614703956,19
H1,Teste,79,3T25,Ridge + Brent e Câmbio,10.0,406,Trimestre_Sin,-281.6721970757923,0.007284960961197245,21
H1,Teste,79,3T25,Ridge + Brent e Câmbio,10.0,406,Trimestre_Cos,-544.9602505214282,0.014094448055817962,15
H1,Teste,79,3T25,Ridge + Brent e Câmbio,10.0,406,Brent_t,882.5419000547679,0.02282540966153587,11
H1,Teste,79,3T25,Ridge + Brent e Câmbio,10.0,406,Brent_t_1,-1355.6894166245004,0.035062546386004444,8
H1,Teste,79,3T25,Ridge + Brent e Câmbio,10.0,406,Brent_t_4,572.6351062459208,0.014810210014764326,14
H1,Teste,79,3T25,Ridge + Brent e Câmbio,10.0,406,USD_BRL_t,615.5465792965739,0.015920040552555595,13
H1,Teste,79,3T25,Ridge + Brent e Câmbio,10.0,406,USD_BRL_t_1,-104.21961022436534,0.0026954587629087145,25
H1,Teste,79,3T25,Ridge + Brent e Câmbio,10.0,406,USD_BRL_t_4,-50.496327501903174,0.0013059995922714753,27
H1,Teste,79,3T25,Ridge + Brent e Câmbio,10.0,406,Brent_BRL_t,19.499660300927022,0.0005043247630529794,29
H1,Teste,79,3T25,Ridge + Brent e Câmbio,10.0,406,Brent_Var_AA,1731.3436378915767,0.04477818877190606,5
H1,Teste,79,3T25,Ridge + Brent e Câmbio,10.0,406,USD_BRL_Var_AA,780.5700353984247,0.020188084924220525,12
H1,Teste,79,3T25,Ridge + Brent e Câmbio,10.0,406,Segmento=CORPORATIVO / OUTROS NEGÓCIOS,-79.2796015423118,0.002050428861104838,26
H1,Teste,79,3T25,Ridge + Brent e Câmbio,10.0,406,Segmento=DISTRIBUIÇÃO,452.48658277761217,0.011702777644445574,18
H1,Teste,79,3T25,Ridge + Brent e Câmbio,10.0,406,Segmento=E&P,168.14260663616636,0.004348715769518486,22
H1,Teste,79,3T25,Ridge + Brent e Câmbio,10.0,406,Segmento=GÁS & ENERGIA / G&EBC,38.24035707686136,0.00098902025595454,28
H1,Teste,79,3T25,Ridge + Brent e Câmbio,10.0,406,Segmento=INTERNACIONAL,141.0891815938896,0.0036490260332019443,23
H1,Teste,79,3T25,Ridge + Brent e Câmbio,10.0,406,Segmento=REFINO / RTC,2396.905517334769,0.06199178798169979,4
H1,Teste,80,4T25,Ridge Contábil,0.1,410,Custo_t,17852.129450010798,0.3619926013096524,1
H1,Teste,80,4T25,Ridge Contábil,0.1,410,Custo_t_1,6112.989299049505,0.12395478670135121,4
H1,Teste,80,4T25,Ridge Contábil,0.1,410,Custo_t_4,922.1711915699788,0.01869912210887741,6
H1,Teste,80,4T25,Ridge Contábil,0.1,410,Receita_t,9118.091280769118,0.18489007661225965,3
H1,Teste,80,4T25,Ridge Contábil,0.1,410,Receita_t_1,-9333.395146204388,0.1892558530614602,2
H1,Teste,80,4T25,Ridge Contábil,0.1,410,Receita_t_4,-122.3930006921015,0.002481796965829256,17
H1,Teste,80,4T25,Ridge Contábil,0.1,410,Despesas_t,-362.1502868838796,0.007343422238855274,11
H1,Teste,80,4T25,Ridge Contábil,0.1,410,Despesas_t_1,191.16067814744255,0.0038762183158305573,14
H1,Teste,80,4T25,Ridge Contábil,0.1,410,Despesas_t_4,-32.52996947862046,0.0006596192518692662,20
H1,Teste,80,4T25,Ridge Contábil,0.1,410,EBIT_t,855.492571796216,0.017347061163362192,7
H1,Teste,80,4T25,Ridge Contábil,0.1,410,EBIT_t_1,-483.1910486107561,0.009797799478540108,9
H1,Teste,80,4T25,Ridge Contábil,0.1,410,EBIT_t_4,475.81641027424746,0.009648261882892153,10
H1,Teste,80,4T25,Ridge Contábil,0.1,410,Trimestre_Sin,33.76678387235546,0.0006846984818277451,19
H1,Teste,80,4T25,Ridge Contábil,0.1,410,Trimestre_Cos,-785.2053947094851,0.01592182849610061,8
H1,Teste,80,4T25,Ridge Contábil,0.1,410,Segmento=CORPORATIVO / OUTROS NEGÓCIOS,154.87654696852178,0.0031404748814969994,16
H1,Teste,80,4T25,Ridge Contábil,0.1,410,Segmento=DISTRIBUIÇÃO,330.0054136193396,0.006691611690181883,12
H1,Teste,80,4T25,Ridge Contábil,0.1,410,Segmento=E&P,215.0599943594173,0.004360831407468735,13
H1,Teste,80,4T25,Ridge Contábil,0.1,410,Segmento=GÁS & ENERGIA / G&EBC,165.19048356577494,0.003349613446676978,15
H1,Teste,80,4T25,Ridge Contábil,0.1,410,Segmento=INTERNACIONAL,104.04520146740401,0.002109753530436654,18
H1,Teste,80,4T25,Ridge Contábil,0.1,410,Segmento=REFINO / RTC,1666.622516225111,0.03379456897503067,5
H1,Teste,80,4T25,Ridge + Brent e Câmbio,10.0,410,Custo_t,9879.602530546741,0.25313316186361423,1
H1,Teste,80,4T25,Ridge + Brent e Câmbio,10.0,410,Custo_t_1,4373.09973057272,0.11204666974426669,3
H1,Teste,80,4T25,Ridge + Brent e Câmbio,10.0,410,Custo_t_4,1780.362896617572,0.04561609517104012,5
H1,Teste,80,4T25,Ridge + Brent e Câmbio,10.0,410,Receita_t,7220.965899230254,0.1850141161175171,2
H1,Teste,80,4T25,Ridge + Brent e Câmbio,10.0,410,Receita_t_1,1264.0218705433897,0.03238651066843084,9
H1,Teste,80,4T25,Ridge + Brent e Câmbio,10.0,410,Receita_t_4,537.0405892423332,0.01375994449004288,16
H1,Teste,80,4T25,Ridge + Brent e Câmbio,10.0,410,Despesas_t,-924.6406067968328,0.02369095311904419,10
H1,Teste,80,4T25,Ridge + Brent e Câmbio,10.0,410,Despesas_t_1,-480.8687507594599,0.012320721096298202,17
H1,Teste,80,4T25,Ridge + Brent e Câmbio,10.0,410,Despesas_t_4,-143.53437738678764,0.003677608554767649,23
H1,Teste,80,4T25,Ridge + Brent e Câmbio,10.0,410,EBIT_t,-391.7604488500074,0.010037606351459477,20
H1,Teste,80,4T25,Ridge + Brent e Câmbio,10.0,410,EBIT_t_1,-1530.5223647398063,0.03921473199875003,7
H1,Teste,80,4T25,Ridge + Brent e Câmbio,10.0,410,EBIT_t_4,-427.5326396971273,0.01095415413239728,19
H1,Teste,80,4T25,Ridge + Brent e Câmbio,10.0,410,Trimestre_Sin,-282.9492195241876,0.007249667217233263,21
H1,Teste,80,4T25,Ridge + Brent e Câmbio,10.0,410,Trimestre_Cos,-577.7377668297843,0.014802679277174683,14
H1,Teste,80,4T25,Ridge + Brent e Câmbio,10.0,410,Brent_t,879.6932832804433,0.022539321959406756,11
H1,Teste,80,4T25,Ridge + Brent e Câmbio,10.0,410,Brent_t_1,-1305.189111376081,0.03344128932019946,8
H1,Teste,80,4T25,Ridge + Brent e Câmbio,10.0,410,Brent_t_4,575.7877988250016,0.014752717594499965,15
H1,Teste,80,4T25,Ridge + Brent e Câmbio,10.0,410,USD_BRL_t,633.8676537735024,0.016240827797135867,13
H1,Teste,80,4T25,Ridge + Brent e Câmbio,10.0,410,USD_BRL_t_1,19.292135370188536,0.0004942991593292811,29
H1,Teste,80,4T25,Ridge + Brent e Câmbio,10.0,410,USD_BRL_t_4,-84.32558591289762,0.0021605729706367397,25
H1,Teste,80,4T25,Ridge + Brent e Câmbio,10.0,410,Brent_BRL_t,-58.141559070798614,0.0014896911730776763,27
H1,Teste,80,4T25,Ridge + Brent e Câmbio,10.0,410,Brent_Var_AA,1725.7869764697343,0.04421776207151271,6
H1,Teste,80,4T25,Ridge + Brent e Câmbio,10.0,410,USD_BRL_Var_AA,750.7067776235986,0.0192344560082004,12
H1,Teste,80,4T25,Ridge + Brent e Câmbio,10.0,410,Segmento=CORPORATIVO / OUTROS NEGÓCIOS,-72.92697208425211,0.0018685200109770682,26
H1,Teste,80,4T25,Ridge + Brent e Câmbio,10.0,410,Segmento=DISTRIBUIÇÃO,431.5653796503313,0.011057480173315624,18
H1,Teste,80,4T25,Ridge + Brent e Câmbio,10.0,410,Segmento=E&P,161.48218801365766,0.004137463699593761,22
H1,Teste,80,4T25,Ridge + Brent e Câmbio,10.0,410,Segmento=GÁS & ENERGIA / G&EBC,35.89847596831607,0.0009197834325670928,28
H1,Teste,80,4T25,Ridge + Brent e Câmbio,10.0,410,Segmento=INTERNACIONAL,141.45574732492386,0.003624350319096986,24
H1,Teste,80,4T25,Ridge + Brent e Câmbio,10.0,410,Segmento=REFINO / RTC,2338.510704285526,0.05991684450841401,4
H1,Teste,81,1T26,Ridge Contábil,0.1,414,Custo_t,18002.27838440968,0.36253605425188284,1
H1,Teste,81,1T26,Ridge Contábil,0.1,414,Custo_t_1,6203.276568309909,0.12492371034856538,4
H1,Teste,81,1T26,Ridge Contábil,0.1,414,Custo_t_4,855.8634947543044,0.017235672493275192,7
H1,Teste,81,1T26,Ridge Contábil,0.1,414,Receita_t,9159.492765147976,0.1844570056699689,3
H1,Teste,81,1T26,Ridge Contábil,0.1,414,Receita_t_1,-9312.032865550058,0.18752891051079443,2
H1,Teste,81,1T26,Ridge Contábil,0.1,414,Receita_t_4,-154.26687798524387,0.003106679279827218,17
H1,Teste,81,1T26,Ridge Contábil,0.1,414,Despesas_t,-355.7036957306001,0.00716328297892904,11
H1,Teste,81,1T26,Ridge Contábil,0.1,414,Despesas_t_1,188.13972085104805,0.0037888222028861964,14
H1,Teste,81,1T26,Ridge Contábil,0.1,414,Despesas_t_4,-27.051754652990716,0.0005447775099944306,20
H1,Teste,81,1T26,Ridge Contábil,0.1,414,EBIT_t,856.2982837119087,0.017244428422372404,6
H1,Teste,81,1T26,Ridge Contábil,0.1,414,EBIT_t_1,-474.62761761866886,0.009558213691410262,10
H1,Teste,81,1T26,Ridge Contábil,0.1,414,EBIT_t_4,480.72315080616914,0.009680967628615873,9
H1,Teste,81,1T26,Ridge Contábil,0.1,414,Trimestre_Sin,47.1476205340434,0.0009494749470478003,19
H1,Teste,81,1T26,Ridge Contábil,0.1,414,Trimestre_Cos,-781.3384171831178,0.015734860929952653,8
H1,Teste,81,1T26,Ridge Contábil,0.1,414,Segmento=CORPORATIVO / OUTROS NEGÓCIOS,154.37804314824874,0.0031089179619931905,16
H1,Teste,81,1T26,Ridge Contábil,0.1,414,Segmento=DISTRIBUIÇÃO,350.50803776512316,0.00705865103747003,12
H1,Teste,81,1T26,Ridge Contábil,0.1,414,Segmento=E&P,232.86810617248918,0.004689577761779018,13
H1,Teste,81,1T26,Ridge Contábil,0.1,414,Segmento=GÁS & ENERGIA / G&EBC,171.06766332440029,0.0034450192551975286,15
H1,Teste,81,1T26,Ridge Contábil,0.1,414,Segmento=INTERNACIONAL,108.74966197390994,0.0021900379780478633,18
H1,Teste,81,1T26,Ridge Contábil,0.1,414,Segmento=REFINO / RTC,1740.7060449195176,0.03505493513998985,5
H1,Teste,81,1T26,Ridge + Brent e Câmbio,10.0,414,Custo_t,9916.003041034024,0.25229641295293753,1
H1,Teste,81,1T26,Ridge + Brent e Câmbio,10.0,414,Custo_t_1,4440.431164023876,0.1129794787286428,3
H1,Teste,81,1T26,Ridge + Brent e Câmbio,10.0,414,Custo_t_4,1797.0838170952607,0.04572384648861781,5
H1,Teste,81,1T26,Ridge + Brent e Câmbio,10.0,414,Receita_t,7262.602909792549,0.18478500412512525,2
H1,Teste,81,1T26,Ridge + Brent e Câmbio,10.0,414,Receita_t_1,1336.7003159594499,0.034010144360994476,8
H1,Teste,81,1T26,Ridge + Brent e Câmbio,10.0,414,Receita_t_4,561.5944847124127,0.014288849392317253,16
H1,Teste,81,1T26,Ridge + Brent e Câmbio,10.0,414,Despesas_t,-919.4637169470519,0.023394244300466254,10
H1,Teste,81,1T26,Ridge + Brent e Câmbio,10.0,414,Despesas_t_1,-482.3870375310019,0.012273545976179398,17
H1,Teste,81,1T26,Ridge + Brent e Câmbio,10.0,414,Despesas_t_4,-141.34573153543002,0.0035963100157419096,23
H1,Teste,81,1T26,Ridge + Brent e Câmbio,10.0,414,EBIT_t,-397.75766788048657,0.010120290646896372,20
H1,Teste,81,1T26,Ridge + Brent e Câmbio,10.0,414,EBIT_t_1,-1533.6465802548814,0.03902111862356763,7
H1,Teste,81,1T26,Ridge + Brent e Câmbio,10.0,414,EBIT_t_4,-434.8371313584946,0.011063716701830836,19
H1,Teste,81,1T26,Ridge + Brent e Câmbio,10.0,414,Trimestre_Sin,-279.36922492690377,0.007108091137812949,21
H1,Teste,81,1T26,Ridge + Brent e Câmbio,10.0,414,Trimestre_Cos,-574.5391524091087,0.01461820520364863,14
H1,Teste,81,1T26,Ridge + Brent e Câmbio,10.0,414,Brent_t,867.932614917554,0.02208312003560334,11
H1,Teste,81,1T26,Ridge + Brent e Câmbio,10.0,414,Brent_t_1,-1306.754751583635,0.03324822865316292,9
H1,Teste,81,1T26,Ridge + Brent e Câmbio,10.0,414,Brent_t_4,568.1569528048742,0.014455820615802625,15
H1,Teste,81,1T26,Ridge + Brent e Câmbio,10.0,414,USD_BRL_t,635.0786379909691,0.016158532994101457,13
H1,Teste,81,1T26,Ridge + Brent e Câmbio,10.0,414,USD_BRL_t_1,1.637363473713971,4.166002464992375e-05,29
H1,Teste,81,1T26,Ridge + Brent e Câmbio,10.0,414,USD_BRL_t_4,-101.62043529305673,0.002585565091202389,25
H1,Teste,81,1T26,Ridge + Brent e Câmbio,10.0,414,Brent_BRL_t,-25.12172561207651,0.0006391810523742955,28
H1,Teste,81,1T26,Ridge + Brent e Câmbio,10.0,414,Brent_Var_AA,1734.142257037431,0.044122401857899306,6
H1,Teste,81,1T26,Ridge + Brent e Câmbio,10.0,414,USD_BRL_Var_AA,762.0988307985668,0.019390353202842096,12
H1,Teste,81,1T26,Ridge + Brent e Câmbio,10.0,414,Segmento=CORPORATIVO / OUTROS NEGÓCIOS,-74.23512678650268,0.0018887908894174863,26
H1,Teste,81,1T26,Ridge + Brent e Câmbio,10.0,414,Segmento=DISTRIBUIÇÃO,436.7417656931292,0.011112176994614812,18
H1,Teste,81,1T26,Ridge + Brent e Câmbio,10.0,414,Segmento=E&P,165.00479114941,0.0041982759338387255,22
H1,Teste,81,1T26,Ridge + Brent e Câmbio,10.0,414,Segmento=GÁS & ENERGIA / G&EBC,34.04470071774659,0.0008662115002990236,27
H1,Teste,81,1T26,Ridge + Brent e Câmbio,10.0,414,Segmento=INTERNACIONAL,141.26554582786443,0.0035942698220968318,24
H1,Teste,81,1T26,Ridge + Brent e Câmbio,10.0,414,Segmento=REFINO / RTC,2371.3911205870218,0.06033615267731538,4
H1,Teste,82,2T26,Ridge Contábil,0.1,418,Custo_t,18784.68133514907,0.4012695528166001,1
H1,Teste,82,2T26,Ridge Contábil,0.1,418,Custo_t_1,4828.433983550147,0.10314274225979393,4
H1,Teste,82,2T26,Ridge Contábil,0.1,418,Custo_t_4,360.8358746943314,0.007708006726089722,11
H1,Teste,82,2T26,Ridge Contábil,0.1,418,Receita_t,8638.129378001675,0.1845236685594891,2
H1,Teste,82,2T26,Ridge Contábil,0.1,418,Receita_t_1,-7912.323975849939,0.16901935395563486,3
H1,Teste,82,2T26,Ridge Contábil,0.1,418,Receita_t_4,267.0339773262412,0.005704254586849961,13
H1,Teste,82,2T26,Ridge Contábil,0.1,418,Despesas_t,-391.13630402807763,0.008355270286858923,9
H1,Teste,82,2T26,Ridge Contábil,0.1,418,Despesas_t_1,106.12603969912875,0.002267014687791519,18
H1,Teste,82,2T26,Ridge Contábil,0.1,418,Despesas_t_4,56.1793628494246,0.001200077201518906,19
H1,Teste,82,2T26,Ridge Contábil,0.1,418,EBIT_t,744.8691804771968,0.01591154609568362,7
H1,Teste,82,2T26,Ridge Contábil,0.1,418,EBIT_t_1,-617.104930705512,0.013182306112469098,8
H1,Teste,82,2T26,Ridge Contábil,0.1,418,EBIT_t_4,357.90890359339784,0.007645482142157546,12
H1,Teste,82,2T26,Ridge Contábil,0.1,418,Trimestre_Sin,51.04165143149931,0.001090327819754626,20
H1,Teste,82,2T26,Ridge Contábil,0.1,418,Trimestre_Cos,-799.7053492631189,0.017082930615565227,6
H1,Teste,82,2T26,Ridge Contábil,0.1,418,Segmento=CORPORATIVO / OUTROS NEGÓCIOS,132.66534167601813,0.0028339348099021026,16
H1,Teste,82,2T26,Ridge Contábil,0.1,418,Segmento=DISTRIBUIÇÃO,386.11941836522345,0.008248101928208164,10
H1,Teste,82,2T26,Ridge Contábil,0.1,418,Segmento=E&P,224.97325741019412,0.00480577321414359,14
H1,Teste,82,2T26,Ridge Contábil,0.1,418,Segmento=GÁS & ENERGIA / G&EBC,173.66867314851044,0.0037098287465839536,15
H1,Teste,82,2T26,Ridge Contábil,0.1,418,Segmento=INTERNACIONAL,114.02841866494343,0.0024358216011069107,17
H1,Teste,82,2T26,Ridge Contábil,0.1,418,Segmento=REFINO / RTC,1866.1586484052928,0.0398640058337982,5
H1,Teste,82,2T26,Ridge + Brent e Câmbio,10.0,418,Custo_t,9957.356596855794,0.2515938095221207,1
H1,Teste,82,2T26,Ridge + Brent e Câmbio,10.0,418,Custo_t_1,4331.94783597675,0.10945588300499846,3
H1,Teste,82,2T26,Ridge + Brent e Câmbio,10.0,418,Custo_t_4,1680.1268012827168,0.04245197993093986,6
H1,Teste,82,2T26,Ridge + Brent e Câmbio,10.0,418,Receita_t,7249.93468915442,0.1831850320402208,2
H1,Teste,82,2T26,Ridge + Brent e Câmbio,10.0,418,Receita_t_1,1491.5773429031624,0.037687876521002334,8
H1,Teste,82,2T26,Ridge + Brent e Câmbio,10.0,418,Receita_t_4,664.6730124162613,0.016794378473214064,13
H1,Teste,82,2T26,Ridge + Brent e Câmbio,10.0,418,Despesas_t,-925.2206240899512,0.023377668480480958,10
H1,Teste,82,2T26,Ridge + Brent e Câmbio,10.0,418,Despesas_t_1,-483.1847178780306,0.01220869039803109,17
H1,Teste,82,2T26,Ridge + Brent e Câmbio,10.0,418,Despesas_t_4,-74.79147958366062,0.0018897659318730135,26
H1,Teste,82,2T26,Ridge + Brent e Câmbio,10.0,418,EBIT_t,-459.9961101831483,0.01162278086564459,19
H1,Teste,82,2T26,Ridge + Brent e Câmbio,10.0,418,EBIT_t_1,-1508.701767211806,0.038120561551991915,7
H1,Teste,82,2T26,Ridge + Brent e Câmbio,10.0,418,EBIT_t_4,-424.4263382861569,0.010724034865303217,20
H1,Teste,82,2T26,Ridge + Brent e Câmbio,10.0,418,Trimestre_Sin,-277.196085129716,0.007003949126862161,21
H1,Teste,82,2T26,Ridge + Brent e Câmbio,10.0,418,Trimestre_Cos,-586.9942522370795,0.014831659251266472,15
H1,Teste,82,2T26,Ridge + Brent e Câmbio,10.0,418,Brent_t,847.3268609844573,0.021409516751947594,11
H1,Teste,82,2T26,Ridge + Brent e Câmbio,10.0,418,Brent_t_1,-1293.7097493913009,0.03268833059248318,9
H1,Teste,82,2T26,Ridge + Brent e Câmbio,10.0,418,Brent_t_4,570.5323761210814,0.014415714910655731,16
H1,Teste,82,2T26,Ridge + Brent e Câmbio,10.0,418,USD_BRL_t,619.6959286657963,0.015657936714610365,14
H1,Teste,82,2T26,Ridge + Brent e Câmbio,10.0,418,USD_BRL_t_1,14.643047658152339,0.00036998776808815233,29
H1,Teste,82,2T26,Ridge + Brent e Câmbio,10.0,418,USD_BRL_t_4,-126.44100551940913,0.003194801145163441,24
H1,Teste,82,2T26,Ridge + Brent e Câmbio,10.0,418,Brent_BRL_t,39.69565377946716,0.0010029951884018029,27
H1,Teste,82,2T26,Ridge + Brent e Câmbio,10.0,418,Brent_Var_AA,1737.0601576064962,0.04389052236607802,5
H1,Teste,82,2T26,Ridge + Brent e Câmbio,10.0,418,USD_BRL_Var_AA,766.9394925048632,0.019378358775780917,12
H1,Teste,82,2T26,Ridge + Brent e Câmbio,10.0,418,Segmento=CORPORATIVO / OUTROS NEGÓCIOS,-93.9458643469494,0.0023737422346972,25
H1,Teste,82,2T26,Ridge + Brent e Câmbio,10.0,418,Segmento=DISTRIBUIÇÃO,474.78590216967933,0.011996476441547341,18
H1,Teste,82,2T26,Ridge + Brent e Câmbio,10.0,418,Segmento=E&P,199.9574296165649,0.005052350086103024,22
H1,Teste,82,2T26,Ridge + Brent e Câmbio,10.0,418,Segmento=GÁS & ENERGIA / G&EBC,33.025931593177724,0.000834470460279417,28
H1,Teste,82,2T26,Ridge + Brent e Câmbio,10.0,418,Segmento=INTERNACIONAL,145.1941399885096,0.003668639005208688,23
H1,Teste,82,2T26,Ridge + Brent e Câmbio,10.0,418,Segmento=REFINO / RTC,2498.031676887466,0.0631180875950054,4
H2,Validação,53,1T19,Ridge Contábil,0.1,289,Custo_t,12135.787981797659,0.4200272147002012,1
H2,Validação,53,1T19,Ridge Contábil,0.1,289,Custo_t_1,582.4079423650962,0.02015750326371888,12
H2,Validação,53,1T19,Ridge Contábil,0.1,289,Custo_t_4,583.5126883196217,0.020195739212379705,11
H2,Validação,53,1T19,Ridge Contábil,0.1,289,Receita_t,659.5067790225755,0.02282594223665073,10
H2,Validação,53,1T19,Ridge Contábil,0.1,289,Receita_t_1,-1525.5506011055877,0.052800260751727536,4
H2,Validação,53,1T19,Ridge Contábil,0.1,289,Receita_t_4,1890.5415579458104,0.06543282612138482,3
H2,Validação,53,1T19,Ridge Contábil,0.1,289,Despesas_t,-877.9937088742429,0.030387911573264027,7
H2,Validação,53,1T19,Ridge Contábil,0.1,289,Despesas_t_1,-70.93539307062586,0.0024551183342859844,20
H2,Validação,53,1T19,Ridge Contábil,0.1,289,Despesas_t_4,-87.12265732810633,0.003015369677658456,19
H2,Validação,53,1T19,Ridge Contábil,0.1,289,EBIT_t,-114.95705959723166,0.003978735754544539,18
H2,Validação,53,1T19,Ridge Contábil,0.1,289,EBIT_t_1,-492.92784636334034,0.017060541158654415,14
H2,Validação,53,1T19,Ridge Contábil,0.1,289,EBIT_t_4,673.6514229350843,0.023315497211936077,9
H2,Validação,53,1T19,Ridge Contábil,0.1,289,Trimestre_Sin,790.5883989392157,0.027362759112040894,8
H2,Validação,53,1T19,Ridge Contábil,0.1,289,Trimestre_Cos,-288.867174257482,0.009997873628286235,17
H2,Validação,53,1T19,Ridge Contábil,0.1,289,Segmento=CORPORATIVO / OUTROS NEGÓCIOS,321.3749939837844,0.011122989607248192,16
H2,Validação,53,1T19,Ridge Contábil,0.1,289,Segmento=DISTRIBUIÇÃO,1484.2971502525602,0.05137245300784159,5
H2,Validação,53,1T19,Ridge Contábil,0.1,289,Segmento=E&P,1374.1512956627982,0.04756023606869413,6
H2,Validação,53,1T19,Ridge Contábil,0.1,289,Segmento=GÁS & ENERGIA / G&EBC,537.606722832853,0.01860690502621466,13
H2,Validação,53,1T19,Ridge Contábil,0.1,289,Segmento=INTERNACIONAL,412.2836606634969,0.014269395437249557,15
H2,Validação,53,1T19,Ridge Contábil,0.1,289,Segmento=REFINO / RTC,3988.7960866929902,0.13805472811601835,2
H2,Validação,53,1T19,Ridge + Brent e Câmbio,10.0,289,Custo_t,4368.090600700257,0.1346120483588744,1
H2,Validação,53,1T19,Ridge + Brent e Câmbio,10.0,289,Custo_t_1,2299.4249521773036,0.0708616947666956,4
H2,Validação,53,1T19,Ridge + Brent e Câmbio,10.0,289,Custo_t_4,1562.258196908302,0.04814432555898791,10
H2,Validação,53,1T19,Ridge + Brent e Câmbio,10.0,289,Receita_t,2977.163669373608,0.09174766195778015,3
H2,Validação,53,1T19,Ridge + Brent e Câmbio,10.0,289,Receita_t_1,1733.7828307572427,0.05343022377334966,6
H2,Validação,53,1T19,Ridge + Brent e Câmbio,10.0,289,Receita_t_4,1847.4100484854005,0.05693188935813746,5
H2,Validação,53,1T19,Ridge + Brent e Câmbio,10.0,289,Despesas_t,-1563.4920783922153,0.04818235025425294,9
H2,Validação,53,1T19,Ridge + Brent e Câmbio,10.0,289,Despesas_t_1,-458.40438376426954,0.01412671089406972,18
H2,Validação,53,1T19,Ridge + Brent e Câmbio,10.0,289,Despesas_t_4,-80.68782996279525,0.002486567945084104,28
H2,Validação,53,1T19,Ridge + Brent e Câmbio,10.0,289,EBIT_t,-1508.1342711801412,0.046476381101443164,11
H2,Validação,53,1T19,Ridge + Brent e Câmbio,10.0,289,EBIT_t_1,-884.5639717464651,0.027259729485044185,14
H2,Validação,53,1T19,Ridge + Brent e Câmbio,10.0,289,EBIT_t_4,711.9498489767496,0.02194025634087986,15
H2,Validação,53,1T19,Ridge + Brent e Câmbio,10.0,289,Trimestre_Sin,597.6009047671917,0.01841634921192617,17
H2,Validação,53,1T19,Ridge + Brent e Câmbio,10.0,289,Trimestre_Cos,-172.79775432575715,0.005325132143063781,26
H2,Validação,53,1T19,Ridge + Brent e Câmbio,10.0,289,Brent_t,180.80440762775746,0.005571874278244957,25
H2,Validação,53,1T19,Ridge + Brent e Câmbio,10.0,289,Brent_t_1,-1563.6539901008086,0.048187339909628576,8
H2,Validação,53,1T19,Ridge + Brent e Câmbio,10.0,289,Brent_t_4,-415.55732073337424,0.0128062870640727,19
H2,Validação,53,1T19,Ridge + Brent e Câmbio,10.0,289,USD_BRL_t,-254.59706354693316,0.007845952697206646,21
H2,Validação,53,1T19,Ridge + Brent e Câmbio,10.0,289,USD_BRL_t_1,-601.6626956406042,0.018541521979493717,16
H2,Validação,53,1T19,Ridge + Brent e Câmbio,10.0,289,USD_BRL_t_4,-78.65859913635956,0.00242403285982381,29
H2,Validação,53,1T19,Ridge + Brent e Câmbio,10.0,289,Brent_BRL_t,1576.2099643307572,0.04857427909307034,7
H2,Validação,53,1T19,Ridge + Brent e Câmbio,10.0,289,Brent_Var_AA,254.43410680147232,0.007840930836786246,22
H2,Validação,53,1T19,Ridge + Brent e Câmbio,10.0,289,USD_BRL_Var_AA,213.07955243624622,0.0065665018514581746,24
H2,Validação,53,1T19,Ridge + Brent e Câmbio,10.0,289,Segmento=CORPORATIVO / OUTROS NEGÓCIOS,90.10075858932073,0.0027766474602089397,27
H2,Validação,53,1T19,Ridge + Brent e Câmbio,10.0,289,Segmento=DISTRIBUIÇÃO,1210.1260927277447,0.03729262211010194,12
H2,Validação,53,1T19,Ridge + Brent e Câmbio,10.0,289,Segmento=E&P,1052.9223011368726,0.03244805125975456,13
H2,Validação,53,1T19,Ridge + Brent e Câmbio,10.0,289,Segmento=GÁS & ENERGIA / G&EBC,313.05051875895794,0.00964732085987318,20
H2,Validação,53,1T19,Ridge + Brent e Câmbio,10.0,289,Segmento=INTERNACIONAL,252.30050165379205,0.007775179233723746,23
H2,Validação,53,1T19,Ridge + Brent e Câmbio,10.0,289,Segmento=REFINO / RTC,3626.5580345411718,0.11176013735696322,2
H2,Validação,54,2T19,Ridge Contábil,0.1,295,Custo_t,11713.886062951526,0.3960590562945124,1
H2,Validação,54,2T19,Ridge Contábil,0.1,295,Custo_t_1,1191.1946778235424,0.04027557015890622,7
H2,Validação,54,2T19,Ridge Contábil,0.1,295,Custo_t_4,943.5471252067831,0.03190234068954552,8
H2,Validação,54,2T19,Ridge Contábil,0.1,295,Receita_t,344.74688444232805,0.011656262061874452,15
H2,Validação,54,2T19,Ridge Contábil,0.1,295,Receita_t_1,-1755.2691453910206,0.059347533135496205,4
H2,Validação,54,2T19,Ridge Contábil,0.1,295,Receita_t_4,1790.5549252073458,0.06054058321124096,3
H2,Validação,54,2T19,Ridge Contábil,0.1,295,Despesas_t,-832.0053096777364,0.02813099222684077,9
H2,Validação,54,2T19,Ridge Contábil,0.1,295,Despesas_t_1,-92.319584888949,0.003121424220119595,18
H2,Validação,54,2T19,Ridge Contábil,0.1,295,Despesas_t_4,-70.39913699104459,0.0023802703569745826,20
H2,Validação,54,2T19,Ridge Contábil,0.1,295,EBIT_t,-75.50222970214188,0.0025528113969402163,19
H2,Validação,54,2T19,Ridge Contábil,0.1,295,EBIT_t_1,-472.3159785166282,0.01596951000878871,13
H2,Validação,54,2T19,Ridge Contábil,0.1,295,EBIT_t_4,674.250636493657,0.022797137462370515,11
H2,Validação,54,2T19,Ridge Contábil,0.1,295,Trimestre_Sin,800.1019954012162,0.02705230694023981,10
H2,Validação,54,2T19,Ridge Contábil,0.1,295,Trimestre_Cos,-292.91324772184885,0.009903711189047123,17
H2,Validação,54,2T19,Ridge Contábil,0.1,295,Segmento=CORPORATIVO / OUTROS NEGÓCIOS,319.4499846669588,0.010800946737961772,16
H2,Validação,54,2T19,Ridge Contábil,0.1,295,Segmento=DISTRIBUIÇÃO,1534.8049590085884,0.05189340244512456,6
H2,Validação,54,2T19,Ridge Contábil,0.1,295,Segmento=E&P,1566.395059176792,0.0529614976266578,5
H2,Validação,54,2T19,Ridge Contábil,0.1,295,Segmento=GÁS & ENERGIA / G&EBC,554.4980136643467,0.018748172794993623,12
H2,Validação,54,2T19,Ridge Contábil,0.1,295,Segmento=INTERNACIONAL,422.8977321225061,0.014298626074507548,14
H2,Validação,54,2T19,Ridge Contábil,0.1,295,Segmento=REFINO / RTC,4129.056925873265,0.1396078449678577,2
H2,Validação,54,2T19,Ridge + Brent e Câmbio,10.0,295,Custo_t,4268.998823108821,0.13227196118126291,1
H2,Validação,54,2T19,Ridge + Brent e Câmbio,10.0,295,Custo_t_1,2369.2203586594487,0.07340864598370773,4
H2,Validação,54,2T19,Ridge + Brent e Câmbio,10.0,295,Custo_t_4,1692.0969539605499,0.05242844795309932,7
H2,Validação,54,2T19,Ridge + Brent e Câmbio,10.0,295,Receita_t,2890.663438986591,0.08956519737601805,3
H2,Validação,54,2T19,Ridge + Brent e Câmbio,10.0,295,Receita_t_1,1744.2537385865758,0.05404448967090172,6
H2,Validação,54,2T19,Ridge + Brent e Câmbio,10.0,295,Receita_t_4,1921.5764520066325,0.05953871069038033,5
H2,Validação,54,2T19,Ridge + Brent e Câmbio,10.0,295,Despesas_t,-1511.1040127011743,0.046820507475170435,8
H2,Validação,54,2T19,Ridge + Brent e Câmbio,10.0,295,Despesas_t_1,-479.2527875882072,0.014849314497987029,19
H2,Validação,54,2T19,Ridge + Brent e Câmbio,10.0,295,Despesas_t_4,-41.84466285626366,0.0012965277926537512,29
H2,Validação,54,2T19,Ridge + Brent e Câmbio,10.0,295,EBIT_t,-1510.1509753509915,0.04679097827532496,9
H2,Validação,54,2T19,Ridge + Brent e Câmbio,10.0,295,EBIT_t_1,-910.3660138141482,0.028207058148654016,14
H2,Validação,54,2T19,Ridge + Brent e Câmbio,10.0,295,EBIT_t_4,713.0568844344333,0.022093571923090548,15
H2,Validação,54,2T19,Ridge + Brent e Câmbio,10.0,295,Trimestre_Sin,698.3362194738249,0.021637462351522665,16
H2,Validação,54,2T19,Ridge + Brent e Câmbio,10.0,295,Trimestre_Cos,-190.88796437313744,0.0059145308911438665,24
H2,Validação,54,2T19,Ridge + Brent e Câmbio,10.0,295,Brent_t,559.723733609988,0.017342650825651125,18
H2,Validação,54,2T19,Ridge + Brent e Câmbio,10.0,295,Brent_t_1,-1505.4030868083119,0.046643868249055864,10
H2,Validação,54,2T19,Ridge + Brent e Câmbio,10.0,295,Brent_t_4,-286.50049006375525,0.00887701854003529,21
H2,Validação,54,2T19,Ridge + Brent e Câmbio,10.0,295,USD_BRL_t,-286.3460394919006,0.008872232996423942,22
H2,Validação,54,2T19,Ridge + Brent e Câmbio,10.0,295,USD_BRL_t_1,-616.4380408300572,0.01909990421312623,17
H2,Validação,54,2T19,Ridge + Brent e Câmbio,10.0,295,USD_BRL_t_4,162.88762898604293,0.005046959962022133,25
H2,Validação,54,2T19,Ridge + Brent e Câmbio,10.0,295,Brent_BRL_t,1271.2001676630753,0.03938725359223624,11
H2,Validação,54,2T19,Ridge + Brent e Câmbio,10.0,295,Brent_Var_AA,89.30886648762232,0.002767173150118305,27
H2,Validação,54,2T19,Ridge + Brent e Câmbio,10.0,295,USD_BRL_Var_AA,135.95282102353306,0.00421240365951011,26
H2,Validação,54,2T19,Ridge + Brent e Câmbio,10.0,295,Segmento=CORPORATIVO / OUTROS NEGÓCIOS,63.07760093954952,0.001954415620289949,28
H2,Validação,54,2T19,Ridge + Brent e Câmbio,10.0,295,Segmento=DISTRIBUIÇÃO,1181.8941985891665,0.03662017021646788,12
H2,Validação,54,2T19,Ridge + Brent e Câmbio,10.0,295,Segmento=E&P,1067.4780169643782,0.03307506435875269,13
H2,Validação,54,2T19,Ridge + Brent e Câmbio,10.0,295,Segmento=GÁS & ENERGIA / G&EBC,297.70446441163267,0.009224165897396023,20
H2,Validação,54,2T19,Ridge + Brent e Câmbio,10.0,295,Segmento=INTERNACIONAL,220.83029504273847,0.006842273194226026,23
H2,Validação,54,2T19,Ridge + Brent e Câmbio,10.0,295,Segmento=REFINO / RTC,3587.850095354929,0.11116704131377089,2
H2,Validação,55,3T19,Ridge Contábil,0.1,301,Custo_t,11220.98267515075,0.367745751261134,1
H2,Validação,55,3T19,Ridge Contábil,0.1,301,Custo_t_1,1257.7012445976732,0.04121869736782397,8
H2,Validação,55,3T19,Ridge Contábil,0.1,301,Custo_t_4,1344.0903853246316,0.04404993241890316,7
H2,Validação,55,3T19,Ridge Contábil,0.1,301,Receita_t,996.3784154735714,0.03265435296947236,9
H2,Validação,55,3T19,Ridge Contábil,0.1,301,Receita_t_1,-2137.4970127363013,0.07005228218629082,3
H2,Validação,55,3T19,Ridge Contábil,0.1,301,Receita_t_4,1505.8389206832478,0.04935092417451545,6
H2,Validação,55,3T19,Ridge Contábil,0.1,301,Despesas_t,-734.4367516179054,0.024069727473657737,11
H2,Validação,55,3T19,Ridge Contábil,0.1,301,Despesas_t_1,-112.05347221584321,0.0036723332986413567,19
H2,Validação,55,3T19,Ridge Contábil,0.1,301,Despesas_t_4,-122.56910248930146,0.004016962505088756,18
H2,Validação,55,3T19,Ridge Contábil,0.1,301,EBIT_t,32.072909981056725,0.0010511268680802924,20
H2,Validação,55,3T19,Ridge Contábil,0.1,301,EBIT_t_1,-547.8912651262461,0.01795606416445676,14
H2,Validação,55,3T19,Ridge Contábil,0.1,301,EBIT_t_4,630.4949046232973,0.020663236819755317,12
H2,Validação,55,3T19,Ridge Contábil,0.1,301,Trimestre_Sin,792.3131708527982,0.02596651386821957,10
H2,Validação,55,3T19,Ridge Contábil,0.1,301,Trimestre_Cos,-308.401497436686,0.010107255634220923,17
H2,Validação,55,3T19,Ridge Contábil,0.1,301,Segmento=CORPORATIVO / OUTROS NEGÓCIOS,311.01247029146504,0.010192825160687573,16
H2,Validação,55,3T19,Ridge Contábil,0.1,301,Segmento=DISTRIBUIÇÃO,1566.74132317693,0.05134688124949117,5
H2,Validação,55,3T19,Ridge Contábil,0.1,301,Segmento=E&P,1659.3762626181278,0.05438281013237533,4
H2,Validação,55,3T19,Ridge Contábil,0.1,301,Segmento=GÁS & ENERGIA / G&EBC,550.605466484713,0.018045016803146224,13
H2,Validação,55,3T19,Ridge Contábil,0.1,301,Segmento=INTERNACIONAL,431.48069159229414,0.014140935395584694,15
H2,Validação,55,3T19,Ridge Contábil,0.1,301,Segmento=REFINO / RTC,4250.943951253782,0.1393163702484545,2
H2,Validação,55,3T19,Ridge + Brent e Câmbio,10.0,301,Custo_t,4230.473987241646,0.13020024058663882,1
H2,Validação,55,3T19,Ridge + Brent e Câmbio,10.0,301,Custo_t_1,2303.047381894611,0.07088031367393421,4
H2,Validação,55,3T19,Ridge + Brent e Câmbio,10.0,301,Custo_t_4,1807.590750440016,0.05563176875670266,6
H2,Validação,55,3T19,Ridge + Brent e Câmbio,10.0,301,Receita_t,2952.602182807031,0.0908714994389473,3
H2,Validação,55,3T19,Ridge + Brent e Câmbio,10.0,301,Receita_t_1,1660.4958608379354,0.051104666102717695,7
H2,Validação,55,3T19,Ridge + Brent e Câmbio,10.0,301,Receita_t_4,1964.5474819577205,0.060462386854563156,5
H2,Validação,55,3T19,Ridge + Brent e Câmbio,10.0,301,Despesas_t,-1383.8055722640074,0.04258903824424195,9
H2,Validação,55,3T19,Ridge + Brent e Câmbio,10.0,301,Despesas_t_1,-463.8023310853873,0.014274328426100309,19
H2,Validação,55,3T19,Ridge + Brent e Câmbio,10.0,301,Despesas_t_4,-102.69149845884475,0.003160510582470652,27
H2,Validação,55,3T19,Ridge + Brent e Câmbio,10.0,301,EBIT_t,-1356.273327038723,0.04174168521405355,10
H2,Validação,55,3T19,Ridge + Brent e Câmbio,10.0,301,EBIT_t_1,-950.0681307848097,0.02924000941145953,14
H2,Validação,55,3T19,Ridge + Brent e Câmbio,10.0,301,EBIT_t_4,618.6347243718095,0.019039566297150656,18
H2,Validação,55,3T19,Ridge + Brent e Câmbio,10.0,301,Trimestre_Sin,689.0775105137932,0.021207566320537996,16
H2,Validação,55,3T19,Ridge + Brent e Câmbio,10.0,301,Trimestre_Cos,-245.29662468124533,0.007549432911041866,24
H2,Validação,55,3T19,Ridge + Brent e Câmbio,10.0,301,Brent_t,644.6588766982094,0.019840505129106425,17
H2,Validação,55,3T19,Ridge + Brent e Câmbio,10.0,301,Brent_t_1,-1534.073017556663,0.04721378185180163,8
H2,Validação,55,3T19,Ridge + Brent e Câmbio,10.0,301,Brent_t_4,-276.85681343339655,0.0085207529524562,21
H2,Validação,55,3T19,Ridge + Brent e Câmbio,10.0,301,USD_BRL_t,-248.9634460012369,0.007662285754361771,23
H2,Validação,55,3T19,Ridge + Brent e Câmbio,10.0,301,USD_BRL_t_1,-867.7424743429898,0.026706293258729606,15
H2,Validação,55,3T19,Ridge + Brent e Câmbio,10.0,301,USD_BRL_t_4,291.48853271200363,0.008971069719800972,20
H2,Validação,55,3T19,Ridge + Brent e Câmbio,10.0,301,Brent_BRL_t,1223.248660590382,0.037647618301512566,11
H2,Validação,55,3T19,Ridge + Brent e Câmbio,10.0,301,Brent_Var_AA,80.44864725611046,0.002475947910140623,28
H2,Validação,55,3T19,Ridge + Brent e Câmbio,10.0,301,USD_BRL_Var_AA,201.09423892128734,0.0061890271319716035,26
H2,Validação,55,3T19,Ridge + Brent e Câmbio,10.0,301,Segmento=CORPORATIVO / OUTROS NEGÓCIOS,36.784045948663604,0.0011320933887572944,29
H2,Validação,55,3T19,Ridge + Brent e Câmbio,10.0,301,Segmento=DISTRIBUIÇÃO,1170.998052920118,0.03603951440819394,12
H2,Validação,55,3T19,Ridge + Brent e Câmbio,10.0,301,Segmento=E&P,1094.5045556689813,0.033685293161249186,13
H2,Validação,55,3T19,Ridge + Brent e Câmbio,10.0,301,Segmento=GÁS & ENERGIA / G&EBC,269.46178538224115,0.008293158022358742,22
H2,Validação,55,3T19,Ridge + Brent e Câmbio,10.0,301,Segmento=INTERNACIONAL,202.9304401659798,0.006245539438759318,25
H2,Validação,55,3T19,Ridge + Brent e Câmbio,10.0,301,Segmento=REFINO / RTC,3620.3987261057214,0.11142410675023977,2
H2,Validação,56,4T19,Ridge Contábil,0.1,307,Custo_t,11046.894054300823,0.3625022374399279,1
H2,Validação,56,4T19,Ridge Contábil,0.1,307,Custo_t_1,1396.4877974343933,0.04582554595338377,6
H2,Validação,56,4T19,Ridge Contábil,0.1,307,Custo_t_4,1393.2354112791988,0.045718819370103324,7
H2,Validação,56,4T19,Ridge Contábil,0.1,307,Receita_t,1172.6868032017824,0.03848154855901964,8
H2,Validação,56,4T19,Ridge Contábil,0.1,307,Receita_t_1,-2055.7479620113227,0.0674590733086235,3
H2,Validação,56,4T19,Ridge Contábil,0.1,307,Receita_t_4,1149.432828349838,0.03771847272324481,9
H2,Validação,56,4T19,Ridge Contábil,0.1,307,Despesas_t,-677.2145437808933,0.022222697723063428,13
H2,Validação,56,4T19,Ridge Contábil,0.1,307,Despesas_t_1,-146.3355348729275,0.004801979501899209,18
H2,Validação,56,4T19,Ridge Contábil,0.1,307,Despesas_t_4,-43.39980875680456,0.0014241584739994474,20
H2,Validação,56,4T19,Ridge Contábil,0.1,307,EBIT_t,109.24021673540307,0.003584701979611101,19
H2,Validação,56,4T19,Ridge Contábil,0.1,307,EBIT_t_1,-694.1416650547035,0.022778158769852796,12
H2,Validação,56,4T19,Ridge Contábil,0.1,307,EBIT_t_4,777.2140104671591,0.025504165820646737,10
H2,Validação,56,4T19,Ridge Contábil,0.1,307,Trimestre_Sin,699.0504714354873,0.022939240544281578,11
H2,Validação,56,4T19,Ridge Contábil,0.1,307,Trimestre_Cos,-307.0900438622675,0.010077115562836204,16
H2,Validação,56,4T19,Ridge Contábil,0.1,307,Segmento=CORPORATIVO / OUTROS NEGÓCIOS,304.0732029754317,0.009978118363614178,17
H2,Validação,56,4T19,Ridge Contábil,0.1,307,Segmento=DISTRIBUIÇÃO,1446.8855563838902,0.04747934115512539,5
H2,Validação,56,4T19,Ridge Contábil,0.1,307,Segmento=E&P,1661.6893799390398,0.054528097689463456,4
H2,Validação,56,4T19,Ridge Contábil,0.1,307,Segmento=GÁS & ENERGIA / G&EBC,558.7466929048986,0.01833519225807453,14
H2,Validação,56,4T19,Ridge Contábil,0.1,307,Segmento=INTERNACIONAL,442.53911563269753,0.014521857345873962,15
H2,Validação,56,4T19,Ridge Contábil,0.1,307,Segmento=REFINO / RTC,4391.897302141287,0.14411947745735526,2
H2,Validação,56,4T19,Ridge + Brent e Câmbio,10.0,307,Custo_t,4338.543099747488,0.1336264333758783,1
H2,Validação,56,4T19,Ridge + Brent e Câmbio,10.0,307,Custo_t_1,2312.16948818044,0.071214450326439,4
H2,Validação,56,4T19,Ridge + Brent e Câmbio,10.0,307,Custo_t_4,1727.407973176128,0.05320388921663944,6
H2,Validação,56,4T19,Ridge + Brent e Câmbio,10.0,307,Receita_t,3073.162539785244,0.09465291456935367,3
H2,Validação,56,4T19,Ridge + Brent e Câmbio,10.0,307,Receita_t_1,1683.766545143921,0.05185974021516627,7
H2,Validação,56,4T19,Ridge + Brent e Câmbio,10.0,307,Receita_t_4,1901.6900956163586,0.05857175070549305,5
H2,Validação,56,4T19,Ridge + Brent e Câmbio,10.0,307,Despesas_t,-1304.9108264081412,0.04019104468885845,10
H2,Validação,56,4T19,Ridge + Brent e Câmbio,10.0,307,Despesas_t_1,-395.3667390801587,0.012177232311419928,20
H2,Validação,56,4T19,Ridge + Brent e Câmbio,10.0,307,Despesas_t_4,-48.11114685242814,0.0014818156260536543,28
H2,Validação,56,4T19,Ridge + Brent e Câmbio,10.0,307,EBIT_t,-1310.3026620661262,0.04035711236451837,9
H2,Validação,56,4T19,Ridge + Brent e Câmbio,10.0,307,EBIT_t_1,-970.8374596633337,0.029901638439424495,13
H2,Validação,56,4T19,Ridge + Brent e Câmbio,10.0,307,EBIT_t_4,678.0228061245343,0.020882993956012407,16
H2,Validação,56,4T19,Ridge + Brent e Câmbio,10.0,307,Trimestre_Sin,578.6060223710143,0.01782097292147272,18
H2,Validação,56,4T19,Ridge + Brent e Câmbio,10.0,307,Trimestre_Cos,-239.58498218006542,0.0073791791214449,23
H2,Validação,56,4T19,Ridge + Brent e Câmbio,10.0,307,Brent_t,665.9201805761707,0.020510235025346085,17
H2,Validação,56,4T19,Ridge + Brent e Câmbio,10.0,307,Brent_t_1,-1641.2577376446982,0.05055047574490815,8
H2,Validação,56,4T19,Ridge + Brent e Câmbio,10.0,307,Brent_t_4,-167.70753615163326,0.0051653652829917115,26
H2,Validação,56,4T19,Ridge + Brent e Câmbio,10.0,307,USD_BRL_t,-345.6651136618129,0.010646430199986717,22
H2,Validação,56,4T19,Ridge + Brent e Câmbio,10.0,307,USD_BRL_t_1,-1130.6404013130527,0.03482354347636383,11
H2,Validação,56,4T19,Ridge + Brent e Câmbio,10.0,307,USD_BRL_t_4,437.59567433229637,0.013477876761242838,19
H2,Validação,56,4T19,Ridge + Brent e Câmbio,10.0,307,Brent_BRL_t,1107.0888260629715,0.03409815872653038,12
H2,Validação,56,4T19,Ridge + Brent e Câmbio,10.0,307,Brent_Var_AA,222.62795436813605,0.0068569053776861765,25
H2,Validação,56,4T19,Ridge + Brent e Câmbio,10.0,307,USD_BRL_Var_AA,347.50432634415364,0.010703077656358691,21
H2,Validação,56,4T19,Ridge + Brent e Câmbio,10.0,307,Segmento=CORPORATIVO / OUTROS NEGÓCIOS,-17.80687345732737,0.0005484488536754979,29
H2,Validação,56,4T19,Ridge + Brent e Câmbio,10.0,307,Segmento=DISTRIBUIÇÃO,962.0611754218647,0.029631330288850014,14
H2,Validação,56,4T19,Ridge + Brent e Câmbio,10.0,307,Segmento=E&P,951.0671545130721,0.029292716203723763,15
H2,Validação,56,4T19,Ridge + Brent e Câmbio,10.0,307,Segmento=GÁS & ENERGIA / G&EBC,229.81888153473525,0.007078384783986021,24
H2,Validação,56,4T19,Ridge + Brent e Câmbio,10.0,307,Segmento=INTERNACIONAL,143.7134517573107,0.004426351322309898,27
H2,Validação,56,4T19,Ridge + Brent e Câmbio,10.0,307,Segmento=REFINO / RTC,3534.7434402381623,0.10886953245786551,2
H2,Validação,57,1T20,Ridge Contábil,0.1,311,Custo_t,12358.026896876874,0.39672594813482764,1
H2,Validação,57,1T20,Ridge Contábil,0.1,311,Custo_t_1,1445.7889008369286,0.04641371776203988,5
H2,Validação,57,1T20,Ridge Contábil,0.1,311,Custo_t_4,1220.5675653261362,0.03918350628764245,8
H2,Validação,57,1T20,Ridge Contábil,0.1,311,Receita_t,-57.113577292789415,0.0018334996591227596,19
H2,Validação,57,1T20,Ridge Contábil,0.1,311,Receita_t_1,-2216.3953872494394,0.07115226150465895,3
H2,Validação,57,1T20,Ridge Contábil,0.1,311,Receita_t_4,1442.6001677070362,0.04631135084013059,6
H2,Validação,57,1T20,Ridge Contábil,0.1,311,Despesas_t,-397.72679881080023,0.01276810146745359,15
H2,Validação,57,1T20,Ridge Contábil,0.1,311,Despesas_t_1,-172.48924914859236,0.0055373694751250065,18
H2,Validação,57,1T20,Ridge Contábil,0.1,311,Despesas_t_4,-37.99213794943106,0.001219649955080315,20
H2,Validação,57,1T20,Ridge Contábil,0.1,311,EBIT_t,627.9275149637178,0.020158164471780166,12
H2,Validação,57,1T20,Ridge Contábil,0.1,311,EBIT_t_1,-765.8613235106985,0.024586211232989114,10
H2,Validação,57,1T20,Ridge Contábil,0.1,311,EBIT_t_4,792.1985939323068,0.02543170854954994,9
H2,Validação,57,1T20,Ridge Contábil,0.1,311,Trimestre_Sin,696.3807746128485,0.022355698476507417,11
H2,Validação,57,1T20,Ridge Contábil,0.1,311,Trimestre_Cos,-346.6325440911601,0.01112783827519477,16
H2,Validação,57,1T20,Ridge Contábil,0.1,311,Segmento=CORPORATIVO / OUTROS NEGÓCIOS,332.7487569857003,0.010682131314926895,17
H2,Validação,57,1T20,Ridge Contábil,0.1,311,Segmento=DISTRIBUIÇÃO,1394.4681184200745,0.04476618242057748,7
H2,Validação,57,1T20,Ridge Contábil,0.1,311,Segmento=E&P,1562.0344180240884,0.05014551195599444,4
H2,Validação,57,1T20,Ridge Contábil,0.1,311,Segmento=GÁS & ENERGIA / G&EBC,539.5360010131279,0.017320558802870124,13
H2,Validação,57,1T20,Ridge Contábil,0.1,311,Segmento=INTERNACIONAL,424.4279025413764,0.013625278813170185,14
H2,Validação,57,1T20,Ridge Contábil,0.1,311,Segmento=REFINO / RTC,4319.1176827478575,0.13865531060035816,2
H2,Validação,57,1T20,Ridge + Brent e Câmbio,10.0,311,Custo_t,4636.348078254927,0.1446158481386014,1
H2,Validação,57,1T20,Ridge + Brent e Câmbio,10.0,311,Custo_t_1,2405.7924764152144,0.07504089717810926,4
H2,Validação,57,1T20,Ridge + Brent e Câmbio,10.0,311,Custo_t_4,1685.4976517613454,0.05257363518246301,6
H2,Validação,57,1T20,Ridge + Brent e Câmbio,10.0,311,Receita_t,2784.4090188203995,0.08685061281530089,3
H2,Validação,57,1T20,Ridge + Brent e Câmbio,10.0,311,Receita_t_1,1598.421807702455,0.04985758651044425,8
H2,Validação,57,1T20,Ridge + Brent e Câmbio,10.0,311,Receita_t_4,1858.091892331744,0.05795715299920999,5
H2,Validação,57,1T20,Ridge + Brent e Câmbio,10.0,311,Despesas_t,-882.280408651396,0.02751987716185832,13
H2,Validação,57,1T20,Ridge + Brent e Câmbio,10.0,311,Despesas_t_1,-587.4023801831452,0.018322113002523347,18
H2,Validação,57,1T20,Ridge + Brent e Câmbio,10.0,311,Despesas_t_4,-74.61722566177545,0.0023274424596025213,28
H2,Validação,57,1T20,Ridge + Brent e Câmbio,10.0,311,EBIT_t,-657.4162124824062,0.020505967529511844,17
H2,Validação,57,1T20,Ridge + Brent e Câmbio,10.0,311,EBIT_t_1,-1344.2353901175998,0.041929065238119415,9
H2,Validação,57,1T20,Ridge + Brent e Câmbio,10.0,311,EBIT_t_4,681.8148978624662,0.02126700542402479,16
H2,Validação,57,1T20,Ridge + Brent e Câmbio,10.0,311,Trimestre_Sin,574.4085917098054,0.017916813894499322,19
H2,Validação,57,1T20,Ridge + Brent e Câmbio,10.0,311,Trimestre_Cos,-285.83034743855296,0.008915551080482236,21
H2,Validação,57,1T20,Ridge + Brent e Câmbio,10.0,311,Brent_t,683.066738840167,0.021306052545092755,15
H2,Validação,57,1T20,Ridge + Brent e Câmbio,10.0,311,Brent_t_1,-1634.6045920739612,0.05098619117117779,7
H2,Validação,57,1T20,Ridge + Brent e Câmbio,10.0,311,Brent_t_4,-172.615698703874,0.005384187133657535,25
H2,Validação,57,1T20,Ridge + Brent e Câmbio,10.0,311,USD_BRL_t,-268.2204201986994,0.008366266488284615,23
H2,Validação,57,1T20,Ridge + Brent e Câmbio,10.0,311,USD_BRL_t_1,-1209.31157846831,0.037720554331168894,11
H2,Validação,57,1T20,Ridge + Brent e Câmbio,10.0,311,USD_BRL_t_4,494.33297307156425,0.015419114561072419,20
H2,Validação,57,1T20,Ridge + Brent e Câmbio,10.0,311,Brent_BRL_t,1214.9911786199875,0.03789771104571224,10
H2,Validação,57,1T20,Ridge + Brent e Câmbio,10.0,311,Brent_Var_AA,98.4256172761846,0.0030700680537166024,27
H2,Validação,57,1T20,Ridge + Brent e Câmbio,10.0,311,USD_BRL_Var_AA,244.50007312604438,0.007626387158226821,24
H2,Validação,57,1T20,Ridge + Brent e Câmbio,10.0,311,Segmento=CORPORATIVO / OUTROS NEGÓCIOS,2.9825283649938292,9.303030355377533e-05,29
H2,Validação,57,1T20,Ridge + Brent e Câmbio,10.0,311,Segmento=DISTRIBUIÇÃO,1003.0109538665098,0.031285675134276957,12
H2,Validação,57,1T20,Ridge + Brent e Câmbio,10.0,311,Segmento=E&P,866.1114243298537,0.02701553811273332,14
H2,Validação,57,1T20,Ridge + Brent e Câmbio,10.0,311,Segmento=GÁS & ENERGIA / G&EBC,269.29111607794056,0.008399663375244242,22
H2,Validação,57,1T20,Ridge + Brent e Câmbio,10.0,311,Segmento=INTERNACIONAL,166.58262413355556,0.005196004930521825,26
H2,Validação,57,1T20,Ridge + Brent e Câmbio,10.0,311,Segmento=REFINO / RTC,3675.1370777148773,0.11463398704080965,2
H2,Validação,58,2T20,Ridge Contábil,0.1,315,Custo_t,12621.912681011287,0.3804205880404026,1
H2,Validação,58,2T20,Ridge Contábil,0.1,315,Custo_t_1,2346.0665291499977,0.07070972768999069,4
H2,Validação,58,2T20,Ridge Contábil,0.1,315,Custo_t_4,1232.0831292054415,0.03713460870571002,8
H2,Validação,58,2T20,Ridge Contábil,0.1,315,Receita_t,-219.37948005677228,0.006612030435985272,18
H2,Validação,58,2T20,Ridge Contábil,0.1,315,Receita_t_1,-3362.9350171512397,0.10135783292899743,3
H2,Validação,58,2T20,Ridge Contábil,0.1,315,Receita_t_4,1804.592416380508,0.054389863530391665,5
H2,Validação,58,2T20,Ridge Contábil,0.1,315,Despesas_t,-409.07655568293643,0.012329442280215219,14
H2,Validação,58,2T20,Ridge Contábil,0.1,315,Despesas_t_1,43.75062531424265,0.0013186304666976984,20
H2,Validação,58,2T20,Ridge Contábil,0.1,315,Despesas_t_4,-47.83140141344849,0.001441623810302158,19
H2,Validação,58,2T20,Ridge Contábil,0.1,315,EBIT_t,636.8368079564199,0.019194066627716798,11
H2,Validação,58,2T20,Ridge Contábil,0.1,315,EBIT_t_1,-410.6795197241583,0.012377755126182426,13
H2,Validação,58,2T20,Ridge Contábil,0.1,315,EBIT_t_4,816.899111151924,0.02462108937749347,9
H2,Validação,58,2T20,Ridge Contábil,0.1,315,Trimestre_Sin,674.5595320246788,0.020331017994376317,10
H2,Validação,58,2T20,Ridge Contábil,0.1,315,Trimestre_Cos,-338.2067313932923,0.010193447450275835,17
H2,Validação,58,2T20,Ridge Contábil,0.1,315,Segmento=CORPORATIVO / OUTROS NEGÓCIOS,361.4518237161753,0.010894047423830405,16
H2,Validação,58,2T20,Ridge Contábil,0.1,315,Segmento=DISTRIBUIÇÃO,1313.4334169590743,0.039586481499209125,7
H2,Validação,58,2T20,Ridge Contábil,0.1,315,Segmento=E&P,1450.4490270447977,0.04371609008364668,6
H2,Validação,58,2T20,Ridge Contábil,0.1,315,Segmento=GÁS & ENERGIA / G&EBC,517.4864361672435,0.015596882922969334,12
H2,Validação,58,2T20,Ridge Contábil,0.1,315,Segmento=INTERNACIONAL,401.87302781780664,0.012112330153418399,15
H2,Validação,58,2T20,Ridge Contábil,0.1,315,Segmento=REFINO / RTC,4169.333727983171,0.12566244345218852,2
H2,Validação,58,2T20,Ridge + Brent e Câmbio,10.0,315,Custo_t,4768.568177103615,0.15094390662814494,1
H2,Validação,58,2T20,Ridge + Brent e Câmbio,10.0,315,Custo_t_1,2548.6778692008793,0.08067566196516975,4
H2,Validação,58,2T20,Ridge + Brent e Câmbio,10.0,315,Custo_t_4,1766.3394044391957,0.055911577696939746,6
H2,Validação,58,2T20,Ridge + Brent e Câmbio,10.0,315,Receita_t,2715.1100895214427,0.08594389523582013,3
H2,Validação,58,2T20,Ridge + Brent e Câmbio,10.0,315,Receita_t_1,1364.5663176503056,0.04319388193468703,8
H2,Validação,58,2T20,Ridge + Brent e Câmbio,10.0,315,Receita_t_4,1892.5673458652195,0.05990718767814075,5
H2,Validação,58,2T20,Ridge + Brent e Câmbio,10.0,315,Despesas_t,-963.2674686590343,0.030491197660827626,12
H2,Validação,58,2T20,Ridge + Brent e Câmbio,10.0,315,Despesas_t_1,-312.49555800455175,0.00989171142726522,20
H2,Validação,58,2T20,Ridge + Brent e Câmbio,10.0,315,Despesas_t_4,-137.45369801263487,0.004350949255194337,25
H2,Validação,58,2T20,Ridge + Brent e Câmbio,10.0,315,EBIT_t,-838.4099664854573,0.026538967463007747,14
H2,Validação,58,2T20,Ridge + Brent e Câmbio,10.0,315,EBIT_t_1,-937.1505455769272,0.029664494496962103,13
H2,Validação,58,2T20,Ridge + Brent e Câmbio,10.0,315,EBIT_t_4,608.4910436989778,0.019261130778243086,17
H2,Validação,58,2T20,Ridge + Brent e Câmbio,10.0,315,Trimestre_Sin,550.7388816529191,0.017433048085138212,19
H2,Validação,58,2T20,Ridge + Brent e Câmbio,10.0,315,Trimestre_Cos,-292.32548181972777,0.009253249318042767,22
H2,Validação,58,2T20,Ridge + Brent e Câmbio,10.0,315,Brent_t,718.9743833268046,0.022758362291220562,16
H2,Validação,58,2T20,Ridge + Brent e Câmbio,10.0,315,Brent_t_1,-1603.0484637437398,0.05074277826068472,7
H2,Validação,58,2T20,Ridge + Brent e Câmbio,10.0,315,Brent_t_4,-110.93718110366754,0.0035115973777001836,27
H2,Validação,58,2T20,Ridge + Brent e Câmbio,10.0,315,USD_BRL_t,-208.27239289796046,0.006592639018512446,23
H2,Validação,58,2T20,Ridge + Brent e Câmbio,10.0,315,USD_BRL_t_1,-1222.4044774000024,0.038693901491110634,10
H2,Validação,58,2T20,Ridge + Brent e Câmbio,10.0,315,USD_BRL_t_4,590.7725880019871,0.0187002720837689,18
H2,Validação,58,2T20,Ridge + Brent e Câmbio,10.0,315,Brent_BRL_t,1228.1761017120216,0.03887659606291716,9
H2,Validação,58,2T20,Ridge + Brent e Câmbio,10.0,315,Brent_Var_AA,18.968471228601434,0.0006004265942461025,28
H2,Validação,58,2T20,Ridge + Brent e Câmbio,10.0,315,USD_BRL_Var_AA,126.24070933241543,0.003996014135571591,26
H2,Validação,58,2T20,Ridge + Brent e Câmbio,10.0,315,Segmento=CORPORATIVO / OUTROS NEGÓCIOS,17.00226317215383,0.0005381883889271635,29
H2,Validação,58,2T20,Ridge + Brent e Câmbio,10.0,315,Segmento=DISTRIBUIÇÃO,1013.1129103808332,0.03206900160986622,11
H2,Validação,58,2T20,Ridge + Brent e Câmbio,10.0,315,Segmento=E&P,815.8808697182385,0.02582583308963846,15
H2,Validação,58,2T20,Ridge + Brent e Câmbio,10.0,315,Segmento=GÁS & ENERGIA / G&EBC,302.10842025441667,0.009562917732290227,21
H2,Validação,58,2T20,Ridge + Brent e Câmbio,10.0,315,Segmento=INTERNACIONAL,183.16066382603242,0.005797754191971773,24
H2,Validação,58,2T20,Ridge + Brent e Câmbio,10.0,315,Segmento=REFINO / RTC,3736.435605129482,0.11827285804799052,2
H2,Validação,59,3T20,Ridge Contábil,0.1,319,Custo_t,13987.617741892876,0.39314094815604134,1
H2,Validação,59,3T20,Ridge Contábil,0.1,319,Custo_t_1,1781.0478117364976,0.050058761851935925,6
H2,Validação,59,3T20,Ridge Contábil,0.1,319,Custo_t_4,680.697848133227,0.019131935284546854,10
H2,Validação,59,3T20,Ridge Contábil,0.1,319,Receita_t,-2479.8172344926434,0.06969862322604473,3
H2,Validação,59,3T20,Ridge Contábil,0.1,319,Receita_t_1,-1895.3600231663129,0.0532716614333088,5
H2,Validação,59,3T20,Ridge Contábil,0.1,319,Receita_t_4,1500.6075427539338,0.04217660812973816,8
H2,Validação,59,3T20,Ridge Contábil,0.1,319,Despesas_t,-405.2746071582971,0.011390791931966161,16
H2,Validação,59,3T20,Ridge Contábil,0.1,319,Despesas_t_1,99.30382272036712,0.002791068482153232,19
H2,Validação,59,3T20,Ridge Contábil,0.1,319,Despesas_t_4,-3.0687671332606032,8.625185808637249e-05,20
H2,Validação,59,3T20,Ridge Contábil,0.1,319,EBIT_t,575.5788137344053,0.01617742239926638,13
H2,Validação,59,3T20,Ridge Contábil,0.1,319,EBIT_t_1,-332.8827982559308,0.009356122060672134,17
H2,Validação,59,3T20,Ridge Contábil,0.1,319,EBIT_t_4,801.9584171930893,0.022540127871291372,9
H2,Validação,59,3T20,Ridge Contábil,0.1,319,Trimestre_Sin,614.4808180626384,0.017270815938393958,11
H2,Validação,59,3T20,Ridge Contábil,0.1,319,Trimestre_Cos,-511.9645460892607,0.01438945721750699,14
H2,Validação,59,3T20,Ridge Contábil,0.1,319,Segmento=CORPORATIVO / OUTROS NEGÓCIOS,308.3020336210329,0.008665246366663031,18
H2,Validação,59,3T20,Ridge Contábil,0.1,319,Segmento=DISTRIBUIÇÃO,1632.2137232396697,0.04587557814265157,7
H2,Validação,59,3T20,Ridge Contábil,0.1,319,Segmento=E&P,1964.7712879290766,0.05522255907328464,4
H2,Validação,59,3T20,Ridge Contábil,0.1,319,Segmento=GÁS & ENERGIA / G&EBC,603.0808094174079,0.0169504032497951,12
H2,Validação,59,3T20,Ridge Contábil,0.1,319,Segmento=INTERNACIONAL,485.9004350803435,0.013656890063902223,15
H2,Validação,59,3T20,Ridge Contábil,0.1,319,Segmento=REFINO / RTC,4915.213227072441,0.13814872726275096,2
H2,Validação,59,3T20,Ridge + Brent e Câmbio,10.0,319,Custo_t,4864.110648360365,0.15121416541027213,1
H2,Validação,59,3T20,Ridge + Brent e Câmbio,10.0,319,Custo_t_1,2723.260066188418,0.0846599775115345,3
H2,Validação,59,3T20,Ridge + Brent e Câmbio,10.0,319,Custo_t_4,1464.6611573960645,0.04553299267547431,8
H2,Validação,59,3T20,Ridge + Brent e Câmbio,10.0,319,Receita_t,2431.4628634563987,0.07558866444528099,4
H2,Validação,59,3T20,Ridge + Brent e Câmbio,10.0,319,Receita_t_1,1529.3818871244896,0.047545013338270416,6
H2,Validação,59,3T20,Ridge + Brent e Câmbio,10.0,319,Receita_t_4,1664.0868777437147,0.051732685906934306,5
H2,Validação,59,3T20,Ridge + Brent e Câmbio,10.0,319,Despesas_t,-1018.2591008629148,0.03165536543875765,13
H2,Validação,59,3T20,Ridge + Brent e Câmbio,10.0,319,Despesas_t_1,-198.1765908069931,0.006160860627797197,25
H2,Validação,59,3T20,Ridge + Brent e Câmbio,10.0,319,Despesas_t_4,-44.600291110540546,0.0013865218710863326,29
H2,Validação,59,3T20,Ridge + Brent e Câmbio,10.0,319,EBIT_t,-1025.9442933620505,0.03189428063904526,12
H2,Validação,59,3T20,Ridge + Brent e Câmbio,10.0,319,EBIT_t_1,-864.8307447470113,0.026885625912343506,15
H2,Validação,59,3T20,Ridge + Brent e Câmbio,10.0,319,EBIT_t_4,715.0748358546014,0.022230054438849997,16
H2,Validação,59,3T20,Ridge + Brent e Câmbio,10.0,319,Trimestre_Sin,494.6432687935976,0.015377337086615409,20
H2,Validação,59,3T20,Ridge + Brent e Câmbio,10.0,319,Trimestre_Cos,-481.17866607158595,0.0149587531335805,21
H2,Validação,59,3T20,Ridge + Brent e Câmbio,10.0,319,Brent_t,560.7107203725886,0.01743122427659295,18
H2,Validação,59,3T20,Ridge + Brent e Câmbio,10.0,319,Brent_t_1,-1496.8275658805214,0.04653297334303225,7
H2,Validação,59,3T20,Ridge + Brent e Câmbio,10.0,319,Brent_t_4,-93.23959025952847,0.0028986073392559424,27
H2,Validação,59,3T20,Ridge + Brent e Câmbio,10.0,319,USD_BRL_t,-501.4833214899207,0.01558997880770484,19
H2,Validação,59,3T20,Ridge + Brent e Câmbio,10.0,319,USD_BRL_t_1,-1157.4199013129282,0.03598155902667851,9
H2,Validação,59,3T20,Ridge + Brent e Câmbio,10.0,319,USD_BRL_t_4,574.5988248090606,0.017862973937180896,17
H2,Validação,59,3T20,Ridge + Brent e Câmbio,10.0,319,Brent_BRL_t,1124.8087628920528,0.03496775271430488,10
H2,Validação,59,3T20,Ridge + Brent e Câmbio,10.0,319,Brent_Var_AA,226.5783520027,0.00704380695156933,24
H2,Validação,59,3T20,Ridge + Brent e Câmbio,10.0,319,USD_BRL_Var_AA,368.7116856954093,0.011462409854562016,22
H2,Validação,59,3T20,Ridge + Brent e Câmbio,10.0,319,Segmento=CORPORATIVO / OUTROS NEGÓCIOS,-90.16331348731133,0.0028029728732022917,28
H2,Validação,59,3T20,Ridge + Brent e Câmbio,10.0,319,Segmento=DISTRIBUIÇÃO,1115.8496349418438,0.034689233750873946,11
H2,Validação,59,3T20,Ridge + Brent e Câmbio,10.0,319,Segmento=E&P,936.3368272545798,0.02910858779989532,14
H2,Validação,59,3T20,Ridge + Brent e Câmbio,10.0,319,Segmento=GÁS & ENERGIA / G&EBC,266.9973259221489,0.008300341156857047,23
H2,Validação,59,3T20,Ridge + Brent e Câmbio,10.0,319,Segmento=INTERNACIONAL,141.56554963882613,0.004400951784823706,26
H2,Validação,59,3T20,Ridge + Brent e Câmbio,10.0,319,Segmento=REFINO / RTC,3992.0676838694876,0.12410432794762356,2
H2,Validação,60,4T20,Ridge Contábil,0.1,323,Custo_t,12826.198791618284,0.39177035465854854,1
H2,Validação,60,4T20,Ridge Contábil,0.1,323,Custo_t_1,1710.0366443068735,0.05223228436604415,5
H2,Validação,60,4T20,Ridge Contábil,0.1,323,Custo_t_4,751.2282187183243,0.022945921114922514,10
H2,Validação,60,4T20,Ridge Contábil,0.1,323,Receita_t,-1564.2223685662616,0.047778454244643755,7
H2,Validação,60,4T20,Ridge Contábil,0.1,323,Receita_t_1,-1595.6084679389212,0.04873712824325748,6
H2,Validação,60,4T20,Ridge Contábil,0.1,323,Receita_t_4,1221.3250641561308,0.03730481347681125,8
H2,Validação,60,4T20,Ridge Contábil,0.1,323,Despesas_t,-230.35660031195587,0.007036136619146069,17
H2,Validação,60,4T20,Ridge Contábil,0.1,323,Despesas_t_1,76.67782828869498,0.0023420890687223753,19
H2,Validação,60,4T20,Ridge Contábil,0.1,323,Despesas_t_4,-44.527234386402895,0.001360063935616299,20
H2,Validação,60,4T20,Ridge Contábil,0.1,323,EBIT_t,270.4384726848364,0.008260419012551954,16
H2,Validação,60,4T20,Ridge Contábil,0.1,323,EBIT_t_1,-291.2445004249954,0.008895929579573912,15
H2,Validação,60,4T20,Ridge Contábil,0.1,323,EBIT_t_4,786.302774088208,0.02401725730891086,9
H2,Validação,60,4T20,Ridge Contábil,0.1,323,Trimestre_Sin,605.3467606025422,0.01849003893871033,11
H2,Validação,60,4T20,Ridge Contábil,0.1,323,Trimestre_Cos,-557.566367446663,0.017030608761732548,13
H2,Validação,60,4T20,Ridge Contábil,0.1,323,Segmento=CORPORATIVO / OUTROS NEGÓCIOS,194.07077105093208,0.005927802620147038,18
H2,Validação,60,4T20,Ridge Contábil,0.1,323,Segmento=DISTRIBUIÇÃO,1738.1622907267647,0.05309136932581589,4
H2,Validação,60,4T20,Ridge Contábil,0.1,323,Segmento=E&P,2013.0005284719357,0.06148617714257287,3
H2,Validação,60,4T20,Ridge Contábil,0.1,323,Segmento=GÁS & ENERGIA / G&EBC,583.5331988752469,0.017823753708525587,12
H2,Validação,60,4T20,Ridge Contábil,0.1,323,Segmento=INTERNACIONAL,497.89192401952,0.01520788027877929,14
H2,Validação,60,4T20,Ridge Contábil,0.1,323,Segmento=REFINO / RTC,5181.335600304464,0.15826151759496715,2
H2,Validação,60,4T20,Ridge + Brent e Câmbio,10.0,323,Custo_t,4740.906013118317,0.14606221174770762,1
H2,Validação,60,4T20,Ridge + Brent e Câmbio,10.0,323,Custo_t_1,2757.060936785878,0.08494208010786437,3
H2,Validação,60,4T20,Ridge + Brent e Câmbio,10.0,323,Custo_t_4,1476.3573311066928,0.045484980405580674,8
H2,Validação,60,4T20,Ridge + Brent e Câmbio,10.0,323,Receita_t,2412.1555230805257,0.07431591552452009,4
H2,Validação,60,4T20,Ridge + Brent e Câmbio,10.0,323,Receita_t_1,1568.8880699813062,0.04833575288182852,6
H2,Validação,60,4T20,Ridge + Brent e Câmbio,10.0,323,Receita_t_4,1667.2439044873456,0.051365990285078454,5
H2,Validação,60,4T20,Ridge + Brent e Câmbio,10.0,323,Despesas_t,-1053.9286238862853,0.032470406585385074,13
H2,Validação,60,4T20,Ridge + Brent e Câmbio,10.0,323,Despesas_t_1,-180.9480325989002,0.005574814134610449,25
H2,Validação,60,4T20,Ridge + Brent e Câmbio,10.0,323,Despesas_t_4,-45.556421978937756,0.0014035443299536814,29
H2,Validação,60,4T20,Ridge + Brent e Câmbio,10.0,323,EBIT_t,-1092.2493770018818,0.03365102774522544,12
H2,Validação,60,4T20,Ridge + Brent e Câmbio,10.0,323,EBIT_t_1,-830.5075502392438,0.02558704376873437,15
H2,Validação,60,4T20,Ridge + Brent e Câmbio,10.0,323,EBIT_t_4,717.6458413089432,0.02210989598677637,16
H2,Validação,60,4T20,Ridge + Brent e Câmbio,10.0,323,Trimestre_Sin,488.1821017739833,0.015040365137686387,21
H2,Validação,60,4T20,Ridge + Brent e Câmbio,10.0,323,Trimestre_Cos,-493.5986656495335,0.01520724364098226,20
H2,Validação,60,4T20,Ridge + Brent e Câmbio,10.0,323,Brent_t,514.9914464067077,0.0158663321916054,19
H2,Validação,60,4T20,Ridge + Brent e Câmbio,10.0,323,Brent_t_1,-1525.4710934734717,0.04699812256420883,7
H2,Validação,60,4T20,Ridge + Brent e Câmbio,10.0,323,Brent_t_4,-88.88323219752174,0.0027383967212452486,28
H2,Validação,60,4T20,Ridge + Brent e Câmbio,10.0,323,USD_BRL_t,-677.4423316230557,0.020871269123368317,17
H2,Validação,60,4T20,Ridge + Brent e Câmbio,10.0,323,USD_BRL_t_1,-1161.8559746507703,0.035795532102978395,10
H2,Validação,60,4T20,Ridge + Brent e Câmbio,10.0,323,USD_BRL_t_4,563.1905849877429,0.01735129577578109,18
H2,Validação,60,4T20,Ridge + Brent e Câmbio,10.0,323,Brent_BRL_t,1178.651703702331,0.036312990438241315,9
H2,Validação,60,4T20,Ridge + Brent e Câmbio,10.0,323,Brent_Var_AA,272.3071301850423,0.008389489603768193,23
H2,Validação,60,4T20,Ridge + Brent e Câmbio,10.0,323,USD_BRL_Var_AA,390.4668385642191,0.012029863046644117,22
H2,Validação,60,4T20,Ridge + Brent e Câmbio,10.0,323,Segmento=CORPORATIVO / OUTROS NEGÓCIOS,-172.53863319961772,0.005315729589941078,26
H2,Validação,60,4T20,Ridge + Brent e Câmbio,10.0,323,Segmento=DISTRIBUIÇÃO,1130.3660991515005,0.034825362930597355,11
H2,Validação,60,4T20,Ridge + Brent e Câmbio,10.0,323,Segmento=E&P,894.0770995453261,0.027545553164566937,14
H2,Validação,60,4T20,Ridge + Brent e Câmbio,10.0,323,Segmento=GÁS & ENERGIA / G&EBC,216.7881977337037,0.006679011048556279,24
H2,Validação,60,4T20,Ridge + Brent e Câmbio,10.0,323,Segmento=INTERNACIONAL,112.54698699298838,0.0034674515377966226,27
H2,Validação,60,4T20,Ridge + Brent e Câmbio,10.0,323,Segmento=REFINO / RTC,4033.3225849140463,0.1242623278787671,2
H2,Validação,61,1T21,Ridge Contábil,0.1,327,Custo_t,10993.953709369907,0.32278292875162806,1
H2,Validação,61,1T21,Ridge Contábil,0.1,327,Custo_t_1,4041.1555454238796,0.11864849143225674,3
H2,Validação,61,1T21,Ridge Contábil,0.1,327,Custo_t_4,400.9630683567683,0.011772292020397687,14
H2,Validação,61,1T21,Ridge Contábil,0.1,327,Receita_t,-1699.3678002649206,0.049893507840425524,8
H2,Validação,61,1T21,Ridge Contábil,0.1,327,Receita_t_1,-2156.332553011902,0.06331001159577813,4
H2,Validação,61,1T21,Ridge Contábil,0.1,327,Receita_t_4,1927.7756695387618,0.05659957218662104,6
H2,Validação,61,1T21,Ridge Contábil,0.1,327,Despesas_t,-258.0360966120556,0.0075759503077670225,15
H2,Validação,61,1T21,Ridge Contábil,0.1,327,Despesas_t_1,-95.6806554774023,0.002809187942418712,19
H2,Validação,61,1T21,Ridge Contábil,0.1,327,Despesas_t_4,-74.22990601063131,0.0021793930642666744,20
H2,Validação,61,1T21,Ridge Contábil,0.1,327,EBIT_t,196.39720552043661,0.005766229954424213,17
H2,Validação,61,1T21,Ridge Contábil,0.1,327,EBIT_t_1,-110.72344613939381,0.0032508448890308283,18
H2,Validação,61,1T21,Ridge Contábil,0.1,327,EBIT_t_4,669.7678139732734,0.01966441030160197,9
H2,Validação,61,1T21,Ridge Contábil,0.1,327,Trimestre_Sin,562.3958561387889,0.016511965245727928,12
H2,Validação,61,1T21,Ridge Contábil,0.1,327,Trimestre_Cos,-600.9301811679312,0.017643334598299688,10
H2,Validação,61,1T21,Ridge Contábil,0.1,327,Segmento=CORPORATIVO / OUTROS NEGÓCIOS,252.76368642147034,0.007421152129797018,16
H2,Validação,61,1T21,Ridge Contábil,0.1,327,Segmento=DISTRIBUIÇÃO,1702.7601909090072,0.049993108567926735,7
H2,Validação,61,1T21,Ridge Contábil,0.1,327,Segmento=E&P,2043.0764899835417,0.05998480897171977,5
H2,Validação,61,1T21,Ridge Contábil,0.1,327,Segmento=GÁS & ENERGIA / G&EBC,599.0748283267947,0.017588861363305137,11
H2,Validação,61,1T21,Ridge Contábil,0.1,327,Segmento=INTERNACIONAL,496.1351389236641,0.014566547889126452,13
H2,Validação,61,1T21,Ridge Contábil,0.1,327,Segmento=REFINO / RTC,5178.378406113546,0.15203740094748092,2
H2,Validação,61,1T21,Ridge + Brent e Câmbio,10.0,327,Custo_t,4439.723669278314,0.13729411803361338,1
H2,Validação,61,1T21,Ridge + Brent e Câmbio,10.0,327,Custo_t_1,3131.8589049871352,0.09684967763676651,3
H2,Validação,61,1T21,Ridge + Brent e Câmbio,10.0,327,Custo_t_4,1611.9672381305613,0.04984851237243556,7
H2,Validação,61,1T21,Ridge + Brent e Câmbio,10.0,327,Receita_t,2163.732651513504,0.06691131885205082,4
H2,Validação,61,1T21,Ridge + Brent e Câmbio,10.0,327,Receita_t_1,1670.9440983471302,0.051672314169798714,5
H2,Validação,61,1T21,Ridge + Brent e Câmbio,10.0,327,Receita_t_4,1638.8547742314172,0.05067998316432473,6
H2,Validação,61,1T21,Ridge + Brent e Câmbio,10.0,327,Despesas_t,-1056.9192172432404,0.03268419446198899,12
H2,Validação,61,1T21,Ridge + Brent e Câmbio,10.0,327,Despesas_t_1,-518.8172020133749,0.01604391522472208,20
H2,Validação,61,1T21,Ridge + Brent e Câmbio,10.0,327,Despesas_t_4,-7.420272328520278,0.00022946467411090468,28
H2,Validação,61,1T21,Ridge + Brent e Câmbio,10.0,327,EBIT_t,-1080.381844106435,0.033409753280936316,11
H2,Validação,61,1T21,Ridge + Brent e Câmbio,10.0,327,EBIT_t_1,-866.1285258372376,0.02678417868243296,14
H2,Validação,61,1T21,Ridge + Brent e Câmbio,10.0,327,EBIT_t_4,755.7613121192657,0.023371180397857426,17
H2,Validação,61,1T21,Ridge + Brent e Câmbio,10.0,327,Trimestre_Sin,479.6422250867254,0.01483246732688348,21
H2,Validação,61,1T21,Ridge + Brent e Câmbio,10.0,327,Trimestre_Cos,-537.4828026021561,0.01662113069156238,19
H2,Validação,61,1T21,Ridge + Brent e Câmbio,10.0,327,Brent_t,767.9282052756498,0.023747429684873637,16
H2,Validação,61,1T21,Ridge + Brent e Câmbio,10.0,327,Brent_t_1,-1413.6382986756557,0.043715383634846956,8
H2,Validação,61,1T21,Ridge + Brent e Câmbio,10.0,327,Brent_t_4,-4.895598875073897,0.00015139161350302634,29
H2,Validação,61,1T21,Ridge + Brent e Câmbio,10.0,327,USD_BRL_t,-142.2114070736245,0.00439774886072273,26
H2,Validação,61,1T21,Ridge + Brent e Câmbio,10.0,327,USD_BRL_t_1,-1208.585620325649,0.03737432983924651,9
H2,Validação,61,1T21,Ridge + Brent e Câmbio,10.0,327,USD_BRL_t_4,560.9779688541925,0.01734769575932724,18
H2,Validação,61,1T21,Ridge + Brent e Câmbio,10.0,327,Brent_BRL_t,855.145725871429,0.026444546320788614,15
H2,Validação,61,1T21,Ridge + Brent e Câmbio,10.0,327,Brent_Var_AA,310.17814414954705,0.009591956145603413,23
H2,Validação,61,1T21,Ridge + Brent e Câmbio,10.0,327,USD_BRL_Var_AA,336.00702343488035,0.010390689009500985,22
H2,Validação,61,1T21,Ridge + Brent e Câmbio,10.0,327,Segmento=CORPORATIVO / OUTROS NEGÓCIOS,-93.2888046124733,0.0028848651640883704,27
H2,Validação,61,1T21,Ridge + Brent e Câmbio,10.0,327,Segmento=DISTRIBUIÇÃO,1155.5518580069186,0.035734312539535164,10
H2,Validação,61,1T21,Ridge + Brent e Câmbio,10.0,327,Segmento=E&P,969.3683889549382,0.02997677061123643,13
H2,Validação,61,1T21,Ridge + Brent e Câmbio,10.0,327,Segmento=GÁS & ENERGIA / G&EBC,254.2825353506536,0.007863439038762075,24
H2,Validação,61,1T21,Ridge + Brent e Câmbio,10.0,327,Segmento=INTERNACIONAL,152.46096320404348,0.004714706372943447,25
H2,Validação,61,1T21,Ridge + Brent e Câmbio,10.0,327,Segmento=REFINO / RTC,4153.163556369287,0.12843252643553701,2
H2,Validação,62,2T21,Ridge Contábil,0.1,331,Custo_t,10533.595858918792,0.30627295163521157,1
H2,Validação,62,2T21,Ridge Contábil,0.1,331,Custo_t_1,4095.084233321903,0.11906793768553162,3
H2,Validação,62,2T21,Ridge Contábil,0.1,331,Custo_t_4,503.12765003654823,0.0146288496815178,12
H2,Validação,62,2T21,Ridge Contábil,0.1,331,Receita_t,-95.91463072930527,0.0027887966703785197,19
H2,Validação,62,2T21,Ridge Contábil,0.1,331,Receita_t_1,-3882.763955130091,0.11289455120243844,4
H2,Validação,62,2T21,Ridge Contábil,0.1,331,Receita_t_4,2550.9121959461586,0.0741698673538138,5
H2,Validação,62,2T21,Ridge Contábil,0.1,331,Despesas_t,-229.11740087303394,0.006661776621794077,16
H2,Validação,62,2T21,Ridge Contábil,0.1,331,Despesas_t_1,-58.658109305142986,0.0017055327083785657,20
H2,Validação,62,2T21,Ridge Contábil,0.1,331,Despesas_t_4,-115.9590424444638,0.0033716044049846537,18
H2,Validação,62,2T21,Ridge Contábil,0.1,331,EBIT_t,209.40130266399493,0.006088514872047025,17
H2,Validação,62,2T21,Ridge Contábil,0.1,331,EBIT_t_1,-232.58199665760728,0.0067625125899645035,15
H2,Validação,62,2T21,Ridge Contábil,0.1,331,EBIT_t_4,738.0546541082462,0.021459545288178533,8
H2,Validação,62,2T21,Ridge Contábil,0.1,331,Trimestre_Sin,551.3139228654865,0.016029905143041204,11
H2,Validação,62,2T21,Ridge Contábil,0.1,331,Trimestre_Cos,-572.2745259477581,0.01663935189418326,10
H2,Validação,62,2T21,Ridge Contábil,0.1,331,Segmento=CORPORATIVO / OUTROS NEGÓCIOS,254.4746211585469,0.007399058629393851,14
H2,Validação,62,2T21,Ridge Contábil,0.1,331,Segmento=DISTRIBUIÇÃO,1648.9931684277267,0.04794583081455897,7
H2,Validação,62,2T21,Ridge Contábil,0.1,331,Segmento=E&P,1912.8515243183676,0.05561772923885789,6
H2,Validação,62,2T21,Ridge Contábil,0.1,331,Segmento=GÁS & ENERGIA / G&EBC,599.5047226115695,0.017431092228398896,9
H2,Validação,62,2T21,Ridge Contábil,0.1,331,Segmento=INTERNACIONAL,478.94381314701087,0.013925684759944343,13
H2,Validação,62,2T21,Ridge Contábil,0.1,331,Segmento=REFINO / RTC,5129.310180150369,0.14913890657738244,2
H2,Validação,62,2T21,Ridge + Brent e Câmbio,10.0,331,Custo_t,4594.415876335546,0.1432638917718548,1
H2,Validação,62,2T21,Ridge + Brent e Câmbio,10.0,331,Custo_t_1,2683.982573870386,0.08369242126317879,3
H2,Validação,62,2T21,Ridge + Brent e Câmbio,10.0,331,Custo_t_4,1855.8609748727674,0.05786978649826586,6
H2,Validação,62,2T21,Ridge + Brent e Câmbio,10.0,331,Receita_t,2502.609801830368,0.07803682327568726,4
H2,Validação,62,2T21,Ridge + Brent e Câmbio,10.0,331,Receita_t_1,1069.3586034064615,0.033344929877335366,10
H2,Validação,62,2T21,Ridge + Brent e Câmbio,10.0,331,Receita_t_4,1944.5216175282144,0.06063441840266888,5
H2,Validação,62,2T21,Ridge + Brent e Câmbio,10.0,331,Despesas_t,-1002.5242198869367,0.03126088826140383,13
H2,Validação,62,2T21,Ridge + Brent e Câmbio,10.0,331,Despesas_t_1,-630.424969775106,0.01965802336382564,17
H2,Validação,62,2T21,Ridge + Brent e Câmbio,10.0,331,Despesas_t_4,-100.46188056102088,0.003132620200540148,27
H2,Validação,62,2T21,Ridge + Brent e Câmbio,10.0,331,EBIT_t,-957.5308971513006,0.02985789848155928,14
H2,Validação,62,2T21,Ridge + Brent e Câmbio,10.0,331,EBIT_t_1,-1019.8145338032123,0.03180003790050406,12
H2,Validação,62,2T21,Ridge + Brent e Câmbio,10.0,331,EBIT_t_4,760.9965323186055,0.023729529015080207,15
H2,Validação,62,2T21,Ridge + Brent e Câmbio,10.0,331,Trimestre_Sin,422.03380392482603,0.013159933022383344,20
H2,Validação,62,2T21,Ridge + Brent e Câmbio,10.0,331,Trimestre_Cos,-481.1747058964962,0.015004075130414933,19
H2,Validação,62,2T21,Ridge + Brent e Câmbio,10.0,331,Brent_t,1053.316761643853,0.032844710318645214,11
H2,Validação,62,2T21,Ridge + Brent e Câmbio,10.0,331,Brent_t_1,-1336.0931529732838,0.041662293970947686,7
H2,Validação,62,2T21,Ridge + Brent e Câmbio,10.0,331,Brent_t_4,68.91977956041917,0.0021490688056213024,28
H2,Validação,62,2T21,Ridge + Brent e Câmbio,10.0,331,USD_BRL_t,207.3523740429402,0.0064656985508282265,26
H2,Validação,62,2T21,Ridge + Brent e Câmbio,10.0,331,USD_BRL_t_1,-662.3127088202504,0.020652352505630796,16
H2,Validação,62,2T21,Ridge + Brent e Câmbio,10.0,331,USD_BRL_t_4,280.03159598594283,0.008731994956457418,23
H2,Validação,62,2T21,Ridge + Brent e Câmbio,10.0,331,Brent_BRL_t,555.3438509111485,0.01731683058185768,18
H2,Validação,62,2T21,Ridge + Brent e Câmbio,10.0,331,Brent_Var_AA,417.652411462207,0.01302331166452853,21
H2,Validação,62,2T21,Ridge + Brent e Câmbio,10.0,331,USD_BRL_Var_AA,256.8348056185223,0.0080086685197346,24
H2,Validação,62,2T21,Ridge + Brent e Câmbio,10.0,331,Segmento=CORPORATIVO / OUTROS NEGÓCIOS,-45.33611795833711,0.0014136788813553403,29
H2,Validação,62,2T21,Ridge + Brent e Câmbio,10.0,331,Segmento=DISTRIBUIÇÃO,1207.1882943990938,0.03764275977885178,8
H2,Validação,62,2T21,Ridge + Brent e Câmbio,10.0,331,Segmento=E&P,1087.0797985995841,0.03389751533292985,9
H2,Validação,62,2T21,Ridge + Brent e Câmbio,10.0,331,Segmento=GÁS & ENERGIA / G&EBC,298.9905088181178,0.009323175143277402,22
H2,Validação,62,2T21,Ridge + Brent e Câmbio,10.0,331,Segmento=INTERNACIONAL,220.60121947855188,0.006878826402045604,25
H2,Validação,62,2T21,Ridge + Brent e Câmbio,10.0,331,Segmento=REFINO / RTC,4346.836834514972,0.1355438381225861,2
H2,Validação,63,3T21,Ridge Contábil,0.1,335,Custo_t,12735.462813560156,0.3406237353611816,1
H2,Validação,63,3T21,Ridge Contábil,0.1,335,Custo_t_1,2915.627847284177,0.07798162208974252,5
H2,Validação,63,3T21,Ridge Contábil,0.1,335,Custo_t_4,499.429649540108,0.013357786463429014,13
H2,Validação,63,3T21,Ridge Contábil,0.1,335,Receita_t,-2537.9363392973596,0.0678798539680779,6
H2,Validação,63,3T21,Ridge Contábil,0.1,335,Receita_t_1,-3098.3286850726518,0.08286815371659989,4
H2,Validação,63,3T21,Ridge Contábil,0.1,335,Receita_t_4,3935.7516212715063,0.10526593641056409,3
H2,Validação,63,3T21,Ridge Contábil,0.1,335,Despesas_t,-32.35739146817575,0.0008654334522259088,20
H2,Validação,63,3T21,Ridge Contábil,0.1,335,Despesas_t_1,-143.90445762873935,0.003848880453754273,18
H2,Validação,63,3T21,Ridge Contábil,0.1,335,Despesas_t_4,-88.92713815253383,0.0023784525474993914,19
H2,Validação,63,3T21,Ridge Contábil,0.1,335,EBIT_t,762.2830145915666,0.02038808417359563,9
H2,Validação,63,3T21,Ridge Contábil,0.1,335,EBIT_t_1,-206.10932368833284,0.0055126169150864985,17
H2,Validação,63,3T21,Ridge Contábil,0.1,335,EBIT_t_4,757.4278458805763,0.02025822743212053,10
H2,Validação,63,3T21,Ridge Contábil,0.1,335,Trimestre_Sin,608.6542049758042,0.01627911540218243,11
H2,Validação,63,3T21,Ridge Contábil,0.1,335,Trimestre_Cos,-409.1566683174756,0.010943337886538462,14
H2,Validação,63,3T21,Ridge Contábil,0.1,335,Segmento=CORPORATIVO / OUTROS NEGÓCIOS,307.7107688170022,0.008230057518891847,16
H2,Validação,63,3T21,Ridge Contábil,0.1,335,Segmento=DISTRIBUIÇÃO,1386.5445680463808,0.037084635001237716,8
H2,Validação,63,3T21,Ridge Contábil,0.1,335,Segmento=E&P,1429.7907569737301,0.03824130112544676,7
H2,Validação,63,3T21,Ridge Contábil,0.1,335,Segmento=GÁS & ENERGIA / G&EBC,519.9398346715434,0.013906353561044048,12
H2,Validação,63,3T21,Ridge Contábil,0.1,335,Segmento=INTERNACIONAL,408.0160470422173,0.010912830736142855,15
H2,Validação,63,3T21,Ridge Contábil,0.1,335,Segmento=REFINO / RTC,4605.2945186270745,0.12317358578463876,2
H2,Validação,63,3T21,Ridge + Brent e Câmbio,10.0,335,Custo_t,4907.618223324529,0.1578033480711646,1
H2,Validação,63,3T21,Ridge + Brent e Câmbio,10.0,335,Custo_t_1,2633.2725571373853,0.08467228031823165,3
H2,Validação,63,3T21,Ridge + Brent e Câmbio,10.0,335,Custo_t_4,2126.7988405796427,0.06838673312488945,5
H2,Validação,63,3T21,Ridge + Brent e Câmbio,10.0,335,Receita_t,2004.1525097257802,0.06444306824374627,6
H2,Validação,63,3T21,Ridge + Brent e Câmbio,10.0,335,Receita_t_1,958.4884753771062,0.03081997898354682,11
H2,Validação,63,3T21,Ridge + Brent e Câmbio,10.0,335,Receita_t_4,2345.9013057641346,0.07543192307312806,4
H2,Validação,63,3T21,Ridge + Brent e Câmbio,10.0,335,Despesas_t,-757.1801960980387,0.024346957037034822,15
H2,Validação,63,3T21,Ridge + Brent e Câmbio,10.0,335,Despesas_t_1,-770.1383758026806,0.024763624358991883,14
H2,Validação,63,3T21,Ridge + Brent e Câmbio,10.0,335,Despesas_t_4,-133.27044811455372,0.004285280955936801,25
H2,Validação,63,3T21,Ridge + Brent e Câmbio,10.0,335,EBIT_t,-415.4281557494783,0.013357997887596043,19
H2,Validação,63,3T21,Ridge + Brent e Câmbio,10.0,335,EBIT_t_1,-1075.7367205345595,0.03459006964654486,10
H2,Validação,63,3T21,Ridge + Brent e Câmbio,10.0,335,EBIT_t_4,786.1861959804419,0.025279638367836123,13
H2,Validação,63,3T21,Ridge + Brent e Câmbio,10.0,335,Trimestre_Sin,452.4859648721693,0.014549583313689218,18
H2,Validação,63,3T21,Ridge + Brent e Câmbio,10.0,335,Trimestre_Cos,-273.3415952887869,0.008789236843786878,21
H2,Validação,63,3T21,Ridge + Brent e Câmbio,10.0,335,Brent_t,1405.5312214209396,0.04519453683349621,7
H2,Validação,63,3T21,Ridge + Brent e Câmbio,10.0,335,Brent_t_1,-1178.2422240807505,0.03788611080525419,8
H2,Validação,63,3T21,Ridge + Brent e Câmbio,10.0,335,Brent_t_4,261.88851740648374,0.008420965728695346,23
H2,Validação,63,3T21,Ridge + Brent e Câmbio,10.0,335,USD_BRL_t,684.9767626826454,0.022025272053261987,16
H2,Validação,63,3T21,Ridge + Brent e Câmbio,10.0,335,USD_BRL_t_1,174.25265505115934,0.005603054501402344,24
H2,Validação,63,3T21,Ridge + Brent e Câmbio,10.0,335,USD_BRL_t_4,-92.0114007538527,0.0029586056695827625,27
H2,Validação,63,3T21,Ridge + Brent e Câmbio,10.0,335,Brent_BRL_t,113.23622110106881,0.0036410849417236094,26
H2,Validação,63,3T21,Ridge + Brent e Câmbio,10.0,335,Brent_Var_AA,596.1630077031447,0.019169485956469168,17
H2,Validação,63,3T21,Ridge + Brent e Câmbio,10.0,335,USD_BRL_Var_AA,86.80361620508418,0.002791150541569108,28
H2,Validação,63,3T21,Ridge + Brent e Câmbio,10.0,335,Segmento=CORPORATIVO / OUTROS NEGÓCIOS,43.387181129120236,0.0013951049437800722,29
H2,Validação,63,3T21,Ridge + Brent e Câmbio,10.0,335,Segmento=DISTRIBUIÇÃO,1154.6358431328724,0.03712705299352102,9
H2,Validação,63,3T21,Ridge + Brent e Câmbio,10.0,335,Segmento=E&P,822.3246105815749,0.026441660872141576,12
H2,Validação,63,3T21,Ridge + Brent e Câmbio,10.0,335,Segmento=GÁS & ENERGIA / G&EBC,278.91512064832364,0.008968452284408221,20
H2,Validação,63,3T21,Ridge + Brent e Câmbio,10.0,335,Segmento=INTERNACIONAL,262.3619821055239,0.00843618987843604,22
H2,Validação,63,3T21,Ridge + Brent e Câmbio,10.0,335,Segmento=REFINO / RTC,4304.8524525704015,0.1384215517701349,2
H2,Validação,64,4T21,Ridge Contábil,0.1,339,Custo_t,11897.797547232494,0.3183005786006367,1
H2,Validação,64,4T21,Ridge Contábil,0.1,339,Custo_t_1,4189.770402091748,0.11208850527968776,3
H2,Validação,64,4T21,Ridge Contábil,0.1,339,Custo_t_4,1233.6934043488968,0.03300487530243648,6
H2,Validação,64,4T21,Ridge Contábil,0.1,339,Receita_t,213.9598591644491,0.005724046547186056,18
H2,Validação,64,4T21,Ridge Contábil,0.1,339,Receita_t_1,-5713.099266544592,0.1528419688538916,2
H2,Validação,64,4T21,Ridge Contábil,0.1,339,Receita_t_4,3406.1070432237143,0.09112323842541734,5
H2,Validação,64,4T21,Ridge Contábil,0.1,339,Despesas_t,-151.74858180107069,0.00405971451416587,19
H2,Validação,64,4T21,Ridge Contábil,0.1,339,Despesas_t_1,352.95130301913775,0.009442470635665867,15
H2,Validação,64,4T21,Ridge Contábil,0.1,339,Despesas_t_4,8.150318274483528,0.00021804464332567916,20
H2,Validação,64,4T21,Ridge Contábil,0.1,339,EBIT_t,789.0778607479621,0.02111012047733585,10
H2,Validação,64,4T21,Ridge Contábil,0.1,339,EBIT_t_1,533.2349146132462,0.014265579925835723,12
H2,Validação,64,4T21,Ridge Contábil,0.1,339,EBIT_t_4,592.9523503951466,0.015863194466381226,11
H2,Validação,64,4T21,Ridge Contábil,0.1,339,Trimestre_Sin,889.8935792053552,0.02380723323199786,8
H2,Validação,64,4T21,Ridge Contábil,0.1,339,Trimestre_Cos,-451.6672658812389,0.012083408840521653,13
H2,Validação,64,4T21,Ridge Contábil,0.1,339,Segmento=CORPORATIVO / OUTROS NEGÓCIOS,261.44709893430735,0.0069944678865043524,17
H2,Validação,64,4T21,Ridge Contábil,0.1,339,Segmento=DISTRIBUIÇÃO,1093.760027435509,0.02926125177377484,7
H2,Validação,64,4T21,Ridge Contábil,0.1,339,Segmento=E&P,882.4677705061937,0.02360857132031736,9
H2,Validação,64,4T21,Ridge Contábil,0.1,339,Segmento=GÁS & ENERGIA / G&EBC,410.16869482127083,0.010973201751600393,14
H2,Validação,64,4T21,Ridge Contábil,0.1,339,Segmento=INTERNACIONAL,322.46018906128313,0.008626744937154497,16
H2,Validação,64,4T21,Ridge Contábil,0.1,339,Segmento=REFINO / RTC,3984.7188803673494,0.10660278258616296,4
H2,Validação,64,4T21,Ridge + Brent e Câmbio,10.0,339,Custo_t,5097.722416414289,0.16196710172668483,1
H2,Validação,64,4T21,Ridge + Brent e Câmbio,10.0,339,Custo_t_1,2592.403269625205,0.08236698858611453,3
H2,Validação,64,4T21,Ridge + Brent e Câmbio,10.0,339,Custo_t_4,2282.5106460945944,0.07252094245419574,6
H2,Validação,64,4T21,Ridge + Brent e Câmbio,10.0,339,Receita_t,2412.489608910415,0.07665069181538733,4
H2,Validação,64,4T21,Ridge + Brent e Câmbio,10.0,339,Receita_t_1,591.8632078040611,0.018804940825732808,15
H2,Validação,64,4T21,Ridge + Brent e Câmbio,10.0,339,Receita_t_4,2307.0336926529594,0.07330009958597239,5
H2,Validação,64,4T21,Ridge + Brent e Câmbio,10.0,339,Despesas_t,-885.0810537691249,0.028121188515599815,11
H2,Validação,64,4T21,Ridge + Brent e Câmbio,10.0,339,Despesas_t_1,-470.79275507731177,0.014958236605481763,18
H2,Validação,64,4T21,Ridge + Brent e Câmbio,10.0,339,Despesas_t_4,26.05274858817082,0.0008277595043725653,28
H2,Validação,64,4T21,Ridge + Brent e Câmbio,10.0,339,EBIT_t,-379.6772180071498,0.012063273275582575,20
H2,Validação,64,4T21,Ridge + Brent e Câmbio,10.0,339,EBIT_t_1,-525.3821938004031,0.01669267650876013,16
H2,Validação,64,4T21,Ridge + Brent e Câmbio,10.0,339,EBIT_t_4,374.72814619886265,0.011906029167028436,21
H2,Validação,64,4T21,Ridge + Brent e Câmbio,10.0,339,Trimestre_Sin,673.9722082779758,0.021413744472948533,14
H2,Validação,64,4T21,Ridge + Brent e Câmbio,10.0,339,Trimestre_Cos,-320.8309413480717,0.010193583225926691,24
H2,Validação,64,4T21,Ridge + Brent e Câmbio,10.0,339,Brent_t,1337.2646570292459,0.04248816688079035,7
H2,Validação,64,4T21,Ridge + Brent e Câmbio,10.0,339,Brent_t_1,-1280.4912429253573,0.04068433674128979,8
H2,Validação,64,4T21,Ridge + Brent e Câmbio,10.0,339,Brent_t_4,344.60936697081394,0.010949081930473281,22
H2,Validação,64,4T21,Ridge + Brent e Câmbio,10.0,339,USD_BRL_t,1013.3360558317489,0.032196163429719385,10
H2,Validação,64,4T21,Ridge + Brent e Câmbio,10.0,339,USD_BRL_t_1,382.1974206491951,0.012143346273747732,19
H2,Validação,64,4T21,Ridge + Brent e Câmbio,10.0,339,USD_BRL_t_4,-475.32286485730987,0.015102169266312304,17
H2,Validação,64,4T21,Ridge + Brent e Câmbio,10.0,339,Brent_BRL_t,331.99404324752305,0.010548262259667717,23
H2,Validação,64,4T21,Ridge + Brent e Câmbio,10.0,339,Brent_Var_AA,715.4502687166819,0.022731603839490296,12
H2,Validação,64,4T21,Ridge + Brent e Câmbio,10.0,339,USD_BRL_Var_AA,-60.788928475992066,0.0019314128463771205,27
H2,Validação,64,4T21,Ridge + Brent e Câmbio,10.0,339,Segmento=CORPORATIVO / OUTROS NEGÓCIOS,-13.721463289929385,0.0004359644286167717,29
H2,Validação,64,4T21,Ridge + Brent e Câmbio,10.0,339,Segmento=DISTRIBUIÇÃO,1105.4937837960224,0.03512423971179142,9
H2,Validação,64,4T21,Ridge + Brent e Câmbio,10.0,339,Segmento=E&P,675.4329531468645,0.021460155907987485,13
H2,Validação,64,4T21,Ridge + Brent e Câmbio,10.0,339,Segmento=GÁS & ENERGIA / G&EBC,255.51388763349468,0.008118300772450618,26
H2,Validação,64,4T21,Ridge + Brent e Câmbio,10.0,339,Segmento=INTERNACIONAL,295.4747415131416,0.009387954778045252,25
H2,Validação,64,4T21,Ridge + Brent e Câmbio,10.0,339,Segmento=REFINO / RTC,4246.182107607267,0.13491158466345235,2
H2,Validação,65,1T22,Ridge Contábil,0.1,343,Custo_t,12699.682877135212,0.39722521351938406,1
H2,Validação,65,1T22,Ridge Contábil,0.1,343,Custo_t_1,1673.8864038967658,0.0523564163473881,5
H2,Validação,65,1T22,Ridge Contábil,0.1,343,Custo_t_4,143.19613823271828,0.004478939918023683,16
H2,Validação,65,1T22,Ridge Contábil,0.1,343,Receita_t,4114.260375366343,0.12868730439101317,2
H2,Validação,65,1T22,Ridge Contábil,0.1,343,Receita_t_1,-3619.300171407722,0.1132057624814082,3
H2,Validação,65,1T22,Ridge Contábil,0.1,343,Receita_t_4,1341.1503074335235,0.0419489779694439,6
H2,Validação,65,1T22,Ridge Contábil,0.1,343,Despesas_t,-136.84679590307968,0.004280342922571203,17
H2,Validação,65,1T22,Ridge Contábil,0.1,343,Despesas_t_1,242.12482113624392,0.007573266569305309,13
H2,Validação,65,1T22,Ridge Contábil,0.1,343,Despesas_t_4,-43.710706126198374,0.0013671990664682592,19
H2,Validação,65,1T22,Ridge Contábil,0.1,343,EBIT_t,891.4881192782883,0.027884283564897548,7
H2,Validação,65,1T22,Ridge Contábil,0.1,343,EBIT_t_1,-71.4784422161795,0.0022357282261334503,18
H2,Validação,65,1T22,Ridge Contábil,0.1,343,EBIT_t_4,463.5688090708654,0.014499670656787264,11
H2,Validação,65,1T22,Ridge Contábil,0.1,343,Trimestre_Sin,873.3038207065085,0.027315508584234025,8
H2,Validação,65,1T22,Ridge Contábil,0.1,343,Trimestre_Cos,-642.8540666153411,0.020107418928769875,10
H2,Validação,65,1T22,Ridge Contábil,0.1,343,Segmento=CORPORATIVO / OUTROS NEGÓCIOS,184.24954782662874,0.005763023115171865,15
H2,Validação,65,1T22,Ridge Contábil,0.1,343,Segmento=DISTRIBUIÇÃO,820.1070290316427,0.02565160034841188,9
H2,Validação,65,1T22,Ridge Contábil,0.1,343,Segmento=E&P,12.294951369831958,0.00038456587698618524,20
H2,Validação,65,1T22,Ridge Contábil,0.1,343,Segmento=GÁS & ENERGIA / G&EBC,341.06630406019275,0.01066799358419403,12
H2,Validação,65,1T22,Ridge Contábil,0.1,343,Segmento=INTERNACIONAL,219.6015819097327,0.006868776654284903,14
H2,Validação,65,1T22,Ridge Contábil,0.1,343,Segmento=REFINO / RTC,3436.8175932805343,0.10749800727512299,4
H2,Validação,65,1T22,Ridge + Brent e Câmbio,10.0,343,Custo_t,6244.391767449935,0.19437673425891466,1
H2,Validação,65,1T22,Ridge + Brent e Câmbio,10.0,343,Custo_t_1,2375.707779781242,0.073951529145641,4
H2,Validação,65,1T22,Ridge + Brent e Câmbio,10.0,343,Custo_t_4,1185.4735965224982,0.03690167030252093,9
H2,Validação,65,1T22,Ridge + Brent e Câmbio,10.0,343,Receita_t,3749.5366122745045,0.11671636066738758,3
H2,Validação,65,1T22,Ridge + Brent e Câmbio,10.0,343,Receita_t_1,864.4526006127088,0.026908861533097485,13
H2,Validação,65,1T22,Ridge + Brent e Câmbio,10.0,343,Receita_t_4,1392.392480389338,0.04334268463992868,6
H2,Validação,65,1T22,Ridge + Brent e Câmbio,10.0,343,Despesas_t,-822.4639483692971,0.025601829975348087,14
H2,Validação,65,1T22,Ridge + Brent e Câmbio,10.0,343,Despesas_t_1,-429.8287815197136,0.01337980029981524,19
H2,Validação,65,1T22,Ridge + Brent e Câmbio,10.0,343,Despesas_t_4,-50.30901639747668,0.0015660295950830744,26
H2,Validação,65,1T22,Ridge + Brent e Câmbio,10.0,343,EBIT_t,-245.64318325823675,0.007646432436156877,24
H2,Validação,65,1T22,Ridge + Brent e Câmbio,10.0,343,EBIT_t_1,-610.0249815946701,0.018988985341505827,17
H2,Validação,65,1T22,Ridge + Brent e Câmbio,10.0,343,EBIT_t_4,255.98775544346083,0.007968440444871328,23
H2,Validação,65,1T22,Ridge + Brent e Câmbio,10.0,343,Trimestre_Sin,622.5626896109493,0.01937926174152283,16
H2,Validação,65,1T22,Ridge + Brent e Câmbio,10.0,343,Trimestre_Cos,-392.43589407830063,0.012215826670988738,20
H2,Validação,65,1T22,Ridge + Brent e Câmbio,10.0,343,Brent_t,864.5129732591068,0.026910740825474143,12
H2,Validação,65,1T22,Ridge + Brent e Câmbio,10.0,343,Brent_t_1,-1229.126639653107,0.03826051136826278,8
H2,Validação,65,1T22,Ridge + Brent e Câmbio,10.0,343,Brent_t_4,1263.926189936976,0.039343759055109895,7
H2,Validação,65,1T22,Ridge + Brent e Câmbio,10.0,343,USD_BRL_t,937.8694913142205,0.02919419787736585,11
H2,Validação,65,1T22,Ridge + Brent e Câmbio,10.0,343,USD_BRL_t_1,668.8311332322223,0.02081951554129659,15
H2,Validação,65,1T22,Ridge + Brent e Câmbio,10.0,343,USD_BRL_t_4,-1.7579987015234864,5.472335163446925e-05,28
H2,Validação,65,1T22,Ridge + Brent e Câmbio,10.0,343,Brent_BRL_t,0.2893492232755371,9.006923200083051e-06,29
H2,Validação,65,1T22,Ridge + Brent e Câmbio,10.0,343,Brent_Var_AA,1639.4813510126933,0.05103411873505512,5
H2,Validação,65,1T22,Ridge + Brent e Câmbio,10.0,343,USD_BRL_Var_AA,49.45856058778143,0.0015395564285880143,27
H2,Validação,65,1T22,Ridge + Brent e Câmbio,10.0,343,Segmento=CORPORATIVO / OUTROS NEGÓCIOS,-59.144765781884715,0.0018410706517675785,25
H2,Validação,65,1T22,Ridge + Brent e Câmbio,10.0,343,Segmento=DISTRIBUIÇÃO,1024.0545229415675,0.031876983585503164,10
H2,Validação,65,1T22,Ridge + Brent e Câmbio,10.0,343,Segmento=E&P,435.36376516497074,0.013552094429525322,18
H2,Validação,65,1T22,Ridge + Brent e Câmbio,10.0,343,Segmento=GÁS & ENERGIA / G&EBC,263.1324738260706,0.008190842734498724,22
H2,Validação,65,1T22,Ridge + Brent e Câmbio,10.0,343,Segmento=INTERNACIONAL,317.720583442993,0.009890072839184832,21
H2,Validação,65,1T22,Ridge + Brent e Câmbio,10.0,343,Segmento=REFINO / RTC,4129.320678774839,0.12853835860075113,2
H2,Validação,66,2T22,Ridge Contábil,0.1,347,Custo_t,13348.882648219873,0.40365705296162535,1
H2,Validação,66,2T22,Ridge Contábil,0.1,347,Custo_t_1,1858.5239217197563,0.056199931400260104,5
H2,Validação,66,2T22,Ridge Contábil,0.1,347,Custo_t_4,-1088.3810451664515,0.032911569961982565,7
H2,Validação,66,2T22,Ridge Contábil,0.1,347,Receita_t,4900.697630260871,0.14819226560141535,2
H2,Validação,66,2T22,Ridge Contábil,0.1,347,Receita_t_1,-2706.111475633518,0.08183014354280274,3
H2,Validação,66,2T22,Ridge Contábil,0.1,347,Receita_t_4,1423.2723953513143,0.043038354280967375,6
H2,Validação,66,2T22,Ridge Contábil,0.1,347,Despesas_t,-201.37284820661634,0.0060893164316199325,16
H2,Validação,66,2T22,Ridge Contábil,0.1,347,Despesas_t_1,181.66814585477343,0.005493465655907884,17
H2,Validação,66,2T22,Ridge Contábil,0.1,347,Despesas_t_4,-66.14964021911132,0.002000299914905542,20
H2,Validação,66,2T22,Ridge Contábil,0.1,347,EBIT_t,931.315362973127,0.028162058555945946,8
H2,Validação,66,2T22,Ridge Contábil,0.1,347,EBIT_t_1,-178.84271418908256,0.00540802738743458,18
H2,Validação,66,2T22,Ridge Contábil,0.1,347,EBIT_t_4,437.6086894802635,0.013232855408280807,13
H2,Validação,66,2T22,Ridge Contábil,0.1,347,Trimestre_Sin,753.4260347762605,0.022782860621140058,9
H2,Validação,66,2T22,Ridge Contábil,0.1,347,Trimestre_Cos,-641.573426573083,0.019400548004931174,10
H2,Validação,66,2T22,Ridge Contábil,0.1,347,Segmento=CORPORATIVO / OUTROS NEGÓCIOS,204.54741019997874,0.006185312057055709,15
H2,Validação,66,2T22,Ridge Contábil,0.1,347,Segmento=DISTRIBUIÇÃO,500.05125329643863,0.015121056986917557,12
H2,Validação,66,2T22,Ridge Contábil,0.1,347,Segmento=E&P,-634.2171386603267,0.019178101109722574,11
H2,Validação,66,2T22,Ridge Contábil,0.1,347,Segmento=GÁS & ENERGIA / G&EBC,236.30078961722165,0.007145502950549395,14
H2,Validação,66,2T22,Ridge Contábil,0.1,347,Segmento=INTERNACIONAL,124.34762084774941,0.0037601494819407702,19
H2,Validação,66,2T22,Ridge Contábil,0.1,347,Segmento=REFINO / RTC,2652.5708461851764,0.08021112768459457,4
H2,Validação,66,2T22,Ridge + Brent e Câmbio,10.0,347,Custo_t,6787.908595753605,0.21218927500276696,1
H2,Validação,66,2T22,Ridge + Brent e Câmbio,10.0,347,Custo_t_1,2853.226662961265,0.08919155119605728,4
H2,Validação,66,2T22,Ridge + Brent e Câmbio,10.0,347,Custo_t_4,622.8285267315493,0.019469551139932015,14
H2,Validação,66,2T22,Ridge + Brent e Câmbio,10.0,347,Receita_t,4263.499722460188,0.13327653169184842,2
H2,Validação,66,2T22,Ridge + Brent e Câmbio,10.0,347,Receita_t_1,1427.0803830131983,0.04461037557749007,6
H2,Validação,66,2T22,Ridge + Brent e Câmbio,10.0,347,Receita_t_4,935.5952863535193,0.02924660559388676,9
H2,Validação,66,2T22,Ridge + Brent e Câmbio,10.0,347,Despesas_t,-805.3344118766189,0.025174665006211346,13
H2,Validação,66,2T22,Ridge + Brent e Câmbio,10.0,347,Despesas_t_1,-412.74593479327507,0.012902392456921565,18
H2,Validação,66,2T22,Ridge + Brent e Câmbio,10.0,347,Despesas_t_4,-53.4613032006745,0.001671194449193199,25
H2,Validação,66,2T22,Ridge + Brent e Câmbio,10.0,347,EBIT_t,-138.85895103763207,0.004340715513870098,24
H2,Validação,66,2T22,Ridge + Brent e Câmbio,10.0,347,EBIT_t_1,-605.7664992687771,0.018936194040859146,15
H2,Validação,66,2T22,Ridge + Brent e Câmbio,10.0,347,EBIT_t_4,334.54246947039354,0.010457760745182381,20
H2,Validação,66,2T22,Ridge + Brent e Câmbio,10.0,347,Trimestre_Sin,533.8404589788772,0.01668779394418117,17
H2,Validação,66,2T22,Ridge + Brent e Câmbio,10.0,347,Trimestre_Cos,-368.38795600829786,0.011515766926215304,19
H2,Validação,66,2T22,Ridge + Brent e Câmbio,10.0,347,Brent_t,851.4279097929209,0.02661554267379223,10
H2,Validação,66,2T22,Ridge + Brent e Câmbio,10.0,347,Brent_t_1,-1400.860051503088,0.04379073090270128,7
H2,Validação,66,2T22,Ridge + Brent e Câmbio,10.0,347,Brent_t_4,1386.5340067300408,0.04334290032113574,8
H2,Validação,66,2T22,Ridge + Brent e Câmbio,10.0,347,USD_BRL_t,811.6087902760918,0.025370801383844666,12
H2,Validação,66,2T22,Ridge + Brent e Câmbio,10.0,347,USD_BRL_t_1,577.8701669162314,0.018064157764350365,16
H2,Validação,66,2T22,Ridge + Brent e Câmbio,10.0,347,USD_BRL_t_4,223.68096162460407,0.006992242221519939,22
H2,Validação,66,2T22,Ridge + Brent e Câmbio,10.0,347,Brent_BRL_t,36.59941939347867,0.0011440938187474595,26
H2,Validação,66,2T22,Ridge + Brent e Câmbio,10.0,347,Brent_Var_AA,1609.750850694275,0.05032063427571592,5
H2,Validação,66,2T22,Ridge + Brent e Câmbio,10.0,347,USD_BRL_Var_AA,-11.230189749379628,0.0003510544945397592,28
H2,Validação,66,2T22,Ridge + Brent e Câmbio,10.0,347,Segmento=CORPORATIVO / OUTROS NEGÓCIOS,-11.745950895780913,0.00036717713116423404,27
H2,Validação,66,2T22,Ridge + Brent e Câmbio,10.0,347,Segmento=DISTRIBUIÇÃO,821.3871711321276,0.02567647249229789,11
H2,Validação,66,2T22,Ridge + Brent e Câmbio,10.0,347,Segmento=E&P,-3.551543602973875,0.00011102086181996909,29
H2,Validação,66,2T22,Ridge + Brent e Câmbio,10.0,347,Segmento=GÁS & ENERGIA / G&EBC,207.90267703352768,0.006499014783209666,23
H2,Validação,66,2T22,Ridge + Brent e Câmbio,10.0,347,Segmento=INTERNACIONAL,289.0562350657961,0.009035866068086202,21
H2,Validação,66,2T22,Ridge + Brent e Câmbio,10.0,347,Segmento=REFINO / RTC,3603.592913140739,0.11264791752245897,3
H2,Validação,67,3T22,Ridge Contábil,0.1,351,Custo_t,13867.786483960506,0.36795059586169887,1
H2,Validação,67,3T22,Ridge Contábil,0.1,351,Custo_t_1,2210.9529530016316,0.05866267536063182,5
H2,Validação,67,3T22,Ridge Contábil,0.1,351,Custo_t_4,-3162.442692834023,0.08390832052055325,3
H2,Validação,67,3T22,Ridge Contábil,0.1,351,Receita_t,6172.189689807385,0.163765203391527,2
H2,Validação,67,3T22,Ridge Contábil,0.1,351,Receita_t_1,-2202.098803637726,0.058427750375446515,6
H2,Validação,67,3T22,Ridge Contábil,0.1,351,Receita_t_4,2612.8012264201466,0.06932481757210536,4
H2,Validação,67,3T22,Ridge Contábil,0.1,351,Despesas_t,-285.93444999352135,0.0075866290106347545,14
H2,Validação,67,3T22,Ridge Contábil,0.1,351,Despesas_t_1,31.448765173301283,0.0008344224147101315,20
H2,Validação,67,3T22,Ridge Contábil,0.1,351,Despesas_t_4,-508.66418008919936,0.0134962626064222,13
H2,Validação,67,3T22,Ridge Contábil,0.1,351,EBIT_t,1044.8279549984584,0.027722165253935265,9
H2,Validação,67,3T22,Ridge Contábil,0.1,351,EBIT_t_1,-559.3539779326194,0.014841202647298055,12
H2,Validação,67,3T22,Ridge Contábil,0.1,351,EBIT_t_4,-114.79830647467664,0.00304591546171598,18
H2,Validação,67,3T22,Ridge Contábil,0.1,351,Trimestre_Sin,749.9405390853632,0.019897989382549025,10
H2,Validação,67,3T22,Ridge Contábil,0.1,351,Trimestre_Cos,-604.5150269646823,0.0160394497446489,11
H2,Validação,67,3T22,Ridge Contábil,0.1,351,Segmento=CORPORATIVO / OUTROS NEGÓCIOS,241.48064584182526,0.006407147069168888,15
H2,Validação,67,3T22,Ridge Contábil,0.1,351,Segmento=DISTRIBUIÇÃO,195.4905636191872,0.0051869034364074315,16
H2,Validação,67,3T22,Ridge Contábil,0.1,351,Segmento=E&P,-1076.991691072413,0.028575557817141946,8
H2,Validação,67,3T22,Ridge Contábil,0.1,351,Segmento=GÁS & ENERGIA / G&EBC,121.23177871276178,0.003216613211223519,17
H2,Validação,67,3T22,Ridge Contábil,0.1,351,Segmento=INTERNACIONAL,44.80432961852048,0.0011887823481696981,19
H2,Validação,67,3T22,Ridge Contábil,0.1,351,Segmento=REFINO / RTC,1881.5081404432685,0.04992159651401143,7
H2,Validação,67,3T22,Ridge + Brent e Câmbio,10.0,351,Custo_t,7486.294780073739,0.22395178158510978,1
H2,Validação,67,3T22,Ridge + Brent e Câmbio,10.0,351,Custo_t_1,3384.4940216797804,0.10124681009580472,3
H2,Validação,67,3T22,Ridge + Brent e Câmbio,10.0,351,Custo_t_4,-123.59352104760474,0.0036972881838237223,24
H2,Validação,67,3T22,Ridge + Brent e Câmbio,10.0,351,Receita_t,5054.962444570801,0.15121871079945667,2
H2,Validação,67,3T22,Ridge + Brent e Câmbio,10.0,351,Receita_t_1,2010.5621806015886,0.060145772449656854,5
H2,Validação,67,3T22,Ridge + Brent e Câmbio,10.0,351,Receita_t_4,633.0137126775604,0.01893654376251373,13
H2,Validação,67,3T22,Ridge + Brent e Câmbio,10.0,351,Despesas_t,-834.5394651440662,0.024965167083663427,11
H2,Validação,67,3T22,Ridge + Brent e Câmbio,10.0,351,Despesas_t_1,-450.28714943991,0.013470296362141799,16
H2,Validação,67,3T22,Ridge + Brent e Câmbio,10.0,351,Despesas_t_4,-403.17483127339983,0.012060935937799735,17
H2,Validação,67,3T22,Ridge + Brent e Câmbio,10.0,351,EBIT_t,57.53898529484936,0.0017212731592776023,27
H2,Validação,67,3T22,Ridge + Brent e Câmbio,10.0,351,EBIT_t_1,-741.8177160640934,0.022191404961255674,12
H2,Validação,67,3T22,Ridge + Brent e Câmbio,10.0,351,EBIT_t_4,23.67620028766627,0.0007082712331475308,29
H2,Validação,67,3T22,Ridge + Brent e Câmbio,10.0,351,Trimestre_Sin,519.0927722807646,0.01552860988985607,15
H2,Validação,67,3T22,Ridge + Brent e Câmbio,10.0,351,Trimestre_Cos,-331.2937075987344,0.00991061910120806,19
H2,Validação,67,3T22,Ridge + Brent e Câmbio,10.0,351,Brent_t,969.5748852239235,0.029004738566270727,10
H2,Validação,67,3T22,Ridge + Brent e Câmbio,10.0,351,Brent_t_1,-1637.7852590015034,0.04899418702874059,6
H2,Validação,67,3T22,Ridge + Brent e Câmbio,10.0,351,Brent_t_4,1384.9668014928513,0.041431147415691275,8
H2,Validação,67,3T22,Ridge + Brent e Câmbio,10.0,351,USD_BRL_t,1002.5046500695689,0.02998982928484491,9
H2,Validação,67,3T22,Ridge + Brent e Câmbio,10.0,351,USD_BRL_t_1,333.01568499165023,0.009962131887749574,18
H2,Validação,67,3T22,Ridge + Brent e Câmbio,10.0,351,USD_BRL_t_4,244.07508751439983,0.007301482548467457,22
H2,Validação,67,3T22,Ridge + Brent e Câmbio,10.0,351,Brent_BRL_t,-31.208542723822223,0.0009336005258940871,28
H2,Validação,67,3T22,Ridge + Brent e Câmbio,10.0,351,Brent_Var_AA,1448.9663248437687,0.04334568694373462,7
H2,Validação,67,3T22,Ridge + Brent e Câmbio,10.0,351,USD_BRL_Var_AA,-94.61404367396001,0.0028303699314851214,25
H2,Validação,67,3T22,Ridge + Brent e Câmbio,10.0,351,Segmento=CORPORATIVO / OUTROS NEGÓCIOS,71.6924549155016,0.0021446728289770335,26
H2,Validação,67,3T22,Ridge + Brent e Câmbio,10.0,351,Segmento=DISTRIBUIÇÃO,560.6583977922619,0.016772041541889895,14
H2,Validação,67,3T22,Ridge + Brent e Câmbio,10.0,351,Segmento=E&P,-294.16303131856273,0.008799858524889622,20
H2,Validação,67,3T22,Ridge + Brent e Câmbio,10.0,351,Segmento=GÁS & ENERGIA / G&EBC,129.99157195208758,0.003888685255515981,23
H2,Validação,67,3T22,Ridge + Brent e Câmbio,10.0,351,Segmento=INTERNACIONAL,251.0153569371746,0.0075091000344964754,21
H2,Validação,67,3T22,Ridge + Brent e Câmbio,10.0,351,Segmento=REFINO / RTC,2919.581029790082,0.08733898307663729,4
H2,Validação,68,4T22,Ridge Contábil,0.1,355,Custo_t,16896.688814648005,0.4366210257084118,1
H2,Validação,68,4T22,Ridge Contábil,0.1,355,Custo_t_1,3092.70667937028,0.07991747835181034,4
H2,Validação,68,4T22,Ridge Contábil,0.1,355,Custo_t_4,-3238.4832225967825,0.08368443556609033,3
H2,Validação,68,4T22,Ridge Contábil,0.1,355,Receita_t,4179.390054523362,0.10799805763479346,2
H2,Validação,68,4T22,Ridge Contábil,0.1,355,Receita_t_1,-2660.8657892801643,0.06875843917896826,5
H2,Validação,68,4T22,Ridge Contábil,0.1,355,Receita_t_4,2144.4027079325715,0.055412709563410406,6
H2,Validação,68,4T22,Ridge Contábil,0.1,355,Despesas_t,-162.3105660677193,0.004194206724004041,15
H2,Validação,68,4T22,Ridge Contábil,0.1,355,Despesas_t_1,63.14110052661495,0.001631605599103464,17
H2,Validação,68,4T22,Ridge Contábil,0.1,355,Despesas_t_4,-347.3120779135521,0.008974761704084448,13
H2,Validação,68,4T22,Ridge Contábil,0.1,355,EBIT_t,1303.964798022205,0.03369526738910814,8
H2,Validação,68,4T22,Ridge Contábil,0.1,355,EBIT_t_1,-459.26069130647954,0.01186758401634011,12
H2,Validação,68,4T22,Ridge Contábil,0.1,355,EBIT_t_4,32.253546120305366,0.0008334518404323626,19
H2,Validação,68,4T22,Ridge Contábil,0.1,355,Trimestre_Sin,750.0594630214741,0.019382006479448734,10
H2,Validação,68,4T22,Ridge Contábil,0.1,355,Trimestre_Cos,-628.952966723007,0.016252538734978693,11
H2,Validação,68,4T22,Ridge Contábil,0.1,355,Segmento=CORPORATIVO / OUTROS NEGÓCIOS,222.81372378353205,0.005757646228054959,14
H2,Validação,68,4T22,Ridge Contábil,0.1,355,Segmento=DISTRIBUIÇÃO,42.529988536762765,0.001099001551250099,18
H2,Validação,68,4T22,Ridge Contábil,0.1,355,Segmento=E&P,-889.1420684483969,0.022975988146854285,9
H2,Validação,68,4T22,Ridge Contábil,0.1,355,Segmento=GÁS & ENERGIA / G&EBC,72.78427558041024,0.0018807912844919408,16
H2,Validação,68,4T22,Ridge Contábil,0.1,355,Segmento=INTERNACIONAL,20.381671814259548,0.0005266751699587134,20
H2,Validação,68,4T22,Ridge Contábil,0.1,355,Segmento=REFINO / RTC,1491.3078459404485,0.03853632912840535,7
H2,Validação,68,4T22,Ridge + Brent e Câmbio,10.0,355,Custo_t,8512.432362890155,0.24013075600366762,1
H2,Validação,68,4T22,Ridge + Brent e Câmbio,10.0,355,Custo_t_1,4066.5219626874728,0.1147142146424197,3
H2,Validação,68,4T22,Ridge + Brent e Câmbio,10.0,355,Custo_t_4,-344.11478328999044,0.009707277490238773,18
H2,Validação,68,4T22,Ridge + Brent e Câmbio,10.0,355,Receita_t,5185.191345104219,0.14627122597198575,2
H2,Validação,68,4T22,Ridge + Brent e Câmbio,10.0,355,Receita_t_1,2156.4127644096184,0.060831147349971894,5
H2,Validação,68,4T22,Ridge + Brent e Câmbio,10.0,355,Receita_t_4,258.51634461229054,0.007292595420984615,22
H2,Validação,68,4T22,Ridge + Brent e Câmbio,10.0,355,Despesas_t,-870.0340448928957,0.024543153360002314,11
H2,Validação,68,4T22,Ridge + Brent e Câmbio,10.0,355,Despesas_t_1,-499.8043011163057,0.014099188053952934,13
H2,Validação,68,4T22,Ridge + Brent e Câmbio,10.0,355,Despesas_t_4,-298.2950245470578,0.0084147287993602,21
H2,Validação,68,4T22,Ridge + Brent e Câmbio,10.0,355,EBIT_t,-75.85294631888127,0.0021397674093793697,27
H2,Validação,68,4T22,Ridge + Brent e Câmbio,10.0,355,EBIT_t_1,-837.3729234447854,0.02362180215849926,12
H2,Validação,68,4T22,Ridge + Brent e Câmbio,10.0,355,EBIT_t_4,97.78389947443513,0.0027584268167753717,26
H2,Validação,68,4T22,Ridge + Brent e Câmbio,10.0,355,Trimestre_Sin,470.6009978723383,0.01327537988880972,14
H2,Validação,68,4T22,Ridge + Brent e Câmbio,10.0,355,Trimestre_Cos,-337.7890048709244,0.009528830967632127,19
H2,Validação,68,4T22,Ridge + Brent e Câmbio,10.0,355,Brent_t,1064.067065802389,0.030016711799514262,10
H2,Validação,68,4T22,Ridge + Brent e Câmbio,10.0,355,Brent_t_1,-1741.0102354315425,0.04911288409959898,6
H2,Validação,68,4T22,Ridge + Brent e Câmbio,10.0,355,Brent_t_4,1450.673156492082,0.04092264430802452,8
H2,Validação,68,4T22,Ridge + Brent e Câmbio,10.0,355,USD_BRL_t,1170.9381102860575,0.033031481681110336,9
H2,Validação,68,4T22,Ridge + Brent e Câmbio,10.0,355,USD_BRL_t_1,351.9528825300513,0.009928385701841473,17
H2,Validação,68,4T22,Ridge + Brent e Câmbio,10.0,355,USD_BRL_t_4,156.1508082716423,0.004404923298341757,24
H2,Validação,68,4T22,Ridge + Brent e Câmbio,10.0,355,Brent_BRL_t,-401.4093965168894,0.011323525138689018,16
H2,Validação,68,4T22,Ridge + Brent e Câmbio,10.0,355,Brent_Var_AA,1533.467728549208,0.043258230933975406,7
H2,Validação,68,4T22,Ridge + Brent e Câmbio,10.0,355,USD_BRL_Var_AA,-102.52407403770418,0.002892144378682752,25
H2,Validação,68,4T22,Ridge + Brent e Câmbio,10.0,355,Segmento=CORPORATIVO / OUTROS NEGÓCIOS,66.83167489681252,0.0018852826000621715,28
H2,Validação,68,4T22,Ridge + Brent e Câmbio,10.0,355,Segmento=DISTRIBUIÇÃO,337.5259203498462,0.009521409506615324,20
H2,Validação,68,4T22,Ridge + Brent e Câmbio,10.0,355,Segmento=E&P,-447.0792051803888,0.012611843825216065,15
H2,Validação,68,4T22,Ridge + Brent e Câmbio,10.0,355,Segmento=GÁS & ENERGIA / G&EBC,56.984711375969376,0.0016075054978429673,29
H2,Validação,68,4T22,Ridge + Brent e Câmbio,10.0,355,Segmento=INTERNACIONAL,196.8214909332303,0.005552219553791419,23
H2,Validação,68,4T22,Ridge + Brent e Câmbio,10.0,355,Segmento=REFINO / RTC,2360.995721579966,0.06660231334301386,4
H2,Teste,69,1T23,Ridge Contábil,0.1,359,Custo_t,18048.12364227046,0.46830622189929494,1
H2,Teste,69,1T23,Ridge Contábil,0.1,359,Custo_t_1,3826.3995585023467,0.09928603971453838,2
H2,Teste,69,1T23,Ridge Contábil,0.1,359,Custo_t_4,-2398.86604572392,0.06224491348698149,5
H2,Teste,69,1T23,Ridge Contábil,0.1,359,Receita_t,3018.433205028462,0.07832121933116554,4
H2,Teste,69,1T23,Ridge Contábil,0.1,359,Receita_t_1,-3476.8477565342264,0.09021599526103154,3
H2,Teste,69,1T23,Ridge Contábil,0.1,359,Receita_t_4,1086.318247481424,0.02818739522965117,8
H2,Teste,69,1T23,Ridge Contábil,0.1,359,Despesas_t,-209.92867846257326,0.005447153855310802,14
H2,Teste,69,1T23,Ridge Contábil,0.1,359,Despesas_t_1,242.35943954341252,0.006288655581258415,12
H2,Teste,69,1T23,Ridge Contábil,0.1,359,Despesas_t_4,-143.83049362735815,0.003732061925084707,18
H2,Teste,69,1T23,Ridge Contábil,0.1,359,EBIT_t,1210.2346432332888,0.03140273330446466,7
H2,Teste,69,1T23,Ridge Contábil,0.1,359,EBIT_t_1,-170.06152487245296,0.00441269529076833,17
H2,Teste,69,1T23,Ridge Contábil,0.1,359,EBIT_t_4,230.57051285009703,0.005982760750891451,13
H2,Teste,69,1T23,Ridge Contábil,0.1,359,Trimestre_Sin,734.3050635811841,0.01905348372291878,9
H2,Teste,69,1T23,Ridge Contábil,0.1,359,Trimestre_Cos,-525.7153880339686,0.013641073833730567,10
H2,Teste,69,1T23,Ridge Contábil,0.1,359,Segmento=CORPORATIVO / OUTROS NEGÓCIOS,179.33543794169248,0.004653331452053609,16
H2,Teste,69,1T23,Ridge Contábil,0.1,359,Segmento=DISTRIBUIÇÃO,323.0340447473443,0.008381971225317118,11
H2,Teste,69,1T23,Ridge Contábil,0.1,359,Segmento=E&P,-99.56461655635079,0.0025834668655057465,20
H2,Teste,69,1T23,Ridge Contábil,0.1,359,Segmento=GÁS & ENERGIA / G&EBC,200.15571630498727,0.00519356854774649,15
H2,Teste,69,1T23,Ridge Contábil,0.1,359,Segmento=INTERNACIONAL,106.7007333541207,0.0027686322579218697,19
H2,Teste,69,1T23,Ridge Contábil,0.1,359,Segmento=REFINO / RTC,2308.365060364711,0.05989662646436429,6
H2,Teste,69,1T23,Ridge + Brent e Câmbio,10.0,359,Custo_t,8820.822497126543,0.23441700505898785,1
H2,Teste,69,1T23,Ridge + Brent e Câmbio,10.0,359,Custo_t_1,4387.2643527357,0.11659336420219178,3
H2,Teste,69,1T23,Ridge + Brent e Câmbio,10.0,359,Custo_t_4,-163.2515181599303,0.004338476595674639,23
H2,Teste,69,1T23,Ridge + Brent e Câmbio,10.0,359,Receita_t,5156.887193687742,0.13704640942101784,2
H2,Teste,69,1T23,Ridge + Brent e Câmbio,10.0,359,Receita_t_1,2073.2014252260924,0.05509618509428597,5
H2,Teste,69,1T23,Ridge + Brent e Câmbio,10.0,359,Receita_t_4,116.61596406404662,0.0030991174628970876,26
H2,Teste,69,1T23,Ridge + Brent e Câmbio,10.0,359,Despesas_t,-1043.3603391937272,0.02772773241846752,11
H2,Teste,69,1T23,Ridge + Brent e Câmbio,10.0,359,Despesas_t_1,-461.42381332401953,0.012262528626729538,16
H2,Teste,69,1T23,Ridge + Brent e Câmbio,10.0,359,Despesas_t_4,-231.12941929683237,0.006142359884266608,20
H2,Teste,69,1T23,Ridge + Brent e Câmbio,10.0,359,EBIT_t,-474.02390353618676,0.012597381233951993,14
H2,Teste,69,1T23,Ridge + Brent e Câmbio,10.0,359,EBIT_t_1,-789.484591254907,0.020980879445480525,13
H2,Teste,69,1T23,Ridge + Brent e Câmbio,10.0,359,EBIT_t_4,116.73949180664593,0.0031024002637324135,25
H2,Teste,69,1T23,Ridge + Brent e Câmbio,10.0,359,Trimestre_Sin,457.4807638392977,0.012157740456316974,17
H2,Teste,69,1T23,Ridge + Brent e Câmbio,10.0,359,Trimestre_Cos,-233.7949313611663,0.006213196969501382,19
H2,Teste,69,1T23,Ridge + Brent e Câmbio,10.0,359,Brent_t,1197.3123057415658,0.03181906958491,10
H2,Teste,69,1T23,Ridge + Brent e Câmbio,10.0,359,Brent_t_1,-1777.806265602222,0.047245936588491105,7
H2,Teste,69,1T23,Ridge + Brent e Câmbio,10.0,359,Brent_t_4,1668.2810169509844,0.04433525781952962,8
H2,Teste,69,1T23,Ridge + Brent e Câmbio,10.0,359,USD_BRL_t,1524.7486418865838,0.04052082560500986,9
H2,Teste,69,1T23,Ridge + Brent e Câmbio,10.0,359,USD_BRL_t_1,472.6633944948595,0.012561225143640971,15
H2,Teste,69,1T23,Ridge + Brent e Câmbio,10.0,359,USD_BRL_t_4,172.8831829953824,0.004594442071138425,22
H2,Teste,69,1T23,Ridge + Brent e Câmbio,10.0,359,Brent_BRL_t,-985.9877879458097,0.026203033146884706,12
H2,Teste,69,1T23,Ridge + Brent e Câmbio,10.0,359,Brent_Var_AA,1885.2758151382914,0.05010198430348488,6
H2,Teste,69,1T23,Ridge + Brent e Câmbio,10.0,359,USD_BRL_Var_AA,-2.4869933790507135,6.609287736019124e-05,29
H2,Teste,69,1T23,Ridge + Brent e Câmbio,10.0,359,Segmento=CORPORATIVO / OUTROS NEGÓCIOS,5.5901411813434905,0.000148560313283068,28
H2,Teste,69,1T23,Ridge + Brent e Câmbio,10.0,359,Segmento=DISTRIBUIÇÃO,398.4774715072619,0.01058970356615152,18
H2,Teste,69,1T23,Ridge + Brent e Câmbio,10.0,359,Segmento=E&P,-128.29472881821223,0.0034094854651272426,24
H2,Teste,69,1T23,Ridge + Brent e Câmbio,10.0,359,Segmento=GÁS & ENERGIA / G&EBC,74.16817170392662,0.001971049829786165,27
H2,Teste,69,1T23,Ridge + Brent e Câmbio,10.0,359,Segmento=INTERNACIONAL,215.67672958296276,0.0057316982658051595,21
H2,Teste,69,1T23,Ridge + Brent e Câmbio,10.0,359,Segmento=REFINO / RTC,2593.6325825487097,0.0689268582858951,4
H2,Teste,70,2T23,Ridge Contábil,0.1,363,Custo_t,16078.866146740338,0.30299595653958444,1
H2,Teste,70,2T23,Ridge Contábil,0.1,363,Custo_t_1,6630.604646925223,0.12494950695501715,4
H2,Teste,70,2T23,Ridge Contábil,0.1,363,Custo_t_4,-2999.9888726244208,0.056532873013139924,6
H2,Teste,70,2T23,Ridge Contábil,0.1,363,Receita_t,7113.830760329211,0.13405559423253516,3
H2,Teste,70,2T23,Ridge Contábil,0.1,363,Receita_t_1,-8953.385925346278,0.16872083565844728,2
H2,Teste,70,2T23,Ridge Contábil,0.1,363,Receita_t_4,1387.7761129823787,0.02615175392209656,8
H2,Teste,70,2T23,Ridge Contábil,0.1,363,Despesas_t,108.19215860613606,0.0020388120833753237,19
H2,Teste,70,2T23,Ridge Contábil,0.1,363,Despesas_t_1,394.3993704219987,0.007432204075151771,14
H2,Teste,70,2T23,Ridge Contábil,0.1,363,Despesas_t_4,-290.4088781730647,0.005472569708994941,16
H2,Teste,70,2T23,Ridge Contábil,0.1,363,EBIT_t,1591.6030029291012,0.02999274139747374,7
H2,Teste,70,2T23,Ridge Contábil,0.1,363,EBIT_t_1,-397.4157731195311,0.007489046256205233,13
H2,Teste,70,2T23,Ridge Contábil,0.1,363,EBIT_t_4,136.7476423995035,0.002576921925665168,18
H2,Teste,70,2T23,Ridge Contábil,0.1,363,Trimestre_Sin,860.4483994458591,0.016214600175392755,9
H2,Teste,70,2T23,Ridge Contábil,0.1,363,Trimestre_Cos,-486.9130507737959,0.009175565255932102,12
H2,Teste,70,2T23,Ridge Contábil,0.1,363,Segmento=CORPORATIVO / OUTROS NEGÓCIOS,104.26321068336448,0.001964773570759449,20
H2,Teste,70,2T23,Ridge Contábil,0.1,363,Segmento=DISTRIBUIÇÃO,782.7941874880164,0.014751256179817285,10
H2,Teste,70,2T23,Ridge Contábil,0.1,363,Segmento=E&P,542.8658108350339,0.010229959259903686,11
H2,Teste,70,2T23,Ridge Contábil,0.1,363,Segmento=GÁS & ENERGIA / G&EBC,314.6576303594126,0.005929521946580633,15
H2,Teste,70,2T23,Ridge Contábil,0.1,363,Segmento=INTERNACIONAL,221.781605960198,0.004179332623800628,17
H2,Teste,70,2T23,Ridge Contábil,0.1,363,Segmento=REFINO / RTC,3669.3298109350217,0.06914617522012662,5
H2,Teste,70,2T23,Ridge + Brent e Câmbio,10.0,363,Custo_t,8831.03672898282,0.21607735024770652,1
H2,Teste,70,2T23,Ridge + Brent e Câmbio,10.0,363,Custo_t_1,4338.836821669392,0.10616243509741233,3
H2,Teste,70,2T23,Ridge + Brent e Câmbio,10.0,363,Custo_t_4,-212.78974858170065,0.005206528570140544,22
H2,Teste,70,2T23,Ridge + Brent e Câmbio,10.0,363,Receita_t,5576.933146188118,0.13645611197403937,2
H2,Teste,70,2T23,Ridge + Brent e Câmbio,10.0,363,Receita_t_1,1394.7950341059573,0.03412777280374745,10
H2,Teste,70,2T23,Ridge + Brent e Câmbio,10.0,363,Receita_t_4,143.76272242655546,0.0035175788618766906,25
H2,Teste,70,2T23,Ridge + Brent e Câmbio,10.0,363,Despesas_t,-798.7329398335719,0.019543356288891593,14
H2,Teste,70,2T23,Ridge + Brent e Câmbio,10.0,363,Despesas_t_1,-540.1804443352006,0.013217107192466979,17
H2,Teste,70,2T23,Ridge + Brent e Câmbio,10.0,363,Despesas_t_4,-324.1081453588959,0.007930261348931706,19
H2,Teste,70,2T23,Ridge + Brent e Câmbio,10.0,363,EBIT_t,-130.51639396732926,0.0031934683817801983,26
H2,Teste,70,2T23,Ridge + Brent e Câmbio,10.0,363,EBIT_t_1,-1229.6420627095144,0.03008681843564247,12
H2,Teste,70,2T23,Ridge + Brent e Câmbio,10.0,363,EBIT_t_4,-74.93507564298575,0.0018335075577715124,29
H2,Teste,70,2T23,Ridge + Brent e Câmbio,10.0,363,Trimestre_Sin,571.3653957313477,0.013980138971416348,16
H2,Teste,70,2T23,Ridge + Brent e Câmbio,10.0,363,Trimestre_Cos,-194.26261738177976,0.00475320768152596,23
H2,Teste,70,2T23,Ridge + Brent e Câmbio,10.0,363,Brent_t,1364.6157205594736,0.0333893469197267,11
H2,Teste,70,2T23,Ridge + Brent e Câmbio,10.0,363,Brent_t_1,-1862.6823453802049,0.04557601535298982,6
H2,Teste,70,2T23,Ridge + Brent e Câmbio,10.0,363,Brent_t_4,1847.695439000664,0.04520931650230181,7
H2,Teste,70,2T23,Ridge + Brent e Câmbio,10.0,363,USD_BRL_t,1471.9941168054495,0.036016675969161104,8
H2,Teste,70,2T23,Ridge + Brent e Câmbio,10.0,363,USD_BRL_t_1,828.7596234535387,0.020278047631759097,13
H2,Teste,70,2T23,Ridge + Brent e Câmbio,10.0,363,USD_BRL_t_4,298.7393315431198,0.007309538523688549,20
H2,Teste,70,2T23,Ridge + Brent e Câmbio,10.0,363,Brent_BRL_t,-1410.2520648790662,0.03450597463379865,9
H2,Teste,70,2T23,Ridge + Brent e Câmbio,10.0,363,Brent_Var_AA,2183.1371004432362,0.05341688573698983,5
H2,Teste,70,2T23,Ridge + Brent e Câmbio,10.0,363,USD_BRL_Var_AA,191.28227737610484,0.004680284876307637,24
H2,Teste,70,2T23,Ridge + Brent e Câmbio,10.0,363,Segmento=CORPORATIVO / OUTROS NEGÓCIOS,-113.14201581415696,0.0027683529951327765,27
H2,Teste,70,2T23,Ridge + Brent e Câmbio,10.0,363,Segmento=DISTRIBUIÇÃO,681.0486497789076,0.016663863162412054,15
H2,Teste,70,2T23,Ridge + Brent e Câmbio,10.0,363,Segmento=E&P,367.41139681586907,0.00898980306742829,18
H2,Teste,70,2T23,Ridge + Brent e Câmbio,10.0,363,Segmento=GÁS & ENERGIA / G&EBC,99.25896590046153,0.0024286632473976334,28
H2,Teste,70,2T23,Ridge + Brent e Câmbio,10.0,363,Segmento=INTERNACIONAL,271.04726695523743,0.006631970518632003,21
H2,Teste,70,2T23,Ridge + Brent e Câmbio,10.0,363,Segmento=REFINO / RTC,3516.8301135460415,0.0860496174489241,4
H2,Teste,71,3T23,Ridge Contábil,0.1,367,Custo_t,18200.392346827404,0.33032000351762936,1
H2,Teste,71,3T23,Ridge Contábil,0.1,367,Custo_t_1,4104.4196188332735,0.07449135585075257,5
H2,Teste,71,3T23,Ridge Contábil,0.1,367,Custo_t_4,-2934.84195017724,0.053264621159401504,6
H2,Teste,71,3T23,Ridge Contábil,0.1,367,Receita_t,7391.085349082115,0.13414124772609526,3
H2,Teste,71,3T23,Ridge Contábil,0.1,367,Receita_t_1,-9060.146265992626,0.16443313360629835,2
H2,Teste,71,3T23,Ridge Contábil,0.1,367,Receita_t_4,540.3908054722758,0.009807584878554128,12
H2,Teste,71,3T23,Ridge Contábil,0.1,367,Despesas_t,289.4273721285119,0.005252834595967014,17
H2,Teste,71,3T23,Ridge Contábil,0.1,367,Despesas_t_1,536.7414976760916,0.009741353374249079,13
H2,Teste,71,3T23,Ridge Contábil,0.1,367,Despesas_t_4,-230.43923794959903,0.0041822554393108995,18
H2,Teste,71,3T23,Ridge Contábil,0.1,367,EBIT_t,1793.7346701332087,0.032554597244788396,7
H2,Teste,71,3T23,Ridge Contábil,0.1,367,EBIT_t_1,-512.4593422893912,0.009300655091492077,14
H2,Teste,71,3T23,Ridge Contábil,0.1,367,EBIT_t_4,111.50568892274129,0.0020237233821839037,19
H2,Teste,71,3T23,Ridge Contábil,0.1,367,Trimestre_Sin,884.1908369643038,0.01604723210415933,10
H2,Teste,71,3T23,Ridge Contábil,0.1,367,Trimestre_Cos,-564.653507691862,0.010247930104623826,11
H2,Teste,71,3T23,Ridge Contábil,0.1,367,Segmento=CORPORATIVO / OUTROS NEGÓCIOS,16.09400512881561,0.0002920910565804261,20
H2,Teste,71,3T23,Ridge Contábil,0.1,367,Segmento=DISTRIBUIÇÃO,1208.5647759060566,0.02193431402033266,8
H2,Teste,71,3T23,Ridge Contábil,0.1,367,Segmento=E&P,1032.1406736258155,0.01873238249186414,9
H2,Teste,71,3T23,Ridge Contábil,0.1,367,Segmento=GÁS & ENERGIA / G&EBC,421.1628251564228,0.007643709170446246,15
H2,Teste,71,3T23,Ridge Contábil,0.1,367,Segmento=INTERNACIONAL,322.6068266616533,0.005855010490269137,16
H2,Teste,71,3T23,Ridge Contábil,0.1,367,Segmento=REFINO / RTC,4944.276298417465,0.08973396469500165,4
H2,Teste,71,3T23,Ridge + Brent e Câmbio,10.0,367,Custo_t,9400.027591594466,0.21908407394995474,1
H2,Teste,71,3T23,Ridge + Brent e Câmbio,10.0,367,Custo_t_1,3639.820253846399,0.08483237329763679,4
H2,Teste,71,3T23,Ridge + Brent e Câmbio,10.0,367,Custo_t_4,-408.6032407623756,0.00952321275050545,19
H2,Teste,71,3T23,Ridge + Brent e Câmbio,10.0,367,Receita_t,6001.195919292071,0.13986836078502782,2
H2,Teste,71,3T23,Ridge + Brent e Câmbio,10.0,367,Receita_t_1,836.4760604905254,0.01949553672137553,13
H2,Teste,71,3T23,Ridge + Brent e Câmbio,10.0,367,Receita_t_4,-318.682276171916,0.007427447491943492,23
H2,Teste,71,3T23,Ridge + Brent e Câmbio,10.0,367,Despesas_t,-624.6721541804433,0.01455907645880982,16
H2,Teste,71,3T23,Ridge + Brent e Câmbio,10.0,367,Despesas_t_1,-362.96471531397424,0.008459527140343487,20
H2,Teste,71,3T23,Ridge + Brent e Câmbio,10.0,367,Despesas_t_4,-314.0922228119417,0.007320468275132463,24
H2,Teste,71,3T23,Ridge + Brent e Câmbio,10.0,367,EBIT_t,43.86520840040739,0.001022355356660705,28
H2,Teste,71,3T23,Ridge + Brent e Câmbio,10.0,367,EBIT_t_1,-1236.0170392793532,0.02880753761606239,11
H2,Teste,71,3T23,Ridge + Brent e Câmbio,10.0,367,EBIT_t_4,-263.0689911679108,0.006131282674798451,26
H2,Teste,71,3T23,Ridge + Brent e Câmbio,10.0,367,Trimestre_Sin,541.6771246965302,0.012624732224204438,17
H2,Teste,71,3T23,Ridge + Brent e Câmbio,10.0,367,Trimestre_Cos,-323.551269002825,0.007540927880701344,22
H2,Teste,71,3T23,Ridge + Brent e Câmbio,10.0,367,Brent_t,1282.0676626851384,0.02988082788945437,9
H2,Teste,71,3T23,Ridge + Brent e Câmbio,10.0,367,Brent_t_1,-1913.358989643546,0.04459417573994306,6
H2,Teste,71,3T23,Ridge + Brent e Câmbio,10.0,367,Brent_t_4,1716.673059841488,0.04001006634560452,7
H2,Teste,71,3T23,Ridge + Brent e Câmbio,10.0,367,USD_BRL_t,1560.7566881278676,0.036376162766314994,8
H2,Teste,71,3T23,Ridge + Brent e Câmbio,10.0,367,USD_BRL_t_1,789.9465844367107,0.018411085950003115,15
H2,Teste,71,3T23,Ridge + Brent e Câmbio,10.0,367,USD_BRL_t_4,-12.626206156926562,0.0002942758046651925,29
H2,Teste,71,3T23,Ridge + Brent e Câmbio,10.0,367,Brent_BRL_t,-1258.536517775577,0.02933239342569776,10
H2,Teste,71,3T23,Ridge + Brent e Câmbio,10.0,367,Brent_Var_AA,2345.2520888391755,0.054660199351114235,5
H2,Teste,71,3T23,Ridge + Brent e Câmbio,10.0,367,USD_BRL_Var_AA,451.05387733851273,0.010512599038178201,18
H2,Teste,71,3T23,Ridge + Brent e Câmbio,10.0,367,Segmento=CORPORATIVO / OUTROS NEGÓCIOS,-275.6221375052532,0.00642385569266216,25
H2,Teste,71,3T23,Ridge + Brent e Câmbio,10.0,367,Segmento=DISTRIBUIÇÃO,1028.7904896282614,0.02397776065149788,12
H2,Teste,71,3T23,Ridge + Brent e Câmbio,10.0,367,Segmento=E&P,825.6996002924255,0.019244372479573682,14
H2,Teste,71,3T23,Ridge + Brent e Câmbio,10.0,367,Segmento=GÁS & ENERGIA / G&EBC,123.72712069024405,0.00288367681847607,27
H2,Teste,71,3T23,Ridge + Brent e Câmbio,10.0,367,Segmento=INTERNACIONAL,326.7173218917168,0.007614718277429507,21
H2,Teste,71,3T23,Ridge + Brent e Câmbio,10.0,367,Segmento=REFINO / RTC,4680.486411306919,0.10908691714622808,3
H2,Teste,72,4T23,Ridge Contábil,0.1,371,Custo_t,18528.552890127958,0.32680015683308217,1
H2,Teste,72,4T23,Ridge Contábil,0.1,371,Custo_t_1,4337.084414118124,0.07649598299105652,5
H2,Teste,72,4T23,Ridge Contábil,0.1,371,Custo_t_4,-3274.673500824808,0.057757549658228866,6
H2,Teste,72,4T23,Ridge Contábil,0.1,371,Receita_t,7487.048564846923,0.13205395260590044,3
H2,Teste,72,4T23,Ridge Contábil,0.1,371,Receita_t_1,-9428.379523944053,0.16629447131558792,2
H2,Teste,72,4T23,Ridge Contábil,0.1,371,Receita_t_4,1030.5245828427478,0.018176033351897176,9
H2,Teste,72,4T23,Ridge Contábil,0.1,371,Despesas_t,262.41325771047497,0.004628353562385033,17
H2,Teste,72,4T23,Ridge Contábil,0.1,371,Despesas_t_1,528.2653825304415,0.00931736066406016,13
H2,Teste,72,4T23,Ridge Contábil,0.1,371,Despesas_t_4,-252.8850536826611,0.004460298421268954,18
H2,Teste,72,4T23,Ridge Contábil,0.1,371,EBIT_t,1794.2931984995466,0.03164711794554696,7
H2,Teste,72,4T23,Ridge Contábil,0.1,371,EBIT_t_1,-505.5754314021541,0.00891716321576348,14
H2,Teste,72,4T23,Ridge Contábil,0.1,371,EBIT_t_4,101.84977810593634,0.0017963908814578099,19
H2,Teste,72,4T23,Ridge Contábil,0.1,371,Trimestre_Sin,892.8902750043546,0.015748487409484997,11
H2,Teste,72,4T23,Ridge Contábil,0.1,371,Trimestre_Cos,-564.5754383436563,0.009957784770828846,12
H2,Teste,72,4T23,Ridge Contábil,0.1,371,Segmento=CORPORATIVO / OUTROS NEGÓCIOS,19.707505593789353,0.00034759411363802017,20
H2,Teste,72,4T23,Ridge Contábil,0.1,371,Segmento=DISTRIBUIÇÃO,1168.262764967704,0.020605411392765238,8
H2,Teste,72,4T23,Ridge Contábil,0.1,371,Segmento=E&P,954.3533272994555,0.016832551299880927,10
H2,Teste,72,4T23,Ridge Contábil,0.1,371,Segmento=GÁS & ENERGIA / G&EBC,401.7186976805195,0.00708537435077957,15
H2,Teste,72,4T23,Ridge Contábil,0.1,371,Segmento=INTERNACIONAL,311.1512801193838,0.005487977811586487,16
H2,Teste,72,4T23,Ridge Contábil,0.1,371,Segmento=REFINO / RTC,4852.686191656978,0.08558998740480055,4
H2,Teste,72,4T23,Ridge + Brent e Câmbio,10.0,371,Custo_t,9593.332642932619,0.22024386863926804,1
H2,Teste,72,4T23,Ridge + Brent e Câmbio,10.0,371,Custo_t_1,3658.159817965971,0.08398408565589492,4
H2,Teste,72,4T23,Ridge + Brent e Câmbio,10.0,371,Custo_t_4,-450.0728605164516,0.010332779197718184,19
H2,Teste,72,4T23,Ridge + Brent e Câmbio,10.0,371,Receita_t,6169.3846332615385,0.1416368210430162,2
H2,Teste,72,4T23,Ridge + Brent e Câmbio,10.0,371,Receita_t_1,868.853031884754,0.019947140388406063,13
H2,Teste,72,4T23,Ridge + Brent e Câmbio,10.0,371,Receita_t_4,-413.95902907674235,0.009503677336695198,20
H2,Teste,72,4T23,Ridge + Brent e Câmbio,10.0,371,Despesas_t,-601.6221020167492,0.013812048861317473,16
H2,Teste,72,4T23,Ridge + Brent e Câmbio,10.0,371,Despesas_t_1,-341.89331393469655,0.007849191613130455,21
H2,Teste,72,4T23,Ridge + Brent e Câmbio,10.0,371,Despesas_t_4,-308.2332089200197,0.007076422438624877,24
H2,Teste,72,4T23,Ridge + Brent e Câmbio,10.0,371,EBIT_t,67.69252045220259,0.0015540858570477266,28
H2,Teste,72,4T23,Ridge + Brent e Câmbio,10.0,371,EBIT_t_1,-1257.3860727951687,0.0288670875234957,10
H2,Teste,72,4T23,Ridge + Brent e Câmbio,10.0,371,EBIT_t_4,-273.0743197874097,0.006269244156807475,26
H2,Teste,72,4T23,Ridge + Brent e Câmbio,10.0,371,Trimestre_Sin,498.38068754391736,0.011441830984630185,18
H2,Teste,72,4T23,Ridge + Brent e Câmbio,10.0,371,Trimestre_Cos,-315.6333689909105,0.007246315419846948,23
H2,Teste,72,4T23,Ridge + Brent e Câmbio,10.0,371,Brent_t,1279.3595145272689,0.029371554114463183,9
H2,Teste,72,4T23,Ridge + Brent e Câmbio,10.0,371,Brent_t_1,-1936.1857598324696,0.04445098049048844,6
H2,Teste,72,4T23,Ridge + Brent e Câmbio,10.0,371,Brent_t_4,1605.5084907833075,0.03685928699697564,7
H2,Teste,72,4T23,Ridge + Brent e Câmbio,10.0,371,USD_BRL_t,1507.859843529394,0.03461746795044889,8
H2,Teste,72,4T23,Ridge + Brent e Câmbio,10.0,371,USD_BRL_t_1,743.516109606503,0.017069653526086373,15
H2,Teste,72,4T23,Ridge + Brent e Câmbio,10.0,371,USD_BRL_t_4,-49.24819651806447,0.0011306408031870048,29
H2,Teste,72,4T23,Ridge + Brent e Câmbio,10.0,371,Brent_BRL_t,-1231.0293081995833,0.028261988543255224,11
H2,Teste,72,4T23,Ridge + Brent e Câmbio,10.0,371,Brent_Var_AA,2378.322284486929,0.054601557175469474,5
H2,Teste,72,4T23,Ridge + Brent e Câmbio,10.0,371,USD_BRL_Var_AA,572.6317425058774,0.01314648777117625,17
H2,Teste,72,4T23,Ridge + Brent e Câmbio,10.0,371,Segmento=CORPORATIVO / OUTROS NEGÓCIOS,-291.4110503760073,0.006690219081095536,25
H2,Teste,72,4T23,Ridge + Brent e Câmbio,10.0,371,Segmento=DISTRIBUIÇÃO,1053.4431671482453,0.024184963365703468,12
H2,Teste,72,4T23,Ridge + Brent e Câmbio,10.0,371,Segmento=E&P,853.7188673451369,0.01959969002148023,14
H2,Teste,72,4T23,Ridge + Brent e Câmbio,10.0,371,Segmento=GÁS & ENERGIA / G&EBC,107.70449278559211,0.0024726812927105494,27
H2,Teste,72,4T23,Ridge + Brent e Câmbio,10.0,371,Segmento=INTERNACIONAL,327.53677894110626,0.007519594076494138,22
H2,Teste,72,4T23,Ridge + Brent e Câmbio,10.0,371,Segmento=REFINO / RTC,4802.620728204185,0.11025863567506627,3
H2,Teste,73,1T24,Ridge Contábil,0.1,375,Custo_t,19732.811977253685,0.35292713118536356,1
H2,Teste,73,1T24,Ridge Contábil,0.1,375,Custo_t_1,5193.323293605096,0.0928841106600996,3
H2,Teste,73,1T24,Ridge Contábil,0.1,375,Custo_t_4,-2858.520322392265,0.051125474563882674,7
H2,Teste,73,1T24,Ridge Contábil,0.1,375,Receita_t,4434.027360407126,0.07930388014185552,4
H2,Teste,73,1T24,Ridge Contábil,0.1,375,Receita_t_1,-9983.148477439541,0.17855153925358724,2
H2,Teste,73,1T24,Ridge Contábil,0.1,375,Receita_t_4,3563.727222806078,0.06373830686280008,6
H2,Teste,73,1T24,Ridge Contábil,0.1,375,Despesas_t,158.52543799812437,0.002835273964859813,18
H2,Teste,73,1T24,Ridge Contábil,0.1,375,Despesas_t_1,444.3356659597288,0.00794707373947878,13
H2,Teste,73,1T24,Ridge Contábil,0.1,375,Despesas_t_4,-207.24443361300746,0.0037066274940179013,17
H2,Teste,73,1T24,Ridge Contábil,0.1,375,EBIT_t,1797.1767923476325,0.03214303416498872,8
H2,Teste,73,1T24,Ridge Contábil,0.1,375,EBIT_t_1,-120.05406217478078,0.0021472021219953643,19
H2,Teste,73,1T24,Ridge Contábil,0.1,375,EBIT_t_4,300.637843104652,0.005376996021397615,14
H2,Teste,73,1T24,Ridge Contábil,0.1,375,Trimestre_Sin,900.9070153813419,0.016112986267229238,9
H2,Teste,73,1T24,Ridge Contábil,0.1,375,Trimestre_Cos,-708.257322724989,0.01266738999684855,11
H2,Teste,73,1T24,Ridge Contábil,0.1,375,Segmento=CORPORATIVO / OUTROS NEGÓCIOS,112.60669122003407,0.0020140037076506814,20
H2,Teste,73,1T24,Ridge Contábil,0.1,375,Segmento=DISTRIBUIÇÃO,751.9884405282825,0.01344953386806348,10
H2,Teste,73,1T24,Ridge Contábil,0.1,375,Segmento=E&P,498.68736512009366,0.008919169824001812,12
H2,Teste,73,1T24,Ridge Contábil,0.1,375,Segmento=GÁS & ENERGIA / G&EBC,277.6707248882594,0.004966222374283857,15
H2,Teste,73,1T24,Ridge Contábil,0.1,375,Segmento=INTERNACIONAL,216.45928350604595,0.003871437787695389,16
H2,Teste,73,1T24,Ridge Contábil,0.1,375,Segmento=REFINO / RTC,3651.749214099314,0.06531260599989996,5
H2,Teste,73,1T24,Ridge + Brent e Câmbio,10.0,375,Custo_t,9317.826704133646,0.22107284966978477,1
H2,Teste,73,1T24,Ridge + Brent e Câmbio,10.0,375,Custo_t_1,3876.981961953097,0.0919844806801454,4
H2,Teste,73,1T24,Ridge + Brent e Câmbio,10.0,375,Custo_t_4,342.38604320509774,0.008123381198421927,22
H2,Teste,73,1T24,Ridge + Brent e Câmbio,10.0,375,Receita_t,5549.350474733693,0.13166275379660186,2
H2,Teste,73,1T24,Ridge + Brent e Câmbio,10.0,375,Receita_t_1,916.4122505497457,0.021742609530552532,13
H2,Teste,73,1T24,Ridge + Brent e Câmbio,10.0,375,Receita_t_4,616.7922553466497,0.014633886835783937,16
H2,Teste,73,1T24,Ridge + Brent e Câmbio,10.0,375,Despesas_t,-701.1422212847281,0.016635156867046457,15
H2,Teste,73,1T24,Ridge + Brent e Câmbio,10.0,375,Despesas_t_1,-447.75745679097065,0.010623401794944526,20
H2,Teste,73,1T24,Ridge + Brent e Câmbio,10.0,375,Despesas_t_4,-161.2280158793073,0.0038252629125664563,26
H2,Teste,73,1T24,Ridge + Brent e Câmbio,10.0,375,EBIT_t,-149.92865760815005,0.0035571766504194674,27
H2,Teste,73,1T24,Ridge + Brent e Câmbio,10.0,375,EBIT_t_1,-1326.5262692057572,0.03147289081530643,9
H2,Teste,73,1T24,Ridge + Brent e Câmbio,10.0,375,EBIT_t_4,31.464063824139835,0.0007465099397812123,29
H2,Teste,73,1T24,Ridge + Brent e Câmbio,10.0,375,Trimestre_Sin,495.37802906179735,0.011753237748015778,19
H2,Teste,73,1T24,Ridge + Brent e Câmbio,10.0,375,Trimestre_Cos,-390.6324747443857,0.009268066160426731,21
H2,Teste,73,1T24,Ridge + Brent e Câmbio,10.0,375,Brent_t,1120.9506699444833,0.02659544621429213,11
H2,Teste,73,1T24,Ridge + Brent e Câmbio,10.0,375,Brent_t_1,-1909.5543129511852,0.045305694875830735,6
H2,Teste,73,1T24,Ridge + Brent e Câmbio,10.0,375,Brent_t_4,1758.036837581124,0.0417108222603129,7
H2,Teste,73,1T24,Ridge + Brent e Câmbio,10.0,375,USD_BRL_t,1388.4845909996154,0.03294290127961881,8
H2,Teste,73,1T24,Ridge + Brent e Câmbio,10.0,375,USD_BRL_t_1,973.7685807460693,0.023103434083930115,12
H2,Teste,73,1T24,Ridge + Brent e Câmbio,10.0,375,USD_BRL_t_4,-221.5265418973046,0.005255893401945767,25
H2,Teste,73,1T24,Ridge + Brent e Câmbio,10.0,375,Brent_BRL_t,-1263.4900129007397,0.029977305497360676,10
H2,Teste,73,1T24,Ridge + Brent e Câmbio,10.0,375,Brent_Var_AA,2684.1279088548085,0.06368306951077869,5
H2,Teste,73,1T24,Ridge + Brent e Câmbio,10.0,375,USD_BRL_Var_AA,521.2017212044148,0.012365925383473843,18
H2,Teste,73,1T24,Ridge + Brent e Câmbio,10.0,375,Segmento=CORPORATIVO / OUTROS NEGÓCIOS,-223.39017517289005,0.005300109583685908,24
H2,Teste,73,1T24,Ridge + Brent e Câmbio,10.0,375,Segmento=DISTRIBUIÇÃO,816.4125658137839,0.019370037473502813,14
H2,Teste,73,1T24,Ridge + Brent e Câmbio,10.0,375,Segmento=E&P,522.2077796995611,0.012389794921459328,17
H2,Teste,73,1T24,Ridge + Brent e Câmbio,10.0,375,Segmento=GÁS & ENERGIA / G&EBC,51.14443261900819,0.00121344234260254,28
H2,Teste,73,1T24,Ridge + Brent e Câmbio,10.0,375,Segmento=INTERNACIONAL,272.2344912898322,0.006458979832834654,23
H2,Teste,73,1T24,Ridge + Brent e Câmbio,10.0,375,Segmento=REFINO / RTC,4097.880691661781,0.09722547873857355,3
H2,Teste,74,2T24,Ridge Contábil,0.1,379,Custo_t,20767.94868333573,0.3986100207117142,1
H2,Teste,74,2T24,Ridge Contábil,0.1,379,Custo_t_1,4620.474590362369,0.08868316752150554,3
H2,Teste,74,2T24,Ridge Contábil,0.1,379,Custo_t_4,-2306.2015820745246,0.044264124223965536,7
H2,Teste,74,2T24,Ridge Contábil,0.1,379,Receita_t,3000.3629669376387,0.057587524055918264,5
H2,Teste,74,2T24,Ridge Contábil,0.1,379,Receita_t_1,-8348.748970908235,0.16024187323233074,2
H2,Teste,74,2T24,Ridge Contábil,0.1,379,Receita_t_4,2339.043776130838,0.04489448150443733,6
H2,Teste,74,2T24,Ridge Contábil,0.1,379,Despesas_t,188.75153943576223,0.0036228062863150534,17
H2,Teste,74,2T24,Ridge Contábil,0.1,379,Despesas_t_1,413.63258018583605,0.007939064847902605,13
H2,Teste,74,2T24,Ridge Contábil,0.1,379,Despesas_t_4,-101.8519432574391,0.001954897223140438,19
H2,Teste,74,2T24,Ridge Contábil,0.1,379,EBIT_t,1911.2075258693249,0.036682798242969834,8
H2,Teste,74,2T24,Ridge Contábil,0.1,379,EBIT_t_1,-92.07340854276616,0.0017672127298580746,20
H2,Teste,74,2T24,Ridge Contábil,0.1,379,EBIT_t_4,364.8696198755267,0.007003132035488949,14
H2,Teste,74,2T24,Ridge Contábil,0.1,379,Trimestre_Sin,916.1321225426309,0.01758379943582998,9
H2,Teste,74,2T24,Ridge Contábil,0.1,379,Trimestre_Cos,-727.3484508616608,0.013960376418651272,11
H2,Teste,74,2T24,Ridge Contábil,0.1,379,Segmento=CORPORATIVO / OUTROS NEGÓCIOS,111.48897871426135,0.0021398658477078617,18
H2,Teste,74,2T24,Ridge Contábil,0.1,379,Segmento=DISTRIBUIÇÃO,808.6358837343575,0.01552056831795942,10
H2,Teste,74,2T24,Ridge Contábil,0.1,379,Segmento=E&P,692.1057504842672,0.013283944974141692,12
H2,Teste,74,2T24,Ridge Contábil,0.1,379,Segmento=GÁS & ENERGIA / G&EBC,313.5844066780871,0.006018788313990857,15
H2,Teste,74,2T24,Ridge Contábil,0.1,379,Segmento=INTERNACIONAL,234.59005301070778,0.004502608674317124,16
H2,Teste,74,2T24,Ridge Contábil,0.1,379,Segmento=REFINO / RTC,3841.866873629307,0.07373894540185533,4
H2,Teste,74,2T24,Ridge + Brent e Câmbio,10.0,379,Custo_t,9380.676511211577,0.22003749823612276,1
H2,Teste,74,2T24,Ridge + Brent e Câmbio,10.0,379,Custo_t_1,4039.625933805553,0.09475533915085745,4
H2,Teste,74,2T24,Ridge + Brent e Câmbio,10.0,379,Custo_t_4,388.2804646765645,0.009107686632118585,22
H2,Teste,74,2T24,Ridge + Brent e Câmbio,10.0,379,Receita_t,5491.582103992955,0.12881309637707636,2
H2,Teste,74,2T24,Ridge + Brent e Câmbio,10.0,379,Receita_t_1,1120.9903394950102,0.026294469226664143,11
H2,Teste,74,2T24,Ridge + Brent e Câmbio,10.0,379,Receita_t_4,434.97677441299595,0.010203016927218634,19
H2,Teste,74,2T24,Ridge + Brent e Câmbio,10.0,379,Despesas_t,-706.8361795336598,0.01657987719984575,15
H2,Teste,74,2T24,Ridge + Brent e Câmbio,10.0,379,Despesas_t_1,-431.57531738517196,0.01012323077385693,20
H2,Teste,74,2T24,Ridge + Brent e Câmbio,10.0,379,Despesas_t_4,-167.12497477879975,0.003920160907281157,27
H2,Teste,74,2T24,Ridge + Brent e Câmbio,10.0,379,EBIT_t,-178.49679153044193,0.004186903514324516,26
H2,Teste,74,2T24,Ridge + Brent e Câmbio,10.0,379,EBIT_t_1,-1275.8637268833652,0.029927251218832652,10
H2,Teste,74,2T24,Ridge + Brent e Câmbio,10.0,379,EBIT_t_4,-31.124591838175192,0.0007300728591916848,29
H2,Teste,74,2T24,Ridge + Brent e Câmbio,10.0,379,Trimestre_Sin,509.824388612721,0.011958677274078084,18
H2,Teste,74,2T24,Ridge + Brent e Câmbio,10.0,379,Trimestre_Cos,-397.6143862806869,0.00932662742557293,21
H2,Teste,74,2T24,Ridge + Brent e Câmbio,10.0,379,Brent_t,1103.2564129895443,0.02587849402300988,12
H2,Teste,74,2T24,Ridge + Brent e Câmbio,10.0,379,Brent_t_1,-1889.8073555029707,0.044328197668484545,6
H2,Teste,74,2T24,Ridge + Brent e Câmbio,10.0,379,Brent_t_4,1735.0851079725724,0.04069896088291055,7
H2,Teste,74,2T24,Ridge + Brent e Câmbio,10.0,379,USD_BRL_t,1398.5391299840192,0.032804782360761925,8
H2,Teste,74,2T24,Ridge + Brent e Câmbio,10.0,379,USD_BRL_t_1,1022.4772502492955,0.023983700523017706,13
H2,Teste,74,2T24,Ridge + Brent e Câmbio,10.0,379,USD_BRL_t_4,-282.3725516862749,0.006623461513606055,23
H2,Teste,74,2T24,Ridge + Brent e Câmbio,10.0,379,Brent_BRL_t,-1281.7657355022345,0.030065691469864857,9
H2,Teste,74,2T24,Ridge + Brent e Câmbio,10.0,379,Brent_Var_AA,2694.9942317019318,0.06321503441630619,5
H2,Teste,74,2T24,Ridge + Brent e Câmbio,10.0,379,USD_BRL_Var_AA,544.3716369229239,0.01276903355062528,17
H2,Teste,74,2T24,Ridge + Brent e Câmbio,10.0,379,Segmento=CORPORATIVO / OUTROS NEGÓCIOS,-228.67077926708149,0.005363807837259553,25
H2,Teste,74,2T24,Ridge + Brent e Câmbio,10.0,379,Segmento=DISTRIBUIÇÃO,828.9435368096684,0.019444083995499038,14
H2,Teste,74,2T24,Ridge + Brent e Câmbio,10.0,379,Segmento=E&P,573.2388714472281,0.013446156789885446,16
H2,Teste,74,2T24,Ridge + Brent e Câmbio,10.0,379,Segmento=GÁS & ENERGIA / G&EBC,53.083360792508806,0.0012451479264623455,28
H2,Teste,74,2T24,Ridge + Brent e Câmbio,10.0,379,Segmento=INTERNACIONAL,275.9777948890133,0.00647346313280525,24
H2,Teste,74,2T24,Ridge + Brent e Câmbio,10.0,379,Segmento=REFINO / RTC,4164.995941448171,0.09769607618645983,3
H2,Teste,75,3T24,Ridge Contábil,0.1,383,Custo_t,21178.96687539987,0.4022742777940439,1
H2,Teste,75,3T24,Ridge Contábil,0.1,383,Custo_t_1,4898.026643877931,0.0930333449395311,3
H2,Teste,75,3T24,Ridge Contábil,0.1,383,Custo_t_4,-2232.2745788458997,0.04239992674459874,6
H2,Teste,75,3T24,Ridge Contábil,0.1,383,Receita_t,2802.2908635972303,0.05322684245905359,5
H2,Teste,75,3T24,Ridge Contábil,0.1,383,Receita_t_1,-8445.951245005395,0.16042278914533234,2
H2,Teste,75,3T24,Ridge Contábil,0.1,383,Receita_t_4,2070.3390797103725,0.03932411637352594,7
H2,Teste,75,3T24,Ridge Contábil,0.1,383,Despesas_t,191.35529230729335,0.0036346112852367932,17
H2,Teste,75,3T24,Ridge Contábil,0.1,383,Despesas_t_1,415.4027121554083,0.007890178355210678,14
H2,Teste,75,3T24,Ridge Contábil,0.1,383,Despesas_t_4,-71.84070355589846,0.0013645456508425372,20
H2,Teste,75,3T24,Ridge Contábil,0.1,383,EBIT_t,1980.4832830734413,0.03761739121028317,8
H2,Teste,75,3T24,Ridge Contábil,0.1,383,EBIT_t_1,-75.89687464291299,0.0014415887523421256,19
H2,Teste,75,3T24,Ridge Contábil,0.1,383,EBIT_t_4,416.81536184498054,0.007917010288845209,13
H2,Teste,75,3T24,Ridge Contábil,0.1,383,Trimestre_Sin,898.739824876494,0.01707070586133636,9
H2,Teste,75,3T24,Ridge Contábil,0.1,383,Trimestre_Cos,-750.4322978991589,0.014253745824653654,12
H2,Teste,75,3T24,Ridge Contábil,0.1,383,Segmento=CORPORATIVO / OUTROS NEGÓCIOS,121.54721786310881,0.0023086734858890155,18
H2,Teste,75,3T24,Ridge Contábil,0.1,383,Segmento=DISTRIBUIÇÃO,830.7448243127919,0.015779205671252017,10
H2,Teste,75,3T24,Ridge Contábil,0.1,383,Segmento=E&P,769.4907074401218,0.014615742138217896,11
H2,Teste,75,3T24,Ridge Contábil,0.1,383,Segmento=GÁS & ENERGIA / G&EBC,328.0989860819235,0.006231927338456252,15
H2,Teste,75,3T24,Ridge Contábil,0.1,383,Segmento=INTERNACIONAL,241.88290071262492,0.0045943350196142405,16
H2,Teste,75,3T24,Ridge Contábil,0.1,383,Segmento=REFINO / RTC,3927.4960381616525,0.07459904166173438,4
H2,Teste,75,3T24,Ridge + Brent e Câmbio,10.0,383,Custo_t,9488.302333225776,0.21988022070845742,1
H2,Teste,75,3T24,Ridge + Brent e Câmbio,10.0,383,Custo_t_1,4170.268947996089,0.09664106649384813,4
H2,Teste,75,3T24,Ridge + Brent e Câmbio,10.0,383,Custo_t_4,501.8730648023482,0.011630316613114654,19
H2,Teste,75,3T24,Ridge + Brent e Câmbio,10.0,383,Receita_t,5497.56732964064,0.12739964172179008,2
H2,Teste,75,3T24,Ridge + Brent e Câmbio,10.0,383,Receita_t_1,1164.2821552493772,0.026980866362857275,11
H2,Teste,75,3T24,Ridge + Brent e Câmbio,10.0,383,Receita_t_4,408.48383391949386,0.009466131284996643,21
H2,Teste,75,3T24,Ridge + Brent e Câmbio,10.0,383,Despesas_t,-743.8171711178577,0.017237086046406787,15
H2,Teste,75,3T24,Ridge + Brent e Câmbio,10.0,383,Despesas_t_1,-441.203056730184,0.010224360700582505,20
H2,Teste,75,3T24,Ridge + Brent e Câmbio,10.0,383,Despesas_t_4,-163.5996434213352,0.003791228866869218,27
H2,Teste,75,3T24,Ridge + Brent e Câmbio,10.0,383,EBIT_t,-183.60221115355824,0.004254764792816237,26
H2,Teste,75,3T24,Ridge + Brent e Câmbio,10.0,383,EBIT_t_1,-1304.8101608731477,0.030237437223175657,9
H2,Teste,75,3T24,Ridge + Brent e Câmbio,10.0,383,EBIT_t_4,-47.179926953454405,0.0010933391862111529,29
H2,Teste,75,3T24,Ridge + Brent e Câmbio,10.0,383,Trimestre_Sin,502.7702030894518,0.011651106735272079,18
H2,Teste,75,3T24,Ridge + Brent e Câmbio,10.0,383,Trimestre_Cos,-406.23122422508106,0.009413929710954989,22
H2,Teste,75,3T24,Ridge + Brent e Câmbio,10.0,383,Brent_t,1085.2717545683995,0.025149893473306578,12
H2,Teste,75,3T24,Ridge + Brent e Câmbio,10.0,383,Brent_t_1,-1884.3998071037213,0.04366874398995623,6
H2,Teste,75,3T24,Ridge + Brent e Câmbio,10.0,383,Brent_t_4,1718.5339824424775,0.039824999044478136,7
H2,Teste,75,3T24,Ridge + Brent e Câmbio,10.0,383,USD_BRL_t,1396.159765491929,0.03235435661716163,8
H2,Teste,75,3T24,Ridge + Brent e Câmbio,10.0,383,USD_BRL_t_1,1039.1000661622147,0.024079919026804876,13
H2,Teste,75,3T24,Ridge + Brent e Câmbio,10.0,383,USD_BRL_t_4,-300.4149245197234,0.006961761713283674,23
H2,Teste,75,3T24,Ridge + Brent e Câmbio,10.0,383,Brent_BRL_t,-1270.8829320045736,0.029451213691329976,10
H2,Teste,75,3T24,Ridge + Brent e Câmbio,10.0,383,Brent_Var_AA,2703.40329144884,0.06264818420743262,5
H2,Teste,75,3T24,Ridge + Brent e Câmbio,10.0,383,USD_BRL_Var_AA,560.0487818674235,0.012978470272104636,17
H2,Teste,75,3T24,Ridge + Brent e Câmbio,10.0,383,Segmento=CORPORATIVO / OUTROS NEGÓCIOS,-221.0860802740938,0.005123409269538791,25
H2,Teste,75,3T24,Ridge + Brent e Câmbio,10.0,383,Segmento=DISTRIBUIÇÃO,826.1546301773856,0.019145159591574645,14
H2,Teste,75,3T24,Ridge + Brent e Câmbio,10.0,383,Segmento=E&P,608.1581606615481,0.014093348408982317,16
H2,Teste,75,3T24,Ridge + Brent e Câmbio,10.0,383,Segmento=GÁS & ENERGIA / G&EBC,54.63460494158291,0.0012660925601841037,28
H2,Teste,75,3T24,Ridge + Brent e Câmbio,10.0,383,Segmento=INTERNACIONAL,278.49277148780806,0.006453741661036522,24
H2,Teste,75,3T24,Ridge + Brent e Câmbio,10.0,383,Segmento=REFINO / RTC,4181.40839412511,0.09689921002547255,3
H2,Teste,76,4T24,Ridge Contábil,0.1,387,Custo_t,20810.753709708595,0.3920674175606987,1
H2,Teste,76,4T24,Ridge Contábil,0.1,387,Custo_t_1,6149.575385343628,0.1158558778821027,3
H2,Teste,76,4T24,Ridge Contábil,0.1,387,Custo_t_4,-2087.4254149144194,0.03932637439240188,7
H2,Teste,76,4T24,Ridge Contábil,0.1,387,Receita_t,2464.4094583030787,0.04642862366288501,5
H2,Teste,76,4T24,Ridge Contábil,0.1,387,Receita_t_1,-8819.283778757173,0.1661522626284881,2
H2,Teste,76,4T24,Ridge Contábil,0.1,387,Receita_t_4,2354.307000510832,0.044354331357289487,6
H2,Teste,76,4T24,Ridge Contábil,0.1,387,Despesas_t,157.96725884185813,0.0029760486379874127,17
H2,Teste,76,4T24,Ridge Contábil,0.1,387,Despesas_t_1,365.1070715523351,0.006878491220137443,14
H2,Teste,76,4T24,Ridge Contábil,0.1,387,Despesas_t_4,-56.99891975822081,0.001073839976441105,19
H2,Teste,76,4T24,Ridge Contábil,0.1,387,EBIT_t,2026.0531117878757,0.038170141382669456,8
H2,Teste,76,4T24,Ridge Contábil,0.1,387,EBIT_t_1,4.413357978351361,8.314614114797255e-05,20
H2,Teste,76,4T24,Ridge Contábil,0.1,387,EBIT_t_4,375.33999502120315,0.007071275966643941,13
H2,Teste,76,4T24,Ridge Contábil,0.1,387,Trimestre_Sin,937.5807127343286,0.017663697044522603,9
H2,Teste,76,4T24,Ridge Contábil,0.1,387,Trimestre_Cos,-758.2117892297538,0.014284448430558497,10
H2,Teste,76,4T24,Ridge Contábil,0.1,387,Segmento=CORPORATIVO / OUTROS NEGÓCIOS,139.6528441295329,0.0026310113855861606,18
H2,Teste,76,4T24,Ridge Contábil,0.1,387,Segmento=DISTRIBUIÇÃO,719.238495355934,0.013550205024669058,11
H2,Teste,76,4T24,Ridge Contábil,0.1,387,Segmento=E&P,706.894496918158,0.013317648354334992,12
H2,Teste,76,4T24,Ridge Contábil,0.1,387,Segmento=GÁS & ENERGIA / G&EBC,306.4956110492081,0.005774271532591888,15
H2,Teste,76,4T24,Ridge Contábil,0.1,387,Segmento=INTERNACIONAL,218.23589948950672,0.004111489027519956,16
H2,Teste,76,4T24,Ridge Contábil,0.1,387,Segmento=REFINO / RTC,3621.5843043463215,0.06822939839132353,4
H2,Teste,76,4T24,Ridge + Brent e Câmbio,10.0,387,Custo_t,9394.083810542936,0.21582951901129496,1
H2,Teste,76,4T24,Ridge + Brent e Câmbio,10.0,387,Custo_t_1,4497.654910498055,0.10333383388831832,3
H2,Teste,76,4T24,Ridge + Brent e Câmbio,10.0,387,Custo_t_4,756.1938944496517,0.017373590422429235,16
H2,Teste,76,4T24,Ridge + Brent e Câmbio,10.0,387,Receita_t,5346.996370133663,0.12284749401808778,2
H2,Teste,76,4T24,Ridge + Brent e Câmbio,10.0,387,Receita_t_1,1300.7072041326942,0.029883809417095317,10
H2,Teste,76,4T24,Ridge + Brent e Câmbio,10.0,387,Receita_t_4,541.1007337526312,0.012431814901568299,19
H2,Teste,76,4T24,Ridge + Brent e Câmbio,10.0,387,Despesas_t,-761.260749832848,0.017490001664047895,14
H2,Teste,76,4T24,Ridge + Brent e Câmbio,10.0,387,Despesas_t_1,-525.3980568618736,0.012071045158730958,21
H2,Teste,76,4T24,Ridge + Brent e Câmbio,10.0,387,Despesas_t_4,-121.8969936950721,0.002800589184503957,27
H2,Teste,76,4T24,Ridge + Brent e Câmbio,10.0,387,EBIT_t,-202.5131169174693,0.004652748421162893,26
H2,Teste,76,4T24,Ridge + Brent e Câmbio,10.0,387,EBIT_t_1,-1363.4289194411087,0.03132484378719384,9
H2,Teste,76,4T24,Ridge + Brent e Câmbio,10.0,387,EBIT_t_4,-69.31704196259714,0.0015925623113222397,28
H2,Teste,76,4T24,Ridge + Brent e Câmbio,10.0,387,Trimestre_Sin,536.115777134206,0.012317285287936429,20
H2,Teste,76,4T24,Ridge + Brent e Câmbio,10.0,387,Trimestre_Cos,-413.6444284985192,0.009503500271558425,22
H2,Teste,76,4T24,Ridge + Brent e Câmbio,10.0,387,Brent_t,1090.4834616248909,0.025053909009001004,12
H2,Teste,76,4T24,Ridge + Brent e Câmbio,10.0,387,Brent_t_1,-1889.5776126478604,0.04341313485138347,6
H2,Teste,76,4T24,Ridge + Brent e Câmbio,10.0,387,Brent_t_4,1671.22694946822,0.03839651805720827,7
H2,Teste,76,4T24,Ridge + Brent e Câmbio,10.0,387,USD_BRL_t,1381.3582680307159,0.03173677141742616,8
H2,Teste,76,4T24,Ridge + Brent e Câmbio,10.0,387,USD_BRL_t_1,1001.4401096561637,0.02300813379407314,13
H2,Teste,76,4T24,Ridge + Brent e Câmbio,10.0,387,USD_BRL_t_4,-283.0438903145468,0.006502946741556022,23
H2,Teste,76,4T24,Ridge + Brent e Câmbio,10.0,387,Brent_BRL_t,-1250.2067322099156,0.028723558690706835,11
H2,Teste,76,4T24,Ridge + Brent e Câmbio,10.0,387,Brent_Var_AA,2705.7193783280863,0.06216403044527871,5
H2,Teste,76,4T24,Ridge + Brent e Câmbio,10.0,387,USD_BRL_Var_AA,572.2659076527653,0.013147836243130139,17
H2,Teste,76,4T24,Ridge + Brent e Câmbio,10.0,387,Segmento=CORPORATIVO / OUTROS NEGÓCIOS,-207.81785454242683,0.0047746250185156614,25
H2,Teste,76,4T24,Ridge + Brent e Câmbio,10.0,387,Segmento=DISTRIBUIÇÃO,757.84700575547,0.017411570732718408,15
H2,Teste,76,4T24,Ridge + Brent e Câmbio,10.0,387,Segmento=E&P,571.5357727315559,0.013131061358848062,18
H2,Teste,76,4T24,Ridge + Brent e Câmbio,10.0,387,Segmento=GÁS & ENERGIA / G&EBC,48.7573459645738,0.001120202325211432,29
H2,Teste,76,4T24,Ridge + Brent e Câmbio,10.0,387,Segmento=INTERNACIONAL,267.9347891821718,0.0061558144297882995,24
H2,Teste,76,4T24,Ridge + Brent e Câmbio,10.0,387,Segmento=REFINO / RTC,3995.9547553387206,0.09180724913990387,4
H2,Teste,77,1T25,Ridge Contábil,0.1,391,Custo_t,20916.694901858686,0.3893104771076461,1
H2,Teste,77,1T25,Ridge Contábil,0.1,391,Custo_t_1,6241.538322021461,0.11617018240371751,3
H2,Teste,77,1T25,Ridge Contábil,0.1,391,Custo_t_4,-2169.482560647584,0.040379337879397764,7
H2,Teste,77,1T25,Ridge Contábil,0.1,391,Receita_t,2636.3908380427297,0.04906963455825122,5
H2,Teste,77,1T25,Ridge Contábil,0.1,391,Receita_t_1,-8917.6534753747,0.1659791829191083,2
H2,Teste,77,1T25,Ridge Contábil,0.1,391,Receita_t_4,2430.620222740039,0.04523974380380388,6
H2,Teste,77,1T25,Ridge Contábil,0.1,391,Despesas_t,155.04016825729317,0.002885673963228912,17
H2,Teste,77,1T25,Ridge Contábil,0.1,391,Despesas_t_1,360.22594846276223,0.006704679516558345,14
H2,Teste,77,1T25,Ridge Contábil,0.1,391,Despesas_t_4,-61.43783013908315,0.0011435071877335438,19
H2,Teste,77,1T25,Ridge Contábil,0.1,391,EBIT_t,2027.2008125785053,0.037731129092857564,8
H2,Teste,77,1T25,Ridge Contábil,0.1,391,EBIT_t_1,-9.023100682023918,0.00016794181145688114,20
H2,Teste,77,1T25,Ridge Contábil,0.1,391,EBIT_t_4,366.15719038628214,0.006815074329597436,13
H2,Teste,77,1T25,Ridge Contábil,0.1,391,Trimestre_Sin,930.1581949626121,0.017312502398947497,9
H2,Teste,77,1T25,Ridge Contábil,0.1,391,Trimestre_Cos,-765.2077091799628,0.014242373364676658,10
H2,Teste,77,1T25,Ridge Contábil,0.1,391,Segmento=CORPORATIVO / OUTROS NEGÓCIOS,137.2849551344214,0.002555206337992436,18
H2,Teste,77,1T25,Ridge Contábil,0.1,391,Segmento=DISTRIBUIÇÃO,722.7936317629666,0.013452944404089576,11
H2,Teste,77,1T25,Ridge Contábil,0.1,391,Segmento=E&P,700.2329220350397,0.013033034819459843,12
H2,Teste,77,1T25,Ridge Contábil,0.1,391,Segmento=GÁS & ENERGIA / G&EBC,314.8487455814562,0.005860099596718242,15
H2,Teste,77,1T25,Ridge Contábil,0.1,391,Segmento=INTERNACIONAL,218.09612883264387,0.004059298487143983,16
H2,Teste,77,1T25,Ridge Contábil,0.1,391,Segmento=REFINO / RTC,3647.454063951393,0.06788797601761438,4
H2,Teste,77,1T25,Ridge + Brent e Câmbio,10.0,391,Custo_t,9466.492599842697,0.21603910473159788,1
H2,Teste,77,1T25,Ridge + Brent e Câmbio,10.0,391,Custo_t_1,4549.0663599996915,0.1038162987414465,3
H2,Teste,77,1T25,Ridge + Brent e Câmbio,10.0,391,Custo_t_4,797.5847309687663,0.0182020415067929,14
H2,Teste,77,1T25,Ridge + Brent e Câmbio,10.0,391,Receita_t,5403.508768773449,0.12331591500262226,2
H2,Teste,77,1T25,Ridge + Brent e Câmbio,10.0,391,Receita_t_1,1355.421068037256,0.0309326765942838,10
H2,Teste,77,1T25,Ridge + Brent e Câmbio,10.0,391,Receita_t_4,559.0793983840053,0.012759003551406979,19
H2,Teste,77,1T25,Ridge + Brent e Câmbio,10.0,391,Despesas_t,-768.5044727014872,0.017538387793956216,15
H2,Teste,77,1T25,Ridge + Brent e Câmbio,10.0,391,Despesas_t_1,-525.9464383251214,0.012002861299909523,21
H2,Teste,77,1T25,Ridge + Brent e Câmbio,10.0,391,Despesas_t_4,-121.45219674248177,0.0027717154558772536,27
H2,Teste,77,1T25,Ridge + Brent e Câmbio,10.0,391,EBIT_t,-219.26014862574362,0.005003834916979691,25
H2,Teste,77,1T25,Ridge + Brent e Câmbio,10.0,391,EBIT_t_1,-1379.5845403399853,0.03148412211314209,9
H2,Teste,77,1T25,Ridge + Brent e Câmbio,10.0,391,EBIT_t_4,-82.25528342052017,0.0018771849871734238,28
H2,Teste,77,1T25,Ridge + Brent e Câmbio,10.0,391,Trimestre_Sin,532.6403865073036,0.012155626915806414,20
H2,Teste,77,1T25,Ridge + Brent e Câmbio,10.0,391,Trimestre_Cos,-423.3384749718501,0.009661198608329149,22
H2,Teste,77,1T25,Ridge + Brent e Câmbio,10.0,391,Brent_t,1079.3005330076298,0.024631205108762173,12
H2,Teste,77,1T25,Ridge + Brent e Câmbio,10.0,391,Brent_t_1,-1888.2594550655429,0.04309282216943933,6
H2,Teste,77,1T25,Ridge + Brent e Câmbio,10.0,391,Brent_t_4,1651.9788093226884,0.03770055479762115,7
H2,Teste,77,1T25,Ridge + Brent e Câmbio,10.0,391,USD_BRL_t,1391.178776843776,0.03174871942285392,8
H2,Teste,77,1T25,Ridge + Brent e Câmbio,10.0,391,USD_BRL_t_1,986.0361703363991,0.02250277694993273,13
H2,Teste,77,1T25,Ridge + Brent e Câmbio,10.0,391,USD_BRL_t_4,-287.21923870428816,0.00655476001665037,23
H2,Teste,77,1T25,Ridge + Brent e Câmbio,10.0,391,Brent_BRL_t,-1234.7577759475755,0.028178965087927683,11
H2,Teste,77,1T25,Ridge + Brent e Câmbio,10.0,391,Brent_Var_AA,2689.459565081173,0.061377371874945956,5
H2,Teste,77,1T25,Ridge + Brent e Câmbio,10.0,391,USD_BRL_Var_AA,574.3002988117374,0.013106366597111011,17
H2,Teste,77,1T25,Ridge + Brent e Câmbio,10.0,391,Segmento=CORPORATIVO / OUTROS NEGÓCIOS,-211.15001482405725,0.004818749889205105,26
H2,Teste,77,1T25,Ridge + Brent e Câmbio,10.0,391,Segmento=DISTRIBUIÇÃO,751.773693772116,0.017156567128779367,16
H2,Teste,77,1T25,Ridge + Brent e Câmbio,10.0,391,Segmento=E&P,572.8985721395611,0.013074377159403067,18
H2,Teste,77,1T25,Ridge + Brent e Câmbio,10.0,391,Segmento=GÁS & ENERGIA / G&EBC,50.85895697897105,0.001160675236095609,29
H2,Teste,77,1T25,Ridge + Brent e Câmbio,10.0,391,Segmento=INTERNACIONAL,267.27860378284373,0.006099685777614882,24
H2,Teste,77,1T25,Ridge + Brent e Câmbio,10.0,391,Segmento=REFINO / RTC,3997.836390992068,0.09123643056433388,4
H2,Teste,78,2T25,Ridge Contábil,0.1,395,Custo_t,20865.74833250602,0.37830440208333416,1
H2,Teste,78,2T25,Ridge Contábil,0.1,395,Custo_t_1,6347.603733621998,0.11508460644897488,3
H2,Teste,78,2T25,Ridge Contábil,0.1,395,Custo_t_4,-2561.1432534423525,0.04643455636977427,7
H2,Teste,78,2T25,Ridge Contábil,0.1,395,Receita_t,3128.4225839395676,0.056719558590550535,5
H2,Teste,78,2T25,Ridge Contábil,0.1,395,Receita_t_1,-9093.969953436213,0.16487732963015694,2
H2,Teste,78,2T25,Ridge Contábil,0.1,395,Receita_t_4,2890.141824521043,0.05239943267015123,6
H2,Teste,78,2T25,Ridge Contábil,0.1,395,Despesas_t,133.5970848984075,0.002422168834646271,18
H2,Teste,78,2T25,Ridge Contábil,0.1,395,Despesas_t_1,358.21468242132244,0.0064945761393928525,13
H2,Teste,78,2T25,Ridge Contábil,0.1,395,Despesas_t_4,-85.29432471545246,0.0015464203822641253,19
H2,Teste,78,2T25,Ridge Contábil,0.1,395,EBIT_t,1993.8860646313433,0.03614995558666646,8
H2,Teste,78,2T25,Ridge Contábil,0.1,395,EBIT_t_1,-72.42101815836804,0.0013130221612989831,20
H2,Teste,78,2T25,Ridge Contábil,0.1,395,EBIT_t_4,310.2232164060481,0.0056244715753630365,14
H2,Teste,78,2T25,Ridge Contábil,0.1,395,Trimestre_Sin,907.0186954675952,0.016444613430553333,9
H2,Teste,78,2T25,Ridge Contábil,0.1,395,Trimestre_Cos,-759.0295741918507,0.01376151119300542,10
H2,Teste,78,2T25,Ridge Contábil,0.1,395,Segmento=CORPORATIVO / OUTROS NEGÓCIOS,135.87696058620352,0.0024635038970246648,17
H2,Teste,78,2T25,Ridge Contábil,0.1,395,Segmento=DISTRIBUIÇÃO,715.8863143151416,0.012979306554499455,11
H2,Teste,78,2T25,Ridge Contábil,0.1,395,Segmento=E&P,634.5503246058547,0.011504652376537725,12
H2,Teste,78,2T25,Ridge Contábil,0.1,395,Segmento=GÁS & ENERGIA / G&EBC,305.57154061067075,0.0055401348239360925,15
H2,Teste,78,2T25,Ridge Contábil,0.1,395,Segmento=INTERNACIONAL,212.96988984481504,0.0038612296839592893,16
H2,Teste,78,2T25,Ridge Contábil,0.1,395,Segmento=REFINO / RTC,3644.4061267690713,0.06607454756791026,4
H2,Teste,78,2T25,Ridge + Brent e Câmbio,10.0,395,Custo_t,9516.925823162544,0.2155276253516426,1
H2,Teste,78,2T25,Ridge + Brent e Câmbio,10.0,395,Custo_t_1,4583.989346730381,0.10381255007089198,3
H2,Teste,78,2T25,Ridge + Brent e Câmbio,10.0,395,Custo_t_4,807.8686133505504,0.018295614263147398,14
H2,Teste,78,2T25,Ridge + Brent e Câmbio,10.0,395,Receita_t,5522.453197094903,0.1250657245629267,2
H2,Teste,78,2T25,Ridge + Brent e Câmbio,10.0,395,Receita_t_1,1421.5989290792227,0.03219462325125763,9
H2,Teste,78,2T25,Ridge + Brent e Câmbio,10.0,395,Receita_t_4,671.6991154870524,0.015211815033734822,17
H2,Teste,78,2T25,Ridge + Brent e Câmbio,10.0,395,Despesas_t,-774.526975365021,0.01754053387333647,15
H2,Teste,78,2T25,Ridge + Brent e Câmbio,10.0,395,Despesas_t_1,-530.9504964853453,0.012024313503447556,20
H2,Teste,78,2T25,Ridge + Brent e Câmbio,10.0,395,Despesas_t_4,-124.26089927691748,0.0028141079422970565,27
H2,Teste,78,2T25,Ridge + Brent e Câmbio,10.0,395,EBIT_t,-228.65997272189568,0.005178409693367201,25
H2,Teste,78,2T25,Ridge + Brent e Câmbio,10.0,395,EBIT_t_1,-1414.0908079459068,0.03202458856266338,10
H2,Teste,78,2T25,Ridge + Brent e Câmbio,10.0,395,EBIT_t_4,-73.6906752666736,0.0016688557361800842,28
H2,Teste,78,2T25,Ridge + Brent e Câmbio,10.0,395,Trimestre_Sin,510.8164543343234,0.011568342491991505,21
H2,Teste,78,2T25,Ridge + Brent e Câmbio,10.0,395,Trimestre_Cos,-420.50040013445584,0.009522975631460576,22
H2,Teste,78,2T25,Ridge + Brent e Câmbio,10.0,395,Brent_t,1051.6539619729879,0.023816564857953654,12
H2,Teste,78,2T25,Ridge + Brent e Câmbio,10.0,395,Brent_t_1,-1883.1348048658351,0.04264691984064341,6
H2,Teste,78,2T25,Ridge + Brent e Câmbio,10.0,395,Brent_t_4,1625.114648455071,0.0368035968351488,7
H2,Teste,78,2T25,Ridge + Brent e Câmbio,10.0,395,USD_BRL_t,1458.674152605625,0.033034257292176475,8
H2,Teste,78,2T25,Ridge + Brent e Câmbio,10.0,395,USD_BRL_t_1,964.6833044348248,0.0218469604244663,13
H2,Teste,78,2T25,Ridge + Brent e Câmbio,10.0,395,USD_BRL_t_4,-365.4032516265507,0.00827520320975545,23
H2,Teste,78,2T25,Ridge + Brent e Câmbio,10.0,395,Brent_BRL_t,-1186.9894062235196,0.02688147546745274,11
H2,Teste,78,2T25,Ridge + Brent e Câmbio,10.0,395,Brent_Var_AA,2674.092494478253,0.060559556312064014,5
H2,Teste,78,2T25,Ridge + Brent e Câmbio,10.0,395,USD_BRL_Var_AA,565.9687223409853,0.012817363192279272,18
H2,Teste,78,2T25,Ridge + Brent e Câmbio,10.0,395,Segmento=CORPORATIVO / OUTROS NEGÓCIOS,-205.7890173149107,0.004660456438294679,26
H2,Teste,78,2T25,Ridge + Brent e Câmbio,10.0,395,Segmento=DISTRIBUIÇÃO,739.6912964116993,0.016751618282122304,16
H2,Teste,78,2T25,Ridge + Brent e Câmbio,10.0,395,Segmento=E&P,548.2488166860774,0.012416064573563305,19
H2,Teste,78,2T25,Ridge + Brent e Câmbio,10.0,395,Segmento=GÁS & ENERGIA / G&EBC,43.84472887831304,0.0009929414681714075,29
H2,Teste,78,2T25,Ridge + Brent e Câmbio,10.0,395,Segmento=INTERNACIONAL,266.1303587527451,0.006026992888434561,24
H2,Teste,78,2T25,Ridge + Brent e Câmbio,10.0,395,Segmento=REFINO / RTC,3974.9576201935733,0.09001994894912875,4
H2,Teste,79,3T25,Ridge Contábil,0.1,399,Custo_t,21190.868280650575,0.3858688583089209,1
H2,Teste,79,3T25,Ridge Contábil,0.1,399,Custo_t_1,6052.803685450957,0.11021674132180889,3
H2,Teste,79,3T25,Ridge Contábil,0.1,399,Custo_t_4,-2993.721968836065,0.05451329614765754,6
H2,Teste,79,3T25,Ridge Contábil,0.1,399,Receita_t,2839.242664691786,0.051700350876465496,7
H2,Teste,79,3T25,Ridge Contábil,0.1,399,Receita_t_1,-8570.736845156307,0.15606630164968086,2
H2,Teste,79,3T25,Ridge Contábil,0.1,399,Receita_t_4,3513.882003140093,0.06398499668944686,5
H2,Teste,79,3T25,Ridge Contábil,0.1,399,Despesas_t,157.40255644652166,0.0028661753707555078,17
H2,Teste,79,3T25,Ridge Contábil,0.1,399,Despesas_t_1,305.257252323621,0.005558491793948219,13
H2,Teste,79,3T25,Ridge Contábil,0.1,399,Despesas_t_4,-57.68155745609743,0.0010503352871759448,20
H2,Teste,79,3T25,Ridge Contábil,0.1,399,EBIT_t,1884.8032988752127,0.034320769089860904,8
H2,Teste,79,3T25,Ridge Contábil,0.1,399,EBIT_t_1,-115.57580778484487,0.0021045435424083634,19
H2,Teste,79,3T25,Ridge Contábil,0.1,399,EBIT_t_4,211.88299640156842,0.003858220854083679,15
H2,Teste,79,3T25,Ridge Contábil,0.1,399,Trimestre_Sin,903.6098772355199,0.016454017224197936,9
H2,Teste,79,3T25,Ridge Contábil,0.1,399,Trimestre_Cos,-734.5830538597615,0.01337617319743184,10
H2,Teste,79,3T25,Ridge Contábil,0.1,399,Segmento=CORPORATIVO / OUTROS NEGÓCIOS,119.76801134020482,0.0021808802350951097,18
H2,Teste,79,3T25,Ridge Contábil,0.1,399,Segmento=DISTRIBUIÇÃO,682.5359317538393,0.012428436496920357,11
H2,Teste,79,3T25,Ridge Contábil,0.1,399,Segmento=E&P,546.7052467588408,0.00995506774920382,12
H2,Teste,79,3T25,Ridge Contábil,0.1,399,Segmento=GÁS & ENERGIA / G&EBC,274.57131504049426,0.004999725280525498,14
H2,Teste,79,3T25,Ridge Contábil,0.1,399,Segmento=INTERNACIONAL,200.25685203199663,0.0036465180113777157,16
H2,Teste,79,3T25,Ridge Contábil,0.1,399,Segmento=REFINO / RTC,3561.3911721458235,0.06485010087303457,4
H2,Teste,79,3T25,Ridge + Brent e Câmbio,10.0,399,Custo_t,9537.278135257067,0.21451683911320937,1
H2,Teste,79,3T25,Ridge + Brent e Câmbio,10.0,399,Custo_t_1,4605.902437453995,0.10359807254586541,3
H2,Teste,79,3T25,Ridge + Brent e Câmbio,10.0,399,Custo_t_4,814.6720140176293,0.018323977017615158,14
H2,Teste,79,3T25,Ridge + Brent e Câmbio,10.0,399,Receita_t,5550.678635641819,0.12484841261463434,2
H2,Teste,79,3T25,Ridge + Brent e Câmbio,10.0,399,Receita_t_1,1549.1726854420415,0.03484470338481866,8
H2,Teste,79,3T25,Ridge + Brent e Câmbio,10.0,399,Receita_t_4,792.4308676447765,0.017823718940782843,15
H2,Teste,79,3T25,Ridge + Brent e Câmbio,10.0,399,Despesas_t,-768.2623747982057,0.017280110102071245,16
H2,Teste,79,3T25,Ridge + Brent e Câmbio,10.0,399,Despesas_t_1,-535.0067208088316,0.012033616827002646,19
H2,Teste,79,3T25,Ridge + Brent e Câmbio,10.0,399,Despesas_t_4,-96.98418579277642,0.0021814128397204236,27
H2,Teste,79,3T25,Ridge + Brent e Câmbio,10.0,399,EBIT_t,-278.67958744636655,0.0062681892439908835,24
H2,Teste,79,3T25,Ridge + Brent e Câmbio,10.0,399,EBIT_t_1,-1414.306970512163,0.031811241797434546,10
H2,Teste,79,3T25,Ridge + Brent e Câmbio,10.0,399,EBIT_t_4,-60.731439659907856,0.0013659994272870058,28
H2,Teste,79,3T25,Ridge + Brent e Câmbio,10.0,399,Trimestre_Sin,509.48991537204665,0.011459681122398355,21
H2,Teste,79,3T25,Ridge + Brent e Câmbio,10.0,399,Trimestre_Cos,-416.66085907823833,0.009371727363306983,22
H2,Teste,79,3T25,Ridge + Brent e Câmbio,10.0,399,Brent_t,1038.4092422800322,0.0233563774905943,12
H2,Teste,79,3T25,Ridge + Brent e Câmbio,10.0,399,Brent_t_1,-1886.5437940734737,0.042433009273077554,6
H2,Teste,79,3T25,Ridge + Brent e Câmbio,10.0,399,Brent_t_4,1614.2240051316842,0.03630786753732231,7
H2,Teste,79,3T25,Ridge + Brent e Câmbio,10.0,399,USD_BRL_t,1472.041916966722,0.03310984272362727,9
H2,Teste,79,3T25,Ridge + Brent e Câmbio,10.0,399,USD_BRL_t_1,976.9919929433813,0.021974952517150228,13
H2,Teste,79,3T25,Ridge + Brent e Câmbio,10.0,399,USD_BRL_t_4,-407.84030190066125,0.009173331341075409,23
H2,Teste,79,3T25,Ridge + Brent e Câmbio,10.0,399,Brent_BRL_t,-1173.2518964392955,0.026389320384536768,11
H2,Teste,79,3T25,Ridge + Brent e Câmbio,10.0,399,Brent_Var_AA,2688.4479307978436,0.06046980533190216,5
H2,Teste,79,3T25,Ridge + Brent e Câmbio,10.0,399,USD_BRL_Var_AA,575.2339857025761,0.012938426940411722,18
H2,Teste,79,3T25,Ridge + Brent e Câmbio,10.0,399,Segmento=CORPORATIVO / OUTROS NEGÓCIOS,-213.33896104394074,0.004798517872060437,26
H2,Teste,79,3T25,Ridge + Brent e Câmbio,10.0,399,Segmento=DISTRIBUIÇÃO,727.655767998048,0.016366767656318195,17
H2,Teste,79,3T25,Ridge + Brent e Câmbio,10.0,399,Segmento=E&P,514.7468273352763,0.011577922000126311,20
H2,Teste,79,3T25,Ridge + Brent e Câmbio,10.0,399,Segmento=GÁS & ENERGIA / G&EBC,25.813742680494336,0.0005806145534364384,29
H2,Teste,79,3T25,Ridge + Brent e Câmbio,10.0,399,Segmento=INTERNACIONAL,260.05216143110573,0.005849212624777375,25
H2,Teste,79,3T25,Ridge + Brent e Câmbio,10.0,399,Segmento=REFINO / RTC,3954.4955362620312,0.08894632941344555,4
H2,Teste,80,4T25,Ridge Contábil,0.1,403,Custo_t,21949.40220210749,0.4057252981210783,1
H2,Teste,80,4T25,Ridge Contábil,0.1,403,Custo_t_1,6031.357826268738,0.11148706600778516,3
H2,Teste,80,4T25,Ridge Contábil,0.1,403,Custo_t_4,-2719.864462433061,0.05027552958884798,6
H2,Teste,80,4T25,Ridge Contábil,0.1,403,Receita_t,2088.7582258681236,0.03860980112760563,7
H2,Teste,80,4T25,Ridge Contábil,0.1,403,Receita_t_1,-8336.106174657269,0.15408935203515658,2
H2,Teste,80,4T25,Ridge Contábil,0.1,403,Receita_t_4,3272.0455314017972,0.06048236013308237,5
H2,Teste,80,4T25,Ridge Contábil,0.1,403,Despesas_t,170.7141143678715,0.0031555772821334595,17
H2,Teste,80,4T25,Ridge Contábil,0.1,403,Despesas_t_1,263.88884397506985,0.004877872249401484,14
H2,Teste,80,4T25,Ridge Contábil,0.1,403,Despesas_t_4,-28.616217086646746,0.0005289585156657466,19
H2,Teste,80,4T25,Ridge Contábil,0.1,403,EBIT_t,1932.6844333907197,0.0357248439247301,8
H2,Teste,80,4T25,Ridge Contábil,0.1,403,EBIT_t_1,3.4992088200853946,6.468137622357378e-05,20
H2,Teste,80,4T25,Ridge Contábil,0.1,403,EBIT_t_4,232.95559864306472,0.004306084459072725,15
H2,Teste,80,4T25,Ridge Contábil,0.1,403,Trimestre_Sin,899.0425912284904,0.016618417212050672,9
H2,Teste,80,4T25,Ridge Contábil,0.1,403,Trimestre_Cos,-736.7616311103633,0.013618723174051764,10
H2,Teste,80,4T25,Ridge Contábil,0.1,403,Segmento=CORPORATIVO / OUTROS NEGÓCIOS,132.66830659429448,0.002452316821595283,18
H2,Teste,80,4T25,Ridge Contábil,0.1,403,Segmento=DISTRIBUIÇÃO,669.6250924331616,0.012377733013189451,11
H2,Teste,80,4T25,Ridge Contábil,0.1,403,Segmento=E&P,603.2535738298952,0.011150883920712874,12
H2,Teste,80,4T25,Ridge Contábil,0.1,403,Segmento=GÁS & ENERGIA / G&EBC,286.76492178411,0.005300726749193858,13
H2,Teste,80,4T25,Ridge Contábil,0.1,403,Segmento=INTERNACIONAL,201.00381648147197,0.0037154694517188,16
H2,Teste,80,4T25,Ridge Contábil,0.1,403,Segmento=REFINO / RTC,3540.1580304127287,0.06543830483670408,4
H2,Teste,80,4T25,Ridge + Brent e Câmbio,10.0,403,Custo_t,9646.771745781494,0.21521332514448818,1
H2,Teste,80,4T25,Ridge + Brent e Câmbio,10.0,403,Custo_t_1,4714.729806510542,0.10518261502980794,3
H2,Teste,80,4T25,Ridge + Brent e Câmbio,10.0,403,Custo_t_4,918.3945212318063,0.020488796036374487,14
H2,Teste,80,4T25,Ridge + Brent e Câmbio,10.0,403,Receita_t,5553.381575766034,0.12389240112780593,2
H2,Teste,80,4T25,Ridge + Brent e Câmbio,10.0,403,Receita_t_1,1613.6633402921655,0.03599979996208618,7
H2,Teste,80,4T25,Ridge + Brent e Câmbio,10.0,403,Receita_t_4,795.5543720275699,0.01774831065243768,15
H2,Teste,80,4T25,Ridge + Brent e Câmbio,10.0,403,Despesas_t,-780.9518675682793,0.017422538091114725,16
H2,Teste,80,4T25,Ridge + Brent e Câmbio,10.0,403,Despesas_t_1,-586.1709544316118,0.013077100146119998,19
H2,Teste,80,4T25,Ridge + Brent e Câmbio,10.0,403,Despesas_t_4,-94.21169827307865,0.002101802902274013,27
H2,Teste,80,4T25,Ridge + Brent e Câmbio,10.0,403,EBIT_t,-324.4975200160239,0.007239332714006401,24
H2,Teste,80,4T25,Ridge + Brent e Câmbio,10.0,403,EBIT_t_1,-1373.8072101079285,0.03064876267276582,10
H2,Teste,80,4T25,Ridge + Brent e Câmbio,10.0,403,EBIT_t_4,-83.01511838702307,0.0018520143459543664,28
H2,Teste,80,4T25,Ridge + Brent e Câmbio,10.0,403,Trimestre_Sin,505.4395342746462,0.011276033651184514,21
H2,Teste,80,4T25,Ridge + Brent e Câmbio,10.0,403,Trimestre_Cos,-418.64668631757974,0.00933974056787729,22
H2,Teste,80,4T25,Ridge + Brent e Câmbio,10.0,403,Brent_t,1031.7738319545776,0.023018216147709467,12
H2,Teste,80,4T25,Ridge + Brent e Câmbio,10.0,403,Brent_t_1,-1887.7771903349812,0.04211510513261325,6
H2,Teste,80,4T25,Ridge + Brent e Câmbio,10.0,403,Brent_t_4,1596.8003372106905,0.03562359711819978,8
H2,Teste,80,4T25,Ridge + Brent e Câmbio,10.0,403,USD_BRL_t,1473.6719129676246,0.03287668050200231,9
H2,Teste,80,4T25,Ridge + Brent e Câmbio,10.0,403,USD_BRL_t_1,957.6190432367529,0.021363870105746887,13
H2,Teste,80,4T25,Ridge + Brent e Câmbio,10.0,403,USD_BRL_t_4,-372.02639164918753,0.00829967152724843,23
H2,Teste,80,4T25,Ridge + Brent e Câmbio,10.0,403,Brent_BRL_t,-1204.844127393274,0.026879304058428283,11
H2,Teste,80,4T25,Ridge + Brent e Câmbio,10.0,403,Brent_Var_AA,2693.288889707687,0.06008555740755132,5
H2,Teste,80,4T25,Ridge + Brent e Câmbio,10.0,403,USD_BRL_Var_AA,598.5517355491173,0.013353307476655172,18
H2,Teste,80,4T25,Ridge + Brent e Câmbio,10.0,403,Segmento=CORPORATIVO / OUTROS NEGÓCIOS,-206.23285853361483,0.004600923542995729,26
H2,Teste,80,4T25,Ridge + Brent e Câmbio,10.0,403,Segmento=DISTRIBUIÇÃO,701.9466003970876,0.015659980968388547,17
H2,Teste,80,4T25,Ridge + Brent e Câmbio,10.0,403,Segmento=E&P,511.07410437632467,0.011401737316545127,20
H2,Teste,80,4T25,Ridge + Brent e Câmbio,10.0,403,Segmento=GÁS & ENERGIA / G&EBC,23.132074734168196,0.0005160618341786878,29
H2,Teste,80,4T25,Ridge + Brent e Câmbio,10.0,403,Segmento=INTERNACIONAL,256.27205344356554,0.00571726606751259,25
H2,Teste,80,4T25,Ridge + Brent e Câmbio,10.0,403,Segmento=REFINO / RTC,3899.9836430192404,0.08700614774992695,4
H2,Teste,81,1T26,Ridge Contábil,0.1,407,Custo_t,22183.115264192653,0.4076800202877952,1
H2,Teste,81,1T26,Ridge Contábil,0.1,407,Custo_t_1,6130.916782674672,0.11267363706927758,3
H2,Teste,81,1T26,Ridge Contábil,0.1,407,Custo_t_4,-2800.1741706413936,0.051461440338776095,6
H2,Teste,81,1T26,Ridge Contábil,0.1,407,Receita_t,1993.879664984129,0.03664340614883137,7
H2,Teste,81,1T26,Ridge Contábil,0.1,407,Receita_t_1,-8308.837294547146,0.152699335348842,2
H2,Teste,81,1T26,Ridge Contábil,0.1,407,Receita_t_4,3410.2082144966525,0.062672611015809,5
H2,Teste,81,1T26,Ridge Contábil,0.1,407,Despesas_t,161.69769170970204,0.0029716709060746142,17
H2,Teste,81,1T26,Ridge Contábil,0.1,407,Despesas_t_1,253.6404884037807,0.0046613903514792455,14
H2,Teste,81,1T26,Ridge Contábil,0.1,407,Despesas_t_4,-38.28536784998679,0.0007036062949644675,19
H2,Teste,81,1T26,Ridge Contábil,0.1,407,EBIT_t,1921.8865933631732,0.03532032160685146,8
H2,Teste,81,1T26,Ridge Contábil,0.1,407,EBIT_t_1,21.003167414500382,0.00038599500636742995,20
H2,Teste,81,1T26,Ridge Contábil,0.1,407,EBIT_t_4,206.9798445924581,0.00380386371515746,15
H2,Teste,81,1T26,Ridge Contábil,0.1,407,Trimestre_Sin,892.187630675045,0.01639657311618626,9
H2,Teste,81,1T26,Ridge Contábil,0.1,407,Trimestre_Cos,-756.3790743929801,0.013900691256450387,10
H2,Teste,81,1T26,Ridge Contábil,0.1,407,Segmento=CORPORATIVO / OUTROS NEGÓCIOS,134.24805462691,0.0024672030498006613,18
H2,Teste,81,1T26,Ridge Contábil,0.1,407,Segmento=DISTRIBUIÇÃO,649.3039673546767,0.011932871079265633,11
H2,Teste,81,1T26,Ridge Contábil,0.1,407,Segmento=E&P,588.354072260182,0.010812737402244551,12
H2,Teste,81,1T26,Ridge Contábil,0.1,407,Segmento=GÁS & ENERGIA / G&EBC,274.7140911446679,0.005048679814236068,13
H2,Teste,81,1T26,Ridge Contábil,0.1,407,Segmento=INTERNACIONAL,195.9433538116928,0.0036010357204496472,16
H2,Teste,81,1T26,Ridge Contábil,0.1,407,Segmento=REFINO / RTC,3491.2999603527496,0.06416291047114069,4
H2,Teste,81,1T26,Ridge + Brent e Câmbio,10.0,407,Custo_t,9687.723117261929,0.21442408950334152,1
H2,Teste,81,1T26,Ridge + Brent e Câmbio,10.0,407,Custo_t_1,4793.597639913745,0.10609952379340706,3
H2,Teste,81,1T26,Ridge + Brent e Câmbio,10.0,407,Custo_t_4,973.6168209057993,0.021549635329262833,14
H2,Teste,81,1T26,Ridge + Brent e Câmbio,10.0,407,Receita_t,5592.283478116979,0.1237773085094864,2
H2,Teste,81,1T26,Ridge + Brent e Câmbio,10.0,407,Receita_t_1,1690.283350450876,0.03741203831241653,7
H2,Teste,81,1T26,Ridge + Brent e Câmbio,10.0,407,Receita_t_4,830.7712243065301,0.01838794949043213,15
H2,Teste,81,1T26,Ridge + Brent e Câmbio,10.0,407,Despesas_t,-788.6415331689124,0.0174554681886963,16
H2,Teste,81,1T26,Ridge + Brent e Câmbio,10.0,407,Despesas_t_1,-587.9524230901818,0.013013497750339045,19
H2,Teste,81,1T26,Ridge + Brent e Câmbio,10.0,407,Despesas_t_4,-103.14415171702504,0.0022829503436271304,27
H2,Teste,81,1T26,Ridge + Brent e Câmbio,10.0,407,EBIT_t,-341.62575485009995,0.007561404320495083,24
H2,Teste,81,1T26,Ridge + Brent e Câmbio,10.0,407,EBIT_t_1,-1376.797323275808,0.030473467181160663,10
H2,Teste,81,1T26,Ridge + Brent e Câmbio,10.0,407,EBIT_t_4,-94.19736400204067,0.002084925814380736,28
H2,Teste,81,1T26,Ridge + Brent e Câmbio,10.0,407,Trimestre_Sin,501.49822181279467,0.011099955923404401,21
H2,Teste,81,1T26,Ridge + Brent e Câmbio,10.0,407,Trimestre_Cos,-426.3108056383071,0.00943578849622055,22
H2,Teste,81,1T26,Ridge + Brent e Câmbio,10.0,407,Brent_t,1029.8565983515293,0.022794423493282902,12
H2,Teste,81,1T26,Ridge + Brent e Câmbio,10.0,407,Brent_t_1,-1879.746649968633,0.04160554126472593,6
H2,Teste,81,1T26,Ridge + Brent e Câmbio,10.0,407,Brent_t_4,1585.229729977567,0.03508682457061572,8
H2,Teste,81,1T26,Ridge + Brent e Câmbio,10.0,407,USD_BRL_t,1479.5111949816137,0.03274689388352344,9
H2,Teste,81,1T26,Ridge + Brent e Câmbio,10.0,407,USD_BRL_t_1,984.3902734466176,0.021788090508453106,13
H2,Teste,81,1T26,Ridge + Brent e Câmbio,10.0,407,USD_BRL_t_4,-373.0134096654322,0.008256125796734485,23
H2,Teste,81,1T26,Ridge + Brent e Câmbio,10.0,407,Brent_BRL_t,-1222.9542059921932,0.02706836673076523,11
H2,Teste,81,1T26,Ridge + Brent e Câmbio,10.0,407,Brent_Var_AA,2695.863553966478,0.05966913804075387,5
H2,Teste,81,1T26,Ridge + Brent e Câmbio,10.0,407,USD_BRL_Var_AA,604.8197230360953,0.013386831648253385,18
H2,Teste,81,1T26,Ridge + Brent e Câmbio,10.0,407,Segmento=CORPORATIVO / OUTROS NEGÓCIOS,-202.0910000858064,0.004472999296708445,26
H2,Teste,81,1T26,Ridge + Brent e Câmbio,10.0,407,Segmento=DISTRIBUIÇÃO,688.2281164735646,0.015232958813871704,17
H2,Teste,81,1T26,Ridge + Brent e Câmbio,10.0,407,Segmento=E&P,501.5983668421303,0.0111021724924035,20
H2,Teste,81,1T26,Ridge + Brent e Câmbio,10.0,407,Segmento=GÁS & ENERGIA / G&EBC,17.100594483419627,0.0003784975435083937,29
H2,Teste,81,1T26,Ridge + Brent e Câmbio,10.0,407,Segmento=INTERNACIONAL,253.93531098108264,0.005620500007152956,25
H2,Teste,81,1T26,Ridge + Brent e Câmbio,10.0,407,Segmento=REFINO / RTC,3873.4174508198876,0.08573263295257665,4
H2,Teste,82,2T26,Ridge Contábil,0.1,411,Custo_t,22148.368109931547,0.3971142786889322,1
H2,Teste,82,2T26,Ridge Contábil,0.1,411,Custo_t_1,6359.117279610298,0.1140172611840599,3
H2,Teste,82,2T26,Ridge Contábil,0.1,411,Custo_t_4,-3546.250921542787,0.06358332450357569,6
H2,Teste,82,2T26,Ridge Contábil,0.1,411,Receita_t,1948.83944292125,0.03494216665602478,7
H2,Teste,82,2T26,Ridge Contábil,0.1,411,Receita_t_1,-8098.493934348247,0.14520381642759939,2
H2,Teste,82,2T26,Ridge Contábil,0.1,411,Receita_t_4,3814.29568809592,0.06838929502012855,4
H2,Teste,82,2T26,Ridge Contábil,0.1,411,Despesas_t,165.26612090480782,0.0029631770642913275,16
H2,Teste,82,2T26,Ridge Contábil,0.1,411,Despesas_t_1,249.44687272243874,0.004472515286034195,14
H2,Teste,82,2T26,Ridge Contábil,0.1,411,Despesas_t_4,-30.963696234682498,0.0005551707392051806,19
H2,Teste,82,2T26,Ridge Contábil,0.1,411,EBIT_t,1911.8235569394924,0.03427848178368034,8
H2,Teste,82,2T26,Ridge Contábil,0.1,411,EBIT_t_1,5.601772801988351,0.00010043827854944198,20
H2,Teste,82,2T26,Ridge Contábil,0.1,411,EBIT_t_4,158.88427812242207,0.002848752340959369,17
H2,Teste,82,2T26,Ridge Contábil,0.1,411,Trimestre_Sin,908.1057378318073,0.016282091450821264,9
H2,Teste,82,2T26,Ridge Contábil,0.1,411,Trimestre_Cos,-751.0548275107753,0.013466210901065962,10
H2,Teste,82,2T26,Ridge Contábil,0.1,411,Segmento=CORPORATIVO / OUTROS NEGÓCIOS,129.96360804798206,0.0023302125109001997,18
H2,Teste,82,2T26,Ridge Contábil,0.1,411,Segmento=DISTRIBUIÇÃO,717.2262690503118,0.01285967395326756,11
H2,Teste,82,2T26,Ridge Contábil,0.1,411,Segmento=E&P,602.9209133312661,0.010810209692002358,12
H2,Teste,82,2T26,Ridge Contábil,0.1,411,Segmento=GÁS & ENERGIA / G&EBC,293.9371709039034,0.005270214357283849,13
H2,Teste,82,2T26,Ridge Contábil,0.1,411,Segmento=INTERNACIONAL,208.38180638387885,0.0037362296997820003,15
H2,Teste,82,2T26,Ridge Contábil,0.1,411,Segmento=REFINO / RTC,3724.3436652263053,0.06677647946183649,5
H2,Teste,82,2T26,Ridge + Brent e Câmbio,10.0,411,Custo_t,9612.38813484268,0.2125227856154234,1
H2,Teste,82,2T26,Ridge + Brent e Câmbio,10.0,411,Custo_t_1,4886.124837281468,0.10802860295661167,3
H2,Teste,82,2T26,Ridge + Brent e Câmbio,10.0,411,Custo_t_4,785.3408510887092,0.01736330483014682,15
H2,Teste,82,2T26,Ridge + Brent e Câmbio,10.0,411,Receita_t,5586.684313081212,0.12351745434272761,2
H2,Teste,82,2T26,Ridge + Brent e Câmbio,10.0,411,Receita_t_1,1849.6092315108922,0.04089349084395152,7
H2,Teste,82,2T26,Ridge + Brent e Câmbio,10.0,411,Receita_t_4,854.2762133986971,0.018887414658007706,14
H2,Teste,82,2T26,Ridge + Brent e Câmbio,10.0,411,Despesas_t,-768.6569553913389,0.01699443624735729,16
H2,Teste,82,2T26,Ridge + Brent e Câmbio,10.0,411,Despesas_t_1,-580.5690443956063,0.012835951776624551,19
H2,Teste,82,2T26,Ridge + Brent e Câmbio,10.0,411,Despesas_t_4,-71.06002941762316,0.0015710846447207437,27
H2,Teste,82,2T26,Ridge + Brent e Câmbio,10.0,411,EBIT_t,-339.93909752045573,0.007515801789439779,24
H2,Teste,82,2T26,Ridge + Brent e Câmbio,10.0,411,EBIT_t_1,-1386.519774031753,0.030654925763972822,10
H2,Teste,82,2T26,Ridge + Brent e Câmbio,10.0,411,EBIT_t_4,-36.64240522813719,0.000810136453240537,28
H2,Teste,82,2T26,Ridge + Brent e Câmbio,10.0,411,Trimestre_Sin,527.796690375879,0.01166919409659468,20
H2,Teste,82,2T26,Ridge + Brent e Câmbio,10.0,411,Trimestre_Cos,-421.4393739091746,0.009317712565782035,23
H2,Teste,82,2T26,Ridge + Brent e Câmbio,10.0,411,Brent_t,990.8551379010721,0.02190707356944828,12
H2,Teste,82,2T26,Ridge + Brent e Câmbio,10.0,411,Brent_t_1,-1896.2998936121364,0.0419257868179371,6
H2,Teste,82,2T26,Ridge + Brent e Câmbio,10.0,411,Brent_t_4,1566.8105227799886,0.03464102074964857,8
H2,Teste,82,2T26,Ridge + Brent e Câmbio,10.0,411,USD_BRL_t,1492.7138745367358,0.03300279871070049,9
H2,Teste,82,2T26,Ridge + Brent e Câmbio,10.0,411,USD_BRL_t_1,907.9774129850109,0.020074708425890916,13
H2,Teste,82,2T26,Ridge + Brent e Câmbio,10.0,411,USD_BRL_t_4,-434.6377810311371,0.009609519576474681,22
H2,Teste,82,2T26,Ridge + Brent e Câmbio,10.0,411,Brent_BRL_t,-1093.9162035507968,0.02418567743491027,11
H2,Teste,82,2T26,Ridge + Brent e Câmbio,10.0,411,Brent_Var_AA,2710.93765755333,0.05993682470276297,5
H2,Teste,82,2T26,Ridge + Brent e Câmbio,10.0,411,USD_BRL_Var_AA,640.6570597880035,0.014164453313823839,18
H2,Teste,82,2T26,Ridge + Brent e Câmbio,10.0,411,Segmento=CORPORATIVO / OUTROS NEGÓCIOS,-215.65831892471317,0.004768045779683815,26
H2,Teste,82,2T26,Ridge + Brent e Câmbio,10.0,411,Segmento=DISTRIBUIÇÃO,733.6374217056596,0.016220180282509534,17
H2,Teste,82,2T26,Ridge + Brent e Câmbio,10.0,411,Segmento=E&P,517.6782643353866,0.011445483187504938,21
H2,Teste,82,2T26,Ridge + Brent e Câmbio,10.0,411,Segmento=GÁS & ENERGIA / G&EBC,19.290863705732338,0.0004265067155173508,29
H2,Teste,82,2T26,Ridge + Brent e Câmbio,10.0,411,Segmento=INTERNACIONAL,256.1436264182339,0.00566314595711343,25
H2,Teste,82,2T26,Ridge + Brent e Câmbio,10.0,411,Segmento=REFINO / RTC,4045.6568606579526,0.08944647819147271,4
H3,Validação,53,1T19,Ridge Contábil,0.1,282,Custo_t,9384.019532438007,0.2538951380289492,1
H3,Validação,53,1T19,Ridge Contábil,0.1,282,Custo_t_1,4019.698570822586,0.10875743810484365,3
H3,Validação,53,1T19,Ridge Contábil,0.1,282,Custo_t_4,154.46682299898185,0.004179272561257198,20
H3,Validação,53,1T19,Ridge Contábil,0.1,282,Receita_t,-2568.8957648890055,0.06950434646410257,5
H3,Validação,53,1T19,Ridge Contábil,0.1,282,Receita_t_1,-1746.8523389783338,0.04726304268527766,8
H3,Validação,53,1T19,Ridge Contábil,0.1,282,Receita_t_4,3220.898610469897,0.08714501226853745,4
H3,Validação,53,1T19,Ridge Contábil,0.1,282,Despesas_t,-993.5586730881471,0.026881840513181092,9
H3,Validação,53,1T19,Ridge Contábil,0.1,282,Despesas_t_1,174.95418338477674,0.004733580997532245,18
H3,Validação,53,1T19,Ridge Contábil,0.1,282,Despesas_t_4,199.4754247309164,0.005397030592313919,17
H3,Validação,53,1T19,Ridge Contábil,0.1,282,EBIT_t,-440.7027348003135,0.01192370511325981,14
H3,Validação,53,1T19,Ridge Contábil,0.1,282,EBIT_t_1,158.8721623537152,0.004298463941845021,19
H3,Validação,53,1T19,Ridge Contábil,0.1,282,EBIT_t_4,872.2470241601533,0.02359961824769841,10
H3,Validação,53,1T19,Ridge Contábil,0.1,282,Trimestre_Sin,439.99329134263803,0.011904510327487294,15
H3,Validação,53,1T19,Ridge Contábil,0.1,282,Trimestre_Cos,545.9596975038623,0.014771549896803479,13
H3,Validação,53,1T19,Ridge Contábil,0.1,282,Segmento=CORPORATIVO / OUTROS NEGÓCIOS,268.9787435889354,0.007277520575729603,16
H3,Validação,53,1T19,Ridge Contábil,0.1,282,Segmento=DISTRIBUIÇÃO,2243.497378325144,0.06070032938107709,6
H3,Validação,53,1T19,Ridge Contábil,0.1,282,Segmento=E&P,2209.548318492186,0.05978179961859667,7
H3,Validação,53,1T19,Ridge Contábil,0.1,282,Segmento=GÁS & ENERGIA / G&EBC,769.5686526115664,0.020821540130234902,11
H3,Validação,53,1T19,Ridge Contábil,0.1,282,Segmento=INTERNACIONAL,613.8989439708869,0.016609722153340386,12
H3,Validação,53,1T19,Ridge Contábil,0.1,282,Segmento=REFINO / RTC,5934.1306652984285,0.1605545383979323,2
H3,Validação,53,1T19,Ridge + Brent e Câmbio,10.0,282,Custo_t,3421.8240386992975,0.10481783068353899,2
H3,Validação,53,1T19,Ridge + Brent e Câmbio,10.0,282,Custo_t_1,2713.90379040408,0.08313271073462927,3
H3,Validação,53,1T19,Ridge + Brent e Câmbio,10.0,282,Custo_t_4,1641.6499475136625,0.050287269098014904,8
H3,Validação,53,1T19,Ridge + Brent e Câmbio,10.0,282,Receita_t,2123.858259434757,0.06505834692712305,4
H3,Validação,53,1T19,Ridge + Brent e Câmbio,10.0,282,Receita_t_1,2115.702600044506,0.06480852153709367,5
H3,Validação,53,1T19,Ridge + Brent e Câmbio,10.0,282,Receita_t_4,2031.746635731282,0.06223676976004967,6
H3,Validação,53,1T19,Ridge + Brent e Câmbio,10.0,282,Despesas_t,-1568.992467987573,0.04806161421315611,9
H3,Validação,53,1T19,Ridge + Brent e Câmbio,10.0,282,Despesas_t_1,-338.88024685584,0.010380630896039134,20
H3,Validação,53,1T19,Ridge + Brent e Câmbio,10.0,282,Despesas_t_4,318.83057561858425,0.009766466338996001,22
H3,Validação,53,1T19,Ridge + Brent e Câmbio,10.0,282,EBIT_t,-1667.8204628347369,0.051088928275343046,7
H3,Validação,53,1T19,Ridge + Brent e Câmbio,10.0,282,EBIT_t_1,-770.2282639116955,0.023593748492415387,15
H3,Validação,53,1T19,Ridge + Brent e Câmbio,10.0,282,EBIT_t_4,1198.3886058972735,0.03670922074466767,12
H3,Validação,53,1T19,Ridge + Brent e Câmbio,10.0,282,Trimestre_Sin,371.6603326733786,0.011384755434927084,18
H3,Validação,53,1T19,Ridge + Brent e Câmbio,10.0,282,Trimestre_Cos,548.1544924789002,0.016791151190496314,17
H3,Validação,53,1T19,Ridge + Brent e Câmbio,10.0,282,Brent_t,318.1223450869073,0.009744771714399685,23
H3,Validação,53,1T19,Ridge + Brent e Câmbio,10.0,282,Brent_t_1,-1325.060066313972,0.04058944004882602,11
H3,Validação,53,1T19,Ridge + Brent e Câmbio,10.0,282,Brent_t_4,-352.84188465890503,0.010808305893571398,19
H3,Validação,53,1T19,Ridge + Brent e Câmbio,10.0,282,USD_BRL_t,-315.83642265269896,0.009674748993197566,24
H3,Validação,53,1T19,Ridge + Brent e Câmbio,10.0,282,USD_BRL_t_1,-574.7933241434754,0.017607155904779084,16
H3,Validação,53,1T19,Ridge + Brent e Câmbio,10.0,282,USD_BRL_t_4,114.44290588689152,0.003505632375165664,29
H3,Validação,53,1T19,Ridge + Brent e Câmbio,10.0,282,Brent_BRL_t,1140.6942558451224,0.034941918701438715,13
H3,Validação,53,1T19,Ridge + Brent e Câmbio,10.0,282,Brent_Var_AA,-267.1094598704682,0.008182137310987159,25
H3,Validação,53,1T19,Ridge + Brent e Câmbio,10.0,282,USD_BRL_Var_AA,-332.52347587718106,0.010185909327484022,21
H3,Validação,53,1T19,Ridge + Brent e Câmbio,10.0,282,Segmento=CORPORATIVO / OUTROS NEGÓCIOS,-119.71368969500175,0.0036670878207174587,28
H3,Validação,53,1T19,Ridge + Brent e Câmbio,10.0,282,Segmento=DISTRIBUIÇÃO,1382.659494844277,0.04235383444166367,10
H3,Validação,53,1T19,Ridge + Brent e Câmbio,10.0,282,Segmento=E&P,920.0469689693226,0.028183017689883152,14
H3,Validação,53,1T19,Ridge + Brent e Câmbio,10.0,282,Segmento=GÁS & ENERGIA / G&EBC,259.4083829463268,0.007946236759706212,26
H3,Validação,53,1T19,Ridge + Brent e Câmbio,10.0,282,Segmento=INTERNACIONAL,142.38993824987483,0.004361710090793634,27
H3,Validação,53,1T19,Ridge + Brent e Câmbio,10.0,282,Segmento=REFINO / RTC,4248.1551020642,0.1301301286008962,1
H3,Validação,54,2T19,Ridge Contábil,0.1,288,Custo_t,9145.173797474748,0.24377676953229416,1
H3,Validação,54,2T19,Ridge Contábil,0.1,288,Custo_t_1,4633.789551494494,0.1235198228674172,3
H3,Validação,54,2T19,Ridge Contábil,0.1,288,Custo_t_4,1516.7665299698813,0.040431428969984674,8
H3,Validação,54,2T19,Ridge Contábil,0.1,288,Receita_t,-1663.0961791944828,0.04433204037057032,7
H3,Validação,54,2T19,Ridge Contábil,0.1,288,Receita_t_1,-2601.4697209710744,0.06934563504845827,4
H3,Validação,54,2T19,Ridge Contábil,0.1,288,Receita_t_4,1484.8151043565388,0.039579721228779924,9
H3,Validação,54,2T19,Ridge Contábil,0.1,288,Despesas_t,-988.533825273569,0.02635068374153087,11
H3,Validação,54,2T19,Ridge Contábil,0.1,288,Despesas_t_1,311.2613596714031,0.008297085481511176,19
H3,Validação,54,2T19,Ridge Contábil,0.1,288,Despesas_t_4,489.89909322174816,0.013058911835593002,15
H3,Validação,54,2T19,Ridge Contábil,0.1,288,EBIT_t,-445.5570569579065,0.011876915889505242,16
H3,Validação,54,2T19,Ridge Contábil,0.1,288,EBIT_t_1,372.46545664024904,0.009928562080165475,18
H3,Validação,54,2T19,Ridge Contábil,0.1,288,EBIT_t_4,1375.4788153255822,0.036665217040792196,10
H3,Validação,54,2T19,Ridge Contábil,0.1,288,Trimestre_Sin,441.9651315615775,0.01178116834124543,17
H3,Validação,54,2T19,Ridge Contábil,0.1,288,Trimestre_Cos,502.5150034799437,0.013395205701140037,14
H3,Validação,54,2T19,Ridge Contábil,0.1,288,Segmento=CORPORATIVO / OUTROS NEGÓCIOS,269.5628850087339,0.007185557185515683,20
H3,Validação,54,2T19,Ridge Contábil,0.1,288,Segmento=DISTRIBUIÇÃO,2158.7239418764266,0.05754365750905329,5
H3,Validação,54,2T19,Ridge Contábil,0.1,288,Segmento=E&P,2050.8399444819847,0.05466786608600679,6
H3,Validação,54,2T19,Ridge Contábil,0.1,288,Segmento=GÁS & ENERGIA / G&EBC,729.8846053254184,0.019456044812042328,12
H3,Validação,54,2T19,Ridge Contábil,0.1,288,Segmento=INTERNACIONAL,571.5840893132822,0.01523633403744889,13
H3,Validação,54,2T19,Ridge Contábil,0.1,288,Segmento=REFINO / RTC,5761.159655018235,0.15357137224094505,2
H3,Validação,54,2T19,Ridge + Brent e Câmbio,10.0,288,Custo_t,3499.920109466118,0.10762743557347991,2
H3,Validação,54,2T19,Ridge + Brent e Câmbio,10.0,288,Custo_t_1,2730.6225356729706,0.0839704598510008,3
H3,Validação,54,2T19,Ridge + Brent e Câmbio,10.0,288,Custo_t_4,1598.126561655463,0.04914462564092006,8
H3,Validação,54,2T19,Ridge + Brent e Câmbio,10.0,288,Receita_t,2221.981375742355,0.0683290332017499,4
H3,Validação,54,2T19,Ridge + Brent e Câmbio,10.0,288,Receita_t_1,2108.9456156742554,0.0648530255776546,5
H3,Validação,54,2T19,Ridge + Brent e Câmbio,10.0,288,Receita_t_4,1998.860941905463,0.06146776798230749,6
H3,Validação,54,2T19,Ridge + Brent e Câmbio,10.0,288,Despesas_t,-1527.5865992103188,0.046975423194588056,9
H3,Validação,54,2T19,Ridge + Brent e Câmbio,10.0,288,Despesas_t_1,-338.49934984333436,0.010409328163917906,21
H3,Validação,54,2T19,Ridge + Brent e Câmbio,10.0,288,Despesas_t_4,283.4820996466871,0.008717470816958941,24
H3,Validação,54,2T19,Ridge + Brent e Câmbio,10.0,288,EBIT_t,-1607.166317182222,0.04942261075918742,7
H3,Validação,54,2T19,Ridge + Brent e Câmbio,10.0,288,EBIT_t_1,-758.5543718240194,0.02332660724502218,15
H3,Validação,54,2T19,Ridge + Brent e Câmbio,10.0,288,EBIT_t_4,1149.5613019640205,0.03535061689844439,12
H3,Validação,54,2T19,Ridge + Brent e Câmbio,10.0,288,Trimestre_Sin,370.60354411561633,0.011396577013208236,18
H3,Validação,54,2T19,Ridge + Brent e Câmbio,10.0,288,Trimestre_Cos,561.9955769624979,0.017282149552076072,17
H3,Validação,54,2T19,Ridge + Brent e Câmbio,10.0,288,Brent_t,356.7175319007532,0.010969562727657669,19
H3,Validação,54,2T19,Ridge + Brent e Câmbio,10.0,288,Brent_t_1,-1311.1169244585806,0.0403186781134814,11
H3,Validação,54,2T19,Ridge + Brent e Câmbio,10.0,288,Brent_t_4,-327.3093807837444,0.0100652209739358,22
H3,Validação,54,2T19,Ridge + Brent e Câmbio,10.0,288,USD_BRL_t,-310.1319592623699,0.009536991251460148,23
H3,Validação,54,2T19,Ridge + Brent e Câmbio,10.0,288,USD_BRL_t_1,-564.1586370294882,0.01734866667267317,16
H3,Validação,54,2T19,Ridge + Brent e Câmbio,10.0,288,USD_BRL_t_4,131.40289885713125,0.004040822815544699,28
H3,Validação,54,2T19,Ridge + Brent e Câmbio,10.0,288,Brent_BRL_t,1125.8456489427085,0.03462132741817005,13
H3,Validação,54,2T19,Ridge + Brent e Câmbio,10.0,288,Brent_Var_AA,-280.9689156913844,0.008640186897391157,25
H3,Validação,54,2T19,Ridge + Brent e Câmbio,10.0,288,USD_BRL_Var_AA,-341.6843671691013,0.010507271898719809,20
H3,Validação,54,2T19,Ridge + Brent e Câmbio,10.0,288,Segmento=CORPORATIVO / OUTROS NEGÓCIOS,-88.32591852496665,0.0027161454570928433,29
H3,Validação,54,2T19,Ridge + Brent e Câmbio,10.0,288,Segmento=DISTRIBUIÇÃO,1369.6928454436447,0.0421199695615136,10
H3,Validação,54,2T19,Ridge + Brent e Câmbio,10.0,288,Segmento=E&P,910.4721888359916,0.027998292469692602,14
H3,Validação,54,2T19,Ridge + Brent e Câmbio,10.0,288,Segmento=GÁS & ENERGIA / G&EBC,268.50053869344026,0.00825676687633908,26
H3,Validação,54,2T19,Ridge + Brent e Câmbio,10.0,288,Segmento=INTERNACIONAL,155.18367663905514,0.004772114973239601,27
H3,Validação,54,2T19,Ridge + Brent e Câmbio,10.0,288,Segmento=REFINO / RTC,4221.429258073392,0.12981485042257232,1
H3,Validação,55,3T19,Ridge Contábil,0.1,294,Custo_t,8929.195568753637,0.24636822735292163,1
H3,Validação,55,3T19,Ridge Contábil,0.1,294,Custo_t_1,4649.8644506161945,0.12829586420286926,3
H3,Validação,55,3T19,Ridge Contábil,0.1,294,Custo_t_4,1684.988854578897,0.046491054431007095,7
H3,Validação,55,3T19,Ridge Contábil,0.1,294,Receita_t,-1436.0861949853047,0.039623503311162996,8
H3,Validação,55,3T19,Ridge Contábil,0.1,294,Receita_t_1,-2308.7874299015207,0.06370247600243141,4
H3,Validação,55,3T19,Ridge Contábil,0.1,294,Receita_t_4,1090.1599018499855,0.030078942776197392,10
H3,Validação,55,3T19,Ridge Contábil,0.1,294,Despesas_t,-947.1966489800312,0.02613439895755478,11
H3,Validação,55,3T19,Ridge Contábil,0.1,294,Despesas_t_1,297.10586805086183,0.008197540918913816,19
H3,Validação,55,3T19,Ridge Contábil,0.1,294,Despesas_t_4,465.1921654829424,0.012835262516766323,15
H3,Validação,55,3T19,Ridge Contábil,0.1,294,EBIT_t,-414.55758062829887,0.011438187851155556,17
H3,Validação,55,3T19,Ridge Contábil,0.1,294,EBIT_t_1,376.10816620647466,0.010377318033608833,18
H3,Validação,55,3T19,Ridge Contábil,0.1,294,EBIT_t_4,1322.5747649504729,0.03649157394679359,9
H3,Validação,55,3T19,Ridge Contábil,0.1,294,Trimestre_Sin,439.3828694532018,0.01212315015870297,16
H3,Validação,55,3T19,Ridge Contábil,0.1,294,Trimestre_Cos,492.2332410360235,0.013581361288870933,14
H3,Validação,55,3T19,Ridge Contábil,0.1,294,Segmento=CORPORATIVO / OUTROS NEGÓCIOS,267.3228253904517,0.0073757876748591685,20
H3,Validação,55,3T19,Ridge Contábil,0.1,294,Segmento=DISTRIBUIÇÃO,2109.7770457839965,0.05821151825799238,5
H3,Validação,55,3T19,Ridge Contábil,0.1,294,Segmento=E&P,2036.3762052254408,0.056186292711594144,6
H3,Validação,55,3T19,Ridge Contábil,0.1,294,Segmento=GÁS & ENERGIA / G&EBC,697.3038376539042,0.019239528251609486,12
H3,Validação,55,3T19,Ridge Contábil,0.1,294,Segmento=INTERNACIONAL,554.198594081263,0.015291066723084478,13
H3,Validação,55,3T19,Ridge Contábil,0.1,294,Segmento=REFINO / RTC,5724.879645461035,0.15795694463190363,2
H3,Validação,55,3T19,Ridge + Brent e Câmbio,10.0,294,Custo_t,3524.0139296633943,0.10848997574510039,2
H3,Validação,55,3T19,Ridge + Brent e Câmbio,10.0,294,Custo_t_1,2802.3935928589744,0.08627423698819922,3
H3,Validação,55,3T19,Ridge + Brent e Câmbio,10.0,294,Custo_t_4,1593.0634127818241,0.04904390688081514,7
H3,Validação,55,3T19,Ridge + Brent e Câmbio,10.0,294,Receita_t,2275.598159533465,0.07005636017930329,4
H3,Validação,55,3T19,Ridge + Brent e Câmbio,10.0,294,Receita_t_1,2172.6891253211425,0.06688821191187774,5
H3,Validação,55,3T19,Ridge + Brent e Câmbio,10.0,294,Receita_t_4,1933.93620018552,0.05953798584182654,6
H3,Validação,55,3T19,Ridge + Brent e Câmbio,10.0,294,Despesas_t,-1464.4777629617577,0.045085280635691456,9
H3,Validação,55,3T19,Ridge + Brent e Câmbio,10.0,294,Despesas_t_1,-321.0074464647018,0.00988250636236237,23
H3,Validação,55,3T19,Ridge + Brent e Câmbio,10.0,294,Despesas_t_4,266.38471028222045,0.008200895721244826,24
H3,Validação,55,3T19,Ridge + Brent e Câmbio,10.0,294,EBIT_t,-1557.1807415664111,0.04793922619352813,8
H3,Validação,55,3T19,Ridge + Brent e Câmbio,10.0,294,EBIT_t_1,-717.5722554973299,0.022091114890030614,15
H3,Validação,55,3T19,Ridge + Brent e Câmbio,10.0,294,EBIT_t_4,1090.4549861767196,0.03357064908444791,12
H3,Validação,55,3T19,Ridge + Brent e Câmbio,10.0,294,Trimestre_Sin,415.7349786498174,0.012798779644556247,19
H3,Validação,55,3T19,Ridge + Brent e Câmbio,10.0,294,Trimestre_Cos,548.7032268637732,0.0168923281694846,17
H3,Validação,55,3T19,Ridge + Brent e Câmbio,10.0,294,Brent_t,533.7367610339548,0.01643157189914206,18
H3,Validação,55,3T19,Ridge + Brent e Câmbio,10.0,294,Brent_t_1,-1295.6968754712293,0.039889207420443704,11
H3,Validação,55,3T19,Ridge + Brent e Câmbio,10.0,294,Brent_t_4,-246.40174019734755,0.007585701802295133,26
H3,Validação,55,3T19,Ridge + Brent e Câmbio,10.0,294,USD_BRL_t,-324.7821789588127,0.009998714937272701,22
H3,Validação,55,3T19,Ridge + Brent e Câmbio,10.0,294,USD_BRL_t_1,-580.7899323419055,0.01788014659714764,16
H3,Validação,55,3T19,Ridge + Brent e Câmbio,10.0,294,USD_BRL_t_4,246.5727913018222,0.007590967766206178,25
H3,Validação,55,3T19,Ridge + Brent e Câmbio,10.0,294,Brent_BRL_t,994.4572757032672,0.030615272207760925,13
H3,Validação,55,3T19,Ridge + Brent e Câmbio,10.0,294,Brent_Var_AA,-357.0898506464374,0.010993336010778464,21
H3,Validação,55,3T19,Ridge + Brent e Câmbio,10.0,294,USD_BRL_Var_AA,-383.91227303908204,0.011819088693055972,20
H3,Validação,55,3T19,Ridge + Brent e Câmbio,10.0,294,Segmento=CORPORATIVO / OUTROS NEGÓCIOS,-87.83725149432752,0.0027041497208400954,29
H3,Validação,55,3T19,Ridge + Brent e Câmbio,10.0,294,Segmento=DISTRIBUIÇÃO,1319.5560410514254,0.040623733545129326,10
H3,Validação,55,3T19,Ridge + Brent e Câmbio,10.0,294,Segmento=E&P,879.8077115651625,0.02708568104246227,14
H3,Validação,55,3T19,Ridge + Brent e Câmbio,10.0,294,Segmento=GÁS & ENERGIA / G&EBC,240.52814500999852,0.007404877829368074,27
H3,Validação,55,3T19,Ridge + Brent e Câmbio,10.0,294,Segmento=INTERNACIONAL,139.38164295923428,0.004290990718474243,28
H3,Validação,55,3T19,Ridge + Brent e Câmbio,10.0,294,Segmento=REFINO / RTC,4168.631087436673,0.12833510156115485,1
H3,Validação,56,4T19,Ridge Contábil,0.1,300,Custo_t,8618.64225384431,0.24580591860981968,1
H3,Validação,56,4T19,Ridge Contábil,0.1,300,Custo_t_1,4214.621793082686,0.12020210967447464,3
H3,Validação,56,4T19,Ridge Contábil,0.1,300,Custo_t_4,1773.566408984062,0.0505825752520812,7
H3,Validação,56,4T19,Ridge Contábil,0.1,300,Receita_t,-761.7162791853461,0.0217243463889794,11
H3,Validação,56,4T19,Ridge Contábil,0.1,300,Receita_t_1,-2434.0249724217556,0.06941902525290483,4
H3,Validação,56,4T19,Ridge Contábil,0.1,300,Receita_t_4,948.8120932672043,0.027060367666336613,9
H3,Validação,56,4T19,Ridge Contábil,0.1,300,Despesas_t,-884.6774900788531,0.025231232103324102,10
H3,Validação,56,4T19,Ridge Contábil,0.1,300,Despesas_t_1,357.63921169914335,0.01019996333220443,18
H3,Validação,56,4T19,Ridge Contábil,0.1,300,Despesas_t_4,379.18614224249797,0.010814487395210856,17
H3,Validação,56,4T19,Ridge Contábil,0.1,300,EBIT_t,-444.61724789914524,0.012680599545812587,14
H3,Validação,56,4T19,Ridge Contábil,0.1,300,EBIT_t_1,345.58403591437997,0.009856146583521668,19
H3,Validação,56,4T19,Ridge Contábil,0.1,300,EBIT_t_4,1195.0909923756847,0.034084305920946606,8
H3,Validação,56,4T19,Ridge Contábil,0.1,300,Trimestre_Sin,439.17810303707506,0.012525473719737524,15
H3,Validação,56,4T19,Ridge Contábil,0.1,300,Trimestre_Cos,383.2155542994945,0.01092940727504294,16
H3,Validação,56,4T19,Ridge Contábil,0.1,300,Segmento=CORPORATIVO / OUTROS NEGÓCIOS,223.9698857397541,0.006387679391222021,20
H3,Validação,56,4T19,Ridge Contábil,0.1,300,Segmento=DISTRIBUIÇÃO,2075.2757278145464,0.05918740349346581,6
H3,Validação,56,4T19,Ridge Contábil,0.1,300,Segmento=E&P,2198.9804170532693,0.06271549340357938,5
H3,Validação,56,4T19,Ridge Contábil,0.1,300,Segmento=GÁS & ENERGIA / G&EBC,724.9067575764357,0.020674529259299787,12
H3,Validação,56,4T19,Ridge Contábil,0.1,300,Segmento=INTERNACIONAL,588.6693396641086,0.016789002667912115,13
H3,Validação,56,4T19,Ridge Contábil,0.1,300,Segmento=REFINO / RTC,6070.419154065423,0.17312993306412397,2
H3,Validação,56,4T19,Ridge + Brent e Câmbio,10.0,300,Custo_t,3616.284910440872,0.11149709662664842,2
H3,Validação,56,4T19,Ridge + Brent e Câmbio,10.0,300,Custo_t_1,2691.1649183378177,0.0829738481256935,3
H3,Validação,56,4T19,Ridge + Brent e Câmbio,10.0,300,Custo_t_4,1594.6069030047947,0.04916483196125462,7
H3,Validação,56,4T19,Ridge + Brent e Câmbio,10.0,300,Receita_t,2442.8097257311147,0.0753165745442202,4
H3,Validação,56,4T19,Ridge + Brent e Câmbio,10.0,300,Receita_t_1,2106.8120430782756,0.06495711255025183,5
H3,Validação,56,4T19,Ridge + Brent e Câmbio,10.0,300,Receita_t_4,1895.8322457242111,0.058452195090916745,6
H3,Validação,56,4T19,Ridge + Brent e Câmbio,10.0,300,Despesas_t,-1317.6435158405718,0.04062551210525122,10
H3,Validação,56,4T19,Ridge + Brent e Câmbio,10.0,300,Despesas_t_1,-180.45583407412832,0.0055638043093658215,28
H3,Validação,56,4T19,Ridge + Brent e Câmbio,10.0,300,Despesas_t_4,269.88318511678835,0.008321023457525554,22
H3,Validação,56,4T19,Ridge + Brent e Câmbio,10.0,300,EBIT_t,-1459.202398622715,0.04499004776071118,9
H3,Validação,56,4T19,Ridge + Brent e Câmbio,10.0,300,EBIT_t_1,-666.6923632227756,0.020555422120608326,17
H3,Validação,56,4T19,Ridge + Brent e Câmbio,10.0,300,EBIT_t_4,1032.44291425534,0.03183222290917122,13
H3,Validação,56,4T19,Ridge + Brent e Câmbio,10.0,300,Trimestre_Sin,400.6374911153526,0.012352432998344874,20
H3,Validação,56,4T19,Ridge + Brent e Câmbio,10.0,300,Trimestre_Cos,414.74875455762566,0.012787510693413816,19
H3,Validação,56,4T19,Ridge + Brent e Câmbio,10.0,300,Brent_t,715.5143226666736,0.022060698077683003,16
H3,Validação,56,4T19,Ridge + Brent e Câmbio,10.0,300,Brent_t_1,-1475.3275335636542,0.04548721703059829,8
H3,Validação,56,4T19,Ridge + Brent e Câmbio,10.0,300,Brent_t_4,-185.7664994061366,0.005727542449567428,25
H3,Validação,56,4T19,Ridge + Brent e Câmbio,10.0,300,USD_BRL_t,-246.17840440987882,0.007590158968015632,23
H3,Validação,56,4T19,Ridge + Brent e Câmbio,10.0,300,USD_BRL_t_1,-1238.4108271307714,0.03818261422307391,11
H3,Validação,56,4T19,Ridge + Brent e Câmbio,10.0,300,USD_BRL_t_4,573.1562842641576,0.017671522900274104,18
H3,Validação,56,4T19,Ridge + Brent e Câmbio,10.0,300,Brent_BRL_t,856.1200067733697,0.026395844764227967,14
H3,Validação,56,4T19,Ridge + Brent e Câmbio,10.0,300,Brent_Var_AA,-379.42122137973286,0.011698294141658098,21
H3,Validação,56,4T19,Ridge + Brent e Câmbio,10.0,300,USD_BRL_Var_AA,-233.06684318987217,0.007185904036648768,24
H3,Validação,56,4T19,Ridge + Brent e Câmbio,10.0,300,Segmento=CORPORATIVO / OUTROS NEGÓCIOS,-181.57009250372542,0.005598159063725234,27
H3,Validação,56,4T19,Ridge + Brent e Câmbio,10.0,300,Segmento=DISTRIBUIÇÃO,1122.434485372528,0.0346068380595062,12
H3,Validação,56,4T19,Ridge + Brent e Câmbio,10.0,300,Segmento=E&P,762.5997234751827,0.02351243255482374,15
H3,Validação,56,4T19,Ridge + Brent e Câmbio,10.0,300,Segmento=GÁS & ENERGIA / G&EBC,182.0040207717255,0.005611537916117796,26
H3,Validação,56,4T19,Ridge + Brent e Câmbio,10.0,300,Segmento=INTERNACIONAL,64.61962275235435,0.001992348639675752,29
H3,Validação,56,4T19,Ridge + Brent e Câmbio,10.0,300,Segmento=REFINO / RTC,4128.485986722087,0.1272892519210269,1
H3,Validação,57,1T20,Ridge Contábil,0.1,304,Custo_t,8335.209186003427,0.23779626282630464,1
H3,Validação,57,1T20,Ridge Contábil,0.1,304,Custo_t_1,4755.753600356827,0.13567751064803707,3
H3,Validação,57,1T20,Ridge Contábil,0.1,304,Custo_t_4,2050.033641070443,0.05848567536053593,6
H3,Validação,57,1T20,Ridge Contábil,0.1,304,Receita_t,-896.3375196286646,0.025571729232256403,9
H3,Validação,57,1T20,Ridge Contábil,0.1,304,Receita_t_1,-2201.1078092217626,0.06279568987778426,4
H3,Validação,57,1T20,Ridge Contábil,0.1,304,Receita_t_4,528.4946896014325,0.015077493474525121,13
H3,Validação,57,1T20,Ridge Contábil,0.1,304,Despesas_t,-879.4621976277509,0.025090290984426188,10
H3,Validação,57,1T20,Ridge Contábil,0.1,304,Despesas_t_1,331.75005594019734,0.009464540329409797,19
H3,Validação,57,1T20,Ridge Contábil,0.1,304,Despesas_t_4,485.9524513527593,0.013863800447505679,14
H3,Validação,57,1T20,Ridge Contábil,0.1,304,EBIT_t,-434.8680261021211,0.0124064062607311,16
H3,Validação,57,1T20,Ridge Contábil,0.1,304,EBIT_t_1,343.01563643264404,0.009785937534913794,18
H3,Validação,57,1T20,Ridge Contábil,0.1,304,EBIT_t_4,1385.8603533173523,0.039537389580023556,8
H3,Validação,57,1T20,Ridge Contábil,0.1,304,Trimestre_Sin,469.2761858286109,0.013388041107692032,15
H3,Validação,57,1T20,Ridge Contábil,0.1,304,Trimestre_Cos,369.7161581844512,0.010547680179448016,17
H3,Validação,57,1T20,Ridge Contábil,0.1,304,Segmento=CORPORATIVO / OUTROS NEGÓCIOS,268.649104979256,0.007664325123714105,20
H3,Validação,57,1T20,Ridge Contábil,0.1,304,Segmento=DISTRIBUIÇÃO,1998.2395191370415,0.057008034145146304,7
H3,Validação,57,1T20,Ridge Contábil,0.1,304,Segmento=E&P,2102.3614262284054,0.059978541523203595,5
H3,Validação,57,1T20,Ridge Contábil,0.1,304,Segmento=GÁS & ENERGIA / G&EBC,696.7019463775065,0.019876300097012994,11
H3,Validação,57,1T20,Ridge Contábil,0.1,304,Segmento=INTERNACIONAL,565.6048928430589,0.016136215271022065,12
H3,Validação,57,1T20,Ridge Contábil,0.1,304,Segmento=REFINO / RTC,5953.498707488413,0.16984813599630727,2
H3,Validação,57,1T20,Ridge + Brent e Câmbio,10.0,304,Custo_t,3570.5847815825587,0.10925029269655992,2
H3,Validação,57,1T20,Ridge + Brent e Câmbio,10.0,304,Custo_t_1,2810.929371630521,0.08600687993295057,3
H3,Validação,57,1T20,Ridge + Brent e Câmbio,10.0,304,Custo_t_4,1584.1278424434706,0.04847005211818901,7
H3,Validação,57,1T20,Ridge + Brent e Câmbio,10.0,304,Receita_t,2406.288212616697,0.07362594858317263,4
H3,Validação,57,1T20,Ridge + Brent e Câmbio,10.0,304,Receita_t_1,2206.454291803209,0.06751156797745617,5
H3,Validação,57,1T20,Ridge + Brent e Câmbio,10.0,304,Receita_t_4,1883.2964990995515,0.05762380852075428,6
H3,Validação,57,1T20,Ridge + Brent e Câmbio,10.0,304,Despesas_t,-1313.8643205103126,0.04020071510966853,10
H3,Validação,57,1T20,Ridge + Brent e Câmbio,10.0,304,Despesas_t_1,-212.14149068896413,0.006490959147756617,25
H3,Validação,57,1T20,Ridge + Brent e Câmbio,10.0,304,Despesas_t_4,267.57008472742416,0.008186925072917087,23
H3,Validação,57,1T20,Ridge + Brent e Câmbio,10.0,304,EBIT_t,-1457.8936811809042,0.04460762623843504,8
H3,Validação,57,1T20,Ridge + Brent e Câmbio,10.0,304,EBIT_t_1,-685.2076258580485,0.020965510767042356,17
H3,Validação,57,1T20,Ridge + Brent e Câmbio,10.0,304,EBIT_t_4,1057.1140980579366,0.03234484872679649,13
H3,Validação,57,1T20,Ridge + Brent e Câmbio,10.0,304,Trimestre_Sin,443.76948837536605,0.013578153008685362,19
H3,Validação,57,1T20,Ridge + Brent e Câmbio,10.0,304,Trimestre_Cos,410.5558361091274,0.012561904563801761,21
H3,Validação,57,1T20,Ridge + Brent e Câmbio,10.0,304,Brent_t,707.074595882263,0.021634581247557176,16
H3,Validação,57,1T20,Ridge + Brent e Câmbio,10.0,304,Brent_t_1,-1436.9167268051146,0.04396578784343084,9
H3,Validação,57,1T20,Ridge + Brent e Câmbio,10.0,304,Brent_t_4,-211.58143513922542,0.0064738229539737695,26
H3,Validação,57,1T20,Ridge + Brent e Câmbio,10.0,304,USD_BRL_t,-222.85405247377238,0.006818734731340872,24
H3,Validação,57,1T20,Ridge + Brent e Câmbio,10.0,304,USD_BRL_t_1,-1152.1378617596367,0.035252320368721266,11
H3,Validação,57,1T20,Ridge + Brent e Câmbio,10.0,304,USD_BRL_t_4,511.68844725329285,0.015656290510232193,18
H3,Validação,57,1T20,Ridge + Brent e Câmbio,10.0,304,Brent_BRL_t,901.4430719925575,0.027581733942422543,14
H3,Validação,57,1T20,Ridge + Brent e Câmbio,10.0,304,Brent_Var_AA,-427.3132040806729,0.013074634961679018,20
H3,Validação,57,1T20,Ridge + Brent e Câmbio,10.0,304,USD_BRL_Var_AA,-299.67962525751835,0.00916939066772927,22
H3,Validação,57,1T20,Ridge + Brent e Câmbio,10.0,304,Segmento=CORPORATIVO / OUTROS NEGÓCIOS,-123.72061084540614,0.0037855179961493596,28
H3,Validação,57,1T20,Ridge + Brent e Câmbio,10.0,304,Segmento=DISTRIBUIÇÃO,1129.1686314504186,0.03454952368756122,12
H3,Validação,57,1T20,Ridge + Brent e Câmbio,10.0,304,Segmento=E&P,791.6936831693205,0.024223697770293644,15
H3,Validação,57,1T20,Ridge + Brent e Câmbio,10.0,304,Segmento=GÁS & ENERGIA / G&EBC,190.15764740978304,0.005818312659922394,27
H3,Validação,57,1T20,Ridge + Brent e Câmbio,10.0,304,Segmento=INTERNACIONAL,86.6809801600278,0.0026522049000361424,29
H3,Validação,57,1T20,Ridge + Brent e Câmbio,10.0,304,Segmento=REFINO / RTC,4180.702469781951,0.1279182532947645,1
H3,Validação,58,2T20,Ridge Contábil,0.1,308,Custo_t,10253.488883610877,0.2673222250621095,1
H3,Validação,58,2T20,Ridge Contábil,0.1,308,Custo_t_1,4895.557654240906,0.12763376250822547,3
H3,Validação,58,2T20,Ridge Contábil,0.1,308,Custo_t_4,1801.270863823591,0.0469615504266581,8
H3,Validação,58,2T20,Ridge Contábil,0.1,308,Receita_t,-2689.8181666131745,0.07012717188008472,4
H3,Validação,58,2T20,Ridge Contábil,0.1,308,Receita_t_1,-2592.6654368676027,0.0675942697448948,5
H3,Validação,58,2T20,Ridge Contábil,0.1,308,Receita_t_4,1065.3130855395932,0.02777414279635289,10
H3,Validação,58,2T20,Ridge Contábil,0.1,308,Despesas_t,-445.43747080302614,0.011613153061630837,15
H3,Validação,58,2T20,Ridge Contábil,0.1,308,Despesas_t_1,265.5008892854574,0.006921964736627569,19
H3,Validação,58,2T20,Ridge Contábil,0.1,308,Despesas_t_4,481.213693687704,0.012545887237715695,13
H3,Validação,58,2T20,Ridge Contábil,0.1,308,EBIT_t,353.9625814136668,0.009228279849551787,16
H3,Validação,58,2T20,Ridge Contábil,0.1,308,EBIT_t_1,217.09652190433448,0.0056599978746233485,20
H3,Validação,58,2T20,Ridge Contábil,0.1,308,EBIT_t_4,1449.7003867711335,0.0377956359502664,9
H3,Validação,58,2T20,Ridge Contábil,0.1,308,Trimestre_Sin,473.48450237000566,0.012344376840188426,14
H3,Validação,58,2T20,Ridge Contábil,0.1,308,Trimestre_Cos,334.75762073486675,0.008727580733459394,17
H3,Validação,58,2T20,Ridge Contábil,0.1,308,Segmento=CORPORATIVO / OUTROS NEGÓCIOS,289.1902446941923,0.0075395780456225464,18
H3,Validação,58,2T20,Ridge Contábil,0.1,308,Segmento=DISTRIBUIÇÃO,1887.6934800383995,0.0492147040921542,7
H3,Validação,58,2T20,Ridge Contábil,0.1,308,Segmento=E&P,1893.463893417472,0.04936514651829146,6
H3,Validação,58,2T20,Ridge Contábil,0.1,308,Segmento=GÁS & ENERGIA / G&EBC,658.9462647008193,0.017179614049004102,11
H3,Validação,58,2T20,Ridge Contábil,0.1,308,Segmento=INTERNACIONAL,531.5657259224405,0.013858632338059399,12
H3,Validação,58,2T20,Ridge Contábil,0.1,308,Segmento=REFINO / RTC,5776.162991493325,0.15059232625447935,2
H3,Validação,58,2T20,Ridge + Brent e Câmbio,10.0,308,Custo_t,3876.7110527962104,0.11884392911235295,2
H3,Validação,58,2T20,Ridge + Brent e Câmbio,10.0,308,Custo_t_1,2889.1120572792047,0.08856822803063401,3
H3,Validação,58,2T20,Ridge + Brent e Câmbio,10.0,308,Custo_t_4,1573.1980677830873,0.048227746948653526,7
H3,Validação,58,2T20,Ridge + Brent e Câmbio,10.0,308,Receita_t,2140.691200261422,0.06562473957707156,4
H3,Validação,58,2T20,Ridge + Brent e Câmbio,10.0,308,Receita_t_1,2101.6123453858118,0.06442674349343795,5
H3,Validação,58,2T20,Ridge + Brent e Câmbio,10.0,308,Receita_t_4,1883.667994408978,0.05774547098042815,6
H3,Validação,58,2T20,Ridge + Brent e Câmbio,10.0,308,Despesas_t,-901.7643139621598,0.02764436470633246,14
H3,Validação,58,2T20,Ridge + Brent e Câmbio,10.0,308,Despesas_t_1,-416.06580599440287,0.012754857011591706,21
H3,Validação,58,2T20,Ridge + Brent e Câmbio,10.0,308,Despesas_t_4,239.928256051217,0.007355208130261499,24
H3,Validação,58,2T20,Ridge + Brent e Câmbio,10.0,308,EBIT_t,-831.024022914689,0.025475759922499275,15
H3,Validação,58,2T20,Ridge + Brent e Câmbio,10.0,308,EBIT_t_1,-1061.701737684287,0.03254738471179172,12
H3,Validação,58,2T20,Ridge + Brent e Câmbio,10.0,308,EBIT_t_4,1101.608371540393,0.03377075707576681,11
H3,Validação,58,2T20,Ridge + Brent e Câmbio,10.0,308,Trimestre_Sin,444.1254538234769,0.01361504977605136,20
H3,Validação,58,2T20,Ridge + Brent e Câmbio,10.0,308,Trimestre_Cos,370.87714769496495,0.011369559621489042,23
H3,Validação,58,2T20,Ridge + Brent e Câmbio,10.0,308,Brent_t,719.8093292432361,0.022066377332221148,16
H3,Validação,58,2T20,Ridge + Brent e Câmbio,10.0,308,Brent_t_1,-1425.2237381376021,0.04369146593535707,8
H3,Validação,58,2T20,Ridge + Brent e Câmbio,10.0,308,Brent_t_4,-227.9688341007621,0.006988581710301874,25
H3,Validação,58,2T20,Ridge + Brent e Câmbio,10.0,308,USD_BRL_t,-144.96330610179336,0.004443975483245666,27
H3,Validação,58,2T20,Ridge + Brent e Câmbio,10.0,308,USD_BRL_t_1,-1228.5962911910162,0.03766368154590456,9
H3,Validação,58,2T20,Ridge + Brent e Câmbio,10.0,308,USD_BRL_t_4,560.6001239903744,0.017185681493552003,18
H3,Validação,58,2T20,Ridge + Brent e Câmbio,10.0,308,Brent_BRL_t,999.1525493609754,0.030629885263962316,13
H3,Validação,58,2T20,Ridge + Brent e Câmbio,10.0,308,Brent_Var_AA,-547.1207016062774,0.01677245814611278,19
H3,Validação,58,2T20,Ridge + Brent e Câmbio,10.0,308,USD_BRL_Var_AA,-398.9834747833467,0.012231183379001474,22
H3,Validação,58,2T20,Ridge + Brent e Câmbio,10.0,308,Segmento=CORPORATIVO / OUTROS NEGÓCIOS,-114.13658780120065,0.003498955781083535,28
H3,Validação,58,2T20,Ridge + Brent e Câmbio,10.0,308,Segmento=DISTRIBUIÇÃO,1145.4025262995726,0.03511330475416067,10
H3,Validação,58,2T20,Ridge + Brent e Câmbio,10.0,308,Segmento=E&P,661.7921515087048,0.020287810587349055,17
H3,Validação,58,2T20,Ridge + Brent e Câmbio,10.0,308,Segmento=GÁS & ENERGIA / G&EBC,223.82598443595637,0.006861579071935989,26
H3,Validação,58,2T20,Ridge + Brent e Câmbio,10.0,308,Segmento=INTERNACIONAL,105.44582810367079,0.0032325330285596504,29
H3,Validação,58,2T20,Ridge + Brent e Câmbio,10.0,308,Segmento=REFINO / RTC,4285.076578985581,0.13136272738889024,1
H3,Validação,59,3T20,Ridge Contábil,0.1,312,Custo_t,9715.44045935348,0.27628657192018113,1
H3,Validação,59,3T20,Ridge Contábil,0.1,312,Custo_t_1,3315.1411388109354,0.09427560021654333,3
H3,Validação,59,3T20,Ridge Contábil,0.1,312,Custo_t_4,1949.5064300675458,0.05543983834321759,7
H3,Validação,59,3T20,Ridge Contábil,0.1,312,Receita_t,-2245.507074463297,0.06385747042777558,6
H3,Validação,59,3T20,Ridge Contábil,0.1,312,Receita_t_1,-163.8598910519903,0.00465982862674879,19
H3,Validação,59,3T20,Ridge Contábil,0.1,312,Receita_t_4,-632.0879560813812,0.017975244176359265,10
H3,Validação,59,3T20,Ridge Contábil,0.1,312,Despesas_t,-376.1406610923567,0.010696644608937626,15
H3,Validação,59,3T20,Ridge Contábil,0.1,312,Despesas_t_1,-151.87354393647328,0.004318962274034615,20
H3,Validação,59,3T20,Ridge Contábil,0.1,312,Despesas_t_4,541.4386397513048,0.015397369404697953,13
H3,Validação,59,3T20,Ridge Contábil,0.1,312,EBIT_t,312.892297690782,0.008897994966969074,16
H3,Validação,59,3T20,Ridge Contábil,0.1,312,EBIT_t_1,-515.5296030719467,0.014660571216716425,14
H3,Validação,59,3T20,Ridge Contábil,0.1,312,EBIT_t_4,1365.2198304715416,0.03882396361302322,8
H3,Validação,59,3T20,Ridge Contábil,0.1,312,Trimestre_Sin,550.144285950678,0.015644939564263816,12
H3,Validação,59,3T20,Ridge Contábil,0.1,312,Trimestre_Cos,298.13492395625946,0.008478326479810491,17
H3,Validação,59,3T20,Ridge Contábil,0.1,312,Segmento=CORPORATIVO / OUTROS NEGÓCIOS,231.79527050670026,0.006591767089051667,18
H3,Validação,59,3T20,Ridge Contábil,0.1,312,Segmento=DISTRIBUIÇÃO,2252.514555109068,0.06405674835176853,5
H3,Validação,59,3T20,Ridge Contábil,0.1,312,Segmento=E&P,2493.830315046612,0.07091925801794317,4
H3,Validação,59,3T20,Ridge Contábil,0.1,312,Segmento=GÁS & ENERGIA / G&EBC,773.8852572549861,0.022007659424303237,9
H3,Validação,59,3T20,Ridge Contábil,0.1,312,Segmento=INTERNACIONAL,627.9710884787122,0.017858169171705657,11
H3,Validação,59,3T20,Ridge Contábil,0.1,312,Segmento=REFINO / RTC,6651.446709759213,0.18915307210594878,2
H3,Validação,59,3T20,Ridge + Brent e Câmbio,10.0,312,Custo_t,3919.379791745386,0.12173114922522174,2
H3,Validação,59,3T20,Ridge + Brent e Câmbio,10.0,312,Custo_t_1,3163.8795249277027,0.09826623370124725,3
H3,Validação,59,3T20,Ridge + Brent e Câmbio,10.0,312,Custo_t_4,1154.8293288818136,0.03586758845362418,10
H3,Validação,59,3T20,Ridge + Brent e Câmbio,10.0,312,Receita_t,2129.3871942607175,0.0661361654333056,5
H3,Validação,59,3T20,Ridge + Brent e Câmbio,10.0,312,Receita_t_1,2219.266458877409,0.06892770561431862,4
H3,Validação,59,3T20,Ridge + Brent e Câmbio,10.0,312,Receita_t_4,1363.673088189434,0.04235402053723476,7
H3,Validação,59,3T20,Ridge + Brent e Câmbio,10.0,312,Despesas_t,-812.9853516987351,0.02525033204845059,16
H3,Validação,59,3T20,Ridge + Brent e Câmbio,10.0,312,Despesas_t_1,-276.334306551349,0.008582606048461172,24
H3,Validação,59,3T20,Ridge + Brent e Câmbio,10.0,312,Despesas_t_4,200.4301218188503,0.006225114779574503,27
H3,Validação,59,3T20,Ridge + Brent e Câmbio,10.0,312,EBIT_t,-844.0589019469082,0.026215438566115544,14
H3,Validação,59,3T20,Ridge + Brent e Câmbio,10.0,312,EBIT_t_1,-915.2384358494853,0.028426187950884335,12
H3,Validação,59,3T20,Ridge + Brent e Câmbio,10.0,312,EBIT_t_4,814.9861875535561,0.02531247556629271,15
H3,Validação,59,3T20,Ridge + Brent e Câmbio,10.0,312,Trimestre_Sin,539.3449506873017,0.016751395415739525,18
H3,Validação,59,3T20,Ridge + Brent e Câmbio,10.0,312,Trimestre_Cos,348.3733455297898,0.010820050611092072,22
H3,Validação,59,3T20,Ridge + Brent e Câmbio,10.0,312,Brent_t,644.8035995452959,0.02002681224272324,17
H3,Validação,59,3T20,Ridge + Brent e Câmbio,10.0,312,Brent_t_1,-1609.9222900956597,0.05000221998118032,6
H3,Validação,59,3T20,Ridge + Brent e Câmbio,10.0,312,Brent_t_4,-282.80432383103386,0.008783556882728841,23
H3,Validação,59,3T20,Ridge + Brent e Câmbio,10.0,312,USD_BRL_t,-358.7693704214456,0.01114293844658599,21
H3,Validação,59,3T20,Ridge + Brent e Câmbio,10.0,312,USD_BRL_t_1,-1281.0694626120512,0.039788452818361866,9
H3,Validação,59,3T20,Ridge + Brent e Câmbio,10.0,312,USD_BRL_t_4,368.7646651000192,0.011453380091110996,20
H3,Validação,59,3T20,Ridge + Brent e Câmbio,10.0,312,Brent_BRL_t,1091.7691260832316,0.033909015576044366,11
H3,Validação,59,3T20,Ridge + Brent e Câmbio,10.0,312,Brent_Var_AA,-373.8787959141686,0.01161221874783053,19
H3,Validação,59,3T20,Ridge + Brent e Câmbio,10.0,312,USD_BRL_Var_AA,-136.63351374392377,0.004243670053552307,28
H3,Validação,59,3T20,Ridge + Brent e Câmbio,10.0,312,Segmento=CORPORATIVO / OUTROS NEGÓCIOS,-245.80006943226113,0.007634249937871863,25
H3,Validação,59,3T20,Ridge + Brent e Câmbio,10.0,312,Segmento=DISTRIBUIÇÃO,1283.4675167864887,0.03986293345205126,8
H3,Validação,59,3T20,Ridge + Brent e Câmbio,10.0,312,Segmento=E&P,882.616743929131,0.027412998043772153,13
H3,Validação,59,3T20,Ridge + Brent e Câmbio,10.0,312,Segmento=GÁS & ENERGIA / G&EBC,219.50623897384432,0.0068175956789563626,26
H3,Validação,59,3T20,Ridge + Brent e Câmbio,10.0,312,Segmento=INTERNACIONAL,75.63027565874825,0.002348983987606839,29
H3,Validação,59,3T20,Ridge + Brent e Câmbio,10.0,312,Segmento=REFINO / RTC,4639.4132858639705,0.14409451010806046,1
H3,Validação,60,4T20,Ridge Contábil,0.1,316,Custo_t,9985.691135588026,0.27760890083467044,1
H3,Validação,60,4T20,Ridge Contábil,0.1,316,Custo_t_1,3341.0242464172165,0.09288271148347,3
H3,Validação,60,4T20,Ridge Contábil,0.1,316,Custo_t_4,1808.7206853307118,0.05028364632489933,7
H3,Validação,60,4T20,Ridge Contábil,0.1,316,Receita_t,-2682.9060191438202,0.0745865840335125,4
H3,Validação,60,4T20,Ridge Contábil,0.1,316,Receita_t_1,59.178829108983635,0.0016452110803906132,20
H3,Validação,60,4T20,Ridge Contábil,0.1,316,Receita_t_4,-696.8548841707047,0.019373032453052042,10
H3,Validação,60,4T20,Ridge Contábil,0.1,316,Despesas_t,-376.3369803942037,0.010462420082104976,15
H3,Validação,60,4T20,Ridge Contábil,0.1,316,Despesas_t_1,-137.71504440592506,0.0038285704601532704,19
H3,Validação,60,4T20,Ridge Contábil,0.1,316,Despesas_t_4,579.0266077344827,0.01609732746032225,12
H3,Validação,60,4T20,Ridge Contábil,0.1,316,EBIT_t,309.63982420678263,0.008608194474024623,16
H3,Validação,60,4T20,Ridge Contábil,0.1,316,EBIT_t_1,-491.96086134562796,0.013676841404107291,14
H3,Validação,60,4T20,Ridge Contábil,0.1,316,EBIT_t_4,1375.2042968654234,0.038231600406239165,8
H3,Validação,60,4T20,Ridge Contábil,0.1,316,Trimestre_Sin,534.1842097769518,0.014850678766831696,13
H3,Validação,60,4T20,Ridge Contábil,0.1,316,Trimestre_Cos,250.12809872110063,0.00695372865142616,17
H3,Validação,60,4T20,Ridge Contábil,0.1,316,Segmento=CORPORATIVO / OUTROS NEGÓCIOS,209.92532606978733,0.005836064648534885,18
H3,Validação,60,4T20,Ridge Contábil,0.1,316,Segmento=DISTRIBUIÇÃO,2306.638957147439,0.06412610772969028,6
H3,Validação,60,4T20,Ridge Contábil,0.1,316,Segmento=E&P,2595.1874854371868,0.07214795005270157,5
H3,Validação,60,4T20,Ridge Contábil,0.1,316,Segmento=GÁS & ENERGIA / G&EBC,772.789158591868,0.021484056133987874,9
H3,Validação,60,4T20,Ridge Contábil,0.1,316,Segmento=INTERNACIONAL,640.3408342460871,0.01780190401854885,11
H3,Validação,60,4T20,Ridge Contábil,0.1,316,Segmento=REFINO / RTC,6816.903033279023,0.1895144695013322,2
H3,Validação,60,4T20,Ridge + Brent e Câmbio,10.0,316,Custo_t,3978.166124216748,0.12442445433876148,2
H3,Validação,60,4T20,Ridge + Brent e Câmbio,10.0,316,Custo_t_1,3250.304378164641,0.10165924098196069,3
H3,Validação,60,4T20,Ridge + Brent e Câmbio,10.0,316,Custo_t_4,1083.8542838098092,0.033899534015140335,10
H3,Validação,60,4T20,Ridge + Brent e Câmbio,10.0,316,Receita_t,2049.6654441250835,0.06410705247068854,5
H3,Validação,60,4T20,Ridge + Brent e Câmbio,10.0,316,Receita_t_1,2280.1366117850366,0.07131546166766567,4
H3,Validação,60,4T20,Ridge + Brent e Câmbio,10.0,316,Receita_t_4,1310.3873177055195,0.040984770843385525,7
H3,Validação,60,4T20,Ridge + Brent e Câmbio,10.0,316,Despesas_t,-826.6812149578318,0.025855973800863925,16
H3,Validação,60,4T20,Ridge + Brent e Câmbio,10.0,316,Despesas_t_1,-234.1124223741872,0.0073222961279851275,26
H3,Validação,60,4T20,Ridge + Brent e Câmbio,10.0,316,Despesas_t_4,243.94179180259863,0.007629727715665492,25
H3,Validação,60,4T20,Ridge + Brent e Câmbio,10.0,316,EBIT_t,-898.4406041728175,0.02810038053702438,12
H3,Validação,60,4T20,Ridge + Brent e Câmbio,10.0,316,EBIT_t_1,-887.5229768134706,0.027758911683174507,14
H3,Validação,60,4T20,Ridge + Brent e Câmbio,10.0,316,EBIT_t_4,847.8901382853782,0.02651932184359106,15
H3,Validação,60,4T20,Ridge + Brent e Câmbio,10.0,316,Trimestre_Sin,516.0371733708894,0.016140010675856697,18
H3,Validação,60,4T20,Ridge + Brent e Câmbio,10.0,316,Trimestre_Cos,275.3230947240765,0.008611235619188006,24
H3,Validação,60,4T20,Ridge + Brent e Câmbio,10.0,316,Brent_t,578.5003629193488,0.018093661688194925,17
H3,Validação,60,4T20,Ridge + Brent e Câmbio,10.0,316,Brent_t_1,-1559.6460002770878,0.04878079408619874,6
H3,Validação,60,4T20,Ridge + Brent e Câmbio,10.0,316,Brent_t_4,-284.20949188195004,0.00888917401665089,23
H3,Validação,60,4T20,Ridge + Brent e Câmbio,10.0,316,USD_BRL_t,-487.51961066213477,0.015248071508834903,19
H3,Validação,60,4T20,Ridge + Brent e Câmbio,10.0,316,USD_BRL_t_1,-1262.105600096458,0.039474671420569575,9
H3,Validação,60,4T20,Ridge + Brent e Câmbio,10.0,316,USD_BRL_t_4,344.43030099869316,0.010772690461219868,20
H3,Validação,60,4T20,Ridge + Brent e Câmbio,10.0,316,Brent_BRL_t,1046.6246389212856,0.032735108471852487,11
H3,Validação,60,4T20,Ridge + Brent e Câmbio,10.0,316,Brent_Var_AA,-285.4846618321325,0.008929057299622609,22
H3,Validação,60,4T20,Ridge + Brent e Câmbio,10.0,316,USD_BRL_Var_AA,-41.370346512650414,0.0012939335940013034,29
H3,Validação,60,4T20,Ridge + Brent e Câmbio,10.0,316,Segmento=CORPORATIVO / OUTROS NEGÓCIOS,-289.5105104625347,0.009054973111946023,21
H3,Validação,60,4T20,Ridge + Brent e Câmbio,10.0,316,Segmento=DISTRIBUIÇÃO,1292.3431691348287,0.040420406945596364,8
H3,Validação,60,4T20,Ridge + Brent e Câmbio,10.0,316,Segmento=E&P,895.5662797700305,0.02801048076053383,13
H3,Validação,60,4T20,Ridge + Brent e Câmbio,10.0,316,Segmento=GÁS & ENERGIA / G&EBC,182.70413943240618,0.005714407630170537,27
H3,Validação,60,4T20,Ridge + Brent e Câmbio,10.0,316,Segmento=INTERNACIONAL,50.105305604155646,0.0015671354877120462,28
H3,Validação,60,4T20,Ridge + Brent e Câmbio,10.0,316,Segmento=REFINO / RTC,4689.958262720907,0.1466870611959443,1
H3,Validação,61,1T21,Ridge Contábil,0.1,320,Custo_t,9341.78498130575,0.2676326358011313,1
H3,Validação,61,1T21,Ridge Contábil,0.1,320,Custo_t_1,3353.520610105926,0.0960749537579934,3
H3,Validação,61,1T21,Ridge Contábil,0.1,320,Custo_t_4,1828.1995537200298,0.052376057285805085,7
H3,Validação,61,1T21,Ridge Contábil,0.1,320,Receita_t,-2121.7415338468186,0.06078573637998553,6
H3,Validação,61,1T21,Ridge Contábil,0.1,320,Receita_t_1,134.87092154302087,0.003863914690577791,20
H3,Validação,61,1T21,Ridge Contábil,0.1,320,Receita_t_4,-796.3718674430529,0.02281524380920427,9
H3,Validação,61,1T21,Ridge Contábil,0.1,320,Despesas_t,-356.8848699219456,0.010224388444595061,15
H3,Validação,61,1T21,Ridge Contábil,0.1,320,Despesas_t_1,-148.87288185484636,0.004265056608544831,18
H3,Validação,61,1T21,Ridge Contábil,0.1,320,Despesas_t_4,548.8451061789566,0.015723853921619006,12
H3,Validação,61,1T21,Ridge Contábil,0.1,320,EBIT_t,155.07155948692665,0.0044426424164471755,17
H3,Validação,61,1T21,Ridge Contábil,0.1,320,EBIT_t_1,-486.8416982155537,0.013947519362955366,14
H3,Validação,61,1T21,Ridge Contábil,0.1,320,EBIT_t_4,1365.5892369724631,0.03912274234998626,8
H3,Validação,61,1T21,Ridge Contábil,0.1,320,Trimestre_Sin,530.4154827246743,0.015195863959126582,13
H3,Validação,61,1T21,Ridge Contábil,0.1,320,Trimestre_Cos,225.42499319196125,0.006458196717666679,16
H3,Validação,61,1T21,Ridge Contábil,0.1,320,Segmento=CORPORATIVO / OUTROS NEGÓCIOS,146.63057962569275,0.004200816930897354,19
H3,Validação,61,1T21,Ridge Contábil,0.1,320,Segmento=DISTRIBUIÇÃO,2354.7501286381075,0.06746119556825662,5
H3,Validação,61,1T21,Ridge Contábil,0.1,320,Segmento=E&P,2622.2356151569943,0.07512438262927924,4
H3,Validação,61,1T21,Ridge Contábil,0.1,320,Segmento=GÁS & ENERGIA / G&EBC,774.3108999533648,0.022183219534464105,10
H3,Validação,61,1T21,Ridge Contábil,0.1,320,Segmento=INTERNACIONAL,644.4555539285673,0.018462995979861712,11
H3,Validação,61,1T21,Ridge Contábil,0.1,320,Segmento=REFINO / RTC,6968.435365632509,0.1996385838516025,2
H3,Validação,61,1T21,Ridge + Brent e Câmbio,10.0,320,Custo_t,3945.244579189164,0.12227462503783927,2
H3,Validação,61,1T21,Ridge + Brent e Câmbio,10.0,320,Custo_t_1,3283.916515392007,0.1017781413839876,3
H3,Validação,61,1T21,Ridge + Brent e Câmbio,10.0,320,Custo_t_4,1108.6190536919053,0.03435933473301716,10
H3,Validação,61,1T21,Ridge + Brent e Câmbio,10.0,320,Receita_t,2043.0207527461203,0.06331916601679925,5
H3,Validação,61,1T21,Ridge + Brent e Câmbio,10.0,320,Receita_t_1,2258.626164297618,0.07000140594500329,4
H3,Validação,61,1T21,Ridge + Brent e Câmbio,10.0,320,Receita_t_4,1329.1638125643708,0.041194659426811865,7
H3,Validação,61,1T21,Ridge + Brent e Câmbio,10.0,320,Despesas_t,-991.3338926263231,0.030724325849805147,12
H3,Validação,61,1T21,Ridge + Brent e Câmbio,10.0,320,Despesas_t_1,-243.0293383553091,0.00753218732682397,26
H3,Validação,61,1T21,Ridge + Brent e Câmbio,10.0,320,Despesas_t_4,243.4903169895009,0.0075464743978825265,25
H3,Validação,61,1T21,Ridge + Brent e Câmbio,10.0,320,EBIT_t,-898.6662807919665,0.027852286547104494,14
H3,Validação,61,1T21,Ridge + Brent e Câmbio,10.0,320,EBIT_t_1,-917.4172004266713,0.02843343218242006,13
H3,Validação,61,1T21,Ridge + Brent e Câmbio,10.0,320,EBIT_t_4,849.3599011333539,0.026324138174115844,16
H3,Validação,61,1T21,Ridge + Brent e Câmbio,10.0,320,Trimestre_Sin,513.4145602854034,0.015912213194338134,19
H3,Validação,61,1T21,Ridge + Brent e Câmbio,10.0,320,Trimestre_Cos,271.9104423616913,0.00842729689282837,23
H3,Validação,61,1T21,Ridge + Brent e Câmbio,10.0,320,Brent_t,563.5448785144649,0.01746589782439112,17
H3,Validação,61,1T21,Ridge + Brent e Câmbio,10.0,320,Brent_t_1,-1549.4556973959914,0.04802214681726441,6
H3,Validação,61,1T21,Ridge + Brent e Câmbio,10.0,320,Brent_t_4,-280.964781520251,0.008707917245598957,22
H3,Validação,61,1T21,Ridge + Brent e Câmbio,10.0,320,USD_BRL_t,-550.578301271203,0.017064025814020122,18
H3,Validação,61,1T21,Ridge + Brent e Câmbio,10.0,320,USD_BRL_t_1,-1261.9034991864614,0.039110066334258474,9
H3,Validação,61,1T21,Ridge + Brent e Câmbio,10.0,320,USD_BRL_t_4,331.74068105945565,0.010281610321527662,20
H3,Validação,61,1T21,Ridge + Brent e Câmbio,10.0,320,Brent_BRL_t,1057.5256131892281,0.032775800137389635,11
H3,Validação,61,1T21,Ridge + Brent e Câmbio,10.0,320,Brent_Var_AA,-265.0033444593976,0.008213225803153066,24
H3,Validação,61,1T21,Ridge + Brent e Câmbio,10.0,320,USD_BRL_Var_AA,-36.626588805192846,0.0011351647084679624,29
H3,Validação,61,1T21,Ridge + Brent e Câmbio,10.0,320,Segmento=CORPORATIVO / OUTROS NEGÓCIOS,-316.4956975079276,0.00980912386091532,21
H3,Validação,61,1T21,Ridge + Brent e Câmbio,10.0,320,Segmento=DISTRIBUIÇÃO,1304.3361445683636,0.04042517765354252,8
H3,Validação,61,1T21,Ridge + Brent e Câmbio,10.0,320,Segmento=E&P,891.5138696736442,0.02763061248607858,15
H3,Validação,61,1T21,Ridge + Brent e Câmbio,10.0,320,Segmento=GÁS & ENERGIA / G&EBC,176.28209480779094,0.005463495763281035,27
H3,Validação,61,1T21,Ridge + Brent e Câmbio,10.0,320,Segmento=INTERNACIONAL,42.57031705304079,0.0013193781655159885,28
H3,Validação,61,1T21,Ridge + Brent e Câmbio,10.0,320,Segmento=REFINO / RTC,4739.685692471239,0.1468966699558184,1
H3,Validação,62,2T21,Ridge Contábil,0.1,324,Custo_t,7875.899109467283,0.2256436103889029,1
H3,Validação,62,2T21,Ridge Contábil,0.1,324,Custo_t_1,5047.441622397075,0.1446086262755508,3
H3,Validação,62,2T21,Ridge Contábil,0.1,324,Custo_t_4,-449.1074830757814,0.012866878120883753,13
H3,Validação,62,2T21,Ridge Contábil,0.1,324,Receita_t,-2918.7334593123865,0.083621380412361,4
H3,Validação,62,2T21,Ridge Contábil,0.1,324,Receita_t_1,462.10936505581066,0.013239380555342016,12
H3,Validação,62,2T21,Ridge Contábil,0.1,324,Receita_t_4,2108.652493480925,0.06041265321855822,7
H3,Validação,62,2T21,Ridge Contábil,0.1,324,Despesas_t,-396.54850735922764,0.011361069466635003,15
H3,Validação,62,2T21,Ridge Contábil,0.1,324,Despesas_t_1,-221.16110419034115,0.006336240387731468,16
H3,Validação,62,2T21,Ridge Contábil,0.1,324,Despesas_t_4,160.59408709752137,0.0046010022622351345,17
H3,Validação,62,2T21,Ridge Contábil,0.1,324,EBIT_t,105.90974434461877,0.0030343020850227597,20
H3,Validação,62,2T21,Ridge Contábil,0.1,324,EBIT_t_1,-521.4933948148102,0.014940726228771935,11
H3,Validação,62,2T21,Ridge Contábil,0.1,324,EBIT_t_4,667.508882917381,0.019124053294066263,9
H3,Validação,62,2T21,Ridge Contábil,0.1,324,Trimestre_Sin,447.36784732975957,0.012817037755353665,14
H3,Validação,62,2T21,Ridge Contábil,0.1,324,Trimestre_Cos,145.46908754676488,0.004167672751746513,19
H3,Validação,62,2T21,Ridge Contábil,0.1,324,Segmento=CORPORATIVO / OUTROS NEGÓCIOS,151.23201696032646,0.0043327800215602315,18
H3,Validação,62,2T21,Ridge Contábil,0.1,324,Segmento=DISTRIBUIÇÃO,2301.97083424,0.06595120161245967,6
H3,Validação,62,2T21,Ridge Contábil,0.1,324,Segmento=E&P,2588.3888208296526,0.07415704423133256,5
H3,Validação,62,2T21,Ridge Contábil,0.1,324,Segmento=GÁS & ENERGIA / G&EBC,772.2997526293743,0.022126299748592856,8
H3,Validação,62,2T21,Ridge Contábil,0.1,324,Segmento=INTERNACIONAL,631.8645138509131,0.01810284618940385,10
H3,Validação,62,2T21,Ridge Contábil,0.1,324,Segmento=REFINO / RTC,6930.400912900095,0.19855519499348942,2
H3,Validação,62,2T21,Ridge + Brent e Câmbio,10.0,324,Custo_t,3441.5172475973427,0.10624096262385938,3
H3,Validação,62,2T21,Ridge + Brent e Câmbio,10.0,324,Custo_t_1,3749.319126807019,0.11574292515724457,2
H3,Validação,62,2T21,Ridge + Brent e Câmbio,10.0,324,Custo_t_4,1203.962404555616,0.0371667830263597,10
H3,Validação,62,2T21,Ridge + Brent e Câmbio,10.0,324,Receita_t,1595.5585385525912,0.04925550647084208,5
H3,Validação,62,2T21,Ridge + Brent e Câmbio,10.0,324,Receita_t_1,2505.6569670901786,0.07735059540227132,4
H3,Validação,62,2T21,Ridge + Brent e Câmbio,10.0,324,Receita_t_4,1503.1179541447264,0.046401830035002596,6
H3,Validação,62,2T21,Ridge + Brent e Câmbio,10.0,324,Despesas_t,-1015.3263472784126,0.0313435153020178,12
H3,Validação,62,2T21,Ridge + Brent e Câmbio,10.0,324,Despesas_t_1,-422.4005332318046,0.01303966711040262,19
H3,Validação,62,2T21,Ridge + Brent e Câmbio,10.0,324,Despesas_t_4,231.42500415354263,0.0071441789907251045,23
H3,Validação,62,2T21,Ridge + Brent e Câmbio,10.0,324,EBIT_t,-876.4017617941365,0.027054859853821427,16
H3,Validação,62,2T21,Ridge + Brent e Câmbio,10.0,324,EBIT_t_1,-1070.2120583951726,0.033037858338482474,11
H3,Validação,62,2T21,Ridge + Brent e Câmbio,10.0,324,EBIT_t_4,905.886346687691,0.02796506034281884,15
H3,Validação,62,2T21,Ridge + Brent e Câmbio,10.0,324,Trimestre_Sin,462.95570085634375,0.014291620751143787,18
H3,Validação,62,2T21,Ridge + Brent e Câmbio,10.0,324,Trimestre_Cos,194.75589880629096,0.006012189588850826,25
H3,Validação,62,2T21,Ridge + Brent e Câmbio,10.0,324,Brent_t,994.1168455196795,0.03068876981579559,14
H3,Validação,62,2T21,Ridge + Brent e Câmbio,10.0,324,Brent_t_1,-1392.9125916636704,0.04299974805953878,7
H3,Validação,62,2T21,Ridge + Brent e Câmbio,10.0,324,Brent_t_4,-134.89057376120212,0.0041641239529686454,27
H3,Validação,62,2T21,Ridge + Brent e Câmbio,10.0,324,USD_BRL_t,344.0278714159817,0.01062027286197333,21
H3,Validação,62,2T21,Ridge + Brent e Câmbio,10.0,324,USD_BRL_t_1,-1385.5797162341057,0.04277337937143133,8
H3,Validação,62,2T21,Ridge + Brent e Câmbio,10.0,324,USD_BRL_t_4,355.1349735515495,0.010963153381798726,20
H3,Validação,62,2T21,Ridge + Brent e Câmbio,10.0,324,Brent_BRL_t,542.0828226385219,0.016734305469246796,17
H3,Validação,62,2T21,Ridge + Brent e Câmbio,10.0,324,Brent_Var_AA,-170.93319698072406,0.005276773610326717,26
H3,Validação,62,2T21,Ridge + Brent e Câmbio,10.0,324,USD_BRL_Var_AA,-102.97099701712234,0.0031787543279276275,28
H3,Validação,62,2T21,Ridge + Brent e Câmbio,10.0,324,Segmento=CORPORATIVO / OUTROS NEGÓCIOS,-269.00271358822573,0.008304217350645453,22
H3,Validação,62,2T21,Ridge + Brent e Câmbio,10.0,324,Segmento=DISTRIBUIÇÃO,1338.1095356508472,0.04130795661795981,9
H3,Validação,62,2T21,Ridge + Brent e Câmbio,10.0,324,Segmento=E&P,995.9657036304704,0.030745844777596957,13
H3,Validação,62,2T21,Ridge + Brent e Câmbio,10.0,324,Segmento=GÁS & ENERGIA / G&EBC,200.7279512423023,0.006196549147148831,24
H3,Validação,62,2T21,Ridge + Brent e Câmbio,10.0,324,Segmento=INTERNACIONAL,94.75904214478466,0.002925248118923463,29
H3,Validação,62,2T21,Ridge + Brent e Câmbio,10.0,324,Segmento=REFINO / RTC,4893.795456370005,0.1510733501428755,1
H3,Validação,63,3T21,Ridge Contábil,0.1,328,Custo_t,7086.324563947284,0.19466906984604762,1
H3,Validação,63,3T21,Ridge Contábil,0.1,328,Custo_t_1,4377.80767991004,0.12026315494336579,3
H3,Validação,63,3T21,Ridge Contábil,0.1,328,Custo_t_4,270.0650744893155,0.007418982347522308,15
H3,Validação,63,3T21,Ridge Contábil,0.1,328,Receita_t,1291.351878589652,0.03547484549719304,8
H3,Validação,63,3T21,Ridge Contábil,0.1,328,Receita_t_1,-4029.63968091931,0.11069860001759889,4
H3,Validação,63,3T21,Ridge Contábil,0.1,328,Receita_t_4,3535.5812887248826,0.09712627676452039,5
H3,Validação,63,3T21,Ridge Contábil,0.1,328,Despesas_t,-295.6615506185463,0.00812214548300228,14
H3,Validação,63,3T21,Ridge Contábil,0.1,328,Despesas_t_1,-118.36966282562213,0.0032517438274685213,19
H3,Validação,63,3T21,Ridge Contábil,0.1,328,Despesas_t_4,42.9620436092466,0.0011802142270828657,20
H3,Validação,63,3T21,Ridge Contábil,0.1,328,EBIT_t,162.75347602059708,0.004471015616802666,17
H3,Validação,63,3T21,Ridge Contábil,0.1,328,EBIT_t_1,-909.4445432738843,0.024983434179181026,9
H3,Validação,63,3T21,Ridge Contábil,0.1,328,EBIT_t_4,888.9136405273287,0.024419427873132667,10
H3,Validação,63,3T21,Ridge Contábil,0.1,328,Trimestre_Sin,445.78147111842145,0.01224610354128163,13
H3,Validação,63,3T21,Ridge Contábil,0.1,328,Trimestre_Cos,219.50826778104377,0.006030131689120698,16
H3,Validação,63,3T21,Ridge Contábil,0.1,328,Segmento=CORPORATIVO / OUTROS NEGÓCIOS,138.03412676203135,0.0037919481137635297,18
H3,Validação,63,3T21,Ridge Contábil,0.1,328,Segmento=DISTRIBUIÇÃO,2170.548606234327,0.05962733916831851,7
H3,Validação,63,3T21,Ridge Contábil,0.1,328,Segmento=E&P,2242.503442364965,0.06160401704894237,6
H3,Validação,63,3T21,Ridge Contábil,0.1,328,Segmento=GÁS & ENERGIA / G&EBC,742.2679800717397,0.02039091153010658,11
H3,Validação,63,3T21,Ridge Contábil,0.1,328,Segmento=INTERNACIONAL,595.1914692228756,0.016350559256543475,12
H3,Validação,63,3T21,Ridge Contábil,0.1,328,Segmento=REFINO / RTC,6839.192379932301,0.1878800790290054,2
H3,Validação,63,3T21,Ridge + Brent e Câmbio,10.0,328,Custo_t,3864.114974828632,0.11932903913275247,2
H3,Validação,63,3T21,Ridge + Brent e Câmbio,10.0,328,Custo_t_1,2499.613842995726,0.07719141900037146,3
H3,Validação,63,3T21,Ridge + Brent e Câmbio,10.0,328,Custo_t_4,1883.8686181311898,0.05817638282461061,6
H3,Validação,63,3T21,Ridge + Brent e Câmbio,10.0,328,Receita_t,2366.3001823579443,0.0730745148371143,4
H3,Validação,63,3T21,Ridge + Brent e Câmbio,10.0,328,Receita_t_1,1084.7946866476232,0.03349991096466196,13
H3,Validação,63,3T21,Ridge + Brent e Câmbio,10.0,328,Receita_t_4,2221.801834533981,0.06861221257270808,5
H3,Validação,63,3T21,Ridge + Brent e Câmbio,10.0,328,Despesas_t,-908.8778150166423,0.028067362659109626,14
H3,Validação,63,3T21,Ridge + Brent e Câmbio,10.0,328,Despesas_t_1,-610.3384907321988,0.01884806899360897,17
H3,Validação,63,3T21,Ridge + Brent e Câmbio,10.0,328,Despesas_t_4,1.4234171379254636,4.3957025207633994e-05,29
H3,Validação,63,3T21,Ridge + Brent e Câmbio,10.0,328,EBIT_t,-626.2151383863442,0.01933836111005989,16
H3,Validação,63,3T21,Ridge + Brent e Câmbio,10.0,328,EBIT_t_1,-1389.3717457974797,0.04290565795898988,9
H3,Validação,63,3T21,Ridge + Brent e Câmbio,10.0,328,EBIT_t_4,891.2552046371171,0.02752315287826767,15
H3,Validação,63,3T21,Ridge + Brent e Câmbio,10.0,328,Trimestre_Sin,362.10945323550845,0.011182424280063224,18
H3,Validação,63,3T21,Ridge + Brent e Câmbio,10.0,328,Trimestre_Cos,302.05803788011804,0.009327956248030003,19
H3,Validação,63,3T21,Ridge + Brent e Câmbio,10.0,328,Brent_t,1586.5784185207012,0.048995663799893424,7
H3,Validação,63,3T21,Ridge + Brent e Câmbio,10.0,328,Brent_t_1,-1174.7560906428382,0.036278039454034475,11
H3,Validação,63,3T21,Ridge + Brent e Câmbio,10.0,328,Brent_t_4,-38.33999433178421,0.0011839903092350104,27
H3,Validação,63,3T21,Ridge + Brent e Câmbio,10.0,328,USD_BRL_t,1087.3894956234042,0.03358004213669748,12
H3,Validação,63,3T21,Ridge + Brent e Câmbio,10.0,328,USD_BRL_t_1,-214.14318667334226,0.006613028046270501,24
H3,Validação,63,3T21,Ridge + Brent e Câmbio,10.0,328,USD_BRL_t_4,-221.95760111849174,0.006854347617038745,23
H3,Validação,63,3T21,Ridge + Brent e Câmbio,10.0,328,Brent_BRL_t,-61.984074826376165,0.001914151141657508,26
H3,Validação,63,3T21,Ridge + Brent e Câmbio,10.0,328,Brent_Var_AA,25.33133418857148,0.0007822654833936281,28
H3,Validação,63,3T21,Ridge + Brent e Câmbio,10.0,328,USD_BRL_Var_AA,-247.14858044508537,0.007632278754553297,21
H3,Validação,63,3T21,Ridge + Brent e Câmbio,10.0,328,Segmento=CORPORATIVO / OUTROS NEGÓCIOS,-196.13060599769133,0.006056775461052865,25
H3,Validação,63,3T21,Ridge + Brent e Câmbio,10.0,328,Segmento=DISTRIBUIÇÃO,1448.7881902506842,0.04474051724021504,8
H3,Validação,63,3T21,Ridge + Brent e Câmbio,10.0,328,Segmento=E&P,1215.3977902859249,0.03753310950208514,10
H3,Validação,63,3T21,Ridge + Brent e Câmbio,10.0,328,Segmento=GÁS & ENERGIA / G&EBC,273.3663366196115,0.008441918134567277,20
H3,Validação,63,3T21,Ridge + Brent e Câmbio,10.0,328,Segmento=INTERNACIONAL,232.8462944715411,0.00719060503269398,22
H3,Validação,63,3T21,Ridge + Brent e Câmbio,10.0,328,Segmento=REFINO / RTC,5345.7155723856295,0.16508284740105567,1
H3,Validação,64,4T21,Ridge Contábil,0.1,332,Custo_t,9604.676656101732,0.25596802345408404,1
H3,Validação,64,4T21,Ridge Contábil,0.1,332,Custo_t_1,2940.69373668767,0.07837052618377856,5
H3,Validação,64,4T21,Ridge Contábil,0.1,332,Custo_t_4,165.47229803204058,0.004409895156309978,18
H3,Validação,64,4T21,Ridge Contábil,0.1,332,Receita_t,-1469.1822211983397,0.03915422483432706,8
H3,Validação,64,4T21,Ridge Contábil,0.1,332,Receita_t_1,-3091.8438698077543,0.08239873058928456,4
H3,Validação,64,4T21,Ridge Contábil,0.1,332,Receita_t_4,5277.0435041043065,0.14063507224563102,3
H3,Validação,64,4T21,Ridge Contábil,0.1,332,Despesas_t,-66.6760590392721,0.0017769405108653893,20
H3,Validação,64,4T21,Ridge Contábil,0.1,332,Despesas_t_1,-226.266377395553,0.006030078832405213,16
H3,Validação,64,4T21,Ridge Contábil,0.1,332,Despesas_t_4,74.50195198886884,0.001985503320608592,19
H3,Validação,64,4T21,Ridge Contábil,0.1,332,EBIT_t,799.1987814504388,0.02129892965265217,11
H3,Validação,64,4T21,Ridge Contábil,0.1,332,EBIT_t_1,-899.6798482726807,0.02397678555451717,9
H3,Validação,64,4T21,Ridge Contábil,0.1,332,EBIT_t_4,894.3400800613222,0.02383447884668062,10
H3,Validação,64,4T21,Ridge Contábil,0.1,332,Trimestre_Sin,518.4101104767336,0.013815812449349082,13
H3,Validação,64,4T21,Ridge Contábil,0.1,332,Trimestre_Cos,424.96004373112834,0.011325335181555941,15
H3,Validação,64,4T21,Ridge Contábil,0.1,332,Segmento=CORPORATIVO / OUTROS NEGÓCIOS,185.6589727335257,0.004947877163248971,17
H3,Validação,64,4T21,Ridge Contábil,0.1,332,Segmento=DISTRIBUIÇÃO,1858.6427728585793,0.049533486020436564,6
H3,Validação,64,4T21,Ridge Contábil,0.1,332,Segmento=E&P,1641.5971650329502,0.04374914395211488,7
H3,Validação,64,4T21,Ridge Contábil,0.1,332,Segmento=GÁS & ENERGIA / G&EBC,664.0408982790028,0.01769692435373854,12
H3,Validação,64,4T21,Ridge Contábil,0.1,332,Segmento=INTERNACIONAL,509.7496874088551,0.013585009117354276,14
H3,Validação,64,4T21,Ridge Contábil,0.1,332,Segmento=REFINO / RTC,6210.320084866645,0.16550722258105727,2
H3,Validação,64,4T21,Ridge + Brent e Câmbio,10.0,332,Custo_t,4114.639410198224,0.1181879303857594,2
H3,Validação,64,4T21,Ridge + Brent e Câmbio,10.0,332,Custo_t_1,2380.259593049204,0.0683700142437956,4
H3,Validação,64,4T21,Ridge + Brent e Câmbio,10.0,332,Custo_t_4,2181.447896733176,0.06265939404562337,5
H3,Validação,64,4T21,Ridge + Brent e Câmbio,10.0,332,Receita_t,1931.1351640345176,0.05546947024488064,7
H3,Validação,64,4T21,Ridge + Brent e Câmbio,10.0,332,Receita_t_1,1002.5000031109568,0.028795573261107068,12
H3,Validação,64,4T21,Ridge + Brent e Câmbio,10.0,332,Receita_t_4,2685.931016774142,0.07715004800776971,3
H3,Validação,64,4T21,Ridge + Brent e Câmbio,10.0,332,Despesas_t,-779.160926176624,0.022380434376345584,15
H3,Validação,64,4T21,Ridge + Brent e Câmbio,10.0,332,Despesas_t_1,-734.4394672625938,0.02109586575539166,16
H3,Validação,64,4T21,Ridge + Brent e Câmbio,10.0,332,Despesas_t_4,-19.57625721491852,0.0005623037875921789,29
H3,Validação,64,4T21,Ridge + Brent e Câmbio,10.0,332,EBIT_t,-202.9014265786652,0.005828092644087926,25
H3,Validação,64,4T21,Ridge + Brent e Câmbio,10.0,332,EBIT_t_1,-1393.2904283143746,0.04002054511523554,10
H3,Validação,64,4T21,Ridge + Brent e Câmbio,10.0,332,EBIT_t_4,920.3759159209744,0.02643666038146397,14
H3,Validação,64,4T21,Ridge + Brent e Câmbio,10.0,332,Trimestre_Sin,406.028106532264,0.011662655412904116,22
H3,Validação,64,4T21,Ridge + Brent e Câmbio,10.0,332,Trimestre_Cos,524.5956113673875,0.015068360411678644,19
H3,Validação,64,4T21,Ridge + Brent e Câmbio,10.0,332,Brent_t,1962.808875070956,0.056379258438168,6
H3,Validação,64,4T21,Ridge + Brent e Câmbio,10.0,332,Brent_t_1,-1009.2074214730698,0.0289882355615956,11
H3,Validação,64,4T21,Ridge + Brent e Câmbio,10.0,332,Brent_t_4,153.0538453546332,0.0043962824968846355,27
H3,Validação,64,4T21,Ridge + Brent e Câmbio,10.0,332,USD_BRL_t,1614.0892017487536,0.0463627169223797,8
H3,Validação,64,4T21,Ridge + Brent e Câmbio,10.0,332,USD_BRL_t_1,708.4837169947624,0.020350318916424106,17
H3,Validação,64,4T21,Ridge + Brent e Câmbio,10.0,332,USD_BRL_t_4,-616.0137586578786,0.017694233678041772,18
H3,Validação,64,4T21,Ridge + Brent e Câmbio,10.0,332,Brent_BRL_t,-511.251066792928,0.014685054865805815,20
H3,Validação,64,4T21,Ridge + Brent e Câmbio,10.0,332,Brent_Var_AA,200.62102066694723,0.00576259080339749,26
H3,Validação,64,4T21,Ridge + Brent e Câmbio,10.0,332,USD_BRL_Var_AA,-424.02061523110274,0.012179467982261457,21
H3,Validação,64,4T21,Ridge + Brent e Câmbio,10.0,332,Segmento=CORPORATIVO / OUTROS NEGÓCIOS,-122.1105360142952,0.003507474189367671,28
H3,Validação,64,4T21,Ridge + Brent e Câmbio,10.0,332,Segmento=DISTRIBUIÇÃO,1393.6781152173357,0.04003168094224995,9
H3,Validação,64,4T21,Ridge + Brent e Câmbio,10.0,332,Segmento=E&P,962.8925381846178,0.027657897795337626,13
H3,Validação,64,4T21,Ridge + Brent e Câmbio,10.0,332,Segmento=GÁS & ENERGIA / G&EBC,273.39575690218555,0.007852955134885285,24
H3,Validação,64,4T21,Ridge + Brent e Câmbio,10.0,332,Segmento=INTERNACIONAL,281.60678565434205,0.008088806785008033,23
H3,Validação,64,4T21,Ridge + Brent e Câmbio,10.0,332,Segmento=REFINO / RTC,5304.864594880278,0.15237567741455757,1
H3,Validação,65,1T22,Ridge Contábil,0.1,336,Custo_t,8464.21555235876,0.2106637306001849,1
H3,Validação,65,1T22,Ridge Contábil,0.1,336,Custo_t_1,4663.636250747691,0.11607206889609299,5
H3,Validação,65,1T22,Ridge Contábil,0.1,336,Custo_t_4,1015.8962929496222,0.02528438715339969,8
H3,Validação,65,1T22,Ridge Contábil,0.1,336,Receita_t,2194.6742731301324,0.054622695626058454,6
H3,Validação,65,1T22,Ridge Contábil,0.1,336,Receita_t_1,-6593.701862820048,0.16410898615406433,2
H3,Validação,65,1T22,Ridge Contábil,0.1,336,Receita_t_4,4703.426981368363,0.11706241037593891,4
H3,Validação,65,1T22,Ridge Contábil,0.1,336,Despesas_t,-229.52814794704148,0.005712668306373661,18
H3,Validação,65,1T22,Ridge Contábil,0.1,336,Despesas_t_1,463.50948101246973,0.011536170816376643,14
H3,Validação,65,1T22,Ridge Contábil,0.1,336,Despesas_t_4,255.50608196441533,0.006359226567978938,17
H3,Validação,65,1T22,Ridge Contábil,0.1,336,EBIT_t,811.5330235865133,0.020198041176579015,11
H3,Validação,65,1T22,Ridge Contábil,0.1,336,EBIT_t_1,80.91959891617795,0.002013987531496904,20
H3,Validação,65,1T22,Ridge Contábil,0.1,336,EBIT_t_4,654.3223836380473,0.016285265125837136,12
H3,Validação,65,1T22,Ridge Contábil,0.1,336,Trimestre_Sin,918.5366940061953,0.022861228598860698,9
H3,Validação,65,1T22,Ridge Contábil,0.1,336,Trimestre_Cos,362.22164191732946,0.009015243281365175,16
H3,Validação,65,1T22,Ridge Contábil,0.1,336,Segmento=CORPORATIVO / OUTROS NEGÓCIOS,128.4633197898042,0.0031972912344680384,19
H3,Validação,65,1T22,Ridge Contábil,0.1,336,Segmento=DISTRIBUIÇÃO,1464.9019573690255,0.036459576128926974,7
H3,Validação,65,1T22,Ridge Contábil,0.1,336,Segmento=E&P,877.1278956193928,0.02183061543762052,10
H3,Validação,65,1T22,Ridge Contábil,0.1,336,Segmento=GÁS & ENERGIA / G&EBC,540.8803881422964,0.013461835851141447,13
H3,Validação,65,1T22,Ridge Contábil,0.1,336,Segmento=INTERNACIONAL,393.6541702308462,0.00979755956758925,15
H3,Validação,65,1T22,Ridge Contábil,0.1,336,Segmento=REFINO / RTC,5362.14235683023,0.1334570115696464,3
H3,Validação,65,1T22,Ridge + Brent e Câmbio,10.0,336,Custo_t,4285.439241656734,0.1199855566436131,2
H3,Validação,65,1T22,Ridge + Brent e Câmbio,10.0,336,Custo_t_1,2276.4674515125575,0.06373750716045747,6
H3,Validação,65,1T22,Ridge + Brent e Câmbio,10.0,336,Custo_t_4,2383.4508371240186,0.06673287364458173,5
H3,Validação,65,1T22,Ridge + Brent e Câmbio,10.0,336,Receita_t,2412.8253716349013,0.06755531439701969,4
H3,Validação,65,1T22,Ridge + Brent e Câmbio,10.0,336,Receita_t_1,564.9730608079894,0.01581835685144043,18
H3,Validação,65,1T22,Ridge + Brent e Câmbio,10.0,336,Receita_t_4,2641.9466637903256,0.07397035010933198,3
H3,Validação,65,1T22,Ridge + Brent e Câmbio,10.0,336,Despesas_t,-965.1593181259589,0.027022942458132575,13
H3,Validação,65,1T22,Ridge + Brent e Câmbio,10.0,336,Despesas_t_1,-384.28566575690957,0.010759394058794027,21
H3,Validação,65,1T22,Ridge + Brent e Câmbio,10.0,336,Despesas_t_4,169.2747797454091,0.004739427519132425,28
H3,Validação,65,1T22,Ridge + Brent e Câmbio,10.0,336,EBIT_t,-184.25370221256782,0.0051588137824291475,26
H3,Validação,65,1T22,Ridge + Brent e Câmbio,10.0,336,EBIT_t_1,-733.5524362806307,0.02053831414498913,15
H3,Validação,65,1T22,Ridge + Brent e Câmbio,10.0,336,EBIT_t_4,391.98412323807753,0.010974938756568816,20
H3,Validação,65,1T22,Ridge + Brent e Câmbio,10.0,336,Trimestre_Sin,724.5141957458906,0.020285257629545358,16
H3,Validação,65,1T22,Ridge + Brent e Câmbio,10.0,336,Trimestre_Cos,467.30298594735757,0.01308374841605266,19
H3,Validação,65,1T22,Ridge + Brent e Câmbio,10.0,336,Brent_t,1860.1504468331768,0.05208128600555296,8
H3,Validação,65,1T22,Ridge + Brent e Câmbio,10.0,336,Brent_t_1,-1176.9462873108655,0.03295264439871844,10
H3,Validação,65,1T22,Ridge + Brent e Câmbio,10.0,336,Brent_t_4,264.9439223176533,0.007418012998437972,25
H3,Validação,65,1T22,Ridge + Brent e Câmbio,10.0,336,USD_BRL_t,2086.03007107185,0.05840556011619226,7
H3,Validação,65,1T22,Ridge + Brent e Câmbio,10.0,336,USD_BRL_t_1,1047.8574119216285,0.029338358978564474,12
H3,Validação,65,1T22,Ridge + Brent e Câmbio,10.0,336,USD_BRL_t_4,-1129.3708988018172,0.031620608369061075,11
H3,Validação,65,1T22,Ridge + Brent e Câmbio,10.0,336,Brent_BRL_t,-159.0798120610678,0.004453984463335783,29
H3,Validação,65,1T22,Ridge + Brent e Câmbio,10.0,336,Brent_Var_AA,371.7685601249948,0.010408934793798922,22
H3,Validação,65,1T22,Ridge + Brent e Câmbio,10.0,336,USD_BRL_Var_AA,-619.7780856185785,0.017352811323422018,17
H3,Validação,65,1T22,Ridge + Brent e Câmbio,10.0,336,Segmento=CORPORATIVO / OUTROS NEGÓCIOS,-181.87720343402842,0.005092275555487519,27
H3,Validação,65,1T22,Ridge + Brent e Câmbio,10.0,336,Segmento=DISTRIBUIÇÃO,1379.9733555491073,0.03863708289442528,9
H3,Validação,65,1T22,Ridge + Brent e Câmbio,10.0,336,Segmento=E&P,862.324169601433,0.024143720086174793,14
H3,Validação,65,1T22,Ridge + Brent e Câmbio,10.0,336,Segmento=GÁS & ENERGIA / G&EBC,296.8904690510977,0.008312466046656117,24
H3,Validação,65,1T22,Ridge + Brent e Câmbio,10.0,336,Segmento=INTERNACIONAL,355.7655526739986,0.00996087576210971,23
H3,Validação,65,1T22,Ridge + Brent e Câmbio,10.0,336,Segmento=REFINO / RTC,5338.106460038609,0.14945858263597417,1
H3,Validação,66,2T22,Ridge Contábil,0.1,340,Custo_t,9454.78806365606,0.2774638545069733,1
H3,Validação,66,2T22,Ridge Contábil,0.1,340,Custo_t_1,1283.7441885018318,0.03767325172648123,6
H3,Validação,66,2T22,Ridge Contábil,0.1,340,Custo_t_4,92.83608513374456,0.002724403534497177,19
H3,Validação,66,2T22,Ridge Contábil,0.1,340,Receita_t,7472.233403592395,0.2192830413519385,2
H3,Validação,66,2T22,Ridge Contábil,0.1,340,Receita_t_1,-3758.606827549371,0.11030152457429132,4
H3,Validação,66,2T22,Ridge Contábil,0.1,340,Receita_t_4,1306.11070740449,0.038329628210528495,5
H3,Validação,66,2T22,Ridge Contábil,0.1,340,Despesas_t,-206.26831148550517,0.006053229367182905,17
H3,Validação,66,2T22,Ridge Contábil,0.1,340,Despesas_t_1,337.8044687888679,0.009913340135050693,13
H3,Validação,66,2T22,Ridge Contábil,0.1,340,Despesas_t_4,216.04188606946713,0.006340048453778998,16
H3,Validação,66,2T22,Ridge Contábil,0.1,340,EBIT_t,986.6716465757924,0.028955246415729736,8
H3,Validação,66,2T22,Ridge Contábil,0.1,340,EBIT_t_1,-684.351502324194,0.020083242944642296,10
H3,Validação,66,2T22,Ridge Contábil,0.1,340,EBIT_t_4,578.9682883340943,0.016990626530909648,11
H3,Validação,66,2T22,Ridge Contábil,0.1,340,Trimestre_Sin,894.4447542723426,0.026248720488820758,9
H3,Validação,66,2T22,Ridge Contábil,0.1,340,Trimestre_Cos,143.53315419212677,0.004212179262354745,18
H3,Validação,66,2T22,Ridge Contábil,0.1,340,Segmento=CORPORATIVO / OUTROS NEGÓCIOS,52.36662754410542,0.0015367712346478551,20
H3,Validação,66,2T22,Ridge Contábil,0.1,340,Segmento=DISTRIBUIÇÃO,1094.3837350716665,0.03211620687828555,7
H3,Validação,66,2T22,Ridge Contábil,0.1,340,Segmento=E&P,-253.48203385085145,0.0074387814604622345,15
H3,Validação,66,2T22,Ridge Contábil,0.1,340,Segmento=GÁS & ENERGIA / G&EBC,383.20673541966147,0.01124573255018665,12
H3,Validação,66,2T22,Ridge Contábil,0.1,340,Segmento=INTERNACIONAL,254.8942156088803,0.0074802238906054655,14
H3,Validação,66,2T22,Ridge Contábil,0.1,340,Segmento=REFINO / RTC,4621.010205438511,0.1356099464826324,3
H3,Validação,66,2T22,Ridge + Brent e Câmbio,10.0,340,Custo_t,5766.157759896074,0.1571669762354284,1
H3,Validação,66,2T22,Ridge + Brent e Câmbio,10.0,340,Custo_t_1,2004.1210686326053,0.054625915814758966,5
H3,Validação,66,2T22,Ridge + Brent e Câmbio,10.0,340,Custo_t_4,979.507914967455,0.02669824579979558,14
H3,Validação,66,2T22,Ridge + Brent e Câmbio,10.0,340,Receita_t,4261.898932631981,0.11616570273561867,3
H3,Validação,66,2T22,Ridge + Brent e Câmbio,10.0,340,Receita_t_1,1003.5395466370272,0.02735327104204256,13
H3,Validação,66,2T22,Ridge + Brent e Câmbio,10.0,340,Receita_t_4,1252.754631359474,0.034146075354560886,10
H3,Validação,66,2T22,Ridge + Brent e Câmbio,10.0,340,Despesas_t,-877.7816001433733,0.02392551255692948,15
H3,Validação,66,2T22,Ridge + Brent e Câmbio,10.0,340,Despesas_t_1,-312.5781640127094,0.008519878733943066,24
H3,Validação,66,2T22,Ridge + Brent e Câmbio,10.0,340,Despesas_t_4,-5.8675604266982635,0.0001599308878707209,29
H3,Validação,66,2T22,Ridge + Brent e Câmbio,10.0,340,EBIT_t,71.76047905424012,0.001955960619843324,28
H3,Validação,66,2T22,Ridge + Brent e Câmbio,10.0,340,EBIT_t_1,-784.4708466079567,0.02138216053742541,16
H3,Validação,66,2T22,Ridge + Brent e Câmbio,10.0,340,EBIT_t_4,193.38249048722793,0.005270986773574142,26
H3,Validação,66,2T22,Ridge + Brent e Câmbio,10.0,340,Trimestre_Sin,653.5475402399293,0.01781361090048687,18
H3,Validação,66,2T22,Ridge + Brent e Câmbio,10.0,340,Trimestre_Cos,379.89034169266625,0.01035459291803285,23
H3,Validação,66,2T22,Ridge + Brent e Câmbio,10.0,340,Brent_t,1245.5084369040633,0.033948567322489395,11
H3,Validação,66,2T22,Ridge + Brent e Câmbio,10.0,340,Brent_t_1,-1126.7907456689761,0.030712703627111388,12
H3,Validação,66,2T22,Ridge + Brent e Câmbio,10.0,340,Brent_t_4,1497.2087911882586,0.04080911211634984,7
H3,Validação,66,2T22,Ridge + Brent e Câmbio,10.0,340,USD_BRL_t,2006.1035784607957,0.0546799526774374,4
H3,Validação,66,2T22,Ridge + Brent e Câmbio,10.0,340,USD_BRL_t_1,1402.024645341365,0.03821469742788008,8
H3,Validação,66,2T22,Ridge + Brent e Câmbio,10.0,340,USD_BRL_t_4,-469.92741975138125,0.012808715038308749,20
H3,Validação,66,2T22,Ridge + Brent e Câmbio,10.0,340,Brent_BRL_t,-673.2481641425873,0.01835058675471462,17
H3,Validação,66,2T22,Ridge + Brent e Câmbio,10.0,340,Brent_Var_AA,1546.0934795881726,0.0421415520147969,6
H3,Validação,66,2T22,Ridge + Brent e Câmbio,10.0,340,USD_BRL_Var_AA,-445.9951678507493,0.012156398569986054,21
H3,Validação,66,2T22,Ridge + Brent e Câmbio,10.0,340,Segmento=CORPORATIVO / OUTROS NEGÓCIOS,-188.47251952586905,0.005137156704829294,27
H3,Validação,66,2T22,Ridge + Brent e Câmbio,10.0,340,Segmento=DISTRIBUIÇÃO,1253.0415029564588,0.03415389455468397,9
H3,Validação,66,2T22,Ridge + Brent e Câmbio,10.0,340,Segmento=E&P,515.4531964923397,0.014049601772436986,19
H3,Validação,66,2T22,Ridge + Brent e Câmbio,10.0,340,Segmento=GÁS & ENERGIA / G&EBC,261.2193141239472,0.00712000112461253,25
H3,Validação,66,2T22,Ridge + Brent e Câmbio,10.0,340,Segmento=INTERNACIONAL,388.6098714126478,0.010592259346415337,22
H3,Validação,66,2T22,Ridge + Brent e Câmbio,10.0,340,Segmento=REFINO / RTC,5121.144411158317,0.1395859800376365,2
H3,Validação,67,3T22,Ridge Contábil,0.1,344,Custo_t,9972.053056377787,0.27448486075471745,1
H3,Validação,67,3T22,Ridge Contábil,0.1,344,Custo_t_1,1920.8995671755115,0.05287355043530891,6
H3,Validação,67,3T22,Ridge Contábil,0.1,344,Custo_t_4,-2077.0715704111085,0.057172249040255856,5
H3,Validação,67,3T22,Ridge Contábil,0.1,344,Receita_t,9165.934826506882,0.25229612501223764,2
H3,Validação,67,3T22,Ridge Contábil,0.1,344,Receita_t_1,-2336.140933378363,0.06430323978186651,4
H3,Validação,67,3T22,Ridge Contábil,0.1,344,Receita_t_4,1479.763043852105,0.040731086241257784,7
H3,Validação,67,3T22,Ridge Contábil,0.1,344,Despesas_t,-447.2277097031424,0.01231012660376961,14
H3,Validação,67,3T22,Ridge Contábil,0.1,344,Despesas_t_1,237.05104380516127,0.006524927453028895,15
H3,Validação,67,3T22,Ridge Contábil,0.1,344,Despesas_t_4,198.19075792872528,0.005455282105438202,16
H3,Validação,67,3T22,Ridge Contábil,0.1,344,EBIT_t,814.2572377276123,0.022412765280389345,10
H3,Validação,67,3T22,Ridge Contábil,0.1,344,EBIT_t_1,-852.1444105002278,0.023455625289665986,9
H3,Validação,67,3T22,Ridge Contábil,0.1,344,EBIT_t_4,557.5377615847897,0.01534645613986394,12
H3,Validação,67,3T22,Ridge Contábil,0.1,344,Trimestre_Sin,709.9697191826858,0.019542208450775273,11
H3,Validação,67,3T22,Ridge Contábil,0.1,344,Trimestre_Cos,137.20200596562051,0.003776541629875834,18
H3,Validação,67,3T22,Ridge Contábil,0.1,344,Segmento=CORPORATIVO / OUTROS NEGÓCIOS,92.24152807538924,0.002538985988786177,19
H3,Validação,67,3T22,Ridge Contábil,0.1,344,Segmento=DISTRIBUIÇÃO,523.4681962949875,0.01440867734630205,13
H3,Validação,67,3T22,Ridge Contábil,0.1,344,Segmento=E&P,-1353.4487021775,0.037254232047857445,8
H3,Validação,67,3T22,Ridge Contábil,0.1,344,Segmento=GÁS & ENERGIA / G&EBC,168.6291391471813,0.004641586393124822,17
H3,Validação,67,3T22,Ridge Contábil,0.1,344,Segmento=INTERNACIONAL,87.71619744014924,0.0024144244022943685,20
H3,Validação,67,3T22,Ridge Contábil,0.1,344,Segmento=REFINO / RTC,3199.1184075384404,0.08805704960318408,3
H3,Validação,67,3T22,Ridge + Brent e Câmbio,10.0,344,Custo_t,6618.560369679129,0.1810986021022636,1
H3,Validação,67,3T22,Ridge + Brent e Câmbio,10.0,344,Custo_t_1,2829.97110090872,0.07743433341066883,4
H3,Validação,67,3T22,Ridge + Brent e Câmbio,10.0,344,Custo_t_4,-19.069757674970923,0.0005217911848605794,29
H3,Validação,67,3T22,Ridge + Brent e Câmbio,10.0,344,Receita_t,5119.433859412879,0.14007915070805893,2
H3,Validação,67,3T22,Ridge + Brent e Câmbio,10.0,344,Receita_t_1,1941.719733729411,0.05312979104394324,5
H3,Validação,67,3T22,Ridge + Brent e Câmbio,10.0,344,Receita_t_4,475.240936619736,0.013003654039009263,18
H3,Validação,67,3T22,Ridge + Brent e Câmbio,10.0,344,Despesas_t,-975.1722785649052,0.02668289274296448,12
H3,Validação,67,3T22,Ridge + Brent e Câmbio,10.0,344,Despesas_t_1,-293.257937242899,0.00802419250164777,22
H3,Validação,67,3T22,Ridge + Brent e Câmbio,10.0,344,Despesas_t_4,22.140846832079742,0.0006058230471114316,28
H3,Validação,67,3T22,Ridge + Brent e Câmbio,10.0,344,EBIT_t,83.4485151900316,0.0022833378566216645,26
H3,Validação,67,3T22,Ridge + Brent e Câmbio,10.0,344,EBIT_t_1,-750.7756917856406,0.0205429006733274,14
H3,Validação,67,3T22,Ridge + Brent e Câmbio,10.0,344,EBIT_t_4,346.8705284998753,0.009491152805613263,21
H3,Validação,67,3T22,Ridge + Brent e Câmbio,10.0,344,Trimestre_Sin,506.0646308296525,0.013847059193794328,17
H3,Validação,67,3T22,Ridge + Brent e Câmbio,10.0,344,Trimestre_Cos,415.03776585809595,0.011356360751936708,19
H3,Validação,67,3T22,Ridge + Brent e Câmbio,10.0,344,Brent_t,1240.1933265105406,0.0339344608529277,11
H3,Validação,67,3T22,Ridge + Brent e Câmbio,10.0,344,Brent_t_1,-1449.6448340374084,0.03966552215669676,9
H3,Validação,67,3T22,Ridge + Brent e Câmbio,10.0,344,Brent_t_4,1706.5513735894249,0.04669505918365232,7
H3,Validação,67,3T22,Ridge + Brent e Câmbio,10.0,344,USD_BRL_t,1824.5514429021841,0.0499238047728607,6
H3,Validação,67,3T22,Ridge + Brent e Câmbio,10.0,344,USD_BRL_t_1,1266.9335866664242,0.034666134126811604,10
H3,Validação,67,3T22,Ridge + Brent e Câmbio,10.0,344,USD_BRL_t_4,-127.23352256865442,0.0034813935041355833,25
H3,Validação,67,3T22,Ridge + Brent e Câmbio,10.0,344,Brent_BRL_t,-669.1687897827459,0.01830995346892846,15
H3,Validação,67,3T22,Ridge + Brent e Câmbio,10.0,344,Brent_Var_AA,1479.1296908185811,0.04047229372755345,8
H3,Validação,67,3T22,Ridge + Brent e Câmbio,10.0,344,USD_BRL_Var_AA,-551.4142661097169,0.015087926557139888,16
H3,Validação,67,3T22,Ridge + Brent e Câmbio,10.0,344,Segmento=CORPORATIVO / OUTROS NEGÓCIOS,-79.3010828646997,0.0021698548400018794,27
H3,Validação,67,3T22,Ridge + Brent e Câmbio,10.0,344,Segmento=DISTRIBUIÇÃO,899.6771842395467,0.024617178254578875,13
H3,Validação,67,3T22,Ridge + Brent e Câmbio,10.0,344,Segmento=E&P,-171.17319309691504,0.004683681081046786,23
H3,Validação,67,3T22,Ridge + Brent e Câmbio,10.0,344,Segmento=GÁS & ENERGIA / G&EBC,158.83045593107718,0.004345956210078016,24
H3,Validação,67,3T22,Ridge + Brent e Câmbio,10.0,344,Segmento=INTERNACIONAL,346.90909286955207,0.00949220801294678,20
H3,Validação,67,3T22,Ridge + Brent e Câmbio,10.0,344,Segmento=REFINO / RTC,4179.246779783555,0.11435353118881975,3
H3,Validação,68,4T22,Ridge Contábil,0.1,348,Custo_t,10673.412001384851,0.24549347316774342,1
H3,Validação,68,4T22,Ridge Contábil,0.1,348,Custo_t_1,1645.3773743298275,0.03784444995128481,7
H3,Validação,68,4T22,Ridge Contábil,0.1,348,Custo_t_4,-5711.904700548711,0.13137648234312754,3
H3,Validação,68,4T22,Ridge Contábil,0.1,348,Receita_t,10369.625424113998,0.2385062396620672,2
H3,Validação,68,4T22,Ridge Contábil,0.1,348,Receita_t_1,-1035.216384976668,0.023810461527682434,9
H3,Validação,68,4T22,Ridge Contábil,0.1,348,Receita_t_4,4330.51872254242,0.0996039581042071,4
H3,Validação,68,4T22,Ridge Contábil,0.1,348,Despesas_t,-534.5766020263954,0.012295512127578595,14
H3,Validação,68,4T22,Ridge Contábil,0.1,348,Despesas_t_1,-83.46647056940625,0.0019197679008810104,18
H3,Validação,68,4T22,Ridge Contábil,0.1,348,Despesas_t_4,-586.0083671570819,0.013478466805186997,13
H3,Validação,68,4T22,Ridge Contábil,0.1,348,EBIT_t,916.361072133259,0.02107673368595934,10
H3,Validação,68,4T22,Ridge Contábil,0.1,348,EBIT_t_1,-1561.9307036645876,0.03592513745746965,8
H3,Validação,68,4T22,Ridge Contábil,0.1,348,EBIT_t_4,-612.3189408779332,0.014083622318993612,12
H3,Validação,68,4T22,Ridge Contábil,0.1,348,Trimestre_Sin,709.6867076425034,0.016323126540747603,11
H3,Validação,68,4T22,Ridge Contábil,0.1,348,Trimestre_Cos,151.26572489498338,0.003479182492991717,16
H3,Validação,68,4T22,Ridge Contábil,0.1,348,Segmento=CORPORATIVO / OUTROS NEGÓCIOS,113.14834860755784,0.0026024649923810633,17
H3,Validação,68,4T22,Ridge Contábil,0.1,348,Segmento=DISTRIBUIÇÃO,195.9535929649225,0.004507024380808645,15
H3,Validação,68,4T22,Ridge Contábil,0.1,348,Segmento=E&P,-1805.008955958697,0.04151605106592806,6
H3,Validação,68,4T22,Ridge Contábil,0.1,348,Segmento=GÁS & ENERGIA / G&EBC,81.09722093651101,0.0018652740500762826,19
H3,Validação,68,4T22,Ridge Contábil,0.1,348,Segmento=INTERNACIONAL,3.566744808312649,8.203680048911076e-05,20
H3,Validação,68,4T22,Ridge Contábil,0.1,348,Segmento=REFINO / RTC,2356.9317888388637,0.05421053462439579,5
H3,Validação,68,4T22,Ridge + Brent e Câmbio,10.0,348,Custo_t,7378.154412718086,0.1817810703272905,1
H3,Validação,68,4T22,Ridge + Brent e Câmbio,10.0,348,Custo_t_1,3307.9096151042395,0.08149942610892874,4
H3,Validação,68,4T22,Ridge + Brent e Câmbio,10.0,348,Custo_t_4,-998.1680660580191,0.024592608024274664,13
H3,Validação,68,4T22,Ridge + Brent e Câmbio,10.0,348,Receita_t,5939.4164123184655,0.14633381360108705,2
H3,Validação,68,4T22,Ridge + Brent e Câmbio,10.0,348,Receita_t_1,2642.998482989872,0.06511751668996435,5
H3,Validação,68,4T22,Ridge + Brent e Câmbio,10.0,348,Receita_t_4,369.18637003382725,0.009095918808545612,22
H3,Validação,68,4T22,Ridge + Brent e Câmbio,10.0,348,Despesas_t,-992.8205883414149,0.0244608582439773,14
H3,Validação,68,4T22,Ridge + Brent e Câmbio,10.0,348,Despesas_t_1,-419.5600651959795,0.010337012950887273,21
H3,Validação,68,4T22,Ridge + Brent e Câmbio,10.0,348,Despesas_t_4,-486.9267663705881,0.011996776403767857,19
H3,Validação,68,4T22,Ridge + Brent e Câmbio,10.0,348,EBIT_t,312.599487797,0.007701745761453565,25
H3,Validação,68,4T22,Ridge + Brent e Câmbio,10.0,348,EBIT_t_1,-1031.9655310906267,0.02542530127306142,11
H3,Validação,68,4T22,Ridge + Brent e Câmbio,10.0,348,EBIT_t_4,-212.78905745514382,0.005242642055776846,26
H3,Validação,68,4T22,Ridge + Brent e Câmbio,10.0,348,Trimestre_Sin,492.9421117517467,0.012144980935769852,18
H3,Validação,68,4T22,Ridge + Brent e Câmbio,10.0,348,Trimestre_Cos,445.21450591179126,0.010969080461419391,20
H3,Validação,68,4T22,Ridge + Brent e Câmbio,10.0,348,Brent_t,1369.1877999633398,0.03373369678023761,9
H3,Validação,68,4T22,Ridge + Brent e Câmbio,10.0,348,Brent_t_1,-1687.8871917670763,0.04158573040735673,8
H3,Validação,68,4T22,Ridge + Brent e Câmbio,10.0,348,Brent_t_4,1691.742797491118,0.041680723829298154,7
H3,Validação,68,4T22,Ridge + Brent e Câmbio,10.0,348,USD_BRL_t,2077.157891232616,0.05117648175757553,6
H3,Validação,68,4T22,Ridge + Brent e Câmbio,10.0,348,USD_BRL_t_1,1024.6253100688757,0.025244454795862088,12
H3,Validação,68,4T22,Ridge + Brent e Câmbio,10.0,348,USD_BRL_t_4,-85.23645353391488,0.002100033814362708,28
H3,Validação,68,4T22,Ridge + Brent e Câmbio,10.0,348,Brent_BRL_t,-804.2108636422366,0.019813940368302002,15
H3,Validação,68,4T22,Ridge + Brent e Câmbio,10.0,348,Brent_Var_AA,1280.3310440036594,0.03154446688606262,10
H3,Validação,68,4T22,Ridge + Brent e Câmbio,10.0,348,USD_BRL_Var_AA,-635.3876247567229,0.015654516839861254,17
H3,Validação,68,4T22,Ridge + Brent e Câmbio,10.0,348,Segmento=CORPORATIVO / OUTROS NEGÓCIOS,-1.3905992575744845,3.42612267645806e-05,29
H3,Validação,68,4T22,Ridge + Brent e Câmbio,10.0,348,Segmento=DISTRIBUIÇÃO,645.0004908569272,0.015891356161846157,16
H3,Validação,68,4T22,Ridge + Brent e Câmbio,10.0,348,Segmento=E&P,-318.77657609809035,0.00785393527390709,24
H3,Validação,68,4T22,Ridge + Brent e Câmbio,10.0,348,Segmento=GÁS & ENERGIA / G&EBC,112.05128760766686,0.0027606907979266524,27
H3,Validação,68,4T22,Ridge + Brent e Câmbio,10.0,348,Segmento=INTERNACIONAL,325.98036546835,0.008031420383175187,23
H3,Validação,68,4T22,Ridge + Brent e Câmbio,10.0,348,Segmento=REFINO / RTC,3498.516074941432,0.08619553903125726,3
H3,Teste,69,1T23,Ridge Contábil,0.1,352,Custo_t,14643.526564999069,0.3688762548810199,1
H3,Teste,69,1T23,Ridge Contábil,0.1,352,Custo_t_1,1519.9579077605742,0.03828834387009199,7
H3,Teste,69,1T23,Ridge Contábil,0.1,352,Custo_t_4,-4410.196003926962,0.11109459036378787,3
H3,Teste,69,1T23,Ridge Contábil,0.1,352,Receita_t,6688.10142961936,0.1684759334899012,2
H3,Teste,69,1T23,Ridge Contábil,0.1,352,Receita_t_1,-1005.0114523882226,0.025316637971320916,10
H3,Teste,69,1T23,Ridge Contábil,0.1,352,Receita_t_4,2740.670954998404,0.06903859075568684,4
H3,Teste,69,1T23,Ridge Contábil,0.1,352,Despesas_t,-234.96100862078924,0.005918761202664522,14
H3,Teste,69,1T23,Ridge Contábil,0.1,352,Despesas_t_1,-22.325424487503355,0.0005623863170544789,20
H3,Teste,69,1T23,Ridge Contábil,0.1,352,Despesas_t_4,-201.32577128229306,0.005071476204314843,15
H3,Teste,69,1T23,Ridge Contábil,0.1,352,EBIT_t,1368.457531558882,0.034471989173135195,8
H3,Teste,69,1T23,Ridge Contábil,0.1,352,EBIT_t_1,-1529.2062830586917,0.03852131412002194,6
H3,Teste,69,1T23,Ridge Contábil,0.1,352,EBIT_t_4,-277.15349070403755,0.006981606597584879,13
H3,Teste,69,1T23,Ridge Contábil,0.1,352,Trimestre_Sin,629.7923747689616,0.01586472025889435,11
H3,Teste,69,1T23,Ridge Contábil,0.1,352,Trimestre_Cos,139.42048859936673,0.00351205752657571,16
H3,Teste,69,1T23,Ridge Contábil,0.1,352,Segmento=CORPORATIVO / OUTROS NEGÓCIOS,43.043776547230436,0.0010842898408522025,19
H3,Teste,69,1T23,Ridge Contábil,0.1,352,Segmento=DISTRIBUIÇÃO,317.7074151006557,0.00800317607306276,12
H3,Teste,69,1T23,Ridge Contábil,0.1,352,Segmento=E&P,-1010.029925852295,0.02544305531269219,9
H3,Teste,69,1T23,Ridge Contábil,0.1,352,Segmento=GÁS & ENERGIA / G&EBC,127.40172257511522,0.003209300033041745,17
H3,Teste,69,1T23,Ridge Contábil,0.1,352,Segmento=INTERNACIONAL,57.885220062746676,0.0014581517023874793,18
H3,Teste,69,1T23,Ridge Contábil,0.1,352,Segmento=REFINO / RTC,2731.4918044972633,0.06880736430590915,5
H3,Teste,69,1T23,Ridge + Brent e Câmbio,10.0,352,Custo_t,8216.2643811023,0.1951863378860694,1
H3,Teste,69,1T23,Ridge + Brent e Câmbio,10.0,352,Custo_t_1,3777.669338815791,0.08974266281935538,3
H3,Teste,69,1T23,Ridge + Brent e Câmbio,10.0,352,Custo_t_4,-903.9282488476749,0.021473803229865723,15
H3,Teste,69,1T23,Ridge + Brent e Câmbio,10.0,352,Receita_t,5728.5467332755115,0.1360878869537111,2
H3,Teste,69,1T23,Ridge + Brent e Câmbio,10.0,352,Receita_t_1,2562.049912365143,0.06086429509572165,5
H3,Teste,69,1T23,Ridge + Brent e Câmbio,10.0,352,Receita_t_4,65.42003302325135,0.0015541243657596425,29
H3,Teste,69,1T23,Ridge + Brent e Câmbio,10.0,352,Despesas_t,-962.030723134006,0.022854090992288845,14
H3,Teste,69,1T23,Ridge + Brent e Câmbio,10.0,352,Despesas_t_1,-443.6022305784161,0.010538255689999651,19
H3,Teste,69,1T23,Ridge + Brent e Câmbio,10.0,352,Despesas_t_4,-330.9501324916879,0.007862082010473918,21
H3,Teste,69,1T23,Ridge + Brent e Câmbio,10.0,352,EBIT_t,207.51064430309123,0.004929642092221133,24
H3,Teste,69,1T23,Ridge + Brent e Câmbio,10.0,352,EBIT_t_1,-1149.3133582806274,0.027303194624835006,12
H3,Teste,69,1T23,Ridge + Brent e Câmbio,10.0,352,EBIT_t_4,-145.19632974906037,0.003449297462165535,26
H3,Teste,69,1T23,Ridge + Brent e Câmbio,10.0,352,Trimestre_Sin,380.6457675216185,0.009042656120616352,20
H3,Teste,69,1T23,Ridge + Brent e Câmbio,10.0,352,Trimestre_Cos,444.1861689240912,0.01055212778344223,18
H3,Teste,69,1T23,Ridge + Brent e Câmbio,10.0,352,Brent_t,1436.5734090804915,0.03412737100668963,11
H3,Teste,69,1T23,Ridge + Brent e Câmbio,10.0,352,Brent_t_1,-1647.3665557518011,0.03913499252929868,8
H3,Teste,69,1T23,Ridge + Brent e Câmbio,10.0,352,Brent_t_4,1826.246980356276,0.043384492469728836,7
H3,Teste,69,1T23,Ridge + Brent e Câmbio,10.0,352,USD_BRL_t,2444.4203227036987,0.058069875665175276,6
H3,Teste,69,1T23,Ridge + Brent e Câmbio,10.0,352,USD_BRL_t_1,1058.7031780254315,0.025150650787530253,13
H3,Teste,69,1T23,Ridge + Brent e Câmbio,10.0,352,USD_BRL_t_4,-147.07542432128915,0.0034939374069241917,25
H3,Teste,69,1T23,Ridge + Brent e Câmbio,10.0,352,Brent_BRL_t,-1534.2727860628338,0.036448326458268655,10
H3,Teste,69,1T23,Ridge + Brent e Câmbio,10.0,352,Brent_Var_AA,1604.7459072212084,0.0381224924539421,9
H3,Teste,69,1T23,Ridge + Brent e Câmbio,10.0,352,USD_BRL_Var_AA,-510.36986480586853,0.012124393794823466,17
H3,Teste,69,1T23,Ridge + Brent e Câmbio,10.0,352,Segmento=CORPORATIVO / OUTROS NEGÓCIOS,-67.67630921159572,0.0016077246719371555,27
H3,Teste,69,1T23,Ridge + Brent e Câmbio,10.0,352,Segmento=DISTRIBUIÇÃO,557.0152728187279,0.013232506429340476,16
H3,Teste,69,1T23,Ridge + Brent e Câmbio,10.0,352,Segmento=E&P,-231.98174690545005,0.005510979872925297,23
H3,Teste,69,1T23,Ridge + Brent e Câmbio,10.0,352,Segmento=GÁS & ENERGIA / G&EBC,66.05454323514827,0.0015691978491417411,28
H3,Teste,69,1T23,Ridge + Brent e Câmbio,10.0,352,Segmento=INTERNACIONAL,290.320089079652,0.006896870934746174,22
H3,Teste,69,1T23,Ridge + Brent e Câmbio,10.0,352,Segmento=REFINO / RTC,3354.3281596109914,0.07968573054300264,4
H3,Teste,70,2T23,Ridge Contábil,0.1,356,Custo_t,16310.637965906082,0.43696841907394707,1
H3,Teste,70,2T23,Ridge Contábil,0.1,356,Custo_t_1,2029.7420027023654,0.054377588166862924,5
H3,Teste,70,2T23,Ridge Contábil,0.1,356,Custo_t_4,-3021.291538433093,0.08094159099541158,4
H3,Teste,70,2T23,Ridge Contábil,0.1,356,Receita_t,3968.826407511724,0.10632642355831912,3
H3,Teste,70,2T23,Ridge Contábil,0.1,356,Receita_t_1,-1292.7912211515936,0.034634386299304244,6
H3,Teste,70,2T23,Ridge Contábil,0.1,356,Receita_t_4,977.9146168656783,0.02619871797867852,9
H3,Teste,70,2T23,Ridge Contábil,0.1,356,Despesas_t,-254.7641168068899,0.00682523109093439,15
H3,Teste,70,2T23,Ridge Contábil,0.1,356,Despesas_t_1,248.9810231222761,0.006670299732025902,16
H3,Teste,70,2T23,Ridge Contábil,0.1,356,Despesas_t_4,104.03174440260364,0.002787051431104789,18
H3,Teste,70,2T23,Ridge Contábil,0.1,356,EBIT_t,1291.9799065940092,0.03461265086257023,7
H3,Teste,70,2T23,Ridge Contábil,0.1,356,EBIT_t_1,-1061.2642594693723,0.028431687751844063,8
H3,Teste,70,2T23,Ridge Contábil,0.1,356,EBIT_t_4,-1.8130590576604377,4.857256667517302e-05,20
H3,Teste,70,2T23,Ridge Contábil,0.1,356,Trimestre_Sin,600.7383948837191,0.016094018347906896,11
H3,Teste,70,2T23,Ridge Contábil,0.1,356,Trimestre_Cos,329.09813430143396,0.008816668714398412,12
H3,Teste,70,2T23,Ridge Contábil,0.1,356,Segmento=CORPORATIVO / OUTROS NEGÓCIOS,-5.651566448721238,0.00015140769242448775,19
H3,Teste,70,2T23,Ridge Contábil,0.1,356,Segmento=DISTRIBUIÇÃO,819.3078163613993,0.0219495792867646,10
H3,Teste,70,2T23,Ridge Contábil,0.1,356,Segmento=E&P,269.20412841845524,0.007212084692768022,14
H3,Teste,70,2T23,Ridge Contábil,0.1,356,Segmento=GÁS & ENERGIA / G&EBC,313.60501726760583,0.00840160200327707,13
H3,Teste,70,2T23,Ridge Contábil,0.1,356,Segmento=INTERNACIONAL,206.78173174494083,0.005539764085428912,17
H3,Teste,70,2T23,Ridge Contábil,0.1,356,Segmento=REFINO / RTC,4218.387204822928,0.11301225566935344,2
H3,Teste,70,2T23,Ridge + Brent e Câmbio,10.0,356,Custo_t,8309.930418216794,0.18216901186617485,1
H3,Teste,70,2T23,Ridge + Brent e Câmbio,10.0,356,Custo_t_1,4146.366864474261,0.0908960143493009,3
H3,Teste,70,2T23,Ridge + Brent e Câmbio,10.0,356,Custo_t_4,-696.8022429183595,0.015275191207414548,16
H3,Teste,70,2T23,Ridge + Brent e Câmbio,10.0,356,Receita_t,5281.594519079213,0.11578229975419321,2
H3,Teste,70,2T23,Ridge + Brent e Câmbio,10.0,356,Receita_t_1,2493.223282445363,0.05465605593148585,6
H3,Teste,70,2T23,Ridge + Brent e Câmbio,10.0,356,Receita_t_4,-152.89048440660977,0.0033516415982300825,26
H3,Teste,70,2T23,Ridge + Brent e Câmbio,10.0,356,Despesas_t,-1149.1921593363506,0.025192413121983996,13
H3,Teste,70,2T23,Ridge + Brent e Câmbio,10.0,356,Despesas_t_1,-362.44559996878513,0.007945476493619654,18
H3,Teste,70,2T23,Ridge + Brent e Câmbio,10.0,356,Despesas_t_4,-261.09131836399644,0.005723603577827847,23
H3,Teste,70,2T23,Ridge + Brent e Câmbio,10.0,356,EBIT_t,-250.00106459719865,0.0054804847466985475,24
H3,Teste,70,2T23,Ridge + Brent e Câmbio,10.0,356,EBIT_t_1,-995.2808102400519,0.02181839228561228,14
H3,Teste,70,2T23,Ridge + Brent e Câmbio,10.0,356,EBIT_t_4,-148.70113094965998,0.003259803238436156,27
H3,Teste,70,2T23,Ridge + Brent e Câmbio,10.0,356,Trimestre_Sin,357.656046314446,0.007840480637748429,19
H3,Teste,70,2T23,Ridge + Brent e Câmbio,10.0,356,Trimestre_Cos,615.365985870364,0.013489958151311945,17
H3,Teste,70,2T23,Ridge + Brent e Câmbio,10.0,356,Brent_t,1623.9121437670162,0.035599151340547516,11
H3,Teste,70,2T23,Ridge + Brent e Câmbio,10.0,356,Brent_t_1,-1696.720163327154,0.037195237506338734,10
H3,Teste,70,2T23,Ridge + Brent e Câmbio,10.0,356,Brent_t_4,2153.438839020968,0.04720735381354407,8
H3,Teste,70,2T23,Ridge + Brent e Câmbio,10.0,356,USD_BRL_t,2977.461732190399,0.06527145647735359,5
H3,Teste,70,2T23,Ridge + Brent e Câmbio,10.0,356,USD_BRL_t_1,1221.5608701388694,0.02677886882900456,12
H3,Teste,70,2T23,Ridge + Brent e Câmbio,10.0,356,USD_BRL_t_4,-96.81412865120515,0.0021223443835838214,28
H3,Teste,70,2T23,Ridge + Brent e Câmbio,10.0,356,Brent_BRL_t,-2449.6267187086755,0.05370033879103146,7
H3,Teste,70,2T23,Ridge + Brent e Câmbio,10.0,356,Brent_Var_AA,2117.480592860615,0.0464190826919096,9
H3,Teste,70,2T23,Ridge + Brent e Câmbio,10.0,356,USD_BRL_Var_AA,-333.25733529396325,0.007305615861063156,22
H3,Teste,70,2T23,Ridge + Brent e Câmbio,10.0,356,Segmento=CORPORATIVO / OUTROS NEGÓCIOS,-158.98766261189098,0.003485302997655663,25
H3,Teste,70,2T23,Ridge + Brent e Câmbio,10.0,356,Segmento=DISTRIBUIÇÃO,757.4769287698462,0.016605292304606136,15
H3,Teste,70,2T23,Ridge + Brent e Câmbio,10.0,356,Segmento=E&P,338.6555383024849,0.007423954434122643,21
H3,Teste,70,2T23,Ridge + Brent e Câmbio,10.0,356,Segmento=GÁS & ENERGIA / G&EBC,89.43469909734425,0.001960573668029339,29
H3,Teste,70,2T23,Ridge + Brent e Câmbio,10.0,356,Segmento=INTERNACIONAL,340.2651165961697,0.0074592393610143325,20
H3,Teste,70,2T23,Ridge + Brent e Câmbio,10.0,356,Segmento=REFINO / RTC,4040.9627024520137,0.08858536058015715,4
H3,Teste,71,3T23,Ridge Contábil,0.1,360,Custo_t,12680.600114371318,0.2182368773253227,1
H3,Teste,71,3T23,Ridge Contábil,0.1,360,Custo_t_1,6001.443049519966,0.10328660936863979,5
H3,Teste,71,3T23,Ridge Contábil,0.1,360,Custo_t_4,-3648.9254231179357,0.06279908543379856,6
H3,Teste,71,3T23,Ridge Contábil,0.1,360,Receita_t,10243.526823949605,0.17629412541156972,2
H3,Teste,71,3T23,Ridge Contábil,0.1,360,Receita_t_1,-9226.766042284144,0.15879537172671498,3
H3,Teste,71,3T23,Ridge Contábil,0.1,360,Receita_t_4,1181.8719155365393,0.02034036511827812,11
H3,Teste,71,3T23,Ridge Contábil,0.1,360,Despesas_t,198.80621568866283,0.0034215137543519483,17
H3,Teste,71,3T23,Ridge Contábil,0.1,360,Despesas_t_1,493.89656330812437,0.008500105888199714,13
H3,Teste,71,3T23,Ridge Contábil,0.1,360,Despesas_t_4,-36.06400091577857,0.0006206721190424747,19
H3,Teste,71,3T23,Ridge Contábil,0.1,360,EBIT_t,1788.3785713905709,0.030778523995364536,7
H3,Teste,71,3T23,Ridge Contábil,0.1,360,EBIT_t_1,-1440.7904919006642,0.024796430373674443,9
H3,Teste,71,3T23,Ridge Contábil,0.1,360,EBIT_t_4,-22.72842777656671,0.0003911629622994356,20
H3,Teste,71,3T23,Ridge Contábil,0.1,360,Trimestre_Sin,774.8250359612825,0.013334967966542065,12
H3,Teste,71,3T23,Ridge Contábil,0.1,360,Trimestre_Cos,382.7970008515574,0.00658804956877899,15
H3,Teste,71,3T23,Ridge Contábil,0.1,360,Segmento=CORPORATIVO / OUTROS NEGÓCIOS,-126.12172145291399,0.0021705921174490664,18
H3,Teste,71,3T23,Ridge Contábil,0.1,360,Segmento=DISTRIBUIÇÃO,1506.3848021389963,0.02592532784758014,8
H3,Teste,71,3T23,Ridge Contábil,0.1,360,Segmento=E&P,1183.7502521277502,0.020372691846393072,10
H3,Teste,71,3T23,Ridge Contábil,0.1,360,Segmento=GÁS & ENERGIA / G&EBC,493.5894703465602,0.008494820727530985,14
H3,Teste,71,3T23,Ridge Contábil,0.1,360,Segmento=INTERNACIONAL,379.1047103637231,0.0065245041577593876,16
H3,Teste,71,3T23,Ridge Contábil,0.1,360,Segmento=REFINO / RTC,6294.383567033495,0.10832820229070995,4
H3,Teste,71,3T23,Ridge + Brent e Câmbio,10.0,360,Custo_t,8092.3415624660865,0.16371958632818104,1
H3,Teste,71,3T23,Ridge + Brent e Câmbio,10.0,360,Custo_t_1,3876.6025741831386,0.07842918701649712,4
H3,Teste,71,3T23,Ridge + Brent e Câmbio,10.0,360,Custo_t_4,-687.0208815229183,0.01389941015879183,17
H3,Teste,71,3T23,Ridge + Brent e Câmbio,10.0,360,Receita_t,5755.856298660876,0.11644916430023255,2
H3,Teste,71,3T23,Ridge + Brent e Câmbio,10.0,360,Receita_t_1,1334.5256015163804,0.02699935213288823,13
H3,Teste,71,3T23,Ridge + Brent e Câmbio,10.0,360,Receita_t_4,-163.7469558361324,0.003312833951094471,26
H3,Teste,71,3T23,Ridge + Brent e Câmbio,10.0,360,Despesas_t,-800.9303736248482,0.016203961292950576,16
H3,Teste,71,3T23,Ridge + Brent e Câmbio,10.0,360,Despesas_t_1,-431.86917316654376,0.008737327982628197,20
H3,Teste,71,3T23,Ridge + Brent e Câmbio,10.0,360,Despesas_t_4,-295.53102634961266,0.005979013244512209,23
H3,Teste,71,3T23,Ridge + Brent e Câmbio,10.0,360,EBIT_t,242.9138410124862,0.0049144927036216465,25
H3,Teste,71,3T23,Ridge + Brent e Câmbio,10.0,360,EBIT_t_1,-1557.1457737876563,0.031503275037182275,12
H3,Teste,71,3T23,Ridge + Brent e Câmbio,10.0,360,EBIT_t_4,-276.9811304667963,0.00560372245173949,24
H3,Teste,71,3T23,Ridge + Brent e Câmbio,10.0,360,Trimestre_Sin,510.4205231102128,0.010326533581406528,19
H3,Teste,71,3T23,Ridge + Brent e Câmbio,10.0,360,Trimestre_Cos,664.3080699011848,0.013439897656216874,18
H3,Teste,71,3T23,Ridge + Brent e Câmbio,10.0,360,Brent_t,1779.4809596075634,0.03600143225999006,9
H3,Teste,71,3T23,Ridge + Brent e Câmbio,10.0,360,Brent_t_1,-1754.1190408494424,0.03548832455000072,10
H3,Teste,71,3T23,Ridge + Brent e Câmbio,10.0,360,Brent_t_4,2365.6791040868475,0.04786105496371203,8
H3,Teste,71,3T23,Ridge + Brent e Câmbio,10.0,360,USD_BRL_t,2852.79991632492,0.057716202235469194,6
H3,Teste,71,3T23,Ridge + Brent e Câmbio,10.0,360,USD_BRL_t_1,1694.598532814709,0.03428413996655611,11
H3,Teste,71,3T23,Ridge + Brent e Câmbio,10.0,360,USD_BRL_t_4,85.657931073266,0.0017329818486763516,28
H3,Teste,71,3T23,Ridge + Brent e Câmbio,10.0,360,Brent_BRL_t,-2948.020440303891,0.05964264894751813,5
H3,Teste,71,3T23,Ridge + Brent e Câmbio,10.0,360,Brent_Var_AA,2479.9313936950466,0.05017254137927078,7
H3,Teste,71,3T23,Ridge + Brent e Câmbio,10.0,360,USD_BRL_Var_AA,-68.11917512620049,0.0013781478557956261,29
H3,Teste,71,3T23,Ridge + Brent e Câmbio,10.0,360,Segmento=CORPORATIVO / OUTROS NEGÓCIOS,-351.5102482059561,0.007111552568828752,22
H3,Teste,71,3T23,Ridge + Brent e Câmbio,10.0,360,Segmento=DISTRIBUIÇÃO,1213.389892555483,0.02454860434776813,14
H3,Teste,71,3T23,Ridge + Brent e Câmbio,10.0,360,Segmento=E&P,1040.595160871859,0.021052721015044493,15
H3,Teste,71,3T23,Ridge + Brent e Câmbio,10.0,360,Segmento=GÁS & ENERGIA / G&EBC,136.68419376179153,0.0027653157602831025,27
H3,Teste,71,3T23,Ridge + Brent e Câmbio,10.0,360,Segmento=INTERNACIONAL,424.9782137769885,0.00859791406739073,21
H3,Teste,71,3T23,Ridge + Brent e Câmbio,10.0,360,Segmento=REFINO / RTC,5542.302171746975,0.11212866039575264,3
H3,Teste,72,4T23,Ridge Contábil,0.1,364,Custo_t,13918.24266268992,0.23360243315621868,1
H3,Teste,72,4T23,Ridge Contábil,0.1,364,Custo_t_1,4539.9864417200015,0.07619869152914074,5
H3,Teste,72,4T23,Ridge Contábil,0.1,364,Custo_t_4,-4178.773331647951,0.07013612576953153,6
H3,Teste,72,4T23,Ridge Contábil,0.1,364,Receita_t,10335.774051289047,0.17347462790014298,2
H3,Teste,72,4T23,Ridge Contábil,0.1,364,Receita_t_1,-8933.717352710433,0.1499426444343769,3
H3,Teste,72,4T23,Ridge Contábil,0.1,364,Receita_t_4,1452.6447765584594,0.02438104885363054,10
H3,Teste,72,4T23,Ridge Contábil,0.1,364,Despesas_t,234.97180410838118,0.003943743940459209,17
H3,Teste,72,4T23,Ridge Contábil,0.1,364,Despesas_t_1,515.2421670862342,0.008647774493735222,13
H3,Teste,72,4T23,Ridge Contábil,0.1,364,Despesas_t_4,-20.93755758235976,0.0003514139330749677,20
H3,Teste,72,4T23,Ridge Contábil,0.1,364,EBIT_t,1805.261623147354,0.030299335761779556,7
H3,Teste,72,4T23,Ridge Contábil,0.1,364,EBIT_t_1,-1564.2448298560382,0.026254133309943622,9
H3,Teste,72,4T23,Ridge Contábil,0.1,364,EBIT_t_4,-50.188043458596134,0.0008423512473098557,19
H3,Teste,72,4T23,Ridge Contábil,0.1,364,Trimestre_Sin,786.6252374465128,0.01320264159082276,12
H3,Teste,72,4T23,Ridge Contábil,0.1,364,Trimestre_Cos,347.0012831631721,0.00582403583697691,16
H3,Teste,72,4T23,Ridge Contábil,0.1,364,Segmento=CORPORATIVO / OUTROS NEGÓCIOS,-161.8790905034267,0.0027169629338397957,18
H3,Teste,72,4T23,Ridge Contábil,0.1,364,Segmento=DISTRIBUIÇÃO,1678.4525189966462,0.02817098407300101,8
H3,Teste,72,4T23,Ridge Contábil,0.1,364,Segmento=E&P,1281.9954176849324,0.021516886587206862,11
H3,Teste,72,4T23,Ridge Contábil,0.1,364,Segmento=GÁS & ENERGIA / G&EBC,507.2858784959193,0.008514236918724195,14
H3,Teste,72,4T23,Ridge Contábil,0.1,364,Segmento=INTERNACIONAL,413.8648573437271,0.006946267572450924,15
H3,Teste,72,4T23,Ridge Contábil,0.1,364,Segmento=REFINO / RTC,6853.808733150735,0.1150336601576338,4
H3,Teste,72,4T23,Ridge + Brent e Câmbio,10.0,364,Custo_t,8480.896700800642,0.16648738386087814,1
H3,Teste,72,4T23,Ridge + Brent e Câmbio,10.0,364,Custo_t_1,3550.1771161504325,0.06969306680210398,4
H3,Teste,72,4T23,Ridge + Brent e Câmbio,10.0,364,Custo_t_4,-849.5227428583187,0.01667687085204643,16
H3,Teste,72,4T23,Ridge + Brent e Câmbio,10.0,364,Receita_t,6034.02587583867,0.11845317985330318,3
H3,Teste,72,4T23,Ridge + Brent e Câmbio,10.0,364,Receita_t_1,1118.9427803194076,0.021965820685896184,15
H3,Teste,72,4T23,Ridge + Brent e Câmbio,10.0,364,Receita_t_4,-332.0723293198777,0.006518868854496852,22
H3,Teste,72,4T23,Ridge + Brent e Câmbio,10.0,364,Despesas_t,-701.9352745742426,0.013779600392078858,17
H3,Teste,72,4T23,Ridge + Brent e Câmbio,10.0,364,Despesas_t_1,-329.59712310771727,0.006470278402175946,24
H3,Teste,72,4T23,Ridge + Brent e Câmbio,10.0,364,Despesas_t_4,-265.3947634560761,0.005209930201603257,26
H3,Teste,72,4T23,Ridge + Brent e Câmbio,10.0,364,EBIT_t,330.85148897263986,0.006494902695882487,23
H3,Teste,72,4T23,Ridge + Brent e Câmbio,10.0,364,EBIT_t_1,-1576.7722668765052,0.03095341199378989,12
H3,Teste,72,4T23,Ridge + Brent e Câmbio,10.0,364,EBIT_t_4,-326.43406330115835,0.006408184785101259,25
H3,Teste,72,4T23,Ridge + Brent e Câmbio,10.0,364,Trimestre_Sin,485.3423184805096,0.009527692145238003,19
H3,Teste,72,4T23,Ridge + Brent e Câmbio,10.0,364,Trimestre_Cos,582.6519872552374,0.01143796563991971,18
H3,Teste,72,4T23,Ridge + Brent e Câmbio,10.0,364,Brent_t,1713.860931439951,0.03364458179874635,10
H3,Teste,72,4T23,Ridge + Brent e Câmbio,10.0,364,Brent_t_1,-1830.826997905109,0.03594072748867597,9
H3,Teste,72,4T23,Ridge + Brent e Câmbio,10.0,364,Brent_t_4,2257.311617394705,0.04431299177401053,8
H3,Teste,72,4T23,Ridge + Brent e Câmbio,10.0,364,USD_BRL_t,2887.602000412159,0.05668614058636906,6
H3,Teste,72,4T23,Ridge + Brent e Câmbio,10.0,364,USD_BRL_t_1,1680.1056391178595,0.03298193603044762,11
H3,Teste,72,4T23,Ridge + Brent e Câmbio,10.0,364,USD_BRL_t_4,-165.72171654938154,0.0032532615371480503,27
H3,Teste,72,4T23,Ridge + Brent e Câmbio,10.0,364,Brent_BRL_t,-2937.8052815301958,0.05767167469077397,5
H3,Teste,72,4T23,Ridge + Brent e Câmbio,10.0,364,Brent_Var_AA,2620.641204273209,0.05144546780015353,7
H3,Teste,72,4T23,Ridge + Brent e Câmbio,10.0,364,USD_BRL_Var_AA,134.68554284503546,0.002643994433988952,28
H3,Teste,72,4T23,Ridge + Brent e Câmbio,10.0,364,Segmento=CORPORATIVO / OUTROS NEGÓCIOS,-435.2389581355925,0.00854411957257872,21
H3,Teste,72,4T23,Ridge + Brent e Câmbio,10.0,364,Segmento=DISTRIBUIÇÃO,1377.5026387383944,0.027041575752639574,13
H3,Teste,72,4T23,Ridge + Brent e Câmbio,10.0,364,Segmento=E&P,1225.7793453222107,0.02406311544557887,14
H3,Teste,72,4T23,Ridge + Brent e Câmbio,10.0,364,Segmento=GÁS & ENERGIA / G&EBC,119.03618415771123,0.002336783902028676,29
H3,Teste,72,4T23,Ridge + Brent e Câmbio,10.0,364,Segmento=INTERNACIONAL,440.5838045814342,0.00864904356037146,20
H3,Teste,72,4T23,Ridge + Brent e Câmbio,10.0,364,Segmento=REFINO / RTC,6148.857697594267,0.12070742846197485,2
H3,Teste,73,1T24,Ridge Contábil,0.1,368,Custo_t,13983.76566894304,0.2301102757008395,1
H3,Teste,73,1T24,Ridge Contábil,0.1,368,Custo_t_1,5454.071928947785,0.08974964433576968,5
H3,Teste,73,1T24,Ridge Contábil,0.1,368,Custo_t_4,-4630.090500118068,0.07619059320110423,6
H3,Teste,73,1T24,Ridge Contábil,0.1,368,Receita_t,9857.874442755176,0.16221654878589717,2
H3,Teste,73,1T24,Ridge Contábil,0.1,368,Receita_t_1,-9239.865031017263,0.15204687636092487,3
H3,Teste,73,1T24,Ridge Contábil,0.1,368,Receita_t_4,2806.9183030505355,0.04618932838807442,7
H3,Teste,73,1T24,Ridge Contábil,0.1,368,Despesas_t,140.53446921932394,0.002312569176509525,17
H3,Teste,73,1T24,Ridge Contábil,0.1,368,Despesas_t_1,472.83226005426866,0.00778070544781681,13
H3,Teste,73,1T24,Ridge Contábil,0.1,368,Despesas_t_4,-100.55289335104239,0.0016546511547253617,20
H3,Teste,73,1T24,Ridge Contábil,0.1,368,EBIT_t,1749.2032153949747,0.028784066014870237,8
H3,Teste,73,1T24,Ridge Contábil,0.1,368,EBIT_t_1,-1454.7742689764925,0.023939081649526135,10
H3,Teste,73,1T24,Ridge Contábil,0.1,368,EBIT_t_4,-129.2065731550352,0.0021261626428064353,18
H3,Teste,73,1T24,Ridge Contábil,0.1,368,Trimestre_Sin,843.1170929801576,0.013873938630467524,12
H3,Teste,73,1T24,Ridge Contábil,0.1,368,Trimestre_Cos,317.7930432529323,0.005229452962098183,16
H3,Teste,73,1T24,Ridge Contábil,0.1,368,Segmento=CORPORATIVO / OUTROS NEGÓCIOS,-118.85269420724134,0.0019557840769998443,19
H3,Teste,73,1T24,Ridge Contábil,0.1,368,Segmento=DISTRIBUIÇÃO,1457.8734047127593,0.023990079570657675,9
H3,Teste,73,1T24,Ridge Contábil,0.1,368,Segmento=E&P,980.7341010828084,0.01613849943800136,11
H3,Teste,73,1T24,Ridge Contábil,0.1,368,Segmento=GÁS & ENERGIA / G&EBC,440.8223138965864,0.007253964818011188,14
H3,Teste,73,1T24,Ridge Contábil,0.1,368,Segmento=INTERNACIONAL,360.550701493134,0.005933052890680136,15
H3,Teste,73,1T24,Ridge Contábil,0.1,368,Segmento=REFINO / RTC,6230.41157927161,0.10252472475421975,4
H3,Teste,73,1T24,Ridge + Brent e Câmbio,10.0,368,Custo_t,8530.268612696489,0.16878767523623706,1
H3,Teste,73,1T24,Ridge + Brent e Câmbio,10.0,368,Custo_t_1,3765.775827911546,0.07451307529846732,4
H3,Teste,73,1T24,Ridge + Brent e Câmbio,10.0,368,Custo_t_4,-707.7154278217491,0.01400350296273867,17
H3,Teste,73,1T24,Ridge + Brent e Câmbio,10.0,368,Receita_t,6008.635744761687,0.11889234732774602,2
H3,Teste,73,1T24,Ridge + Brent e Câmbio,10.0,368,Receita_t_1,1291.7249207724465,0.02555924746582787,13
H3,Teste,73,1T24,Ridge + Brent e Câmbio,10.0,368,Receita_t_4,-91.60996815587414,0.001812678387463796,28
H3,Teste,73,1T24,Ridge + Brent e Câmbio,10.0,368,Despesas_t,-730.4841127505339,0.01445402493007694,16
H3,Teste,73,1T24,Ridge + Brent e Câmbio,10.0,368,Despesas_t_1,-344.5640149793911,0.006817857877520121,22
H3,Teste,73,1T24,Ridge + Brent e Câmbio,10.0,368,Despesas_t_4,-261.06659538089946,0.005165701775275294,25
H3,Teste,73,1T24,Ridge + Brent e Câmbio,10.0,368,EBIT_t,288.8399440116074,0.0057152505833779335,24
H3,Teste,73,1T24,Ridge + Brent e Câmbio,10.0,368,EBIT_t_1,-1594.0838346119249,0.0315419967168842,12
H3,Teste,73,1T24,Ridge + Brent e Câmbio,10.0,368,EBIT_t_4,-291.3219649926981,0.005764362114363291,23
H3,Teste,73,1T24,Ridge + Brent e Câmbio,10.0,368,Trimestre_Sin,492.12079821154254,0.009737550977221853,19
H3,Teste,73,1T24,Ridge + Brent e Câmbio,10.0,368,Trimestre_Cos,575.1579026764653,0.011380598864380052,18
H3,Teste,73,1T24,Ridge + Brent e Câmbio,10.0,368,Brent_t,1684.390494378658,0.03332888665581174,11
H3,Teste,73,1T24,Ridge + Brent e Câmbio,10.0,368,Brent_t_1,-1859.2208414838149,0.0367882393665461,9
H3,Teste,73,1T24,Ridge + Brent e Câmbio,10.0,368,Brent_t_4,2241.933794689846,0.044360946931498266,8
H3,Teste,73,1T24,Ridge + Brent e Câmbio,10.0,368,USD_BRL_t,2860.6769983423032,0.05660396431518024,6
H3,Teste,73,1T24,Ridge + Brent e Câmbio,10.0,368,USD_BRL_t_1,1702.2319590092518,0.033681914148208085,10
H3,Teste,73,1T24,Ridge + Brent e Câmbio,10.0,368,USD_BRL_t_4,-211.71884765095598,0.0041892622285669865,26
H3,Teste,73,1T24,Ridge + Brent e Câmbio,10.0,368,Brent_BRL_t,-2998.994641751966,0.05934084336732674,5
H3,Teste,73,1T24,Ridge + Brent e Câmbio,10.0,368,Brent_Var_AA,2681.628290786805,0.053061143277005195,7
H3,Teste,73,1T24,Ridge + Brent e Câmbio,10.0,368,USD_BRL_Var_AA,161.7329179169822,0.003200195030640575,27
H3,Teste,73,1T24,Ridge + Brent e Câmbio,10.0,368,Segmento=CORPORATIVO / OUTROS NEGÓCIOS,-404.7462841779599,0.008008679148183108,21
H3,Teste,73,1T24,Ridge + Brent e Câmbio,10.0,368,Segmento=DISTRIBUIÇÃO,1279.8741116321698,0.025324756547045028,14
H3,Teste,73,1T24,Ridge + Brent e Câmbio,10.0,368,Segmento=E&P,1090.0034875436236,0.0215678031976676,15
H3,Teste,73,1T24,Ridge + Brent e Câmbio,10.0,368,Segmento=GÁS & ENERGIA / G&EBC,88.34408847934189,0.0017480567133722341,29
H3,Teste,73,1T24,Ridge + Brent e Câmbio,10.0,368,Segmento=INTERNACIONAL,416.8647139437957,0.008248465452760268,20
H3,Teste,73,1T24,Ridge + Brent e Câmbio,10.0,368,Segmento=REFINO / RTC,5882.725536415976,0.11640097310260718,3
H3,Teste,74,2T24,Ridge Contábil,0.1,372,Custo_t,14638.294944055344,0.24206432568840786,1
H3,Teste,74,2T24,Ridge Contábil,0.1,372,Custo_t_1,5990.763315786431,0.09906550509720417,4
H3,Teste,74,2T24,Ridge Contábil,0.1,372,Custo_t_4,-4490.866106449318,0.0742626432907096,6
H3,Teste,74,2T24,Ridge Contábil,0.1,372,Receita_t,8357.927102115325,0.13820981172045757,3
H3,Teste,74,2T24,Ridge Contábil,0.1,372,Receita_t_1,-9620.7061535686,0.1590915988925093,2
H3,Teste,74,2T24,Ridge Contábil,0.1,372,Receita_t_4,4162.610890442844,0.06883449214195997,7
H3,Teste,74,2T24,Ridge Contábil,0.1,372,Despesas_t,90.05935374781643,0.0014892551912784133,18
H3,Teste,74,2T24,Ridge Contábil,0.1,372,Despesas_t_1,439.5027021278035,0.007267781229671451,13
H3,Teste,74,2T24,Ridge Contábil,0.1,372,Despesas_t_4,-96.27376087906948,0.001592018954239133,17
H3,Teste,74,2T24,Ridge Contábil,0.1,372,EBIT_t,1768.3122466156399,0.02924147335597982,8
H3,Teste,74,2T24,Ridge Contábil,0.1,372,EBIT_t_1,-1257.1141529000136,0.020788110288669514,9
H3,Teste,74,2T24,Ridge Contábil,0.1,372,EBIT_t_4,-74.3915722844677,0.001230166891073133,19
H3,Teste,74,2T24,Ridge Contábil,0.1,372,Trimestre_Sin,845.5350224727157,0.013982083695062408,11
H3,Teste,74,2T24,Ridge Contábil,0.1,372,Trimestre_Cos,249.1613699015571,0.004120225697277244,16
H3,Teste,74,2T24,Ridge Contábil,0.1,372,Segmento=CORPORATIVO / OUTROS NEGÓCIOS,-65.41502396798089,0.0010817273273436008,20
H3,Teste,74,2T24,Ridge Contábil,0.1,372,Segmento=DISTRIBUIÇÃO,1245.739196563048,0.020600009751963164,10
H3,Teste,74,2T24,Ridge Contábil,0.1,372,Segmento=E&P,764.9514061144245,0.01264952284491881,12
H3,Teste,74,2T24,Ridge Contábil,0.1,372,Segmento=GÁS & ENERGIA / G&EBC,375.6672121625047,0.0062121736679646555,14
H3,Teste,74,2T24,Ridge Contábil,0.1,372,Segmento=INTERNACIONAL,313.7740440816676,0.00518868506813347,15
H3,Teste,74,2T24,Ridge Contábil,0.1,372,Segmento=REFINO / RTC,5625.682328376922,0.09302838920517677,5
H3,Teste,74,2T24,Ridge + Brent e Câmbio,10.0,372,Custo_t,8494.349436726283,0.17019997118176275,1
H3,Teste,74,2T24,Ridge + Brent e Câmbio,10.0,372,Custo_t_1,3880.9482439112467,0.07776196213634667,4
H3,Teste,74,2T24,Ridge + Brent e Câmbio,10.0,372,Custo_t_4,-443.5833534404894,0.0088880113226632,19
H3,Teste,74,2T24,Ridge + Brent e Câmbio,10.0,372,Receita_t,5859.574745690356,0.11740739656199523,2
H3,Teste,74,2T24,Ridge + Brent e Câmbio,10.0,372,Receita_t_1,1342.3005144480635,0.026895468638075463,13
H3,Teste,74,2T24,Ridge + Brent e Câmbio,10.0,372,Receita_t_4,207.29859499100618,0.004153610015258202,27
H3,Teste,74,2T24,Ridge + Brent e Câmbio,10.0,372,Despesas_t,-756.4048149093346,0.015155966758642283,16
H3,Teste,74,2T24,Ridge + Brent e Câmbio,10.0,372,Despesas_t_1,-372.1315115953183,0.007456341774156978,22
H3,Teste,74,2T24,Ridge + Brent e Câmbio,10.0,372,Despesas_t_4,-219.54437755281373,0.004398976874091012,25
H3,Teste,74,2T24,Ridge + Brent e Câmbio,10.0,372,EBIT_t,232.6429574016265,0.0046614311007974136,24
H3,Teste,74,2T24,Ridge + Brent e Câmbio,10.0,372,EBIT_t_1,-1631.5955061490727,0.032692027823367976,12
H3,Teste,74,2T24,Ridge + Brent e Câmbio,10.0,372,EBIT_t_4,-211.57953237414668,0.004239386498162378,26
H3,Teste,74,2T24,Ridge + Brent e Câmbio,10.0,372,Trimestre_Sin,488.8582452862599,0.00979517735636682,18
H3,Teste,74,2T24,Ridge + Brent e Câmbio,10.0,372,Trimestre_Cos,567.3069362656057,0.011367041693169698,17
H3,Teste,74,2T24,Ridge + Brent e Câmbio,10.0,372,Brent_t,1640.3602223301907,0.032867645091359435,11
H3,Teste,74,2T24,Ridge + Brent e Câmbio,10.0,372,Brent_t_1,-1862.4002414708693,0.03731662675151424,9
H3,Teste,74,2T24,Ridge + Brent e Câmbio,10.0,372,Brent_t_4,2229.2120403189324,0.04466637826081074,8
H3,Teste,74,2T24,Ridge + Brent e Câmbio,10.0,372,USD_BRL_t,2808.870069728463,0.056280896904724945,6
H3,Teste,74,2T24,Ridge + Brent e Câmbio,10.0,372,USD_BRL_t_1,1734.8745339986635,0.034761413795138814,10
H3,Teste,74,2T24,Ridge + Brent e Câmbio,10.0,372,USD_BRL_t_4,-263.77571253347475,0.005285233319639449,23
H3,Teste,74,2T24,Ridge + Brent e Câmbio,10.0,372,Brent_BRL_t,-3003.645726789959,0.060183586741741096,5
H3,Teste,74,2T24,Ridge + Brent e Câmbio,10.0,372,Brent_Var_AA,2773.1618248254786,0.05556541630215374,7
H3,Teste,74,2T24,Ridge + Brent e Câmbio,10.0,372,USD_BRL_Var_AA,200.5699874021195,0.004018789941484163,28
H3,Teste,74,2T24,Ridge + Brent e Câmbio,10.0,372,Segmento=CORPORATIVO / OUTROS NEGÓCIOS,-381.14308863387674,0.007636905355122161,21
H3,Teste,74,2T24,Ridge + Brent e Câmbio,10.0,372,Segmento=DISTRIBUIÇÃO,1198.2546708878183,0.024009244259689737,14
H3,Teste,74,2T24,Ridge + Brent e Câmbio,10.0,372,Segmento=E&P,982.3934053584106,0.01968406533385979,15
H3,Teste,74,2T24,Ridge + Brent e Câmbio,10.0,372,Segmento=GÁS & ENERGIA / G&EBC,61.58798015681592,0.0012340288713002258,29
H3,Teste,74,2T24,Ridge + Brent e Câmbio,10.0,372,Segmento=INTERNACIONAL,396.6269843461424,0.00794715378834705,20
H3,Teste,74,2T24,Ridge + Brent e Câmbio,10.0,372,Segmento=REFINO / RTC,5663.059235121337,0.11346984554825838,3
H3,Teste,75,3T24,Ridge Contábil,0.1,376,Custo_t,16218.450659829978,0.290507478799455,1
H3,Teste,75,3T24,Ridge Contábil,0.1,376,Custo_t_1,4985.386629747833,0.08929904163014162,5
H3,Teste,75,3T24,Ridge Contábil,0.1,376,Custo_t_4,-2856.545316279928,0.05116689598250276,7
H3,Teste,75,3T24,Ridge Contábil,0.1,376,Receita_t,6958.182957280547,0.12463608456457201,3
H3,Teste,75,3T24,Ridge Contábil,0.1,376,Receita_t_1,-8828.505977312867,0.1581376092469468,2
H3,Teste,75,3T24,Ridge Contábil,0.1,376,Receita_t_4,2938.1052139294266,0.05262780989680053,6
H3,Teste,75,3T24,Ridge Contábil,0.1,376,Despesas_t,107.17632964653377,0.0019197595359531224,17
H3,Teste,75,3T24,Ridge Contábil,0.1,376,Despesas_t_1,443.5942584145573,0.007945731212236393,13
H3,Teste,75,3T24,Ridge Contábil,0.1,376,Despesas_t_4,-33.7682228520008,0.0006048618015387996,20
H3,Teste,75,3T24,Ridge Contábil,0.1,376,EBIT_t,1944.3633910052636,0.03482774763374466,8
H3,Teste,75,3T24,Ridge Contábil,0.1,376,EBIT_t_1,-1157.079781829235,0.020725797873010782,10
H3,Teste,75,3T24,Ridge Contábil,0.1,376,EBIT_t_4,65.74135436786243,0.00117756964033391,18
H3,Teste,75,3T24,Ridge Contábil,0.1,376,Trimestre_Sin,883.114159579875,0.01581848188662545,12
H3,Teste,75,3T24,Ridge Contábil,0.1,376,Trimestre_Cos,238.00245480957648,0.004263137986790664,16
H3,Teste,75,3T24,Ridge Contábil,0.1,376,Segmento=CORPORATIVO / OUTROS NEGÓCIOS,-37.31597649164169,0.0006684097314163673,19
H3,Teste,75,3T24,Ridge Contábil,0.1,376,Segmento=DISTRIBUIÇÃO,1165.2163117786247,0.02087154069711592,9
H3,Teste,75,3T24,Ridge Contábil,0.1,376,Segmento=E&P,889.8817780384043,0.015939704549449433,11
H3,Teste,75,3T24,Ridge Contábil,0.1,376,Segmento=GÁS & ENERGIA / G&EBC,374.30660663440415,0.006704639726201815,14
H3,Teste,75,3T24,Ridge Contábil,0.1,376,Segmento=INTERNACIONAL,305.640683414373,0.005474684741445131,15
H3,Teste,75,3T24,Ridge Contábil,0.1,376,Segmento=REFINO / RTC,5397.618953749545,0.09668301286371893,4
H3,Teste,75,3T24,Ridge + Brent e Câmbio,10.0,376,Custo_t,8654.022606117655,0.17602354983367968,1
H3,Teste,75,3T24,Ridge + Brent e Câmbio,10.0,376,Custo_t_1,3778.4513269692243,0.07685401872843896,4
H3,Teste,75,3T24,Ridge + Brent e Câmbio,10.0,376,Custo_t_4,126.69545780384937,0.002576996299347724,28
H3,Teste,75,3T24,Ridge + Brent e Câmbio,10.0,376,Receita_t,5839.786907892815,0.11878175833200105,2
H3,Teste,75,3T24,Ridge + Brent e Câmbio,10.0,376,Receita_t_1,1175.4311937586754,0.02390836963661022,13
H3,Teste,75,3T24,Ridge + Brent e Câmbio,10.0,376,Receita_t_4,387.9528191408914,0.007890993067765834,19
H3,Teste,75,3T24,Ridge + Brent e Câmbio,10.0,376,Despesas_t,-782.9749203544719,0.015925775929231844,16
H3,Teste,75,3T24,Ridge + Brent e Câmbio,10.0,376,Despesas_t_1,-361.678759158998,0.0073565764713397356,21
H3,Teste,75,3T24,Ridge + Brent e Câmbio,10.0,376,Despesas_t_4,-257.9509371750556,0.005246743822044099,25
H3,Teste,75,3T24,Ridge + Brent e Câmbio,10.0,376,EBIT_t,216.78730450684475,0.004409472061142301,27
H3,Teste,75,3T24,Ridge + Brent e Câmbio,10.0,376,EBIT_t_1,-1619.2756030430442,0.03293620236272744,11
H3,Teste,75,3T24,Ridge + Brent e Câmbio,10.0,376,EBIT_t_4,-281.0848332131757,0.005717289218959814,23
H3,Teste,75,3T24,Ridge + Brent e Câmbio,10.0,376,Trimestre_Sin,493.4852703908675,0.010037532028565261,18
H3,Teste,75,3T24,Ridge + Brent e Câmbio,10.0,376,Trimestre_Cos,562.9272502375068,0.011449987756545838,17
H3,Teste,75,3T24,Ridge + Brent e Câmbio,10.0,376,Brent_t,1591.148567583307,0.03236409608877101,12
H3,Teste,75,3T24,Ridge + Brent e Câmbio,10.0,376,Brent_t_1,-1849.0052495286166,0.03760892275149101,9
H3,Teste,75,3T24,Ridge + Brent e Câmbio,10.0,376,Brent_t_4,2177.900482229629,0.04429867952916347,8
H3,Teste,75,3T24,Ridge + Brent e Câmbio,10.0,376,USD_BRL_t,2766.898790749682,0.05627895481044613,7
H3,Teste,75,3T24,Ridge + Brent e Câmbio,10.0,376,USD_BRL_t_1,1692.5098330005426,0.034425792777864804,10
H3,Teste,75,3T24,Ridge + Brent e Câmbio,10.0,376,USD_BRL_t_4,-266.1034171861497,0.005412565953186495,24
H3,Teste,75,3T24,Ridge + Brent e Câmbio,10.0,376,Brent_BRL_t,-2977.8353987136466,0.06056942321036048,5
H3,Teste,75,3T24,Ridge + Brent e Câmbio,10.0,376,Brent_Var_AA,2811.100226177978,0.05717801573574724,6
H3,Teste,75,3T24,Ridge + Brent e Câmbio,10.0,376,USD_BRL_Var_AA,228.2946509709079,0.004643532458943727,26
H3,Teste,75,3T24,Ridge + Brent e Câmbio,10.0,376,Segmento=CORPORATIVO / OUTROS NEGÓCIOS,-358.157650960138,0.0072849568335456695,22
H3,Teste,75,3T24,Ridge + Brent e Câmbio,10.0,376,Segmento=DISTRIBUIÇÃO,1112.5242195306735,0.022628836474184583,14
H3,Teste,75,3T24,Ridge + Brent e Câmbio,10.0,376,Segmento=E&P,942.8024490230949,0.019176681344882977,15
H3,Teste,75,3T24,Ridge + Brent e Câmbio,10.0,376,Segmento=GÁS & ENERGIA / G&EBC,46.531703857820794,0.0009464587817315194,29
H3,Teste,75,3T24,Ridge + Brent e Câmbio,10.0,376,Segmento=INTERNACIONAL,381.91708595877617,0.007768225745686756,20
H3,Teste,75,3T24,Ridge + Brent e Câmbio,10.0,376,Segmento=REFINO / RTC,5422.769641512082,0.11029959195559444,3
H3,Teste,76,4T24,Ridge Contábil,0.1,380,Custo_t,17103.587557330622,0.30450826584909907,1
H3,Teste,76,4T24,Ridge Contábil,0.1,380,Custo_t_1,5061.956809908922,0.09012189313041251,5
H3,Teste,76,4T24,Ridge Contábil,0.1,380,Custo_t_4,-2460.9413865332153,0.043814023897478904,7
H3,Teste,76,4T24,Ridge Contábil,0.1,380,Receita_t,6543.274254613555,0.1164949218734785,3
H3,Teste,76,4T24,Ridge Contábil,0.1,380,Receita_t_1,-9183.99648797118,0.16350972184883472,2
H3,Teste,76,4T24,Ridge Contábil,0.1,380,Receita_t_4,2731.1799645434257,0.048625288228987304,6
H3,Teste,76,4T24,Ridge Contábil,0.1,380,Despesas_t,104.07197698106988,0.0018528730962300499,18
H3,Teste,76,4T24,Ridge Contábil,0.1,380,Despesas_t_1,448.70217651615127,0.007988588428928071,13
H3,Teste,76,4T24,Ridge Contábil,0.1,380,Despesas_t_4,-3.248973853107318,5.7843969312434844e-05,20
H3,Teste,76,4T24,Ridge Contábil,0.1,380,EBIT_t,2060.546239692283,0.03668548250753695,8
H3,Teste,76,4T24,Ridge Contábil,0.1,380,EBIT_t_1,-1119.3839859316436,0.019929250236696876,10
H3,Teste,76,4T24,Ridge Contábil,0.1,380,EBIT_t_4,151.91285273745157,0.0027046208400555347,17
H3,Teste,76,4T24,Ridge Contábil,0.1,380,Trimestre_Sin,891.7645179621923,0.015876766555566194,12
H3,Teste,76,4T24,Ridge Contábil,0.1,380,Trimestre_Cos,236.15664940680423,0.004204477659353881,16
H3,Teste,76,4T24,Ridge Contábil,0.1,380,Segmento=CORPORATIVO / OUTROS NEGÓCIOS,-21.844641634441153,0.0003889168819057322,19
H3,Teste,76,4T24,Ridge Contábil,0.1,380,Segmento=DISTRIBUIÇÃO,1126.139277310094,0.02004951986177186,9
H3,Teste,76,4T24,Ridge Contábil,0.1,380,Segmento=E&P,944.2540781020765,0.01681127838706365,11
H3,Teste,76,4T24,Ridge Contábil,0.1,380,Segmento=GÁS & ENERGIA / G&EBC,374.84356241285724,0.006673626966999438,14
H3,Teste,76,4T24,Ridge Contábil,0.1,380,Segmento=INTERNACIONAL,301.278739702323,0.005363896098198169,15
H3,Teste,76,4T24,Ridge Contábil,0.1,380,Segmento=REFINO / RTC,5298.808418602323,0.09433874368209018,4
H3,Teste,76,4T24,Ridge + Brent e Câmbio,10.0,380,Custo_t,8856.91965451409,0.17874333815483967,1
H3,Teste,76,4T24,Ridge + Brent e Câmbio,10.0,380,Custo_t_1,3819.6075084371164,0.07708429376474865,4
H3,Teste,76,4T24,Ridge + Brent e Câmbio,10.0,380,Custo_t_4,410.09681354875914,0.008276249111394882,20
H3,Teste,76,4T24,Ridge + Brent e Câmbio,10.0,380,Receita_t,5860.502048787598,0.11827201107437867,2
H3,Teste,76,4T24,Ridge + Brent e Câmbio,10.0,380,Receita_t_1,1100.6333838391827,0.02221211129670856,13
H3,Teste,76,4T24,Ridge + Brent e Câmbio,10.0,380,Receita_t_4,503.31583737520407,0.010157521624664444,18
H3,Teste,76,4T24,Ridge + Brent e Câmbio,10.0,380,Despesas_t,-833.3470032690858,0.016817949243756635,16
H3,Teste,76,4T24,Ridge + Brent e Câmbio,10.0,380,Despesas_t_1,-382.4758193543268,0.007718824081243229,21
H3,Teste,76,4T24,Ridge + Brent e Câmbio,10.0,380,Despesas_t_4,-252.74042958390007,0.0051006071899376325,26
H3,Teste,76,4T24,Ridge + Brent e Câmbio,10.0,380,EBIT_t,202.90962632614873,0.004094961382516544,28
H3,Teste,76,4T24,Ridge + Brent e Câmbio,10.0,380,EBIT_t_1,-1663.2839752062403,0.033567079935775436,11
H3,Teste,76,4T24,Ridge + Brent e Câmbio,10.0,380,EBIT_t_4,-291.9486365265614,0.005891876171182731,24
H3,Teste,76,4T24,Ridge + Brent e Câmbio,10.0,380,Trimestre_Sin,500.4284899421566,0.010099251465429943,19
H3,Teste,76,4T24,Ridge + Brent e Câmbio,10.0,380,Trimestre_Cos,573.7791524773259,0.011579556446036046,17
H3,Teste,76,4T24,Ridge + Brent e Câmbio,10.0,380,Brent_t,1553.961372940509,0.03136081775580958,12
H3,Teste,76,4T24,Ridge + Brent e Câmbio,10.0,380,Brent_t_1,-1833.6743165954383,0.037005762863617675,9
H3,Teste,76,4T24,Ridge + Brent e Câmbio,10.0,380,Brent_t_4,2131.7977366348714,0.04302225362548506,8
H3,Teste,76,4T24,Ridge + Brent e Câmbio,10.0,380,USD_BRL_t,2751.3402146686963,0.05552536926524895,7
H3,Teste,76,4T24,Ridge + Brent e Câmbio,10.0,380,USD_BRL_t_1,1674.0414687135317,0.03378417915025146,10
H3,Teste,76,4T24,Ridge + Brent e Câmbio,10.0,380,USD_BRL_t_4,-271.2348454552491,0.005473846844243849,25
H3,Teste,76,4T24,Ridge + Brent e Câmbio,10.0,380,Brent_BRL_t,-2977.8904442635853,0.06009742658055915,5
H3,Teste,76,4T24,Ridge + Brent e Câmbio,10.0,380,Brent_Var_AA,2823.9292934462324,0.05699030456560121,6
H3,Teste,76,4T24,Ridge + Brent e Câmbio,10.0,380,USD_BRL_Var_AA,251.5764863834599,0.0050771174100610285,27
H3,Teste,76,4T24,Ridge + Brent e Câmbio,10.0,380,Segmento=CORPORATIVO / OUTROS NEGÓCIOS,-341.2038545093541,0.006885905972424239,23
H3,Teste,76,4T24,Ridge + Brent e Câmbio,10.0,380,Segmento=DISTRIBUIÇÃO,1059.5756187550685,0.021383515997825904,14
H3,Teste,76,4T24,Ridge + Brent e Câmbio,10.0,380,Segmento=E&P,926.8041154563825,0.01870402666776881,15
H3,Teste,76,4T24,Ridge + Brent e Câmbio,10.0,380,Segmento=GÁS & ENERGIA / G&EBC,44.046035232103,0.0008889022004235056,29
H3,Teste,76,4T24,Ridge + Brent e Câmbio,10.0,380,Segmento=INTERNACIONAL,374.1868657928008,0.0075515429849715154,22
H3,Teste,76,4T24,Ridge + Brent e Câmbio,10.0,380,Segmento=REFINO / RTC,5283.7965375350195,0.1066333971730951,3
H3,Teste,77,1T25,Ridge Contábil,0.1,384,Custo_t,17022.45926999425,0.3007110523749893,1
H3,Teste,77,1T25,Ridge Contábil,0.1,384,Custo_t_1,5596.51831163995,0.0988655566411419,4
H3,Teste,77,1T25,Ridge Contábil,0.1,384,Custo_t_4,-2466.5347101472007,0.04357268457180185,7
H3,Teste,77,1T25,Ridge Contábil,0.1,384,Receita_t,6437.8149077236485,0.11372752110556976,3
H3,Teste,77,1T25,Ridge Contábil,0.1,384,Receita_t_1,-9352.61720569784,0.16521909776828494,2
H3,Teste,77,1T25,Ridge Contábil,0.1,384,Receita_t_4,2941.7983428661255,0.051968476559531275,6
H3,Teste,77,1T25,Ridge Contábil,0.1,384,Despesas_t,83.90108674325761,0.0014821585817769312,18
H3,Teste,77,1T25,Ridge Contábil,0.1,384,Despesas_t_1,430.0061429070919,0.007596293679447018,13
H3,Teste,77,1T25,Ridge Contábil,0.1,384,Despesas_t_4,-2.4443553788423533,4.318087455470222e-05,20
H3,Teste,77,1T25,Ridge Contábil,0.1,384,EBIT_t,2086.8487955162273,0.03686532524435733,8
H3,Teste,77,1T25,Ridge Contábil,0.1,384,EBIT_t_1,-1098.7728406128,0.01941042313457937,9
H3,Teste,77,1T25,Ridge Contábil,0.1,384,EBIT_t_4,119.69743051778467,0.002114520571127637,17
H3,Teste,77,1T25,Ridge Contábil,0.1,384,Trimestre_Sin,912.5527600514287,0.016120743570024642,11
H3,Teste,77,1T25,Ridge Contábil,0.1,384,Trimestre_Cos,229.63237799066343,0.0040565815402868665,16
H3,Teste,77,1T25,Ridge Contábil,0.1,384,Segmento=CORPORATIVO / OUTROS NEGÓCIOS,-19.039122870002718,0.00033633651775729446,19
H3,Teste,77,1T25,Ridge Contábil,0.1,384,Segmento=DISTRIBUIÇÃO,1074.1561599937347,0.018975556008888155,10
H3,Teste,77,1T25,Ridge Contábil,0.1,384,Segmento=E&P,907.685850939031,0.01603476695890228,12
H3,Teste,77,1T25,Ridge Contábil,0.1,384,Segmento=GÁS & ENERGIA / G&EBC,366.5972997927797,0.006476141788327713,14
H3,Teste,77,1T25,Ridge Contábil,0.1,384,Segmento=INTERNACIONAL,289.80830554327076,0.00511962220996748,15
H3,Teste,77,1T25,Ridge Contábil,0.1,384,Segmento=REFINO / RTC,5168.476293433303,0.09130396029868353,5
H3,Teste,77,1T25,Ridge + Brent e Câmbio,10.0,384,Custo_t,8874.13378794706,0.1780030342036174,1
H3,Teste,77,1T25,Ridge + Brent e Câmbio,10.0,384,Custo_t_1,3950.372063357617,0.07923908184322447,4
H3,Teste,77,1T25,Ridge + Brent e Câmbio,10.0,384,Custo_t_4,510.5575207417957,0.010241088313425158,19
H3,Teste,77,1T25,Ridge + Brent e Câmbio,10.0,384,Receita_t,5848.943135405337,0.11732183105021951,2
H3,Teste,77,1T25,Ridge + Brent e Câmbio,10.0,384,Receita_t_1,1173.0621225555985,0.023530028069650953,13
H3,Teste,77,1T25,Ridge + Brent e Câmbio,10.0,384,Receita_t_4,544.557801778713,0.010923087631101336,18
H3,Teste,77,1T25,Ridge + Brent e Câmbio,10.0,384,Despesas_t,-833.4791227102069,0.016718455720071804,16
H3,Teste,77,1T25,Ridge + Brent e Câmbio,10.0,384,Despesas_t_1,-415.61157979954544,0.008336602086725188,21
H3,Teste,77,1T25,Ridge + Brent e Câmbio,10.0,384,Despesas_t_4,-233.6800738110868,0.004687303929065676,27
H3,Teste,77,1T25,Ridge + Brent e Câmbio,10.0,384,EBIT_t,197.8920654333631,0.003969445236424417,28
H3,Teste,77,1T25,Ridge + Brent e Câmbio,10.0,384,EBIT_t_1,-1692.5829228650832,0.03395090756017454,10
H3,Teste,77,1T25,Ridge + Brent e Câmbio,10.0,384,EBIT_t_4,-303.6258737182642,0.006090321385280632,24
H3,Teste,77,1T25,Ridge + Brent e Câmbio,10.0,384,Trimestre_Sin,508.6397285011653,0.01020262001376215,20
H3,Teste,77,1T25,Ridge + Brent e Câmbio,10.0,384,Trimestre_Cos,568.3584038920147,0.011400495284994823,17
H3,Teste,77,1T25,Ridge + Brent e Câmbio,10.0,384,Brent_t,1536.7145083168828,0.030824399510028782,12
H3,Teste,77,1T25,Ridge + Brent e Câmbio,10.0,384,Brent_t_1,-1834.425980037327,0.03679608604865635,9
H3,Teste,77,1T25,Ridge + Brent e Câmbio,10.0,384,Brent_t_4,2107.4638305301883,0.042272853359306334,8
H3,Teste,77,1T25,Ridge + Brent e Câmbio,10.0,384,USD_BRL_t,2745.1138609549325,0.055063244273830886,7
H3,Teste,77,1T25,Ridge + Brent e Câmbio,10.0,384,USD_BRL_t_1,1668.1598095814845,0.033461013180276424,11
H3,Teste,77,1T25,Ridge + Brent e Câmbio,10.0,384,USD_BRL_t_4,-269.4033693168426,0.005403864569656158,25
H3,Teste,77,1T25,Ridge + Brent e Câmbio,10.0,384,Brent_BRL_t,-2980.6820962081483,0.05978842214910884,5
H3,Teste,77,1T25,Ridge + Brent e Câmbio,10.0,384,Brent_Var_AA,2820.8243187462544,0.05658189291378089,6
H3,Teste,77,1T25,Ridge + Brent e Câmbio,10.0,384,USD_BRL_Var_AA,263.7533260729344,0.005290532399460201,26
H3,Teste,77,1T25,Ridge + Brent e Câmbio,10.0,384,Segmento=CORPORATIVO / OUTROS NEGÓCIOS,-343.4503843018064,0.00688914681308439,23
H3,Teste,77,1T25,Ridge + Brent e Câmbio,10.0,384,Segmento=DISTRIBUIÇÃO,1039.7465233043054,0.020855898769771022,14
H3,Teste,77,1T25,Ridge + Brent e Câmbio,10.0,384,Segmento=E&P,922.719754843118,0.018508501224623733,15
H3,Teste,77,1T25,Ridge + Brent e Câmbio,10.0,384,Segmento=GÁS & ENERGIA / G&EBC,46.05459896713785,0.0009237925132834641,29
H3,Teste,77,1T25,Ridge + Brent e Câmbio,10.0,384,Segmento=INTERNACIONAL,370.3127988541373,0.00742797025327691,22
H3,Teste,77,1T25,Ridge + Brent e Câmbio,10.0,384,Segmento=REFINO / RTC,5249.513026562332,0.10529807969411746,3
H3,Teste,78,2T25,Ridge Contábil,0.1,388,Custo_t,17331.44544173147,0.3070554111114384,1
H3,Teste,78,2T25,Ridge Contábil,0.1,388,Custo_t_1,5186.491915226089,0.0918873392649239,4
H3,Teste,78,2T25,Ridge Contábil,0.1,388,Custo_t_4,-2622.8577927427064,0.046468292592507114,7
H3,Teste,78,2T25,Ridge Contábil,0.1,388,Receita_t,6688.615812839932,0.11849996499615985,3
H3,Teste,78,2T25,Ridge Contábil,0.1,388,Receita_t_1,-9069.647941521534,0.16068391333444873,2
H3,Teste,78,2T25,Ridge Contábil,0.1,388,Receita_t_4,3212.9656327583125,0.05692303544850591,6
H3,Teste,78,2T25,Ridge Contábil,0.1,388,Despesas_t,59.433872220327586,0.00105296999779461,17
H3,Teste,78,2T25,Ridge Contábil,0.1,388,Despesas_t_1,400.5798028109169,0.007096938131823637,13
H3,Teste,78,2T25,Ridge Contábil,0.1,388,Despesas_t_4,-32.986377664797146,0.0005844085993285493,18
H3,Teste,78,2T25,Ridge Contábil,0.1,388,EBIT_t,2024.164803593457,0.03586144952619716,8
H3,Teste,78,2T25,Ridge Contábil,0.1,388,EBIT_t_1,-1152.6835105375455,0.020421707491127903,9
H3,Teste,78,2T25,Ridge Contábil,0.1,388,EBIT_t_4,32.537962962369754,0.0005764641863097295,19
H3,Teste,78,2T25,Ridge Contábil,0.1,388,Trimestre_Sin,915.163122800038,0.01621363837483367,11
H3,Teste,78,2T25,Ridge Contábil,0.1,388,Trimestre_Cos,167.6486006065459,0.002970174077780643,16
H3,Teste,78,2T25,Ridge Contábil,0.1,388,Segmento=CORPORATIVO / OUTROS NEGÓCIOS,-13.667794054982368,0.00024214772718459502,20
H3,Teste,78,2T25,Ridge Contábil,0.1,388,Segmento=DISTRIBUIÇÃO,1026.7270139975913,0.018190178450041283,10
H3,Teste,78,2T25,Ridge Contábil,0.1,388,Segmento=E&P,827.5124040540143,0.014660759962628682,12
H3,Teste,78,2T25,Ridge Contábil,0.1,388,Segmento=GÁS & ENERGIA / G&EBC,350.64835120377643,0.0062123193357649445,14
H3,Teste,78,2T25,Ridge Contábil,0.1,388,Segmento=INTERNACIONAL,276.08137303772384,0.004891241171044511,15
H3,Teste,78,2T25,Ridge Contábil,0.1,388,Segmento=REFINO / RTC,5052.172444925359,0.08950764622015608,5
H3,Teste,78,2T25,Ridge + Brent e Câmbio,10.0,388,Custo_t,9004.35604508435,0.18109062218758262,1
H3,Teste,78,2T25,Ridge + Brent e Câmbio,10.0,388,Custo_t_1,3915.502268502849,0.07874641322820214,4
H3,Teste,78,2T25,Ridge + Brent e Câmbio,10.0,388,Custo_t_4,552.6298801400394,0.01111418610425144,18
H3,Teste,78,2T25,Ridge + Brent e Câmbio,10.0,388,Receita_t,5984.642532566318,0.1203598163340455,2
H3,Teste,78,2T25,Ridge + Brent e Câmbio,10.0,388,Receita_t_1,1249.1190528136428,0.025121590631000803,13
H3,Teste,78,2T25,Ridge + Brent e Câmbio,10.0,388,Receita_t_4,639.3956452822799,0.01285917112211596,17
H3,Teste,78,2T25,Ridge + Brent e Câmbio,10.0,388,Despesas_t,-850.0583149131086,0.017095902069241293,16
H3,Teste,78,2T25,Ridge + Brent e Câmbio,10.0,388,Despesas_t_1,-427.5930583816307,0.008599514790143495,21
H3,Teste,78,2T25,Ridge + Brent e Câmbio,10.0,388,Despesas_t_4,-258.6382971903944,0.005201590199813858,26
H3,Teste,78,2T25,Ridge + Brent e Câmbio,10.0,388,EBIT_t,152.28597496371043,0.0030626911928561588,28
H3,Teste,78,2T25,Ridge + Brent e Câmbio,10.0,388,EBIT_t_1,-1682.0375886208822,0.03382820847389129,10
H3,Teste,78,2T25,Ridge + Brent e Câmbio,10.0,388,EBIT_t_4,-354.2630489593991,0.0071247422506299455,23
H3,Teste,78,2T25,Ridge + Brent e Câmbio,10.0,388,Trimestre_Sin,514.6725516054667,0.010350809333443189,19
H3,Teste,78,2T25,Ridge + Brent e Câmbio,10.0,388,Trimestre_Cos,492.51767579627204,0.009905242740486668,20
H3,Teste,78,2T25,Ridge + Brent e Câmbio,10.0,388,Brent_t,1517.7991498129143,0.03052513594744573,11
H3,Teste,78,2T25,Ridge + Brent e Câmbio,10.0,388,Brent_t_1,-1836.0488282075546,0.03692559723339698,9
H3,Teste,78,2T25,Ridge + Brent e Câmbio,10.0,388,Brent_t_4,1985.9761262373006,0.039940852021986974,8
H3,Teste,78,2T25,Ridge + Brent e Câmbio,10.0,388,USD_BRL_t,2872.970471822738,0.05777959108502342,5
H3,Teste,78,2T25,Ridge + Brent e Câmbio,10.0,388,USD_BRL_t_1,1498.0618231346775,0.030128189763778027,12
H3,Teste,78,2T25,Ridge + Brent e Câmbio,10.0,388,USD_BRL_t_4,-327.77044480388315,0.006591937667395945,25
H3,Teste,78,2T25,Ridge + Brent e Câmbio,10.0,388,Brent_BRL_t,-2837.0087040142835,0.05705634792640203,6
H3,Teste,78,2T25,Ridge + Brent e Câmbio,10.0,388,Brent_Var_AA,2694.0303344690055,0.05418084613919144,7
H3,Teste,78,2T25,Ridge + Brent e Câmbio,10.0,388,USD_BRL_Var_AA,240.22995812054907,0.0048313718789359155,27
H3,Teste,78,2T25,Ridge + Brent e Câmbio,10.0,388,Segmento=CORPORATIVO / OUTROS NEGÓCIOS,-331.11279758927526,0.006659157215628657,24
H3,Teste,78,2T25,Ridge + Brent e Câmbio,10.0,388,Segmento=DISTRIBUIÇÃO,1010.6069888858539,0.020324768088703926,14
H3,Teste,78,2T25,Ridge + Brent e Câmbio,10.0,388,Segmento=E&P,907.5578053799702,0.018252299978428522,15
H3,Teste,78,2T25,Ridge + Brent e Câmbio,10.0,388,Segmento=GÁS & ENERGIA / G&EBC,37.022591414108305,0.0007445778554966861,29
H3,Teste,78,2T25,Ridge + Brent e Câmbio,10.0,388,Segmento=INTERNACIONAL,372.0369745571043,0.007482201599092892,22
H3,Teste,78,2T25,Ridge + Brent e Câmbio,10.0,388,Segmento=REFINO / RTC,5176.983489590419,0.1041166249413885,3
H3,Teste,79,3T25,Ridge Contábil,0.1,392,Custo_t,17358.62571332907,0.3030773829073833,1
H3,Teste,79,3T25,Ridge Contábil,0.1,392,Custo_t_1,5254.826302919934,0.09174798914518553,4
H3,Teste,79,3T25,Ridge Contábil,0.1,392,Custo_t_4,-2771.883617244975,0.048396413766406556,7
H3,Teste,79,3T25,Ridge Contábil,0.1,392,Receita_t,6974.473996437964,0.12177261961313565,3
H3,Teste,79,3T25,Ridge Contábil,0.1,392,Receita_t_1,-9148.842182691127,0.15973655928496452,2
H3,Teste,79,3T25,Ridge Contábil,0.1,392,Receita_t_4,3355.637240219856,0.05858861004022089,6
H3,Teste,79,3T25,Ridge Contábil,0.1,392,Despesas_t,53.79508571775276,0.0009392491123358654,17
H3,Teste,79,3T25,Ridge Contábil,0.1,392,Despesas_t_1,397.19097675422796,0.006934857847454105,13
H3,Teste,79,3T25,Ridge Contábil,0.1,392,Despesas_t_4,-37.992606062949285,0.0006633416611171081,18
H3,Teste,79,3T25,Ridge Contábil,0.1,392,EBIT_t,2027.1527285943728,0.0353935935875488,8
H3,Teste,79,3T25,Ridge Contábil,0.1,392,EBIT_t_1,-1190.124091114515,0.02077927716322882,9
H3,Teste,79,3T25,Ridge Contábil,0.1,392,EBIT_t_4,12.700069680116618,0.00022174012764360505,20
H3,Teste,79,3T25,Ridge Contábil,0.1,392,Trimestre_Sin,919.2587723677054,0.01605003457905807,11
H3,Teste,79,3T25,Ridge Contábil,0.1,392,Trimestre_Cos,168.07354294921538,0.0029345231802483883,16
H3,Teste,79,3T25,Ridge Contábil,0.1,392,Segmento=CORPORATIVO / OUTROS NEGÓCIOS,-15.67980832190444,0.000273765639583044,19
H3,Teste,79,3T25,Ridge Contábil,0.1,392,Segmento=DISTRIBUIÇÃO,1036.8020049939169,0.01810231083128874,10
H3,Teste,79,3T25,Ridge Contábil,0.1,392,Segmento=E&P,817.9977807829833,0.014282042295167852,12
H3,Teste,79,3T25,Ridge Contábil,0.1,392,Segmento=GÁS & ENERGIA / G&EBC,350.6123562349729,0.006121606462261089,14
H3,Teste,79,3T25,Ridge Contábil,0.1,392,Segmento=INTERNACIONAL,277.05413126968074,0.004837297745547723,15
H3,Teste,79,3T25,Ridge Contábil,0.1,392,Segmento=REFINO / RTC,5105.843463785996,0.08914678501022029,5
H3,Teste,79,3T25,Ridge + Brent e Câmbio,10.0,392,Custo_t,9034.451989168841,0.18060625093611155,1
H3,Teste,79,3T25,Ridge + Brent e Câmbio,10.0,392,Custo_t_1,3969.862464813582,0.07936087073809703,4
H3,Teste,79,3T25,Ridge + Brent e Câmbio,10.0,392,Custo_t_4,569.9422306579603,0.011393621843660785,18
H3,Teste,79,3T25,Ridge + Brent e Câmbio,10.0,392,Receita_t,6056.934325553406,0.1210831826895441,2
H3,Teste,79,3T25,Ridge + Brent e Câmbio,10.0,392,Receita_t_1,1322.8129064000373,0.02644413629086001,13
H3,Teste,79,3T25,Ridge + Brent e Câmbio,10.0,392,Receita_t_4,685.5785768799985,0.013705289113369068,17
H3,Teste,79,3T25,Ridge + Brent e Câmbio,10.0,392,Despesas_t,-845.7008970337756,0.016906268206382764,16
H3,Teste,79,3T25,Ridge + Brent e Câmbio,10.0,392,Despesas_t_1,-426.6256453293536,0.008528603444736705,21
H3,Teste,79,3T25,Ridge + Brent e Câmbio,10.0,392,Despesas_t_4,-256.9811567419247,0.0051372682411757594,27
H3,Teste,79,3T25,Ridge + Brent e Câmbio,10.0,392,EBIT_t,155.2806506107044,0.0031041900696734586,28
H3,Teste,79,3T25,Ridge + Brent e Câmbio,10.0,392,EBIT_t_1,-1698.5620846864633,0.033955676610515774,10
H3,Teste,79,3T25,Ridge + Brent e Câmbio,10.0,392,EBIT_t_4,-356.44623776400056,0.007125658395220551,23
H3,Teste,79,3T25,Ridge + Brent e Câmbio,10.0,392,Trimestre_Sin,514.0223411705408,0.010275736486010703,19
H3,Teste,79,3T25,Ridge + Brent e Câmbio,10.0,392,Trimestre_Cos,491.55430327439166,0.009826581618047616,20
H3,Teste,79,3T25,Ridge + Brent e Câmbio,10.0,392,Brent_t,1498.565038336971,0.02995756839290814,12
H3,Teste,79,3T25,Ridge + Brent e Câmbio,10.0,392,Brent_t_1,-1838.417314238895,0.036751499612680816,9
H3,Teste,79,3T25,Ridge + Brent e Câmbio,10.0,392,Brent_t_4,1965.9592760540552,0.03930117009497334,8
H3,Teste,79,3T25,Ridge + Brent e Câmbio,10.0,392,USD_BRL_t,2862.7098069824224,0.05722796317662432,5
H3,Teste,79,3T25,Ridge + Brent e Câmbio,10.0,392,USD_BRL_t_1,1507.27302341803,0.030131648297321068,11
H3,Teste,79,3T25,Ridge + Brent e Câmbio,10.0,392,USD_BRL_t_4,-321.92490258738695,0.00643554803423443,25
H3,Teste,79,3T25,Ridge + Brent e Câmbio,10.0,392,Brent_BRL_t,-2846.0957974942553,0.0568958352323647,6
H3,Teste,79,3T25,Ridge + Brent e Câmbio,10.0,392,Brent_Var_AA,2690.5845652014,0.05378703564202549,7
H3,Teste,79,3T25,Ridge + Brent e Câmbio,10.0,392,USD_BRL_Var_AA,260.53178191915725,0.005208248207919524,26
H3,Teste,79,3T25,Ridge + Brent e Câmbio,10.0,392,Segmento=CORPORATIVO / OUTROS NEGÓCIOS,-332.82856699903425,0.006653521404751427,24
H3,Teste,79,3T25,Ridge + Brent e Câmbio,10.0,392,Segmento=DISTRIBUIÇÃO,1009.5960314907312,0.020182669012588594,14
H3,Teste,79,3T25,Ridge + Brent e Câmbio,10.0,392,Segmento=E&P,900.8298673061435,0.01800834242746418,15
H3,Teste,79,3T25,Ridge + Brent e Câmbio,10.0,392,Segmento=GÁS & ENERGIA / G&EBC,32.891993757204084,0.0006575384633649632,29
H3,Teste,79,3T25,Ridge + Brent e Câmbio,10.0,392,Segmento=INTERNACIONAL,369.8348392022402,0.00739330773509609,22
H3,Teste,79,3T25,Ridge + Brent e Câmbio,10.0,392,Segmento=REFINO / RTC,5200.121091979366,0.10395476958227708,3
H3,Teste,80,4T25,Ridge Contábil,0.1,396,Custo_t,17487.754582104364,0.30516699311893036,1
H3,Teste,80,4T25,Ridge Contábil,0.1,396,Custo_t_1,5267.734428623131,0.09192367542583313,4
H3,Teste,80,4T25,Ridge Contábil,0.1,396,Custo_t_4,-3126.941708075447,0.05456614765671816,7
H3,Teste,80,4T25,Ridge Contábil,0.1,396,Receita_t,6661.478060314051,0.11624495413916897,3
H3,Teste,80,4T25,Ridge Contábil,0.1,396,Receita_t_1,-8736.003574189235,0.15244609764478725,2
H3,Teste,80,4T25,Ridge Contábil,0.1,396,Receita_t_4,4048.820949829754,0.07065323962179013,6
H3,Teste,80,4T25,Ridge Contábil,0.1,396,Despesas_t,70.8185887442804,0.0012358073578030274,18
H3,Teste,80,4T25,Ridge Contábil,0.1,396,Despesas_t_1,334.0757110802517,0.005829729582822238,13
H3,Teste,80,4T25,Ridge Contábil,0.1,396,Despesas_t_4,-12.56752803585718,0.0002193074430244486,20
H3,Teste,80,4T25,Ridge Contábil,0.1,396,EBIT_t,1918.1010652196758,0.033471486108931296,8
H3,Teste,80,4T25,Ridge Contábil,0.1,396,EBIT_t_1,-1218.0014249915353,0.02125452016919327,9
H3,Teste,80,4T25,Ridge Contábil,0.1,396,EBIT_t_4,-97.31920778870877,0.0016982517609200635,17
H3,Teste,80,4T25,Ridge Contábil,0.1,396,Trimestre_Sin,912.627537854478,0.015925646729373903,11
H3,Teste,80,4T25,Ridge Contábil,0.1,396,Trimestre_Cos,208.77671289105953,0.003643221398556029,16
H3,Teste,80,4T25,Ridge Contábil,0.1,396,Segmento=CORPORATIVO / OUTROS NEGÓCIOS,-33.0826843267813,0.000577303578507319,19
H3,Teste,80,4T25,Ridge Contábil,0.1,396,Segmento=DISTRIBUIÇÃO,970.0361558318122,0.016927445745079685,10
H3,Teste,80,4T25,Ridge Contábil,0.1,396,Segmento=E&P,713.6781576811069,0.01245391547620825,12
H3,Teste,80,4T25,Ridge Contábil,0.1,396,Segmento=GÁS & ENERGIA / G&EBC,305.7706821523849,0.005335797641616894,14
H3,Teste,80,4T25,Ridge Contábil,0.1,396,Segmento=INTERNACIONAL,257.3415674585285,0.00449069387251096,15
H3,Teste,80,4T25,Ridge Contábil,0.1,396,Segmento=REFINO / RTC,4924.594111648153,0.08593576552822466,5
H3,Teste,80,4T25,Ridge + Brent e Câmbio,10.0,396,Custo_t,9000.73762887971,0.17885249211222573,1
H3,Teste,80,4T25,Ridge + Brent e Câmbio,10.0,396,Custo_t_1,4060.3263660291564,0.08068221953534262,4
H3,Teste,80,4T25,Ridge + Brent e Câmbio,10.0,396,Custo_t_4,647.2615251431788,0.012861649966195756,18
H3,Teste,80,4T25,Ridge + Brent e Câmbio,10.0,396,Receita_t,6019.642436420173,0.11961553550053458,2
H3,Teste,80,4T25,Ridge + Brent e Câmbio,10.0,396,Receita_t_1,1490.5827109491602,0.02961917606588837,12
H3,Teste,80,4T25,Ridge + Brent e Câmbio,10.0,396,Receita_t_4,888.1991210122027,0.017649289739900258,15
H3,Teste,80,4T25,Ridge + Brent e Câmbio,10.0,396,Despesas_t,-840.3121433926772,0.0166977338074738,16
H3,Teste,80,4T25,Ridge + Brent e Câmbio,10.0,396,Despesas_t_1,-445.53276071325325,0.008853123805712283,21
H3,Teste,80,4T25,Ridge + Brent e Câmbio,10.0,396,Despesas_t_4,-220.96297556007806,0.004390726679627887,27
H3,Teste,80,4T25,Ridge + Brent e Câmbio,10.0,396,EBIT_t,88.58890275788404,0.0017603386172370052,28
H3,Teste,80,4T25,Ridge + Brent e Câmbio,10.0,396,EBIT_t_1,-1705.8450199115528,0.03389662553760992,10
H3,Teste,80,4T25,Ridge + Brent e Câmbio,10.0,396,EBIT_t_4,-340.4838853267745,0.006765711203419055,24
H3,Teste,80,4T25,Ridge + Brent e Câmbio,10.0,396,Trimestre_Sin,511.9595267410479,0.010173081473282419,19
H3,Teste,80,4T25,Ridge + Brent e Câmbio,10.0,396,Trimestre_Cos,511.5217675061432,0.010164382816201621,20
H3,Teste,80,4T25,Ridge + Brent e Câmbio,10.0,396,Brent_t,1471.7511272147374,0.02924497610359697,13
H3,Teste,80,4T25,Ridge + Brent e Câmbio,10.0,396,Brent_t_1,-1855.4897896588025,0.03687019738298623,9
H3,Teste,80,4T25,Ridge + Brent e Câmbio,10.0,396,Brent_t_4,1936.2230105729284,0.038474436763368605,8
H3,Teste,80,4T25,Ridge + Brent e Câmbio,10.0,396,USD_BRL_t,2905.668179344152,0.05773815619949126,5
H3,Teste,80,4T25,Ridge + Brent e Câmbio,10.0,396,USD_BRL_t_1,1530.183563518092,0.030406079480225962,11
H3,Teste,80,4T25,Ridge + Brent e Câmbio,10.0,396,USD_BRL_t_4,-435.7663910101619,0.00865905753777857,22
H3,Teste,80,4T25,Ridge + Brent e Câmbio,10.0,396,Brent_BRL_t,-2822.1116255061265,0.05607781473611052,6
H3,Teste,80,4T25,Ridge + Brent e Câmbio,10.0,396,Brent_Var_AA,2726.0233438858213,0.054168456932431046,7
H3,Teste,80,4T25,Ridge + Brent e Câmbio,10.0,396,USD_BRL_Var_AA,277.36620352582685,0.0055115079200987035,26
H3,Teste,80,4T25,Ridge + Brent e Câmbio,10.0,396,Segmento=CORPORATIVO / OUTROS NEGÓCIOS,-338.551168529038,0.006727306438157016,25
H3,Teste,80,4T25,Ridge + Brent e Câmbio,10.0,396,Segmento=DISTRIBUIÇÃO,966.9325670198945,0.019213791852024566,14
H3,Teste,80,4T25,Ridge + Brent e Câmbio,10.0,396,Segmento=E&P,837.2881805392202,0.016637645033120436,17
H3,Teste,80,4T25,Ridge + Brent e Câmbio,10.0,396,Segmento=GÁS & ENERGIA / G&EBC,7.163422381837445,0.0001423434387125435,29
H3,Teste,80,4T25,Ridge + Brent e Câmbio,10.0,396,Segmento=INTERNACIONAL,357.7872632860381,0.0071095443866066475,23
H3,Teste,80,4T25,Ridge + Brent e Câmbio,10.0,396,Segmento=REFINO / RTC,5084.658911850152,0.10103659893463954,3
H3,Teste,81,1T26,Ridge Contábil,0.1,400,Custo_t,18104.427313858727,0.322586380736042,1
H3,Teste,81,1T26,Ridge Contábil,0.1,400,Custo_t_1,5326.192485750205,0.09490259632606178,4
H3,Teste,81,1T26,Ridge Contábil,0.1,400,Custo_t_4,-2788.927387524347,0.049693369278155354,7
H3,Teste,81,1T26,Ridge Contábil,0.1,400,Receita_t,5845.160578400684,0.10414961838444266,3
H3,Teste,81,1T26,Ridge Contábil,0.1,400,Receita_t_1,-8430.015298457714,0.1502068017692702,2
H3,Teste,81,1T26,Ridge Contábil,0.1,400,Receita_t_4,3705.2311700832743,0.06602015585616333,6
H3,Teste,81,1T26,Ridge Contábil,0.1,400,Despesas_t,89.28589349787504,0.0015909044089019763,17
H3,Teste,81,1T26,Ridge Contábil,0.1,400,Despesas_t_1,278.74655128013643,0.00496673214574869,14
H3,Teste,81,1T26,Ridge Contábil,0.1,400,Despesas_t_4,23.045984376025885,0.00041063550707680634,19
H3,Teste,81,1T26,Ridge Contábil,0.1,400,EBIT_t,1971.6269836146585,0.035130634169185035,8
H3,Teste,81,1T26,Ridge Contábil,0.1,400,EBIT_t_1,-1060.4457383560625,0.018895121440344022,9
H3,Teste,81,1T26,Ridge Contábil,0.1,400,EBIT_t_4,-79.52861987922951,0.001417048394131451,18
H3,Teste,81,1T26,Ridge Contábil,0.1,400,Trimestre_Sin,882.356034161477,0.015721902419021713,11
H3,Teste,81,1T26,Ridge Contábil,0.1,400,Trimestre_Cos,202.1179592402218,0.003601356719146139,16
H3,Teste,81,1T26,Ridge Contábil,0.1,400,Segmento=CORPORATIVO / OUTROS NEGÓCIOS,-16.5819394394836,0.00029545854926173604,20
H3,Teste,81,1T26,Ridge Contábil,0.1,400,Segmento=DISTRIBUIÇÃO,973.44844859574,0.01734499558708688,10
H3,Teste,81,1T26,Ridge Contábil,0.1,400,Segmento=E&P,801.492688742806,0.014281071760277295,12
H3,Teste,81,1T26,Ridge Contábil,0.1,400,Segmento=GÁS & ENERGIA / G&EBC,322.9598724305367,0.005754529241065262,13
H3,Teste,81,1T26,Ridge Contábil,0.1,400,Segmento=INTERNACIONAL,262.44626292066465,0.004676292081797553,15
H3,Teste,81,1T26,Ridge Contábil,0.1,400,Segmento=REFINO / RTC,4958.689584458292,0.08835439522681997,5
H3,Teste,81,1T26,Ridge + Brent e Câmbio,10.0,400,Custo_t,9056.464742951264,0.17969152681860942,1
H3,Teste,81,1T26,Ridge + Brent e Câmbio,10.0,400,Custo_t_1,4186.020317366345,0.08305585054109742,4
H3,Teste,81,1T26,Ridge + Brent e Câmbio,10.0,400,Custo_t_4,740.543076085052,0.014693295871354416,18
H3,Teste,81,1T26,Ridge + Brent e Câmbio,10.0,400,Receita_t,5997.161451167662,0.11899114371054793,2
H3,Teste,81,1T26,Ridge + Brent e Câmbio,10.0,400,Receita_t_1,1568.9326551960608,0.031129575644533832,11
H3,Teste,81,1T26,Ridge + Brent e Câmbio,10.0,400,Receita_t_4,880.7262778671734,0.017474704983796004,15
H3,Teste,81,1T26,Ridge + Brent e Câmbio,10.0,400,Despesas_t,-839.9362624185693,0.016665380334172752,16
H3,Teste,81,1T26,Ridge + Brent e Câmbio,10.0,400,Despesas_t_1,-492.1972559497423,0.009765805855576888,20
H3,Teste,81,1T26,Ridge + Brent e Câmbio,10.0,400,Despesas_t_4,-213.11954508942614,0.0042285568970842,27
H3,Teste,81,1T26,Ridge + Brent e Câmbio,10.0,400,EBIT_t,65.61364237820634,0.0013018562887076386,28
H3,Teste,81,1T26,Ridge + Brent e Câmbio,10.0,400,EBIT_t_1,-1655.4438018426108,0.032846064414596816,10
H3,Teste,81,1T26,Ridge + Brent e Câmbio,10.0,400,EBIT_t_4,-364.5621105152797,0.007233365790960685,22
H3,Teste,81,1T26,Ridge + Brent e Câmbio,10.0,400,Trimestre_Sin,483.95881568522003,0.009602344952039652,21
H3,Teste,81,1T26,Ridge + Brent e Câmbio,10.0,400,Trimestre_Cos,505.93087640965376,0.010038297970241111,19
H3,Teste,81,1T26,Ridge + Brent e Câmbio,10.0,400,Brent_t,1455.8966263013033,0.02888680021348938,13
H3,Teste,81,1T26,Ridge + Brent e Câmbio,10.0,400,Brent_t_1,-1862.824841815755,0.03696076223142526,9
H3,Teste,81,1T26,Ridge + Brent e Câmbio,10.0,400,Brent_t_4,1918.5689728358868,0.038066795137033406,8
H3,Teste,81,1T26,Ridge + Brent e Câmbio,10.0,400,USD_BRL_t,2863.564030731473,0.05681667266749705,6
H3,Teste,81,1T26,Ridge + Brent e Câmbio,10.0,400,USD_BRL_t_1,1458.110154471199,0.028930719366027806,12
H3,Teste,81,1T26,Ridge + Brent e Câmbio,10.0,400,USD_BRL_t_4,-300.01203976789327,0.005952612086500585,26
H3,Teste,81,1T26,Ridge + Brent e Câmbio,10.0,400,Brent_BRL_t,-2883.228080734064,0.05720683188179236,5
H3,Teste,81,1T26,Ridge + Brent e Câmbio,10.0,400,Brent_Var_AA,2743.129946321655,0.05442711061179039,7
H3,Teste,81,1T26,Ridge + Brent e Câmbio,10.0,400,USD_BRL_Var_AA,333.37174107712406,0.0066145100602252645,24
H3,Teste,81,1T26,Ridge + Brent e Câmbio,10.0,400,Segmento=CORPORATIVO / OUTROS NEGÓCIOS,-333.085911301652,0.00660883884190525,25
H3,Teste,81,1T26,Ridge + Brent e Câmbio,10.0,400,Segmento=DISTRIBUIÇÃO,947.8010413455333,0.01880555173277765,14
H3,Teste,81,1T26,Ridge + Brent e Câmbio,10.0,400,Segmento=E&P,835.2156727889391,0.01657171796346761,17
H3,Teste,81,1T26,Ridge + Brent e Câmbio,10.0,400,Segmento=GÁS & ENERGIA / G&EBC,2.961361026814847,5.875708673007842e-05,29
H3,Teste,81,1T26,Ridge + Brent e Câmbio,10.0,400,Segmento=INTERNACIONAL,351.02819609241357,0.006964836092507433,23
H3,Teste,81,1T26,Ridge + Brent e Câmbio,10.0,400,Segmento=REFINO / RTC,5060.656172106301,0.10040971395351174,3
H3,Teste,82,2T26,Ridge Contábil,0.1,404,Custo_t,18309.852543557427,0.3216791969025851,1
H3,Teste,82,2T26,Ridge Contábil,0.1,404,Custo_t_1,4993.3886053755905,0.08772704381854389,5
H3,Teste,82,2T26,Ridge Contábil,0.1,404,Custo_t_4,-3377.058777521745,0.05933032791289523,7
H3,Teste,82,2T26,Ridge Contábil,0.1,404,Receita_t,5884.031607171631,0.10337442955598214,3
H3,Teste,82,2T26,Ridge Contábil,0.1,404,Receita_t_1,-8072.534802792028,0.1418234530372565,2
H3,Teste,82,2T26,Ridge Contábil,0.1,404,Receita_t_4,4190.820830995893,0.07362701999212608,6
H3,Teste,82,2T26,Ridge Contábil,0.1,404,Despesas_t,80.78862055840489,0.0014193461426449119,18
H3,Teste,82,2T26,Ridge Contábil,0.1,404,Despesas_t_1,253.6828387469149,0.004456862317265863,15
H3,Teste,82,2T26,Ridge Contábil,0.1,404,Despesas_t_4,19.027741107700965,0.0003342915222192355,20
H3,Teste,82,2T26,Ridge Contábil,0.1,404,EBIT_t,1919.9291072199583,0.03373054216855094,8
H3,Teste,82,2T26,Ridge Contábil,0.1,404,EBIT_t_1,-1112.601363443017,0.019546892156212543,9
H3,Teste,82,2T26,Ridge Contábil,0.1,404,EBIT_t_4,-160.84114597188426,0.002825760095120611,17
H3,Teste,82,2T26,Ridge Contábil,0.1,404,Trimestre_Sin,874.4567429878673,0.015363015193116059,11
H3,Teste,82,2T26,Ridge Contábil,0.1,404,Trimestre_Cos,208.2242687024337,0.003658217092272286,16
H3,Teste,82,2T26,Ridge Contábil,0.1,404,Segmento=CORPORATIVO / OUTROS NEGÓCIOS,-23.944398744233812,0.0004206705073149593,19
H3,Teste,82,2T26,Ridge Contábil,0.1,404,Segmento=DISTRIBUIÇÃO,1003.7802478910337,0.017635053217393643,10
H3,Teste,82,2T26,Ridge Contábil,0.1,404,Segmento=E&P,774.4643885240872,0.013606285574251637,12
H3,Teste,82,2T26,Ridge Contábil,0.1,404,Segmento=GÁS & ENERGIA / G&EBC,321.3507921824629,0.0056456961904718895,13
H3,Teste,82,2T26,Ridge Contábil,0.1,404,Segmento=INTERNACIONAL,265.6242328488247,0.00466665636423929,14
H3,Teste,82,2T26,Ridge Contábil,0.1,404,Segmento=REFINO / RTC,5073.2010705667035,0.08912924023953726,4
H3,Teste,82,2T26,Ridge + Brent e Câmbio,10.0,404,Custo_t,9078.395533249597,0.18017365849446776,1
H3,Teste,82,2T26,Ridge + Brent e Câmbio,10.0,404,Custo_t_1,4145.663922316106,0.08227659095008082,4
H3,Teste,82,2T26,Ridge + Brent e Câmbio,10.0,404,Custo_t_4,621.6202446646159,0.012336936991261488,18
H3,Teste,82,2T26,Ridge + Brent e Câmbio,10.0,404,Receita_t,6073.344310579612,0.12053414722083633,2
H3,Teste,82,2T26,Ridge + Brent e Câmbio,10.0,404,Receita_t_1,1652.6195060047803,0.03279858223908197,11
H3,Teste,82,2T26,Ridge + Brent e Câmbio,10.0,404,Receita_t_4,932.7341356529226,0.018511434207483527,15
H3,Teste,82,2T26,Ridge + Brent e Câmbio,10.0,404,Despesas_t,-821.5246383696159,0.01630432372067136,17
H3,Teste,82,2T26,Ridge + Brent e Câmbio,10.0,404,Despesas_t_1,-475.7132893319248,0.009441206149198265,21
H3,Teste,82,2T26,Ridge + Brent e Câmbio,10.0,404,Despesas_t_4,-196.41396305742134,0.003898114173792287,27
H3,Teste,82,2T26,Ridge + Brent e Câmbio,10.0,404,EBIT_t,66.11554382751544,0.0013121569082472882,28
H3,Teste,82,2T26,Ridge + Brent e Câmbio,10.0,404,EBIT_t_1,-1652.9567947734608,0.032805276213936856,10
H3,Teste,82,2T26,Ridge + Brent e Câmbio,10.0,404,EBIT_t_4,-328.3818396767692,0.006517204193297468,25
H3,Teste,82,2T26,Ridge + Brent e Câmbio,10.0,404,Trimestre_Sin,480.79865281313715,0.009542132413076991,20
H3,Teste,82,2T26,Ridge + Brent e Câmbio,10.0,404,Trimestre_Cos,540.308242189948,0.010723184769107746,19
H3,Teste,82,2T26,Ridge + Brent e Câmbio,10.0,404,Brent_t,1457.3531498236268,0.028923243954338942,12
H3,Teste,82,2T26,Ridge + Brent e Câmbio,10.0,404,Brent_t_1,-1912.8858855785481,0.03796393834404232,8
H3,Teste,82,2T26,Ridge + Brent e Câmbio,10.0,404,Brent_t_4,1900.7258837934132,0.037722605830945395,9
H3,Teste,82,2T26,Ridge + Brent e Câmbio,10.0,404,USD_BRL_t,2843.648988351343,0.056436254603456186,5
H3,Teste,82,2T26,Ridge + Brent e Câmbio,10.0,404,USD_BRL_t_1,1353.711969423522,0.026866337469599356,13
H3,Teste,82,2T26,Ridge + Brent e Câmbio,10.0,404,USD_BRL_t_4,-241.9035820158708,0.004800920296443057,26
H3,Teste,82,2T26,Ridge + Brent e Câmbio,10.0,404,Brent_BRL_t,-2811.2908960626633,0.05579406228563963,6
H3,Teste,82,2T26,Ridge + Brent e Câmbio,10.0,404,Brent_Var_AA,2748.1120486919344,0.0545401882912144,7
H3,Teste,82,2T26,Ridge + Brent e Câmbio,10.0,404,USD_BRL_Var_AA,384.90255854852614,0.007638938167386233,22
H3,Teste,82,2T26,Ridge + Brent e Câmbio,10.0,404,Segmento=CORPORATIVO / OUTROS NEGÓCIOS,-342.0147537093256,0.006787768742747874,24
H3,Teste,82,2T26,Ridge + Brent e Câmbio,10.0,404,Segmento=DISTRIBUIÇÃO,973.4876680368358,0.019320245962742455,14
H3,Teste,82,2T26,Ridge + Brent e Câmbio,10.0,404,Segmento=E&P,829.9569229638361,0.016471674389547025,16
H3,Teste,82,2T26,Ridge + Brent e Câmbio,10.0,404,Segmento=GÁS & ENERGIA / G&EBC,0.16786503819571047,3.331520195860934e-06,29
H3,Teste,82,2T26,Ridge + Brent e Câmbio,10.0,404,Segmento=INTERNACIONAL,348.65223858108226,0.006919499060970527,23
H3,Teste,82,2T26,Ridge + Brent e Câmbio,10.0,404,Segmento=REFINO / RTC,5171.513954864487,0.10263604243619055,3
H4,Validação,53,1T19,Ridge Contábil,0.1,275,Custo_t,10510.507318537264,0.22435599467442924,1
H4,Validação,53,1T19,Ridge Contábil,0.1,275,Custo_t_1,5655.7805727631785,0.12072759550099324,3
H4,Validação,53,1T19,Ridge Contábil,0.1,275,Custo_t_4,-340.1083651216292,0.007259911271778307,17
H4,Validação,53,1T19,Ridge Contábil,0.1,275,Receita_t,-3466.0478631338847,0.07398583078393255,5
H4,Validação,53,1T19,Ridge Contábil,0.1,275,Receita_t_1,-4135.409168230039,0.08827393475932861,4
H4,Validação,53,1T19,Ridge Contábil,0.1,275,Receita_t_4,2578.261893864417,0.05503526082979132,7
H4,Validação,53,1T19,Ridge Contábil,0.1,275,Despesas_t,-698.5402900340158,0.014910954993993258,14
H4,Validação,53,1T19,Ridge Contábil,0.1,275,Despesas_t_1,286.8641884577343,0.0061233676346333366,18
H4,Validação,53,1T19,Ridge Contábil,0.1,275,Despesas_t_4,1077.0904807890843,0.02299144074098077,10
H4,Validação,53,1T19,Ridge Contábil,0.1,275,EBIT_t,-399.0353449108871,0.008517759324503781,15
H4,Validação,53,1T19,Ridge Contábil,0.1,275,EBIT_t_1,1017.7663141750751,0.02172511438721444,11
H4,Validação,53,1T19,Ridge Contábil,0.1,275,EBIT_t_4,1738.4276848225466,0.037108263243396625,9
H4,Validação,53,1T19,Ridge Contábil,0.1,275,Trimestre_Sin,-389.457244913317,0.008313306381660958,16
H4,Validação,53,1T19,Ridge Contábil,0.1,275,Trimestre_Cos,281.1692387885823,0.006001803940425165,19
H4,Validação,53,1T19,Ridge Contábil,0.1,275,Segmento=CORPORATIVO / OUTROS NEGÓCIOS,185.53819714429125,0.003960475504069288,20
H4,Validação,53,1T19,Ridge Contábil,0.1,275,Segmento=DISTRIBUIÇÃO,2780.753980812507,0.05935763197745371,6
H4,Validação,53,1T19,Ridge Contábil,0.1,275,Segmento=E&P,2337.11753516227,0.04988782304994904,8
H4,Validação,53,1T19,Ridge Contábil,0.1,275,Segmento=GÁS & ENERGIA / G&EBC,868.3371797904974,0.018535418489371087,12
H4,Validação,53,1T19,Ridge Contábil,0.1,275,Segmento=INTERNACIONAL,720.080182466858,0.01537074288486198,13
H4,Validação,53,1T19,Ridge Contábil,0.1,275,Segmento=REFINO / RTC,7381.161751258773,0.15755736962723307,2
H4,Validação,53,1T19,Ridge + Brent e Câmbio,100.0,275,Custo_t,2808.4903934414897,0.11716858809892072,2
H4,Validação,53,1T19,Ridge + Brent e Câmbio,100.0,275,Custo_t_1,2528.1860427070983,0.10547445338148341,3
H4,Validação,53,1T19,Ridge + Brent e Câmbio,100.0,275,Custo_t_4,2029.6441562360621,0.08467557542114094,7
H4,Validação,53,1T19,Ridge + Brent e Câmbio,100.0,275,Receita_t,2277.5755929737593,0.09501913096818186,4
H4,Validação,53,1T19,Ridge + Brent e Câmbio,100.0,275,Receita_t_1,2149.3786017075927,0.08967082694682459,5
H4,Validação,53,1T19,Ridge + Brent e Câmbio,100.0,275,Receita_t_4,2145.0949966694243,0.08949211743246495,6
H4,Validação,53,1T19,Ridge + Brent e Câmbio,100.0,275,Despesas_t,-474.03756201711667,0.019776571775750054,12
H4,Validação,53,1T19,Ridge + Brent e Câmbio,100.0,275,Despesas_t_1,-409.32769652663416,0.017076913769692195,14
H4,Validação,53,1T19,Ridge + Brent e Câmbio,100.0,275,Despesas_t_4,219.76211039954595,0.009168347612398691,22
H4,Validação,53,1T19,Ridge + Brent e Câmbio,100.0,275,EBIT_t,-675.8879625988071,0.02819765325731324,9
H4,Validação,53,1T19,Ridge + Brent e Câmbio,100.0,275,EBIT_t_1,-324.11785024005326,0.013522008470802928,18
H4,Validação,53,1T19,Ridge + Brent e Câmbio,100.0,275,EBIT_t_4,580.2956319538769,0.024209596740934414,10
H4,Validação,53,1T19,Ridge + Brent e Câmbio,100.0,275,Trimestre_Sin,-312.52950704808524,0.013038549523113663,19
H4,Validação,53,1T19,Ridge + Brent e Câmbio,100.0,275,Trimestre_Cos,121.63312353154784,0.005074463271633042,26
H4,Validação,53,1T19,Ridge + Brent e Câmbio,100.0,275,Brent_t,155.77098636407214,0.006498675082413027,25
H4,Validação,53,1T19,Ridge + Brent e Câmbio,100.0,275,Brent_t_1,-253.3243401640164,0.010568544345895726,21
H4,Validação,53,1T19,Ridge + Brent e Câmbio,100.0,275,Brent_t_4,-205.0025450828796,0.008552587119449857,23
H4,Validação,53,1T19,Ridge + Brent e Câmbio,100.0,275,USD_BRL_t,-285.11481981054516,0.011894824693469523,20
H4,Validação,53,1T19,Ridge + Brent e Câmbio,100.0,275,USD_BRL_t_1,-187.2505073863322,0.007811982416780929,24
H4,Validação,53,1T19,Ridge + Brent e Câmbio,100.0,275,USD_BRL_t_4,66.12864247219215,0.0027588485577372864,27
H4,Validação,53,1T19,Ridge + Brent e Câmbio,100.0,275,Brent_BRL_t,64.06211748509475,0.0026726343354722642,28
H4,Validação,53,1T19,Ridge + Brent e Câmbio,100.0,275,Brent_Var_AA,43.56965080158144,0.001817700527053863,29
H4,Validação,53,1T19,Ridge + Brent e Câmbio,100.0,275,USD_BRL_Var_AA,-369.87675020850776,0.015431043201626287,16
H4,Validação,53,1T19,Ridge + Brent e Câmbio,100.0,275,Segmento=CORPORATIVO / OUTROS NEGÓCIOS,-725.4405106748931,0.030264956783911483,8
H4,Validação,53,1T19,Ridge + Brent e Câmbio,100.0,275,Segmento=DISTRIBUIÇÃO,573.0391748370643,0.023906861564427208,11
H4,Validação,53,1T19,Ridge + Brent e Câmbio,100.0,275,Segmento=E&P,-348.11258940577915,0.014523055053128918,17
H4,Validação,53,1T19,Ridge + Brent e Câmbio,100.0,275,Segmento=GÁS & ENERGIA / G&EBC,-390.23514116106276,0.016280383448417632,15
H4,Validação,53,1T19,Ridge + Brent e Câmbio,100.0,275,Segmento=INTERNACIONAL,-417.24652885626426,0.01740728285538377,13
H4,Validação,53,1T19,Ridge + Brent e Câmbio,100.0,275,Segmento=REFINO / RTC,2829.517417826317,0.11804582334417744,1
H4,Validação,54,2T19,Ridge Contábil,0.1,281,Custo_t,11275.341049743909,0.2404248336150388,1
H4,Validação,54,2T19,Ridge Contábil,0.1,281,Custo_t_1,5462.997603986337,0.11648785470729528,3
H4,Validação,54,2T19,Ridge Contábil,0.1,281,Custo_t_4,-420.7903433955786,0.008972539974743808,15
H4,Validação,54,2T19,Ridge Contábil,0.1,281,Receita_t,-3913.5939957647515,0.08344982037504986,5
H4,Validação,54,2T19,Ridge Contábil,0.1,281,Receita_t_1,-4063.3082140204147,0.08664218642900091,4
H4,Validação,54,2T19,Ridge Contábil,0.1,281,Receita_t_4,2590.2060664671976,0.0552311331259629,7
H4,Validação,54,2T19,Ridge Contábil,0.1,281,Despesas_t,-540.0092525950358,0.011514652561989844,14
H4,Validação,54,2T19,Ridge Contábil,0.1,281,Despesas_t_1,320.74058561406906,0.0068391724551519545,16
H4,Validação,54,2T19,Ridge Contábil,0.1,281,Despesas_t_4,1038.9258080862226,0.022153082859801655,10
H4,Validação,54,2T19,Ridge Contábil,0.1,281,EBIT_t,-109.07852228441392,0.0023258884547709678,20
H4,Validação,54,2T19,Ridge Contábil,0.1,281,EBIT_t_1,1013.5361219282332,0.021611696923612055,11
H4,Validação,54,2T19,Ridge Contábil,0.1,281,EBIT_t_4,1724.1581179479224,0.03676433615664891,9
H4,Validação,54,2T19,Ridge Contábil,0.1,281,Trimestre_Sin,-318.63426103228693,0.006794259158527039,17
H4,Validação,54,2T19,Ridge Contábil,0.1,281,Trimestre_Cos,281.46726096605465,0.006001744788675939,18
H4,Validação,54,2T19,Ridge Contábil,0.1,281,Segmento=CORPORATIVO / OUTROS NEGÓCIOS,193.35345539096892,0.004122888357538628,19
H4,Validação,54,2T19,Ridge Contábil,0.1,281,Segmento=DISTRIBUIÇÃO,2698.1434348391804,0.05753268868132843,6
H4,Validação,54,2T19,Ridge Contábil,0.1,281,Segmento=E&P,2183.372285093344,0.04655618983473471,8
H4,Validação,54,2T19,Ridge Contábil,0.1,281,Segmento=GÁS & ENERGIA / G&EBC,854.9346434649576,0.018229827239812268,12
H4,Validação,54,2T19,Ridge Contábil,0.1,281,Segmento=INTERNACIONAL,680.2775385452161,0.014505602384461486,13
H4,Validação,54,2T19,Ridge Contábil,0.1,281,Segmento=REFINO / RTC,7214.7038742906125,0.15383960191585452,2
H4,Validação,54,2T19,Ridge + Brent e Câmbio,100.0,281,Custo_t,2825.104064717089,0.11775594253286133,2
H4,Validação,54,2T19,Ridge + Brent e Câmbio,100.0,281,Custo_t_1,2539.657506867482,0.10585796366470679,3
H4,Validação,54,2T19,Ridge + Brent e Câmbio,100.0,281,Custo_t_4,2039.278484678144,0.08500117324857122,7
H4,Validação,54,2T19,Ridge + Brent e Câmbio,100.0,281,Receita_t,2289.7103267627026,0.09543966929309164,4
H4,Validação,54,2T19,Ridge + Brent e Câmbio,100.0,281,Receita_t_1,2161.672158814103,0.09010278442032926,5
H4,Validação,54,2T19,Ridge + Brent e Câmbio,100.0,281,Receita_t_4,2151.4416834335047,0.0896763579088081,6
H4,Validação,54,2T19,Ridge + Brent e Câmbio,100.0,281,Despesas_t,-477.5833812845247,0.019906622875791972,12
H4,Validação,54,2T19,Ridge + Brent e Câmbio,100.0,281,Despesas_t_1,-393.70767541292474,0.01641051704242743,14
H4,Validação,54,2T19,Ridge + Brent e Câmbio,100.0,281,Despesas_t_4,209.04846521888888,0.008713554790543088,23
H4,Validação,54,2T19,Ridge + Brent e Câmbio,100.0,281,EBIT_t,-661.1329244020252,0.02755733200230403,9
H4,Validação,54,2T19,Ridge + Brent e Câmbio,100.0,281,EBIT_t_1,-303.9342048952832,0.012668580677223283,18
H4,Validação,54,2T19,Ridge + Brent e Câmbio,100.0,281,EBIT_t_4,598.3685839619732,0.024941189765889864,10
H4,Validação,54,2T19,Ridge + Brent e Câmbio,100.0,281,Trimestre_Sin,-283.6870861957945,0.011824640598763989,19
H4,Validação,54,2T19,Ridge + Brent e Câmbio,100.0,281,Trimestre_Cos,122.05037631868488,0.005087301837617939,26
H4,Validação,54,2T19,Ridge + Brent e Câmbio,100.0,281,Brent_t,147.2116384391183,0.0061360731637123385,25
H4,Validação,54,2T19,Ridge + Brent e Câmbio,100.0,281,Brent_t_1,-264.84925028463107,0.01103944222299351,21
H4,Validação,54,2T19,Ridge + Brent e Câmbio,100.0,281,Brent_t_4,-224.0923368100577,0.009340613206084612,22
H4,Validação,54,2T19,Ridge + Brent e Câmbio,100.0,281,USD_BRL_t,-269.6101711237054,0.011237886849416744,20
H4,Validação,54,2T19,Ridge + Brent e Câmbio,100.0,281,USD_BRL_t_1,-173.53790545005413,0.0072334042050575245,24
H4,Validação,54,2T19,Ridge + Brent e Câmbio,100.0,281,USD_BRL_t_4,68.75773219011074,0.0028659586956770603,28
H4,Validação,54,2T19,Ridge + Brent e Câmbio,100.0,281,Brent_BRL_t,104.76662864194276,0.004366880942829153,27
H4,Validação,54,2T19,Ridge + Brent e Câmbio,100.0,281,Brent_Var_AA,57.32661337643319,0.0023894869837422566,29
H4,Validação,54,2T19,Ridge + Brent e Câmbio,100.0,281,USD_BRL_Var_AA,-368.8238703571833,0.015373310677274911,16
H4,Validação,54,2T19,Ridge + Brent e Câmbio,100.0,281,Segmento=CORPORATIVO / OUTROS NEGÓCIOS,-701.9111682956354,0.02925705011339876,8
H4,Validação,54,2T19,Ridge + Brent e Câmbio,100.0,281,Segmento=DISTRIBUIÇÃO,572.1583515267243,0.023848695275876387,11
H4,Validação,54,2T19,Ridge + Brent e Câmbio,100.0,281,Segmento=E&P,-363.51437719927213,0.015152000468213914,17
H4,Validação,54,2T19,Ridge + Brent e Câmbio,100.0,281,Segmento=GÁS & ENERGIA / G&EBC,-372.1339963709189,0.015511283296945122,15
H4,Validação,54,2T19,Ridge + Brent e Câmbio,100.0,281,Segmento=INTERNACIONAL,-402.7812770469532,0.016788722760909425,13
H4,Validação,54,2T19,Ridge + Brent e Câmbio,100.0,281,Segmento=REFINO / RTC,2843.3281959238475,0.1185155604789384,1
H4,Validação,55,3T19,Ridge Contábil,0.1,287,Custo_t,11025.986812851912,0.2149339576229535,1
H4,Validação,55,3T19,Ridge Contábil,0.1,287,Custo_t_1,6218.1922460421565,0.12121370099448833,3
H4,Validação,55,3T19,Ridge Contábil,0.1,287,Custo_t_4,-3400.810791666605,0.06629336085616905,6
H4,Validação,55,3T19,Ridge Contábil,0.1,287,Receita_t,-2855.8535060758372,0.055670291183080096,7
H4,Validação,55,3T19,Ridge Contábil,0.1,287,Receita_t_1,-5161.9437833283755,0.1006238285252401,5
H4,Validação,55,3T19,Ridge Contábil,0.1,287,Receita_t_4,5470.525526884268,0.10663913550124257,4
H4,Validação,55,3T19,Ridge Contábil,0.1,287,Despesas_t,-517.2817309713806,0.01008357905109568,14
H4,Validação,55,3T19,Ridge Contábil,0.1,287,Despesas_t_1,482.3359240553225,0.009402366502025599,15
H4,Validação,55,3T19,Ridge Contábil,0.1,287,Despesas_t_4,353.3025659149017,0.0068870677989495,16
H4,Validação,55,3T19,Ridge Contábil,0.1,287,EBIT_t,-59.30703134648512,0.001156095611080413,20
H4,Validação,55,3T19,Ridge Contábil,0.1,287,EBIT_t_1,1272.7282998278902,0.024809800256779563,10
H4,Validação,55,3T19,Ridge Contábil,0.1,287,EBIT_t_4,596.6925597082272,0.01163156600121922,13
H4,Validação,55,3T19,Ridge Contábil,0.1,287,Trimestre_Sin,-306.5074540254297,0.005974872023049451,17
H4,Validação,55,3T19,Ridge Contábil,0.1,287,Trimestre_Cos,254.11078292256983,0.004953482819746659,18
H4,Validação,55,3T19,Ridge Contábil,0.1,287,Segmento=CORPORATIVO / OUTROS NEGÓCIOS,200.49281591611356,0.003908286408395811,19
H4,Validação,55,3T19,Ridge Contábil,0.1,287,Segmento=DISTRIBUIÇÃO,2595.8469158415887,0.05060187904041747,8
H4,Validação,55,3T19,Ridge Contábil,0.1,287,Segmento=E&P,2028.7052682080312,0.03954636075187766,9
H4,Validação,55,3T19,Ridge Contábil,0.1,287,Segmento=GÁS & ENERGIA / G&EBC,803.4992300074907,0.015662930890794027,11
H4,Validação,55,3T19,Ridge Contábil,0.1,287,Segmento=INTERNACIONAL,643.7109274042415,0.012548113791580821,12
H4,Validação,55,3T19,Ridge Contábil,0.1,287,Segmento=REFINO / RTC,7051.583261049341,0.13745932436981442,2
H4,Validação,55,3T19,Ridge + Brent e Câmbio,100.0,287,Custo_t,2857.2711372759245,0.1191007255110969,2
H4,Validação,55,3T19,Ridge + Brent e Câmbio,100.0,287,Custo_t_1,2557.1963489121094,0.10659259335119545,3
H4,Validação,55,3T19,Ridge + Brent e Câmbio,100.0,287,Custo_t_4,2041.7681586723295,0.08510780298406365,7
H4,Validação,55,3T19,Ridge + Brent e Câmbio,100.0,287,Receita_t,2324.5832705988914,0.0968964934504745,4
H4,Validação,55,3T19,Ridge + Brent e Câmbio,100.0,287,Receita_t_1,2172.9124063611594,0.09057433881350471,5
H4,Validação,55,3T19,Ridge + Brent e Câmbio,100.0,287,Receita_t_4,2153.1306301168993,0.08974976746924099,6
H4,Validação,55,3T19,Ridge + Brent e Câmbio,100.0,287,Despesas_t,-467.48962087308286,0.019486548647243408,12
H4,Validação,55,3T19,Ridge + Brent e Câmbio,100.0,287,Despesas_t_1,-398.7057399537551,0.01661940383410847,13
H4,Validação,55,3T19,Ridge + Brent e Câmbio,100.0,287,Despesas_t_4,192.61841675808157,0.008028987128102204,23
H4,Validação,55,3T19,Ridge + Brent e Câmbio,100.0,287,EBIT_t,-618.5497354895305,0.02578324517418241,9
H4,Validação,55,3T19,Ridge + Brent e Câmbio,100.0,287,EBIT_t_1,-294.18853192767466,0.012262773081813744,18
H4,Validação,55,3T19,Ridge + Brent e Câmbio,100.0,287,EBIT_t_4,591.6736589954743,0.024662959399558454,10
H4,Validação,55,3T19,Ridge + Brent e Câmbio,100.0,287,Trimestre_Sin,-283.6535680660065,0.011823640154319123,19
H4,Validação,55,3T19,Ridge + Brent e Câmbio,100.0,287,Trimestre_Cos,116.90877130741514,0.004873153023412013,27
H4,Validação,55,3T19,Ridge + Brent e Câmbio,100.0,287,Brent_t,144.1716318524816,0.006009561265550677,25
H4,Validação,55,3T19,Ridge + Brent e Câmbio,100.0,287,Brent_t_1,-267.4995207627498,0.011150284822842697,20
H4,Validação,55,3T19,Ridge + Brent e Câmbio,100.0,287,Brent_t_4,-230.90695775139756,0.009624983024876957,22
H4,Validação,55,3T19,Ridge + Brent e Câmbio,100.0,287,USD_BRL_t,-254.52608888626364,0.010609508300551778,21
H4,Validação,55,3T19,Ridge + Brent e Câmbio,100.0,287,USD_BRL_t_1,-176.27010298903863,0.007347534113239779,24
H4,Validação,55,3T19,Ridge + Brent e Câmbio,100.0,287,USD_BRL_t_4,65.76767932151347,0.00274141932845801,29
H4,Validação,55,3T19,Ridge + Brent e Câmbio,100.0,287,Brent_BRL_t,118.1886689464219,0.004926503486165428,26
H4,Validação,55,3T19,Ridge + Brent e Câmbio,100.0,287,Brent_Var_AA,68.21812239773091,0.0028435620843182,28
H4,Validação,55,3T19,Ridge + Brent e Câmbio,100.0,287,USD_BRL_Var_AA,-362.489236147125,0.015109777455788146,17
H4,Validação,55,3T19,Ridge + Brent e Câmbio,100.0,287,Segmento=CORPORATIVO / OUTROS NEGÓCIOS,-674.9303318721878,0.028133379134631386,8
H4,Validação,55,3T19,Ridge + Brent e Câmbio,100.0,287,Segmento=DISTRIBUIÇÃO,559.7319440185139,0.02333152067881752,11
H4,Validação,55,3T19,Ridge + Brent e Câmbio,100.0,287,Segmento=E&P,-373.3644690287583,0.015563093946969846,16
H4,Validação,55,3T19,Ridge + Brent e Câmbio,100.0,287,Segmento=GÁS & ENERGIA / G&EBC,-373.4932836759752,0.015568463377171913,15
H4,Validação,55,3T19,Ridge + Brent e Câmbio,100.0,287,Segmento=INTERNACIONAL,-388.67383333913125,0.01620124003422479,14
H4,Validação,55,3T19,Ridge + Brent e Câmbio,100.0,287,Segmento=REFINO / RTC,2861.493717180294,0.11927673692407693,1
H4,Validação,56,4T19,Ridge Contábil,0.1,293,Custo_t,10770.929899891054,0.21333618499064494,1
H4,Validação,56,4T19,Ridge Contábil,0.1,293,Custo_t_1,6311.979908633002,0.1250192625855809,3
H4,Validação,56,4T19,Ridge Contábil,0.1,293,Custo_t_4,-3140.484417538934,0.06220251834218144,6
H4,Validação,56,4T19,Ridge Contábil,0.1,293,Receita_t,-2918.3718662141496,0.05780320976078889,7
H4,Validação,56,4T19,Ridge Contábil,0.1,293,Receita_t_1,-4937.004384071705,0.09778558493734137,5
H4,Validação,56,4T19,Ridge Contábil,0.1,293,Receita_t_4,5034.699553869904,0.0997206002991043,4
H4,Validação,56,4T19,Ridge Contábil,0.1,293,Despesas_t,-458.4939829358265,0.009081236074304453,15
H4,Validação,56,4T19,Ridge Contábil,0.1,293,Despesas_t_1,523.3456710043342,0.010365731642591337,13
H4,Validação,56,4T19,Ridge Contábil,0.1,293,Despesas_t_4,336.5057588035342,0.006665056357970935,16
H4,Validação,56,4T19,Ridge Contábil,0.1,293,EBIT_t,-87.84231631143649,0.0017398632074295565,20
H4,Validação,56,4T19,Ridge Contábil,0.1,293,EBIT_t_1,1429.3650137357547,0.028310951962705753,10
H4,Validação,56,4T19,Ridge Contábil,0.1,293,EBIT_t_4,520.2995623235668,0.010305398392717676,14
H4,Validação,56,4T19,Ridge Contábil,0.1,293,Trimestre_Sin,-215.19077797923487,0.0042622113453475545,18
H4,Validação,56,4T19,Ridge Contábil,0.1,293,Trimestre_Cos,235.6031432200023,0.004666512196580931,17
H4,Validação,56,4T19,Ridge Contábil,0.1,293,Segmento=CORPORATIVO / OUTROS NEGÓCIOS,188.78713350016858,0.003739243241816375,19
H4,Validação,56,4T19,Ridge Contábil,0.1,293,Segmento=DISTRIBUIÇÃO,2495.5020300042247,0.04942756917607422,8
H4,Validação,56,4T19,Ridge Contábil,0.1,293,Segmento=E&P,2139.961647145206,0.042385500423029646,9
H4,Validação,56,4T19,Ridge Contábil,0.1,293,Segmento=GÁS & ENERGIA / G&EBC,813.2392577606106,0.016107556390003733,11
H4,Validação,56,4T19,Ridge Contábil,0.1,293,Segmento=INTERNACIONAL,660.8316008560921,0.013088869202400554,12
H4,Validação,56,4T19,Ridge Contábil,0.1,293,Segmento=REFINO / RTC,7269.621098803077,0.14398693947138544,2
H4,Validação,56,4T19,Ridge + Brent e Câmbio,100.0,293,Custo_t,2874.00283833163,0.12068446677166636,2
H4,Validação,56,4T19,Ridge + Brent e Câmbio,100.0,293,Custo_t_1,2571.6875376534376,0.1079897121344569,3
H4,Validação,56,4T19,Ridge + Brent e Câmbio,100.0,293,Custo_t_4,2047.843849028579,0.08599258833547929,7
H4,Validação,56,4T19,Ridge + Brent e Câmbio,100.0,293,Receita_t,2345.9492208722118,0.09851056060846519,4
H4,Validação,56,4T19,Ridge + Brent e Câmbio,100.0,293,Receita_t_1,2194.314970620417,0.09214317001584407,5
H4,Validação,56,4T19,Ridge + Brent e Câmbio,100.0,293,Receita_t_4,2154.096080889466,0.09045430764013886,6
H4,Validação,56,4T19,Ridge + Brent e Câmbio,100.0,293,Despesas_t,-408.88409192053047,0.017169766830672915,13
H4,Validação,56,4T19,Ridge + Brent e Câmbio,100.0,293,Despesas_t_1,-373.9573371267054,0.01570313056917068,16
H4,Validação,56,4T19,Ridge + Brent e Câmbio,100.0,293,Despesas_t_4,223.86006764921817,0.009400280520042284,21
H4,Validação,56,4T19,Ridge + Brent e Câmbio,100.0,293,EBIT_t,-608.9532836346971,0.02557102635534301,9
H4,Validação,56,4T19,Ridge + Brent e Câmbio,100.0,293,EBIT_t_1,-247.7740627647955,0.010404471507751624,20
H4,Validação,56,4T19,Ridge + Brent e Câmbio,100.0,293,EBIT_t_4,584.1526880835862,0.02452960544587618,10
H4,Validação,56,4T19,Ridge + Brent e Câmbio,100.0,293,Trimestre_Sin,-210.9109088871245,0.008856522420884624,22
H4,Validação,56,4T19,Ridge + Brent e Câmbio,100.0,293,Trimestre_Cos,102.4051916064232,0.004300175274303414,26
H4,Validação,56,4T19,Ridge + Brent e Câmbio,100.0,293,Brent_t,185.58594701460567,0.007793082441343084,24
H4,Validação,56,4T19,Ridge + Brent e Câmbio,100.0,293,Brent_t_1,-255.12193357581003,0.010713021610384493,19
H4,Validação,56,4T19,Ridge + Brent e Câmbio,100.0,293,Brent_t_4,-159.6337918322749,0.006703305504458332,25
H4,Validação,56,4T19,Ridge + Brent e Câmbio,100.0,293,USD_BRL_t,-320.3093263827087,0.013450355629756099,18
H4,Validação,56,4T19,Ridge + Brent e Câmbio,100.0,293,USD_BRL_t_1,-210.05253758183994,0.008820477890277793,23
H4,Validação,56,4T19,Ridge + Brent e Câmbio,100.0,293,USD_BRL_t_4,84.51482059710463,0.0035489269258987726,27
H4,Validação,56,4T19,Ridge + Brent e Câmbio,100.0,293,Brent_BRL_t,-18.46256794155927,0.0007752759104984704,28
H4,Validação,56,4T19,Ridge + Brent e Câmbio,100.0,293,Brent_Var_AA,-17.249130678869122,0.0007243215317986769,29
H4,Validação,56,4T19,Ridge + Brent e Câmbio,100.0,293,USD_BRL_Var_AA,-447.4489463236461,0.018789173334971546,11
H4,Validação,56,4T19,Ridge + Brent e Câmbio,100.0,293,Segmento=CORPORATIVO / OUTROS NEGÓCIOS,-668.4413596533623,0.028069035973786034,8
H4,Validação,56,4T19,Ridge + Brent e Câmbio,100.0,293,Segmento=DISTRIBUIÇÃO,443.159441148481,0.018609049419339083,12
H4,Validação,56,4T19,Ridge + Brent e Câmbio,100.0,293,Segmento=E&P,-392.9228414092984,0.016499525666932368,15
H4,Validação,56,4T19,Ridge + Brent e Câmbio,100.0,293,Segmento=GÁS & ENERGIA / G&EBC,-365.4698945686267,0.015346727831596668,17
H4,Validação,56,4T19,Ridge + Brent e Câmbio,100.0,293,Segmento=INTERNACIONAL,-394.4502110640191,0.016563662622499954,14
H4,Validação,56,4T19,Ridge + Brent e Câmbio,100.0,293,Segmento=REFINO / RTC,2902.575258562578,0.12188427327636336,1
H4,Validação,57,1T20,Ridge Contábil,0.1,297,Custo_t,10501.279359485843,0.21516686616243488,1
H4,Validação,57,1T20,Ridge Contábil,0.1,297,Custo_t_1,6258.249869712455,0.12822894868625084,3
H4,Validação,57,1T20,Ridge Contábil,0.1,297,Custo_t_4,-2905.376186627663,0.05952995513208093,6
H4,Validação,57,1T20,Ridge Contábil,0.1,297,Receita_t,-2516.369378892187,0.051559366704615896,7
H4,Validação,57,1T20,Ridge Contábil,0.1,297,Receita_t_1,-4797.41824565006,0.09829711354689166,4
H4,Validação,57,1T20,Ridge Contábil,0.1,297,Receita_t_4,4700.60391798035,0.09631342805760909,5
H4,Validação,57,1T20,Ridge Contábil,0.1,297,Despesas_t,-394.0248597935371,0.008073406236477757,15
H4,Validação,57,1T20,Ridge Contábil,0.1,297,Despesas_t_1,501.9589341906164,0.0102849307322226,13
H4,Validação,57,1T20,Ridge Contábil,0.1,297,Despesas_t_4,334.2052134135536,0.006847726449671641,16
H4,Validação,57,1T20,Ridge Contábil,0.1,297,EBIT_t,-30.968633494472353,0.0006345344781557055,20
H4,Validação,57,1T20,Ridge Contábil,0.1,297,EBIT_t_1,1401.6453907666057,0.028719133724392047,10
H4,Validação,57,1T20,Ridge Contábil,0.1,297,EBIT_t_4,480.8406844533966,0.009852226538834136,14
H4,Validação,57,1T20,Ridge Contábil,0.1,297,Trimestre_Sin,-212.27291570341367,0.004349384154018211,18
H4,Validação,57,1T20,Ridge Contábil,0.1,297,Trimestre_Cos,259.98131853939003,0.005326909575105061,17
H4,Validação,57,1T20,Ridge Contábil,0.1,297,Segmento=CORPORATIVO / OUTROS NEGÓCIOS,202.18613992162494,0.00414271029454316,19
H4,Validação,57,1T20,Ridge Contábil,0.1,297,Segmento=DISTRIBUIÇÃO,2478.1036937286062,0.05077531865900623,8
H4,Validação,57,1T20,Ridge Contábil,0.1,297,Segmento=E&P,2122.403157122123,0.043487161936960825,9
H4,Validação,57,1T20,Ridge Contábil,0.1,297,Segmento=GÁS & ENERGIA / G&EBC,792.0842289642047,0.016229477899658593,11
H4,Validação,57,1T20,Ridge Contábil,0.1,297,Segmento=INTERNACIONAL,651.2258715519891,0.013343348476790015,12
H4,Validação,57,1T20,Ridge Contábil,0.1,297,Segmento=REFINO / RTC,7264.082974626768,0.14883805255428095,2
H4,Validação,57,1T20,Ridge + Brent e Câmbio,100.0,297,Custo_t,2891.011879680375,0.12103856167867422,2
H4,Validação,57,1T20,Ridge + Brent e Câmbio,100.0,297,Custo_t_1,2595.99250003237,0.10868692741839676,3
H4,Validação,57,1T20,Ridge + Brent e Câmbio,100.0,297,Custo_t_4,2063.5683218151544,0.08639581986975303,7
H4,Validação,57,1T20,Ridge + Brent e Câmbio,100.0,297,Receita_t,2364.0963850821,0.0989780872680905,4
H4,Validação,57,1T20,Ridge + Brent e Câmbio,100.0,297,Receita_t_1,2216.855558862799,0.09281352670324974,5
H4,Validação,57,1T20,Ridge + Brent e Câmbio,100.0,297,Receita_t_4,2167.2285031318875,0.09073578102249485,6
H4,Validação,57,1T20,Ridge + Brent e Câmbio,100.0,297,Despesas_t,-411.9142376384322,0.017245694218397885,13
H4,Validação,57,1T20,Ridge + Brent e Câmbio,100.0,297,Despesas_t_1,-366.1174095444807,0.015328309429736888,17
H4,Validação,57,1T20,Ridge + Brent e Câmbio,100.0,297,Despesas_t_4,257.3884022933913,0.010776130746930164,19
H4,Validação,57,1T20,Ridge + Brent e Câmbio,100.0,297,EBIT_t,-608.457139493677,0.025474394458585677,9
H4,Validação,57,1T20,Ridge + Brent e Câmbio,100.0,297,EBIT_t_1,-227.1246857967161,0.009509073789622291,21
H4,Validação,57,1T20,Ridge + Brent e Câmbio,100.0,297,EBIT_t_4,573.798841310694,0.02402334868745496,10
H4,Validação,57,1T20,Ridge + Brent e Câmbio,100.0,297,Trimestre_Sin,-203.79075012211956,0.008532147325844452,22
H4,Validação,57,1T20,Ridge + Brent e Câmbio,100.0,297,Trimestre_Cos,130.74124658517763,0.005473769426535989,26
H4,Validação,57,1T20,Ridge + Brent e Câmbio,100.0,297,Brent_t,188.11182155767128,0.007875714546912629,23
H4,Validação,57,1T20,Ridge + Brent e Câmbio,100.0,297,Brent_t_1,-236.86541646521462,0.009916890871973665,20
H4,Validação,57,1T20,Ridge + Brent e Câmbio,100.0,297,Brent_t_4,-165.98102483824547,0.006949160137866558,24
H4,Validação,57,1T20,Ridge + Brent e Câmbio,100.0,297,USD_BRL_t,-310.76193869239944,0.013010731068999592,18
H4,Validação,57,1T20,Ridge + Brent e Câmbio,100.0,297,USD_BRL_t_1,-164.65321647049774,0.00689356852437417,25
H4,Validação,57,1T20,Ridge + Brent e Câmbio,100.0,297,USD_BRL_t_4,71.92461219049933,0.0030112818525660843,27
H4,Validação,57,1T20,Ridge + Brent e Câmbio,100.0,297,Brent_BRL_t,10.597946374705245,0.00044370630053718843,29
H4,Validação,57,1T20,Ridge + Brent e Câmbio,100.0,297,Brent_Var_AA,-14.157982169095007,0.0005927550177376079,28
H4,Validação,57,1T20,Ridge + Brent e Câmbio,100.0,297,USD_BRL_Var_AA,-451.7552785573049,0.01891372689667754,11
H4,Validação,57,1T20,Ridge + Brent e Câmbio,100.0,297,Segmento=CORPORATIVO / OUTROS NEGÓCIOS,-651.9469983841994,0.027295192914903094,8
H4,Validação,57,1T20,Ridge + Brent e Câmbio,100.0,297,Segmento=DISTRIBUIÇÃO,443.77291325759023,0.01857952764227045,12
H4,Validação,57,1T20,Ridge + Brent e Câmbio,100.0,297,Segmento=E&P,-386.61379279775275,0.01618643552946955,15
H4,Validação,57,1T20,Ridge + Brent e Câmbio,100.0,297,Segmento=GÁS & ENERGIA / G&EBC,-382.011698271687,0.015993758734863684,16
H4,Validação,57,1T20,Ridge + Brent e Câmbio,100.0,297,Segmento=INTERNACIONAL,-391.09060747293387,0.01637386720797438,14
H4,Validação,57,1T20,Ridge + Brent e Câmbio,100.0,297,Segmento=REFINO / RTC,2936.717090504149,0.12295211070910635,1
H4,Validação,58,2T20,Ridge Contábil,0.1,301,Custo_t,9835.916588292208,0.20363961015881651,1
H4,Validação,58,2T20,Ridge Contábil,0.1,301,Custo_t_1,7406.807580979304,0.15334812925389793,2
H4,Validação,58,2T20,Ridge Contábil,0.1,301,Custo_t_4,-2734.988178917426,0.056624303545504004,6
H4,Validação,58,2T20,Ridge Contábil,0.1,301,Receita_t,-2656.101897306733,0.05499106769098266,7
H4,Validação,58,2T20,Ridge Contábil,0.1,301,Receita_t_1,-4571.530066693449,0.09464746800708694,4
H4,Validação,58,2T20,Ridge Contábil,0.1,301,Receita_t_4,4281.045161067303,0.08863336323019802,5
H4,Validação,58,2T20,Ridge Contábil,0.1,301,Despesas_t,-371.8918719874173,0.007699528066646542,16
H4,Validação,58,2T20,Ridge Contábil,0.1,301,Despesas_t_1,415.41210311786426,0.008600556742710638,15
H4,Validação,58,2T20,Ridge Contábil,0.1,301,Despesas_t_4,474.9543806603739,0.009833300643889856,14
H4,Validação,58,2T20,Ridge Contábil,0.1,301,EBIT_t,59.850867574560304,0.001239132848590636,20
H4,Validação,58,2T20,Ridge Contábil,0.1,301,EBIT_t_1,1308.095286333445,0.027082378319129206,10
H4,Validação,58,2T20,Ridge Contábil,0.1,301,EBIT_t_4,728.0644262580505,0.015073608504383872,12
H4,Validação,58,2T20,Ridge Contábil,0.1,301,Trimestre_Sin,-212.3999195970288,0.004397458684835478,19
H4,Validação,58,2T20,Ridge Contábil,0.1,301,Trimestre_Cos,244.17488038181614,0.00505531711307061,17
H4,Validação,58,2T20,Ridge Contábil,0.1,301,Segmento=CORPORATIVO / OUTROS NEGÓCIOS,234.13976628387417,0.0048475533826180155,18
H4,Validação,58,2T20,Ridge Contábil,0.1,301,Segmento=DISTRIBUIÇÃO,2361.898936497608,0.04889998551181361,8
H4,Validação,58,2T20,Ridge Contábil,0.1,301,Segmento=E&P,1960.764914661775,0.0405950375087653,9
H4,Validação,58,2T20,Ridge Contábil,0.1,301,Segmento=GÁS & ENERGIA / G&EBC,745.4109600268124,0.015432745483898534,11
H4,Validação,58,2T20,Ridge Contábil,0.1,301,Segmento=INTERNACIONAL,617.3551086684395,0.012781518888482462,13
H4,Validação,58,2T20,Ridge Contábil,0.1,301,Segmento=REFINO / RTC,7079.80316370864,0.14657793641467914,3
H4,Validação,58,2T20,Ridge + Brent e Câmbio,100.0,301,Custo_t,2903.6258445850435,0.12044159436835983,2
H4,Validação,58,2T20,Ridge + Brent e Câmbio,100.0,301,Custo_t_1,2672.9129054629557,0.11087168566917421,3
H4,Validação,58,2T20,Ridge + Brent e Câmbio,100.0,301,Custo_t_4,2068.8112587677324,0.08581371698350071,7
H4,Validação,58,2T20,Ridge + Brent e Câmbio,100.0,301,Receita_t,2377.41208484356,0.0986143936220837,4
H4,Validação,58,2T20,Ridge + Brent e Câmbio,100.0,301,Receita_t_1,2270.733998792277,0.09418941621249675,5
H4,Validação,58,2T20,Ridge + Brent e Câmbio,100.0,301,Receita_t_4,2176.296887915948,0.09027219105668055,6
H4,Validação,58,2T20,Ridge + Brent e Câmbio,100.0,301,Despesas_t,-421.5873999347332,0.017487328372022774,13
H4,Validação,58,2T20,Ridge + Brent e Câmbio,100.0,301,Despesas_t_1,-383.10907249453584,0.01589125802633143,16
H4,Validação,58,2T20,Ridge + Brent e Câmbio,100.0,301,Despesas_t_4,249.18727587479898,0.010336219061639533,20
H4,Validação,58,2T20,Ridge + Brent e Câmbio,100.0,301,EBIT_t,-591.930170781735,0.024553099241984518,10
H4,Validação,58,2T20,Ridge + Brent e Câmbio,100.0,301,EBIT_t_1,-271.88036162365273,0.011277521961883022,19
H4,Validação,58,2T20,Ridge + Brent e Câmbio,100.0,301,EBIT_t_4,604.9687808070951,0.02509393716803145,9
H4,Validação,58,2T20,Ridge + Brent e Câmbio,100.0,301,Trimestre_Sin,-172.4512344532027,0.007153229355314488,23
H4,Validação,58,2T20,Ridge + Brent e Câmbio,100.0,301,Trimestre_Cos,132.28813811222528,0.005487275263089271,25
H4,Validação,58,2T20,Ridge + Brent e Câmbio,100.0,301,Brent_t,188.98198235508494,0.007838920191520916,22
H4,Validação,58,2T20,Ridge + Brent e Câmbio,100.0,301,Brent_t_1,-228.17394634200232,0.00946459198315847,21
H4,Validação,58,2T20,Ridge + Brent e Câmbio,100.0,301,Brent_t_4,-171.63452617538098,0.007119352522561355,24
H4,Validação,58,2T20,Ridge + Brent e Câmbio,100.0,301,USD_BRL_t,-291.91835596842134,0.012108692407389581,18
H4,Validação,58,2T20,Ridge + Brent e Câmbio,100.0,301,USD_BRL_t_1,-130.82826649766253,0.005426720193585755,26
H4,Validação,58,2T20,Ridge + Brent e Câmbio,100.0,301,USD_BRL_t_4,74.7160964285061,0.003099202948482994,27
H4,Validação,58,2T20,Ridge + Brent e Câmbio,100.0,301,Brent_BRL_t,33.80996826564684,0.0014024281024541236,28
H4,Validação,58,2T20,Ridge + Brent e Câmbio,100.0,301,Brent_Var_AA,-27.899242526515224,0.0011572528388358006,29
H4,Validação,58,2T20,Ridge + Brent e Câmbio,100.0,301,USD_BRL_Var_AA,-463.24809421576003,0.019215402411264824,11
H4,Validação,58,2T20,Ridge + Brent e Câmbio,100.0,301,Segmento=CORPORATIVO / OUTROS NEGÓCIOS,-634.5304374305143,0.0263201464823391,8
H4,Validação,58,2T20,Ridge + Brent e Câmbio,100.0,301,Segmento=DISTRIBUIÇÃO,430.84941910050145,0.017871514357099254,12
H4,Validação,58,2T20,Ridge + Brent e Câmbio,100.0,301,Segmento=E&P,-396.335640360646,0.01643989239146027,14
H4,Validação,58,2T20,Ridge + Brent e Câmbio,100.0,301,Segmento=GÁS & ENERGIA / G&EBC,-393.4797943460474,0.016321432691182348,15
H4,Validação,58,2T20,Ridge + Brent e Câmbio,100.0,301,Segmento=INTERNACIONAL,-381.10496396515714,0.01580812816061001,17
H4,Validação,58,2T20,Ridge + Brent e Câmbio,100.0,301,Segmento=REFINO / RTC,2963.4589735367836,0.12292345595546286,1
H4,Validação,59,3T20,Ridge Contábil,0.1,305,Custo_t,10177.228113043275,0.209401223418321,1
H4,Validação,59,3T20,Ridge Contábil,0.1,305,Custo_t_1,7048.220878511448,0.14502043763677744,3
H4,Validação,59,3T20,Ridge Contábil,0.1,305,Custo_t_4,-2028.7259615840928,0.041741984518531776,9
H4,Validação,59,3T20,Ridge Contábil,0.1,305,Receita_t,-3794.0830906473348,0.07806503225707329,4
H4,Validação,59,3T20,Ridge Contábil,0.1,305,Receita_t_1,-3415.2015094862763,0.07026936670408127,5
H4,Validação,59,3T20,Ridge Contábil,0.1,305,Receita_t_4,2762.733624117521,0.0568445351173471,6
H4,Validação,59,3T20,Ridge Contábil,0.1,305,Despesas_t,-488.17795797785686,0.01004448957132128,16
H4,Validação,59,3T20,Ridge Contábil,0.1,305,Despesas_t_1,622.6567358093711,0.012811453256219862,13
H4,Validação,59,3T20,Ridge Contábil,0.1,305,Despesas_t_4,500.1920292248846,0.010291684700429004,15
H4,Validação,59,3T20,Ridge Contábil,0.1,305,EBIT_t,-206.5929566616817,0.004250746607430432,19
H4,Validação,59,3T20,Ridge Contábil,0.1,305,EBIT_t_1,1687.0459727385123,0.03471175910871457,10
H4,Validação,59,3T20,Ridge Contábil,0.1,305,EBIT_t_4,590.7485375574277,0.01215492716907556,14
H4,Validação,59,3T20,Ridge Contábil,0.1,305,Trimestre_Sin,-237.19785882808316,0.004880456768690255,18
H4,Validação,59,3T20,Ridge Contábil,0.1,305,Trimestre_Cos,320.67182963352417,0.0065979727186218995,17
H4,Validação,59,3T20,Ridge Contábil,0.1,305,Segmento=CORPORATIVO / OUTROS NEGÓCIOS,192.40710578395704,0.0039588660977248145,20
H4,Validação,59,3T20,Ridge Contábil,0.1,305,Segmento=DISTRIBUIÇÃO,2655.5350303704886,0.05463887396580201,7
H4,Validação,59,3T20,Ridge Contábil,0.1,305,Segmento=E&P,2553.8151208597865,0.052545939302163766,8
H4,Validação,59,3T20,Ridge Contábil,0.1,305,Segmento=GÁS & ENERGIA / G&EBC,849.0325605694695,0.017469241617703402,11
H4,Validação,59,3T20,Ridge Contábil,0.1,305,Segmento=INTERNACIONAL,700.14136373439,0.01440573567805314,12
H4,Validação,59,3T20,Ridge Contábil,0.1,305,Segmento=REFINO / RTC,7771.161261393198,0.15989527378591822,2
H4,Validação,59,3T20,Ridge + Brent e Câmbio,100.0,305,Custo_t,2893.8023482356407,0.12052853099389058,2
H4,Validação,59,3T20,Ridge + Brent e Câmbio,100.0,305,Custo_t_1,2685.3802638845796,0.11184763139173413,3
H4,Validação,59,3T20,Ridge + Brent e Câmbio,100.0,305,Custo_t_4,2037.7146211151942,0.08487198512971397,7
H4,Validação,59,3T20,Ridge + Brent e Câmbio,100.0,305,Receita_t,2340.007351901365,0.09746265110729992,4
H4,Validação,59,3T20,Ridge + Brent e Câmbio,100.0,305,Receita_t_1,2296.1538979511315,0.09563612954584894,5
H4,Validação,59,3T20,Ridge + Brent e Câmbio,100.0,305,Receita_t_4,2096.9790889442675,0.08734038427657624,6
H4,Validação,59,3T20,Ridge + Brent e Câmbio,100.0,305,Despesas_t,-411.59839037876566,0.017143309522175722,13
H4,Validação,59,3T20,Ridge + Brent e Câmbio,100.0,305,Despesas_t_1,-324.97033506341586,0.013535201229505836,18
H4,Validação,59,3T20,Ridge + Brent e Câmbio,100.0,305,Despesas_t_4,256.10127794740583,0.010666765418681374,19
H4,Validação,59,3T20,Ridge + Brent e Câmbio,100.0,305,EBIT_t,-622.6526084519247,0.025933839006655458,9
H4,Validação,59,3T20,Ridge + Brent e Câmbio,100.0,305,EBIT_t_1,-252.49181948483738,0.010516429399207864,20
H4,Validação,59,3T20,Ridge + Brent e Câmbio,100.0,305,EBIT_t_4,492.79442860059964,0.02052517118089207,10
H4,Validação,59,3T20,Ridge + Brent e Câmbio,100.0,305,Trimestre_Sin,-178.43097888013497,0.00743175282214311,25
H4,Validação,59,3T20,Ridge + Brent e Câmbio,100.0,305,Trimestre_Cos,204.99342390168974,0.008538093923844808,22
H4,Validação,59,3T20,Ridge + Brent e Câmbio,100.0,305,Brent_t,190.7433187201047,0.007944568852897214,23
H4,Validação,59,3T20,Ridge + Brent e Câmbio,100.0,305,Brent_t_1,-216.33434973229618,0.009010450002796457,21
H4,Validação,59,3T20,Ridge + Brent e Câmbio,100.0,305,Brent_t_4,-187.93786731900127,0.007827720189630384,24
H4,Validação,59,3T20,Ridge + Brent e Câmbio,100.0,305,USD_BRL_t,-348.69849228253105,0.014523492615251562,17
H4,Validação,59,3T20,Ridge + Brent e Câmbio,100.0,305,USD_BRL_t_1,-152.20698562875802,0.006339508431191781,26
H4,Validação,59,3T20,Ridge + Brent e Câmbio,100.0,305,USD_BRL_t_4,-10.40487904150523,0.00043336919220013923,29
H4,Validação,59,3T20,Ridge + Brent e Câmbio,100.0,305,Brent_BRL_t,-62.410812556086796,0.002599446213078982,27
H4,Validação,59,3T20,Ridge + Brent e Câmbio,100.0,305,Brent_Var_AA,36.04203915766905,0.0015011716457921662,28
H4,Validação,59,3T20,Ridge + Brent e Câmbio,100.0,305,USD_BRL_Var_AA,-396.27508312573997,0.016505084968138274,15
H4,Validação,59,3T20,Ridge + Brent e Câmbio,100.0,305,Segmento=CORPORATIVO / OUTROS NEGÓCIOS,-691.0047674121711,0.02878074571220926,8
H4,Validação,59,3T20,Ridge + Brent e Câmbio,100.0,305,Segmento=DISTRIBUIÇÃO,455.57530880986224,0.01897497345021488,11
H4,Validação,59,3T20,Ridge + Brent e Câmbio,100.0,305,Segmento=E&P,-358.8549635580179,0.01494651548122665,16
H4,Validação,59,3T20,Ridge + Brent e Câmbio,100.0,305,Segmento=GÁS & ENERGIA / G&EBC,-406.52497886166293,0.01693199901658549,14
H4,Validação,59,3T20,Ridge + Brent e Câmbio,100.0,305,Segmento=INTERNACIONAL,-413.6917793581059,0.017230500376323905,12
H4,Validação,59,3T20,Ridge + Brent e Câmbio,100.0,305,Segmento=REFINO / RTC,2988.4960693866524,0.12447257890429304,1
H4,Validação,60,4T20,Ridge Contábil,0.1,309,Custo_t,9801.948477283679,0.2458095057056655,1
H4,Validação,60,4T20,Ridge Contábil,0.1,309,Custo_t_1,2698.956368225351,0.06768339298376741,5
H4,Validação,60,4T20,Ridge Contábil,0.1,309,Custo_t_4,-2041.0114671299152,0.051183703019609325,8
H4,Validação,60,4T20,Ridge Contábil,0.1,309,Receita_t,-3372.9577159408504,0.08458574035999147,3
H4,Validação,60,4T20,Ridge Contábil,0.1,309,Receita_t_1,1557.4403188695783,0.03905689117165164,9
H4,Validação,60,4T20,Ridge Contábil,0.1,309,Receita_t_4,2406.2488672840204,0.06034298650341545,7
H4,Validação,60,4T20,Ridge Contábil,0.1,309,Despesas_t,-475.094727676575,0.01191424342253935,14
H4,Validação,60,4T20,Ridge Contábil,0.1,309,Despesas_t_1,-396.1066238327103,0.009933410039515004,15
H4,Validação,60,4T20,Ridge Contábil,0.1,309,Despesas_t_4,530.0645245701331,0.013292754912827333,13
H4,Validação,60,4T20,Ridge Contábil,0.1,309,EBIT_t,-217.03704788386818,0.005442771871714104,18
H4,Validação,60,4T20,Ridge Contábil,0.1,309,EBIT_t_1,-60.32734518079043,0.0015128660320743279,20
H4,Validação,60,4T20,Ridge Contábil,0.1,309,EBIT_t_4,602.9153645615613,0.015119680346075276,12
H4,Validação,60,4T20,Ridge Contábil,0.1,309,Trimestre_Sin,-231.8377134411955,0.005813937287773269,17
H4,Validação,60,4T20,Ridge Contábil,0.1,309,Trimestre_Cos,310.6225433145693,0.007789673044103801,16
H4,Validação,60,4T20,Ridge Contábil,0.1,309,Segmento=CORPORATIVO / OUTROS NEGÓCIOS,184.81931958105127,0.0046348280340752545,19
H4,Validação,60,4T20,Ridge Contábil,0.1,309,Segmento=DISTRIBUIÇÃO,2719.7562347812695,0.06820500406228952,4
H4,Validação,60,4T20,Ridge Contábil,0.1,309,Segmento=E&P,2691.499113912609,0.06749638281933074,6
H4,Validação,60,4T20,Ridge Contábil,0.1,309,Segmento=GÁS & ENERGIA / G&EBC,886.0479839183457,0.022219971617196934,10
H4,Validação,60,4T20,Ridge Contábil,0.1,309,Segmento=INTERNACIONAL,719.5478801976761,0.01804454585461818,11
H4,Validação,60,4T20,Ridge Contábil,0.1,309,Segmento=REFINO / RTC,7971.958189444667,0.19991771091176627,2
H4,Validação,60,4T20,Ridge + Brent e Câmbio,100.0,309,Custo_t,2908.664622473307,0.12013297851923652,2
H4,Validação,60,4T20,Ridge + Brent e Câmbio,100.0,309,Custo_t_1,2711.4507436285253,0.11198769752399763,3
H4,Validação,60,4T20,Ridge + Brent e Câmbio,100.0,309,Custo_t_4,2021.5299990503524,0.08349275405474728,7
H4,Validação,60,4T20,Ridge + Brent e Câmbio,100.0,309,Receita_t,2353.6404172864504,0.09720950002529032,4
H4,Validação,60,4T20,Ridge + Brent e Câmbio,100.0,309,Receita_t_1,2315.6922674812427,0.09564217451441126,5
H4,Validação,60,4T20,Ridge + Brent e Câmbio,100.0,309,Receita_t_4,2062.4254580253814,0.0851818086321031,6
H4,Validação,60,4T20,Ridge + Brent e Câmbio,100.0,309,Despesas_t,-391.743016780591,0.016179677456229495,14
H4,Validação,60,4T20,Ridge + Brent e Câmbio,100.0,309,Despesas_t_1,-347.0405920334305,0.014333388478663573,17
H4,Validação,60,4T20,Ridge + Brent e Câmbio,100.0,309,Despesas_t_4,262.5720785276215,0.010844689905393006,20
H4,Validação,60,4T20,Ridge + Brent e Câmbio,100.0,309,EBIT_t,-616.322560457641,0.02545520867009414,9
H4,Validação,60,4T20,Ridge + Brent e Câmbio,100.0,309,EBIT_t_1,-291.6557788076993,0.012045898017875752,19
H4,Validação,60,4T20,Ridge + Brent e Câmbio,100.0,309,EBIT_t_4,465.0119231018525,0.019205812501573948,11
H4,Validação,60,4T20,Ridge + Brent e Câmbio,100.0,309,Trimestre_Sin,-149.94060467600946,0.006192811402707422,26
H4,Validação,60,4T20,Ridge + Brent e Câmbio,100.0,309,Trimestre_Cos,200.20802578171944,0.008268944544098869,23
H4,Validação,60,4T20,Ridge + Brent e Câmbio,100.0,309,Brent_t,192.71032801380545,0.007959276403627372,24
H4,Validação,60,4T20,Ridge + Brent e Câmbio,100.0,309,Brent_t_1,-232.2373153794034,0.009591810690128837,21
H4,Validação,60,4T20,Ridge + Brent e Câmbio,100.0,309,Brent_t_4,-204.8223770095964,0.008459525387505763,22
H4,Validação,60,4T20,Ridge + Brent e Câmbio,100.0,309,USD_BRL_t,-364.83719560612394,0.015068419591633821,15
H4,Validação,60,4T20,Ridge + Brent e Câmbio,100.0,309,USD_BRL_t_1,-171.6587223343571,0.007089807963249346,25
H4,Validação,60,4T20,Ridge + Brent e Câmbio,100.0,309,USD_BRL_t_4,-62.77577473966526,0.002592750205733918,29
H4,Validação,60,4T20,Ridge + Brent e Câmbio,100.0,309,Brent_BRL_t,-73.15537688739848,0.003021446079509685,27
H4,Validação,60,4T20,Ridge + Brent e Câmbio,100.0,309,Brent_Var_AA,64.87047067491721,0.002679264841986474,28
H4,Validação,60,4T20,Ridge + Brent e Câmbio,100.0,309,USD_BRL_Var_AA,-354.5841035562112,0.01464494880800647,16
H4,Validação,60,4T20,Ridge + Brent e Câmbio,100.0,309,Segmento=CORPORATIVO / OUTROS NEGÓCIOS,-714.9070317781398,0.029526921195481535,8
H4,Validação,60,4T20,Ridge + Brent e Câmbio,100.0,309,Segmento=DISTRIBUIÇÃO,466.0714480153486,0.019249572749039462,10
H4,Validação,60,4T20,Ridge + Brent e Câmbio,100.0,309,Segmento=E&P,-331.1261498515853,0.013676093950444106,18
H4,Validação,60,4T20,Ridge + Brent e Câmbio,100.0,309,Segmento=GÁS & ENERGIA / G&EBC,-423.98137040530935,0.017511178315273407,13
H4,Validação,60,4T20,Ridge + Brent e Câmbio,100.0,309,Segmento=INTERNACIONAL,-427.66410947429364,0.01766328193356201,12
H4,Validação,60,4T20,Ridge + Brent e Câmbio,100.0,309,Segmento=REFINO / RTC,3028.741313912541,0.12509235763839546,1
H4,Validação,61,1T21,Ridge Contábil,0.1,313,Custo_t,10187.583314115598,0.24763824262684145,1
H4,Validação,61,1T21,Ridge Contábil,0.1,313,Custo_t_1,2519.039267676464,0.0612324275661209,6
H4,Validação,61,1T21,Ridge Contábil,0.1,313,Custo_t_4,-1930.215628713067,0.04691939113008995,9
H4,Validação,61,1T21,Ridge Contábil,0.1,313,Receita_t,-4003.884312215852,0.0973258175355976,3
H4,Validação,61,1T21,Ridge Contábil,0.1,313,Receita_t_1,1943.0814051842692,0.047232130489084326,8
H4,Validação,61,1T21,Ridge Contábil,0.1,313,Receita_t_4,2262.163362717038,0.054988326711584316,7
H4,Validação,61,1T21,Ridge Contábil,0.1,313,Despesas_t,-476.0507840444213,0.01157177084368459,14
H4,Validação,61,1T21,Ridge Contábil,0.1,313,Despesas_t_1,-391.7932411675896,0.009523651166747676,15
H4,Validação,61,1T21,Ridge Contábil,0.1,313,Despesas_t_4,516.5547024812242,0.012556333999825173,13
H4,Validação,61,1T21,Ridge Contábil,0.1,313,EBIT_t,-231.87609880039662,0.005636409327277529,18
H4,Validação,61,1T21,Ridge Contábil,0.1,313,EBIT_t_1,-33.49240263147432,0.0008141282847245031,20
H4,Validação,61,1T21,Ridge Contábil,0.1,313,EBIT_t_4,585.9750235061144,0.014243792720027786,12
H4,Validação,61,1T21,Ridge Contábil,0.1,313,Trimestre_Sin,-238.07410853536774,0.005787069615515432,17
H4,Validação,61,1T21,Ridge Contábil,0.1,313,Trimestre_Cos,284.31915976750383,0.006911187363975642,16
H4,Validação,61,1T21,Ridge Contábil,0.1,313,Segmento=CORPORATIVO / OUTROS NEGÓCIOS,183.86838206788914,0.004469444971001497,19
H4,Validação,61,1T21,Ridge Contábil,0.1,313,Segmento=DISTRIBUIÇÃO,2756.6050923513903,0.06700714189402057,5
H4,Validação,61,1T21,Ridge Contábil,0.1,313,Segmento=E&P,2827.596937346433,0.0687328009824769,4
H4,Validação,61,1T21,Ridge Contábil,0.1,313,Segmento=GÁS & ENERGIA / G&EBC,911.0404746132776,0.02214543480420519,10
H4,Validação,61,1T21,Ridge Contábil,0.1,313,Segmento=INTERNACIONAL,733.0809997038988,0.017819622659504236,11
H4,Validação,61,1T21,Ridge Contábil,0.1,313,Segmento=REFINO / RTC,8122.679662903903,0.1974448753076949,2
H4,Validação,61,1T21,Ridge + Brent e Câmbio,100.0,313,Custo_t,2930.657231008369,0.12017577792034273,2
H4,Validação,61,1T21,Ridge + Brent e Câmbio,100.0,313,Custo_t_1,2736.2179331532793,0.11220251730467509,3
H4,Validação,61,1T21,Ridge + Brent e Câmbio,100.0,313,Custo_t_4,2030.3870803186828,0.08325891689924973,7
H4,Validação,61,1T21,Ridge + Brent e Câmbio,100.0,313,Receita_t,2340.139844013573,0.09596077058112892,4
H4,Validação,61,1T21,Ridge + Brent e Câmbio,100.0,313,Receita_t_1,2331.4327608878875,0.0956037242240951,5
H4,Validação,61,1T21,Ridge + Brent e Câmbio,100.0,313,Receita_t_4,2057.5493022646137,0.08437274253462576,6
H4,Validação,61,1T21,Ridge + Brent e Câmbio,100.0,313,Despesas_t,-404.18105256165984,0.016574020290850488,14
H4,Validação,61,1T21,Ridge + Brent e Câmbio,100.0,313,Despesas_t_1,-333.49613247628605,0.013675484369072196,16
H4,Validação,61,1T21,Ridge + Brent e Câmbio,100.0,313,Despesas_t_4,234.1641307796971,0.009602234024416557,20
H4,Validação,61,1T21,Ridge + Brent e Câmbio,100.0,313,EBIT_t,-657.4293198044744,0.026958826538701033,9
H4,Validação,61,1T21,Ridge + Brent e Câmbio,100.0,313,EBIT_t_1,-297.856836788481,0.012214044239364017,19
H4,Validação,61,1T21,Ridge + Brent e Câmbio,100.0,313,EBIT_t_4,450.32380160666565,0.01846616949997473,11
H4,Validação,61,1T21,Ridge + Brent e Câmbio,100.0,313,Trimestre_Sin,-158.1121553374654,0.006483614346057147,26
H4,Validação,61,1T21,Ridge + Brent e Câmbio,100.0,313,Trimestre_Cos,163.99181826806816,0.006724718307011143,25
H4,Validação,61,1T21,Ridge + Brent e Câmbio,100.0,313,Brent_t,188.30808756227228,0.007721841596501418,23
H4,Validação,61,1T21,Ridge + Brent e Câmbio,100.0,313,Brent_t_1,-223.51876386448237,0.009165705577231613,21
H4,Validação,61,1T21,Ridge + Brent e Câmbio,100.0,313,Brent_t_4,-212.5125251202358,0.008714379066211508,22
H4,Validação,61,1T21,Ridge + Brent e Câmbio,100.0,313,USD_BRL_t,-379.562521968385,0.015564502345865636,15
H4,Validação,61,1T21,Ridge + Brent e Câmbio,100.0,313,USD_BRL_t_1,-186.29410038667748,0.007639255181076295,24
H4,Validação,61,1T21,Ridge + Brent e Câmbio,100.0,313,USD_BRL_t_4,-87.64265156179204,0.00359391187717163,28
H4,Validação,61,1T21,Ridge + Brent e Câmbio,100.0,313,Brent_BRL_t,-100.44739644871052,0.004118988696656074,27
H4,Validação,61,1T21,Ridge + Brent e Câmbio,100.0,313,Brent_Var_AA,80.1046962364283,0.003284807272385527,29
H4,Validação,61,1T21,Ridge + Brent e Câmbio,100.0,313,USD_BRL_Var_AA,-332.5884278341353,0.013638262646129579,17
H4,Validação,61,1T21,Ridge + Brent e Câmbio,100.0,313,Segmento=CORPORATIVO / OUTROS NEGÓCIOS,-734.1535116622624,0.03010501140954203,8
H4,Validação,61,1T21,Ridge + Brent e Câmbio,100.0,313,Segmento=DISTRIBUIÇÃO,472.5159184771674,0.01937618889098146,10
H4,Validação,61,1T21,Ridge + Brent e Câmbio,100.0,313,Segmento=E&P,-312.006831322582,0.012794284938519095,18
H4,Validação,61,1T21,Ridge + Brent e Câmbio,100.0,313,Segmento=GÁS & ENERGIA / G&EBC,-434.590860753554,0.01782101783024265,13
H4,Validação,61,1T21,Ridge + Brent e Câmbio,100.0,313,Segmento=INTERNACIONAL,-440.1563206283495,0.01804923744694203,12
H4,Validação,61,1T21,Ridge + Brent e Câmbio,100.0,313,Segmento=REFINO / RTC,3076.07995748526,0.12613904414497878,1
H4,Validação,62,2T21,Ridge Contábil,0.1,317,Custo_t,10267.029231929304,0.24521551381945084,1
H4,Validação,62,2T21,Ridge Contábil,0.1,317,Custo_t_1,1417.332480870527,0.03385126356403233,9
H4,Validação,62,2T21,Ridge Contábil,0.1,317,Custo_t_4,-2247.5204558197706,0.053679294267481865,8
H4,Validação,62,2T21,Ridge Contábil,0.1,317,Receita_t,-4136.5403061430125,0.09879623732357089,3
H4,Validação,62,2T21,Ridge Contábil,0.1,317,Receita_t_1,3447.4461036542357,0.08233805987845444,4
H4,Validação,62,2T21,Ridge Contábil,0.1,317,Receita_t_4,2378.123489969284,0.05679858899255728,7
H4,Validação,62,2T21,Ridge Contábil,0.1,317,Despesas_t,-439.5212950121288,0.010497431901315125,14
H4,Validação,62,2T21,Ridge Contábil,0.1,317,Despesas_t_1,-393.5875429728451,0.009400360065487535,16
H4,Validação,62,2T21,Ridge Contábil,0.1,317,Despesas_t_4,409.3520170803615,0.009776875368117258,15
H4,Validação,62,2T21,Ridge Contábil,0.1,317,EBIT_t,-551.7131634144627,0.013176998310952473,12
H4,Validação,62,2T21,Ridge Contábil,0.1,317,EBIT_t_1,-6.373922620568901,0.00015223339440658426,20
H4,Validação,62,2T21,Ridge Contábil,0.1,317,EBIT_t_4,444.91638479030604,0.0106262870630345,13
H4,Validação,62,2T21,Ridge Contábil,0.1,317,Trimestre_Sin,-193.1127252520471,0.004612262717679699,18
H4,Validação,62,2T21,Ridge Contábil,0.1,317,Trimestre_Cos,230.46767831284458,0.0055044403672785056,17
H4,Validação,62,2T21,Ridge Contábil,0.1,317,Segmento=CORPORATIVO / OUTROS NEGÓCIOS,88.94023481380049,0.0021242294033081673,19
H4,Validação,62,2T21,Ridge Contábil,0.1,317,Segmento=DISTRIBUIÇÃO,2738.1314358053296,0.06539694119581502,5
H4,Validação,62,2T21,Ridge Contábil,0.1,317,Segmento=E&P,2724.6383427785277,0.06507467506947624,6
H4,Validação,62,2T21,Ridge Contábil,0.1,317,Segmento=GÁS & ENERGIA / G&EBC,895.707121669962,0.02139287588555621,10
H4,Validação,62,2T21,Ridge Contábil,0.1,317,Segmento=INTERNACIONAL,715.0792796882204,0.017078799429641786,11
H4,Validação,62,2T21,Ridge Contábil,0.1,317,Segmento=REFINO / RTC,8143.878196212392,0.19450663198238327,2
H4,Validação,62,2T21,Ridge + Brent e Câmbio,100.0,317,Custo_t,2961.405976686502,0.12136144008851542,2
H4,Validação,62,2T21,Ridge + Brent e Câmbio,100.0,317,Custo_t_1,2760.3753377408007,0.1131229992815367,3
H4,Validação,62,2T21,Ridge + Brent e Câmbio,100.0,317,Custo_t_4,2041.7008100425467,0.08367098347451016,7
H4,Validação,62,2T21,Ridge + Brent e Câmbio,100.0,317,Receita_t,2349.1331001155486,0.0962698725652643,4
H4,Validação,62,2T21,Ridge + Brent e Câmbio,100.0,317,Receita_t_1,2349.0327738875444,0.09626576109402224,5
H4,Validação,62,2T21,Ridge + Brent e Câmbio,100.0,317,Receita_t_4,2059.4382519364585,0.08439788195066575,6
H4,Validação,62,2T21,Ridge + Brent e Câmbio,100.0,317,Despesas_t,-380.35447303042815,0.015587314591270492,14
H4,Validação,62,2T21,Ridge + Brent e Câmbio,100.0,317,Despesas_t_1,-329.7986437554442,0.01351548509744804,18
H4,Validação,62,2T21,Ridge + Brent e Câmbio,100.0,317,Despesas_t_4,207.18959509070308,0.008490841117197485,21
H4,Validação,62,2T21,Ridge + Brent e Câmbio,100.0,317,EBIT_t,-667.0961828746331,0.027338282582181607,9
H4,Validação,62,2T21,Ridge + Brent e Câmbio,100.0,317,EBIT_t_1,-287.13429658492856,0.011767056596319813,19
H4,Validação,62,2T21,Ridge + Brent e Câmbio,100.0,317,EBIT_t_4,448.97217413886943,0.018399338031366803,11
H4,Validação,62,2T21,Ridge + Brent e Câmbio,100.0,317,Trimestre_Sin,-123.55026635836118,0.005063216042181197,26
H4,Validação,62,2T21,Ridge + Brent e Câmbio,100.0,317,Trimestre_Cos,154.0447161824719,0.006312909726362218,25
H4,Validação,62,2T21,Ridge + Brent e Câmbio,100.0,317,Brent_t,196.8057131451637,0.008065299034639177,23
H4,Validação,62,2T21,Ridge + Brent e Câmbio,100.0,317,Brent_t_1,-197.8706757446399,0.008108942289137316,22
H4,Validação,62,2T21,Ridge + Brent e Câmbio,100.0,317,Brent_t_4,-212.78618269401085,0.008720194990481326,20
H4,Validação,62,2T21,Ridge + Brent e Câmbio,100.0,317,USD_BRL_t,-349.37632349047533,0.014317798398947347,15
H4,Validação,62,2T21,Ridge + Brent e Câmbio,100.0,317,USD_BRL_t_1,-181.8508366034636,0.007452432927210903,24
H4,Validação,62,2T21,Ridge + Brent e Câmbio,100.0,317,USD_BRL_t_4,-78.20977849465868,0.003205116563496548,28
H4,Validação,62,2T21,Ridge + Brent e Câmbio,100.0,317,Brent_BRL_t,-110.14320026653803,0.0045137807870777695,27
H4,Validação,62,2T21,Ridge + Brent e Câmbio,100.0,317,Brent_Var_AA,70.51489094846414,0.0028897722164947758,29
H4,Validação,62,2T21,Ridge + Brent e Câmbio,100.0,317,USD_BRL_Var_AA,-345.89794769085887,0.014175251007764317,16
H4,Validação,62,2T21,Ridge + Brent e Câmbio,100.0,317,Segmento=CORPORATIVO / OUTROS NEGÓCIOS,-747.7862331479761,0.030645043215164643,8
H4,Validação,62,2T21,Ridge + Brent e Câmbio,100.0,317,Segmento=DISTRIBUIÇÃO,474.77395280555174,0.019456721260983075,10
H4,Validação,62,2T21,Ridge + Brent e Câmbio,100.0,317,Segmento=E&P,-341.3459587134896,0.01398870585255439,17
H4,Validação,62,2T21,Ridge + Brent e Câmbio,100.0,317,Segmento=GÁS & ENERGIA / G&EBC,-437.5506328816521,0.017931271610917007,12
H4,Validação,62,2T21,Ridge + Brent e Câmbio,100.0,317,Segmento=INTERNACIONAL,-432.17676808316685,0.017711045145542316,13
H4,Validação,62,2T21,Ridge + Brent e Câmbio,100.0,317,Segmento=REFINO / RTC,3105.2238282034723,0.12725524246074701,1
H4,Validação,63,3T21,Ridge Contábil,0.1,321,Custo_t,6387.4992503478725,0.12947229213923825,2
H4,Validação,63,3T21,Ridge Contábil,0.1,321,Custo_t_1,5936.28062267072,0.12032625427816127,4
H4,Validação,63,3T21,Ridge Contábil,0.1,321,Custo_t_4,-3565.2968272773674,0.07226727304260971,7
H4,Validação,63,3T21,Ridge Contábil,0.1,321,Receita_t,-6341.2125317979735,0.12853407714908655,3
H4,Validação,63,3T21,Ridge Contábil,0.1,321,Receita_t_1,4298.497193815163,0.0871289784350304,6
H4,Validação,63,3T21,Ridge Contábil,0.1,321,Receita_t_4,4911.025756646517,0.09954471015135267,5
H4,Validação,63,3T21,Ridge Contábil,0.1,321,Despesas_t,-544.5187073035808,0.011037196621737378,14
H4,Validação,63,3T21,Ridge Contábil,0.1,321,Despesas_t_1,-549.290788018899,0.01113392496631637,13
H4,Validação,63,3T21,Ridge Contábil,0.1,321,Despesas_t_4,398.9528067158601,0.00808662863452732,16
H4,Validação,63,3T21,Ridge Contábil,0.1,321,EBIT_t,-674.2865918756538,0.013667544556524433,12
H4,Validação,63,3T21,Ridge Contábil,0.1,321,EBIT_t_1,-40.65648312619482,0.0008240921610099645,19
H4,Validação,63,3T21,Ridge Contábil,0.1,321,EBIT_t_4,342.8890789868474,0.006950237215843375,17
H4,Validação,63,3T21,Ridge Contábil,0.1,321,Trimestre_Sin,-415.5232404794898,0.008422505314434831,15
H4,Validação,63,3T21,Ridge Contábil,0.1,321,Trimestre_Cos,19.72367721917336,0.00039979178061614256,20
H4,Validação,63,3T21,Ridge Contábil,0.1,321,Segmento=CORPORATIVO / OUTROS NEGÓCIOS,87.04800574997321,0.0017644314917116938,18
H4,Validação,63,3T21,Ridge Contábil,0.1,321,Segmento=DISTRIBUIÇÃO,2625.518595112437,0.05321830926945106,8
H4,Validação,63,3T21,Ridge Contábil,0.1,321,Segmento=E&P,2604.722841272967,0.05279678688473798,9
H4,Validação,63,3T21,Ridge Contábil,0.1,321,Segmento=GÁS & ENERGIA / G&EBC,876.1779047322052,0.017759808213089902,10
H4,Validação,63,3T21,Ridge Contábil,0.1,321,Segmento=INTERNACIONAL,685.4923387177406,0.01389468097907634,11
H4,Validação,63,3T21,Ridge Contábil,0.1,321,Segmento=REFINO / RTC,8030.260998859492,0.16277047671544445,1
H4,Validação,63,3T21,Ridge + Brent e Câmbio,100.0,321,Custo_t,2750.725871917276,0.11239869769433905,3
H4,Validação,63,3T21,Ridge + Brent e Câmbio,100.0,321,Custo_t_1,2979.9228717557603,0.12176402361078137,2
H4,Validação,63,3T21,Ridge + Brent e Câmbio,100.0,321,Custo_t_4,2139.906954555773,0.0874397399372559,7
H4,Validação,63,3T21,Ridge + Brent e Câmbio,100.0,321,Receita_t,2155.0969408638243,0.0880604250794761,6
H4,Validação,63,3T21,Ridge + Brent e Câmbio,100.0,321,Receita_t_1,2492.5507404720365,0.10184928277525677,4
H4,Validação,63,3T21,Ridge + Brent e Câmbio,100.0,321,Receita_t_4,2184.3937510319934,0.08925753575601375,5
H4,Validação,63,3T21,Ridge + Brent e Câmbio,100.0,321,Despesas_t,-409.8535660438216,0.016747218448415323,14
H4,Validação,63,3T21,Ridge + Brent e Câmbio,100.0,321,Despesas_t_1,-291.7609235153161,0.01192177969314036,19
H4,Validação,63,3T21,Ridge + Brent e Câmbio,100.0,321,Despesas_t_4,204.8418208384909,0.008370137544653126,21
H4,Validação,63,3T21,Ridge + Brent e Câmbio,100.0,321,EBIT_t,-673.4665978688639,0.02751883396084694,9
H4,Validação,63,3T21,Ridge + Brent e Câmbio,100.0,321,EBIT_t_1,-439.36878662754947,0.01795325369519906,13
H4,Validação,63,3T21,Ridge + Brent e Câmbio,100.0,321,EBIT_t_4,567.5710028863058,0.023191784475792083,10
H4,Validação,63,3T21,Ridge + Brent e Câmbio,100.0,321,Trimestre_Sin,-167.99881482297081,0.006864678226599461,23
H4,Validação,63,3T21,Ridge + Brent e Câmbio,100.0,321,Trimestre_Cos,-8.174258933355121,0.0003340122213214358,29
H4,Validação,63,3T21,Ridge + Brent e Câmbio,100.0,321,Brent_t,281.2919390690222,0.011494001618284228,20
H4,Validação,63,3T21,Ridge + Brent e Câmbio,100.0,321,Brent_t_1,-19.565075011300813,0.0007994576900639998,27
H4,Validação,63,3T21,Ridge + Brent e Câmbio,100.0,321,Brent_t_4,-204.40795262233902,0.008352409052343406,22
H4,Validação,63,3T21,Ridge + Brent e Câmbio,100.0,321,USD_BRL_t,14.365082059926499,0.0005869783435317938,28
H4,Validação,63,3T21,Ridge + Brent e Câmbio,100.0,321,USD_BRL_t_1,-153.2919800880774,0.006263735367013196,24
H4,Validação,63,3T21,Ridge + Brent e Câmbio,100.0,321,USD_BRL_t_4,24.043893304399266,0.000982468781242986,26
H4,Validação,63,3T21,Ridge + Brent e Câmbio,100.0,321,Brent_BRL_t,-363.32171248917314,0.014845858594915724,16
H4,Validação,63,3T21,Ridge + Brent e Câmbio,100.0,321,Brent_Var_AA,39.70469125300371,0.001622391978333653,25
H4,Validação,63,3T21,Ridge + Brent e Câmbio,100.0,321,USD_BRL_Var_AA,-301.0160116900494,0.01229995618411917,18
H4,Validação,63,3T21,Ridge + Brent e Câmbio,100.0,321,Segmento=CORPORATIVO / OUTROS NEGÓCIOS,-765.808711598286,0.031292068302913624,8
H4,Validação,63,3T21,Ridge + Brent e Câmbio,100.0,321,Segmento=DISTRIBUIÇÃO,455.58562419370566,0.01861589748743057,11
H4,Validação,63,3T21,Ridge + Brent e Câmbio,100.0,321,Segmento=E&P,-359.7468515643139,0.014699784528977449,17
H4,Validação,63,3T21,Ridge + Brent e Câmbio,100.0,321,Segmento=GÁS & ENERGIA / G&EBC,-449.315844919025,0.018359705101086424,12
H4,Validação,63,3T21,Ridge + Brent e Câmbio,100.0,321,Segmento=INTERNACIONAL,-388.00421947879283,0.015854422068938303,15
H4,Validação,63,3T21,Ridge + Brent e Câmbio,100.0,321,Segmento=REFINO / RTC,3187.831166508514,0.13025946178171485,1
H4,Validação,64,4T21,Ridge Contábil,0.1,325,Custo_t,4776.1471013186665,0.11857489401379463,4
H4,Validação,64,4T21,Ridge Contábil,0.1,325,Custo_t_1,5602.30775719886,0.13908555043438817,3
H4,Validação,64,4T21,Ridge Contábil,0.1,325,Custo_t_4,-2894.2356024275487,0.07185366625622704,5
H4,Validação,64,4T21,Ridge Contábil,0.1,325,Receita_t,-43.4574926590749,0.0010788963314660807,20
H4,Validação,64,4T21,Ridge Contábil,0.1,325,Receita_t_1,-2419.6865233227027,0.06007228566523451,7
H4,Validação,64,4T21,Ridge Contábil,0.1,325,Receita_t_4,7171.698315819847,0.17804798505105965,2
H4,Validação,64,4T21,Ridge Contábil,0.1,325,Despesas_t,-408.7710217195705,0.010148343329485462,16
H4,Validação,64,4T21,Ridge Contábil,0.1,325,Despesas_t_1,-427.13845370522154,0.010604341910518036,15
H4,Validação,64,4T21,Ridge Contábil,0.1,325,Despesas_t_4,230.33807678453337,0.005718482379767274,17
H4,Validação,64,4T21,Ridge Contábil,0.1,325,EBIT_t,-604.0949939217159,0.014997548936203116,13
H4,Validação,64,4T21,Ridge Contábil,0.1,325,EBIT_t_1,-610.8318968065355,0.015164802483592426,12
H4,Validação,64,4T21,Ridge Contábil,0.1,325,EBIT_t_4,644.0345573082311,0.01598910748644244,10
H4,Validação,64,4T21,Ridge Contábil,0.1,325,Trimestre_Sin,-427.49597450651356,0.010613217891559161,14
H4,Validação,64,4T21,Ridge Contábil,0.1,325,Trimestre_Cos,123.02770660840025,0.0030543442156175673,18
H4,Validação,64,4T21,Ridge Contábil,0.1,325,Segmento=CORPORATIVO / OUTROS NEGÓCIOS,51.8157468882997,0.0012864023165930986,19
H4,Validação,64,4T21,Ridge Contábil,0.1,325,Segmento=DISTRIBUIÇÃO,2430.941550223011,0.060351708303087934,6
H4,Validação,64,4T21,Ridge Contábil,0.1,325,Segmento=E&P,2095.659800266365,0.05202784450188874,8
H4,Validação,64,4T21,Ridge Contábil,0.1,325,Segmento=GÁS & ENERGIA / G&EBC,841.1712112018336,0.02088331558887174,9
H4,Validação,64,4T21,Ridge Contábil,0.1,325,Segmento=INTERNACIONAL,631.7470313355066,0.015684051536740785,11
H4,Validação,64,4T21,Ridge Contábil,0.1,325,Segmento=REFINO / RTC,7844.980635681619,0.19476321136746216,1
H4,Validação,64,4T21,Ridge + Brent e Câmbio,100.0,325,Custo_t,2842.94016848789,0.1115628022846895,2
H4,Validação,64,4T21,Ridge + Brent e Câmbio,100.0,325,Custo_t_1,2732.694726091128,0.10723654504254716,3
H4,Validação,64,4T21,Ridge + Brent e Câmbio,100.0,325,Custo_t_4,2366.923290192181,0.09288292380320695,5
H4,Validação,64,4T21,Ridge + Brent e Câmbio,100.0,325,Receita_t,2306.514427919698,0.09051235616599473,6
H4,Validação,64,4T21,Ridge + Brent e Câmbio,100.0,325,Receita_t_1,2219.818897309638,0.0871102457566291,7
H4,Validação,64,4T21,Ridge + Brent e Câmbio,100.0,325,Receita_t_4,2394.810993431146,0.09397729446816455,4
H4,Validação,64,4T21,Ridge + Brent e Câmbio,100.0,325,Despesas_t,-415.2258248666104,0.016294312879517815,15
H4,Validação,64,4T21,Ridge + Brent e Câmbio,100.0,325,Despesas_t_1,-364.18490694904756,0.014291362589820084,18
H4,Validação,64,4T21,Ridge + Brent e Câmbio,100.0,325,Despesas_t_4,91.9258876717188,0.0036073603464610604,26
H4,Validação,64,4T21,Ridge + Brent e Câmbio,100.0,325,EBIT_t,-532.1867132034236,0.0208840979918446,11
H4,Validação,64,4T21,Ridge + Brent e Câmbio,100.0,325,EBIT_t_1,-555.6311965713309,0.02180410759726366,10
H4,Validação,64,4T21,Ridge + Brent e Câmbio,100.0,325,EBIT_t_4,594.8827099637411,0.023344417476631057,9
H4,Validação,64,4T21,Ridge + Brent e Câmbio,100.0,325,Trimestre_Sin,-343.75108095920376,0.013489497353930437,19
H4,Validação,64,4T21,Ridge + Brent e Câmbio,100.0,325,Trimestre_Cos,46.00727186311322,0.001805419695924326,28
H4,Validação,64,4T21,Ridge + Brent e Câmbio,100.0,325,Brent_t,454.54388087879886,0.017837234027745563,12
H4,Validação,64,4T21,Ridge + Brent e Câmbio,100.0,325,Brent_t_1,-122.35097717427841,0.00480130325186994,25
H4,Validação,64,4T21,Ridge + Brent e Câmbio,100.0,325,Brent_t_4,-196.6366960367118,0.007716427199214099,24
H4,Validação,64,4T21,Ridge + Brent e Câmbio,100.0,325,USD_BRL_t,250.774062516031,0.009840888480423011,21
H4,Validação,64,4T21,Ridge + Brent e Câmbio,100.0,325,USD_BRL_t_1,238.39478223548278,0.00935510013578116,22
H4,Validação,64,4T21,Ridge + Brent e Câmbio,100.0,325,USD_BRL_t_4,-24.442721138907128,0.0009591825026588885,29
H4,Validação,64,4T21,Ridge + Brent e Câmbio,100.0,325,Brent_BRL_t,-409.2332153301381,0.016059150592144595,16
H4,Validação,64,4T21,Ridge + Brent e Câmbio,100.0,325,Brent_Var_AA,76.5955223626711,0.0030057653734528776,27
H4,Validação,64,4T21,Ridge + Brent e Câmbio,100.0,325,USD_BRL_Var_AA,-225.74790887189474,0.008858810889802437,23
H4,Validação,64,4T21,Ridge + Brent e Câmbio,100.0,325,Segmento=CORPORATIVO / OUTROS NEGÓCIOS,-760.1913538409218,0.029831467664053462,8
H4,Validação,64,4T21,Ridge + Brent e Câmbio,100.0,325,Segmento=DISTRIBUIÇÃO,439.5863497325667,0.0172502698318646,14
H4,Validação,64,4T21,Ridge + Brent e Câmbio,100.0,325,Segmento=E&P,-373.9105830377504,0.014673018064175702,17
H4,Validação,64,4T21,Ridge + Brent e Câmbio,100.0,325,Segmento=GÁS & ENERGIA / G&EBC,-443.68385701259024,0.017411064420371356,13
H4,Validação,64,4T21,Ridge + Brent e Câmbio,100.0,325,Segmento=INTERNACIONAL,-322.1201465989434,0.012640655130652004,20
H4,Validação,64,4T21,Ridge + Brent e Câmbio,100.0,325,Segmento=REFINO / RTC,3337.1578850144087,0.13095691898316536,1
H4,Validação,65,1T22,Ridge Contábil,0.1,329,Custo_t,8404.020808092951,0.18629293644072667,2
H4,Validação,65,1T22,Ridge Contábil,0.1,329,Custo_t_1,3766.4711694555895,0.08349181780958043,5
H4,Validação,65,1T22,Ridge Contábil,0.1,329,Custo_t_4,-3130.5937249946937,0.06939624629088897,6
H4,Validação,65,1T22,Ridge Contábil,0.1,329,Receita_t,-3975.125748043009,0.08811708885953078,4
H4,Validação,65,1T22,Ridge Contábil,0.1,329,Receita_t_1,-1295.1059039841098,0.028708767786793547,8
H4,Validação,65,1T22,Ridge Contábil,0.1,329,Receita_t_4,9509.601627725237,0.2108004789688824,1
H4,Validação,65,1T22,Ridge Contábil,0.1,329,Despesas_t,43.42767740197313,0.0009626665296001347,20
H4,Validação,65,1T22,Ridge Contábil,0.1,329,Despesas_t_1,-570.7544883518652,0.01265198314590102,13
H4,Validação,65,1T22,Ridge Contábil,0.1,329,Despesas_t_4,271.6765246705939,0.006022286081700129,18
H4,Validação,65,1T22,Ridge Contábil,0.1,329,EBIT_t,377.76838004071607,0.008374036954367213,16
H4,Validação,65,1T22,Ridge Contábil,0.1,329,EBIT_t_1,-620.1307390116962,0.013746512411820412,12
H4,Validação,65,1T22,Ridge Contábil,0.1,329,EBIT_t_4,641.0295691049104,0.01420977928313652,11
H4,Validação,65,1T22,Ridge Contábil,0.1,329,Trimestre_Sin,-325.71128094971124,0.007220080999985204,17
H4,Validação,65,1T22,Ridge Contábil,0.1,329,Trimestre_Cos,423.08535049611953,0.009378583669506831,15
H4,Validação,65,1T22,Ridge Contábil,0.1,329,Segmento=CORPORATIVO / OUTROS NEGÓCIOS,111.86625762200589,0.002479752739423227,19
H4,Validação,65,1T22,Ridge Contábil,0.1,329,Segmento=DISTRIBUIÇÃO,2038.1902679991188,0.04518080793955453,7
H4,Validação,65,1T22,Ridge Contábil,0.1,329,Segmento=E&P,1294.8850417256485,0.028703871906640793,9
H4,Validação,65,1T22,Ridge Contábil,0.1,329,Segmento=GÁS & ENERGIA / G&EBC,758.3421348476545,0.016810260987390042,10
H4,Validação,65,1T22,Ridge Contábil,0.1,329,Segmento=INTERNACIONAL,524.0389438383223,0.01161643407200121,14
H4,Validação,65,1T22,Ridge Contábil,0.1,329,Segmento=REFINO / RTC,7030.034041664102,0.15583560712256986,3
H4,Validação,65,1T22,Ridge + Brent e Câmbio,100.0,329,Custo_t,2886.040429482701,0.10876876127647722,2
H4,Validação,65,1T22,Ridge + Brent e Câmbio,100.0,329,Custo_t_1,2719.3161415843747,0.10248527540283887,3
H4,Validação,65,1T22,Ridge + Brent e Câmbio,100.0,329,Custo_t_4,2510.256177302403,0.0946062474047694,5
H4,Validação,65,1T22,Ridge + Brent e Câmbio,100.0,329,Receita_t,2286.7648773926626,0.0861833328818397,6
H4,Validação,65,1T22,Ridge + Brent e Câmbio,100.0,329,Receita_t_1,2216.3989109371782,0.08353138839443797,7
H4,Validação,65,1T22,Ridge + Brent e Câmbio,100.0,329,Receita_t_4,2544.4808621466977,0.09589610340871284,4
H4,Validação,65,1T22,Ridge + Brent e Câmbio,100.0,329,Despesas_t,-430.6081098277114,0.01622870914180524,17
H4,Validação,65,1T22,Ridge + Brent e Câmbio,100.0,329,Despesas_t_1,-443.03461023207063,0.016697037666304135,16
H4,Validação,65,1T22,Ridge + Brent e Câmbio,100.0,329,Despesas_t_4,93.89221531122155,0.0035385990606986643,27
H4,Validação,65,1T22,Ridge + Brent e Câmbio,100.0,329,EBIT_t,-299.2624393634702,0.011278568551437764,21
H4,Validação,65,1T22,Ridge + Brent e Câmbio,100.0,329,EBIT_t_1,-513.7325799447847,0.01936149465445247,13
H4,Validação,65,1T22,Ridge + Brent e Câmbio,100.0,329,EBIT_t_4,614.3478323703227,0.023153470768178443,9
H4,Validação,65,1T22,Ridge + Brent e Câmbio,100.0,329,Trimestre_Sin,-305.8406498813532,0.011526487396280238,20
H4,Validação,65,1T22,Ridge + Brent e Câmbio,100.0,329,Trimestre_Cos,271.95295622777155,0.010249331877749445,22
H4,Validação,65,1T22,Ridge + Brent e Câmbio,100.0,329,Brent_t,578.7547764086921,0.021812043750233025,11
H4,Validação,65,1T22,Ridge + Brent e Câmbio,100.0,329,Brent_t_1,-119.15881806029401,0.004490843892270217,26
H4,Validação,65,1T22,Ridge + Brent e Câmbio,100.0,329,Brent_t_4,-151.39395960947363,0.005705718216295062,25
H4,Validação,65,1T22,Ridge + Brent e Câmbio,100.0,329,USD_BRL_t,486.235242909932,0.01832517816452069,14
H4,Validação,65,1T22,Ridge + Brent e Câmbio,100.0,329,USD_BRL_t_1,600.050085367525,0.02261461891612122,10
H4,Validação,65,1T22,Ridge + Brent e Câmbio,100.0,329,USD_BRL_t_4,3.2346146778951876,0.00012190578764152402,29
H4,Validação,65,1T22,Ridge + Brent e Câmbio,100.0,329,Brent_BRL_t,-446.4881830297994,0.016827195522496896,15
H4,Validação,65,1T22,Ridge + Brent e Câmbio,100.0,329,Brent_Var_AA,59.69598349742607,0.0022498153913110244,28
H4,Validação,65,1T22,Ridge + Brent e Câmbio,100.0,329,USD_BRL_Var_AA,-209.3612357211519,0.007890382281575984,24
H4,Validação,65,1T22,Ridge + Brent e Câmbio,100.0,329,Segmento=CORPORATIVO / OUTROS NEGÓCIOS,-720.9579191180653,0.027171379511476332,8
H4,Validação,65,1T22,Ridge + Brent e Câmbio,100.0,329,Segmento=DISTRIBUIÇÃO,426.36932727664436,0.016068958390329263,18
H4,Validação,65,1T22,Ridge + Brent e Câmbio,100.0,329,Segmento=E&P,-520.0577761065184,0.01959987792320863,12
H4,Validação,65,1T22,Ridge + Brent e Câmbio,100.0,329,Segmento=GÁS & ENERGIA / G&EBC,-405.23623092154855,0.01527249667447859,19
H4,Validação,65,1T22,Ridge + Brent e Câmbio,100.0,329,Segmento=INTERNACIONAL,-249.14149943615607,0.00938961630592683,23
H4,Validação,65,1T22,Ridge + Brent e Câmbio,100.0,329,Segmento=REFINO / RTC,3421.660824148153,0.12895516138613247,1
H4,Validação,66,2T22,Ridge Contábil,0.1,333,Custo_t,7032.766956714386,0.1745746436394738,2
H4,Validação,66,2T22,Ridge Contábil,0.1,333,Custo_t_1,5716.694775944363,0.14190573346857724,4
H4,Validação,66,2T22,Ridge Contábil,0.1,333,Custo_t_4,-1671.1977116028056,0.04148420483002397,6
H4,Validação,66,2T22,Ridge Contábil,0.1,333,Receita_t,278.4584220551821,0.0069121840803046284,16
H4,Validação,66,2T22,Ridge Contábil,0.1,333,Receita_t_1,-5362.688272246205,0.13311821646289015,5
H4,Validação,66,2T22,Ridge Contábil,0.1,333,Receita_t_4,8484.750601213187,0.2106172892821989,1
H4,Validação,66,2T22,Ridge Contábil,0.1,333,Despesas_t,-141.1183663612804,0.003502986615386826,18
H4,Validação,66,2T22,Ridge Contábil,0.1,333,Despesas_t_1,170.08603562523135,0.004222052179473561,17
H4,Validação,66,2T22,Ridge Contábil,0.1,333,Despesas_t_4,521.3489956613935,0.012941466095715193,9
H4,Validação,66,2T22,Ridge Contábil,0.1,333,EBIT_t,415.32482562869285,0.010309624060489145,13
H4,Validação,66,2T22,Ridge Contábil,0.1,333,EBIT_t_1,492.281486610722,0.012219922204777158,10
H4,Validação,66,2T22,Ridge Contábil,0.1,333,EBIT_t_4,427.98182068891305,0.010623809133844229,12
H4,Validação,66,2T22,Ridge Contábil,0.1,333,Trimestre_Sin,115.42041371638253,0.002865085352219844,19
H4,Validação,66,2T22,Ridge Contábil,0.1,333,Trimestre_Cos,361.2852695574545,0.008968198089511258,15
H4,Validação,66,2T22,Ridge Contábil,0.1,333,Segmento=CORPORATIVO / OUTROS NEGÓCIOS,83.93624742671882,0.0020835526860397903,20
H4,Validação,66,2T22,Ridge Contábil,0.1,333,Segmento=DISTRIBUIÇÃO,1573.656042318623,0.039062924235900465,7
H4,Validação,66,2T22,Ridge Contábil,0.1,333,Segmento=E&P,453.15015743836045,0.011248563721345271,11
H4,Validação,66,2T22,Ridge Contábil,0.1,333,Segmento=GÁS & ENERGIA / G&EBC,572.5303024918165,0.014211941636269428,8
H4,Validação,66,2T22,Ridge Contábil,0.1,333,Segmento=INTERNACIONAL,392.0857157369537,0.009732758745198748,14
H4,Validação,66,2T22,Ridge Contábil,0.1,333,Segmento=REFINO / RTC,6018.394749823949,0.14939484348036036,3
H4,Validação,66,2T22,Ridge + Brent e Câmbio,100.0,333,Custo_t,2970.375895269371,0.11287989025796519,2
H4,Validação,66,2T22,Ridge + Brent e Câmbio,100.0,333,Custo_t_1,2701.6335744447624,0.10266717484687353,3
H4,Validação,66,2T22,Ridge + Brent e Câmbio,100.0,333,Custo_t_4,2648.8220245534276,0.10066023627536781,4
H4,Validação,66,2T22,Ridge + Brent e Câmbio,100.0,333,Receita_t,2433.146114603896,0.09246414463418443,6
H4,Validação,66,2T22,Ridge + Brent e Câmbio,100.0,333,Receita_t_1,2194.36266292339,0.08338992279443666,7
H4,Validação,66,2T22,Ridge + Brent e Câmbio,100.0,333,Receita_t_4,2595.9221939200584,0.09864994286904519,5
H4,Validação,66,2T22,Ridge + Brent e Câmbio,100.0,333,Despesas_t,-544.7299186480964,0.02070076502275522,13
H4,Validação,66,2T22,Ridge + Brent e Câmbio,100.0,333,Despesas_t_1,-395.3427697664086,0.015023771414447608,16
H4,Validação,66,2T22,Ridge + Brent e Câmbio,100.0,333,Despesas_t_4,254.7395494941997,0.009680583671939974,17
H4,Validação,66,2T22,Ridge + Brent e Câmbio,100.0,333,EBIT_t,-170.7768612988034,0.006489843050743076,24
H4,Validação,66,2T22,Ridge + Brent e Câmbio,100.0,333,EBIT_t_1,-203.70656230798238,0.007741233840058191,21
H4,Validação,66,2T22,Ridge + Brent e Câmbio,100.0,333,EBIT_t_4,239.36119904147301,0.009096177329895209,18
H4,Validação,66,2T22,Ridge + Brent e Câmbio,100.0,333,Trimestre_Sin,-68.20160660843591,0.002591789773690917,28
H4,Validação,66,2T22,Ridge + Brent e Câmbio,100.0,333,Trimestre_Cos,237.70853233669595,0.009033372875898213,19
H4,Validação,66,2T22,Ridge + Brent e Câmbio,100.0,333,Brent_t,607.8334598384736,0.0230988186885566,11
H4,Validação,66,2T22,Ridge + Brent e Câmbio,100.0,333,Brent_t_1,-230.6359872167037,0.008764602812735271,20
H4,Validação,66,2T22,Ridge + Brent e Câmbio,100.0,333,Brent_t_4,-157.52958826415224,0.005986421672745017,26
H4,Validação,66,2T22,Ridge + Brent e Câmbio,100.0,333,USD_BRL_t,632.8934432182587,0.02405114535478146,10
H4,Validação,66,2T22,Ridge + Brent e Câmbio,100.0,333,USD_BRL_t_1,764.7368073458047,0.029061442030586093,8
H4,Validação,66,2T22,Ridge + Brent e Câmbio,100.0,333,USD_BRL_t_4,23.611531911776446,0.0008972827766574864,29
H4,Validação,66,2T22,Ridge + Brent e Câmbio,100.0,333,Brent_BRL_t,-162.02339544110225,0.006157194827005539,25
H4,Validação,66,2T22,Ridge + Brent e Câmbio,100.0,333,Brent_Var_AA,153.12508792616907,0.005819042346921467,27
H4,Validação,66,2T22,Ridge + Brent e Câmbio,100.0,333,USD_BRL_Var_AA,-172.8136962547246,0.0065672466233562725,23
H4,Validação,66,2T22,Ridge + Brent e Câmbio,100.0,333,Segmento=CORPORATIVO / OUTROS NEGÓCIOS,-732.6316630913255,0.027841385954204188,9
H4,Validação,66,2T22,Ridge + Brent e Câmbio,100.0,333,Segmento=DISTRIBUIÇÃO,409.9525006077252,0.015578968760579006,14
H4,Validação,66,2T22,Ridge + Brent e Câmbio,100.0,333,Segmento=E&P,-566.510090832466,0.021528452673293563,12
H4,Validação,66,2T22,Ridge + Brent e Câmbio,100.0,333,Segmento=GÁS & ENERGIA / G&EBC,-400.80918139365485,0.015231505373496743,15
H4,Validação,66,2T22,Ridge + Brent e Câmbio,100.0,333,Segmento=INTERNACIONAL,-181.07270365149972,0.006881104492346,22
H4,Validação,66,2T22,Ridge + Brent e Câmbio,100.0,333,Segmento=REFINO / RTC,3459.473884272369,0.13146653695543414,1
H4,Validação,67,3T22,Ridge Contábil,0.1,337,Custo_t,9260.044375720854,0.25762104140139414,1
H4,Validação,67,3T22,Ridge Contábil,0.1,337,Custo_t_1,713.1246399148723,0.019839636283553137,9
H4,Validação,67,3T22,Ridge Contábil,0.1,337,Custo_t_4,-3287.2819089463987,0.09145452812117963,5
H4,Validação,67,3T22,Ridge Contábil,0.1,337,Receita_t,7327.9662330919155,0.20386924897176106,2
H4,Validação,67,3T22,Ridge Contábil,0.1,337,Receita_t_1,-1486.7061156196833,0.041361224873606384,6
H4,Validação,67,3T22,Ridge Contábil,0.1,337,Receita_t_4,3828.7114027731877,0.10651748293927993,4
H4,Validação,67,3T22,Ridge Contábil,0.1,337,Despesas_t,-81.99697217133001,0.002281214269115719,17
H4,Validação,67,3T22,Ridge Contábil,0.1,337,Despesas_t_1,7.237213381280236,0.00020134443988389412,20
H4,Validação,67,3T22,Ridge Contábil,0.1,337,Despesas_t_4,502.0078512086364,0.013966216593857026,12
H4,Validação,67,3T22,Ridge Contábil,0.1,337,EBIT_t,679.9914461907767,0.018917847194233447,10
H4,Validação,67,3T22,Ridge Contábil,0.1,337,EBIT_t_1,-592.2355602513021,0.01647641583521045,11
H4,Validação,67,3T22,Ridge Contábil,0.1,337,EBIT_t_4,344.07355038581176,0.009572371661789968,13
H4,Validação,67,3T22,Ridge Contábil,0.1,337,Trimestre_Sin,105.23628242184925,0.002927748461099308,16
H4,Validação,67,3T22,Ridge Contábil,0.1,337,Trimestre_Cos,67.22774261731482,0.0018703237653533704,18
H4,Validação,67,3T22,Ridge Contábil,0.1,337,Segmento=CORPORATIVO / OUTROS NEGÓCIOS,-27.513977515882225,0.0007654584852013021,19
H4,Validação,67,3T22,Ridge Contábil,0.1,337,Segmento=DISTRIBUIÇÃO,1043.925575218644,0.0290427543239976,8
H4,Validação,67,3T22,Ridge Contábil,0.1,337,Segmento=E&P,-1139.136839037946,0.03169159961491037,7
H4,Validação,67,3T22,Ridge Contábil,0.1,337,Segmento=GÁS & ENERGIA / G&EBC,303.7391089615891,0.008450238723496909,14
H4,Validação,67,3T22,Ridge Contábil,0.1,337,Segmento=INTERNACIONAL,187.73524533697224,0.005222928470868375,15
H4,Validação,67,3T22,Ridge Contábil,0.1,337,Segmento=REFINO / RTC,4958.549163836164,0.13795037557020806,3
H4,Validação,67,3T22,Ridge + Brent e Câmbio,100.0,337,Custo_t,3572.5477680796957,0.1320585282401689,1
H4,Validação,67,3T22,Ridge + Brent e Câmbio,100.0,337,Custo_t_1,2821.9940383920393,0.10431445668615898,4
H4,Validação,67,3T22,Ridge + Brent e Câmbio,100.0,337,Custo_t_4,2202.7265010289098,0.08142335350713932,6
H4,Validação,67,3T22,Ridge + Brent e Câmbio,100.0,337,Receita_t,3023.1522267445916,0.11175022970356938,3
H4,Validação,67,3T22,Ridge + Brent e Câmbio,100.0,337,Receita_t_1,2393.036260846154,0.08845811648938888,5
H4,Validação,67,3T22,Ridge + Brent e Câmbio,100.0,337,Receita_t_4,2144.0803715328802,0.0792555108214722,7
H4,Validação,67,3T22,Ridge + Brent e Câmbio,100.0,337,Despesas_t,-580.6385536078153,0.021463190363487945,13
H4,Validação,67,3T22,Ridge + Brent e Câmbio,100.0,337,Despesas_t_1,-429.21038765436776,0.015865677879933593,15
H4,Validação,67,3T22,Ridge + Brent e Câmbio,100.0,337,Despesas_t_4,181.47647214515936,0.006708242234249989,20
H4,Validação,67,3T22,Ridge + Brent e Câmbio,100.0,337,EBIT_t,-61.04343791316217,0.0022564587215765652,28
H4,Validação,67,3T22,Ridge + Brent e Câmbio,100.0,337,EBIT_t_1,-137.56683212725554,0.005085130994666237,21
H4,Validação,67,3T22,Ridge + Brent e Câmbio,100.0,337,EBIT_t_4,124.48308724714099,0.004601492928808687,22
H4,Validação,67,3T22,Ridge + Brent e Câmbio,100.0,337,Trimestre_Sin,-89.3115237194051,0.003301382974540668,25
H4,Validação,67,3T22,Ridge + Brent e Câmbio,100.0,337,Trimestre_Cos,82.52091290186054,0.0030503693762260046,26
H4,Validação,67,3T22,Ridge + Brent e Câmbio,100.0,337,Brent_t,430.5203676136967,0.01591410103245202,14
H4,Validação,67,3T22,Ridge + Brent e Câmbio,100.0,337,Brent_t_1,-225.6610695654257,0.008341517220336773,19
H4,Validação,67,3T22,Ridge + Brent e Câmbio,100.0,337,Brent_t_4,33.889041265623334,0.0012527017701471172,29
H4,Validação,67,3T22,Ridge + Brent e Câmbio,100.0,337,USD_BRL_t,703.4429794187454,0.026002631901224902,9
H4,Validação,67,3T22,Ridge + Brent e Câmbio,100.0,337,USD_BRL_t_1,922.2595737150646,0.034091144434349255,8
H4,Validação,67,3T22,Ridge + Brent e Câmbio,100.0,337,USD_BRL_t_4,290.62728765390153,0.010742980742462188,18
H4,Validação,67,3T22,Ridge + Brent e Câmbio,100.0,337,Brent_BRL_t,-66.43253245952445,0.0024556655455408145,27
H4,Validação,67,3T22,Ridge + Brent e Câmbio,100.0,337,Brent_Var_AA,671.8103826275261,0.02483333915894521,12
H4,Validação,67,3T22,Ridge + Brent e Câmbio,100.0,337,USD_BRL_Var_AA,-105.84317162829446,0.0039124721002729386,24
H4,Validação,67,3T22,Ridge + Brent e Câmbio,100.0,337,Segmento=CORPORATIVO / OUTROS NEGÓCIOS,-702.3858491010388,0.025963555286165552,10
H4,Validação,67,3T22,Ridge + Brent e Câmbio,100.0,337,Segmento=DISTRIBUIÇÃO,368.0755510936652,0.013605840625259396,17
H4,Validação,67,3T22,Ridge + Brent e Câmbio,100.0,337,Segmento=E&P,-692.1480611121032,0.025585117459152134,11
H4,Validação,67,3T22,Ridge + Brent e Câmbio,100.0,337,Segmento=GÁS & ENERGIA / G&EBC,-414.6676538394474,0.015328108573976007,16
H4,Validação,67,3T22,Ridge + Brent e Câmbio,100.0,337,Segmento=INTERNACIONAL,-113.5390114989232,0.0041969473131638,23
H4,Validação,67,3T22,Ridge + Brent e Câmbio,100.0,337,Segmento=REFINO / RTC,3467.6698328749817,0.12818173591516466,2
H4,Validação,68,4T22,Ridge Contábil,0.1,341,Custo_t,9348.137022135377,0.23779657930562753,2
H4,Validação,68,4T22,Ridge Contábil,0.1,341,Custo_t_1,1565.549270951252,0.03982421957285207,7
H4,Validação,68,4T22,Ridge Contábil,0.1,341,Custo_t_4,-5642.049112610504,0.14352164244878135,3
H4,Validação,68,4T22,Ridge Contábil,0.1,341,Receita_t,9520.394134098744,0.2421784312071306,1
H4,Validação,68,4T22,Ridge Contábil,0.1,341,Receita_t_1,-228.37479651171415,0.005809365575356018,13
H4,Validação,68,4T22,Ridge Contábil,0.1,341,Receita_t_4,4220.688211428106,0.10736526610774105,4
H4,Validação,68,4T22,Ridge Contábil,0.1,341,Despesas_t,-492.90949435192164,0.012538561575061181,10
H4,Validação,68,4T22,Ridge Contábil,0.1,341,Despesas_t_1,-90.09582757887867,0.002291844841088242,16
H4,Validação,68,4T22,Ridge Contábil,0.1,341,Despesas_t_4,498.94807549777767,0.012692170142944154,9
H4,Validação,68,4T22,Ridge Contábil,0.1,341,EBIT_t,192.3816904603331,0.004893778065530667,14
H4,Validação,68,4T22,Ridge Contábil,0.1,341,EBIT_t_1,-754.1102781402079,0.019182949943537943,8
H4,Validação,68,4T22,Ridge Contábil,0.1,341,EBIT_t_4,319.2181747821991,0.008120226504558995,12
H4,Validação,68,4T22,Ridge Contábil,0.1,341,Trimestre_Sin,-68.62080225181295,0.0017455662027685574,17
H4,Validação,68,4T22,Ridge Contábil,0.1,341,Trimestre_Cos,61.757836168978685,0.0015709870481707853,18
H4,Validação,68,4T22,Ridge Contábil,0.1,341,Segmento=CORPORATIVO / OUTROS NEGÓCIOS,1.4812802327784758,3.768059577150945e-05,20
H4,Validação,68,4T22,Ridge Contábil,0.1,341,Segmento=DISTRIBUIÇÃO,470.6714920114617,0.011972874436048326,11
H4,Validação,68,4T22,Ridge Contábil,0.1,341,Segmento=E&P,-2210.0775337982186,0.05621963780515742,6
H4,Validação,68,4T22,Ridge Contábil,0.1,341,Segmento=GÁS & ENERGIA / G&EBC,100.32112850515507,0.0025519545909647753,15
H4,Validação,68,4T22,Ridge Contábil,0.1,341,Segmento=INTERNACIONAL,21.31898205954659,0.0005423092318858829,19
H4,Validação,68,4T22,Ridge Contábil,0.1,341,Segmento=REFINO / RTC,3504.3813775187828,0.08914395479902298,5
H4,Validação,68,4T22,Ridge + Brent e Câmbio,100.0,341,Custo_t,3937.885877880275,0.13815782725968803,1
H4,Validação,68,4T22,Ridge + Brent e Câmbio,100.0,341,Custo_t_1,3168.7416996509346,0.11117296995071889,4
H4,Validação,68,4T22,Ridge + Brent e Câmbio,100.0,341,Custo_t_4,1991.0620153119296,0.06985494514200223,6
H4,Validação,68,4T22,Ridge + Brent e Câmbio,100.0,341,Receita_t,3329.7595035391178,0.11682216107133427,2
H4,Validação,68,4T22,Ridge + Brent e Câmbio,100.0,341,Receita_t_1,2708.4404299968546,0.09502363874295022,5
H4,Validação,68,4T22,Ridge + Brent e Câmbio,100.0,341,Receita_t_4,1967.749939400973,0.06903705811920603,7
H4,Validação,68,4T22,Ridge + Brent e Câmbio,100.0,341,Despesas_t,-696.8881649732712,0.02444980827314504,12
H4,Validação,68,4T22,Ridge + Brent e Câmbio,100.0,341,Despesas_t_1,-452.65419335863714,0.015881039165126707,14
H4,Validação,68,4T22,Ridge + Brent e Câmbio,100.0,341,Despesas_t_4,163.88088159125223,0.005749640094252114,24
H4,Validação,68,4T22,Ridge + Brent e Câmbio,100.0,341,EBIT_t,-170.3397856466986,0.005976245988493925,23
H4,Validação,68,4T22,Ridge + Brent e Câmbio,100.0,341,EBIT_t_1,-98.02430977663992,0.003439110750629761,25
H4,Validação,68,4T22,Ridge + Brent e Câmbio,100.0,341,EBIT_t_4,189.08157732106926,0.006633787953137799,21
H4,Validação,68,4T22,Ridge + Brent e Câmbio,100.0,341,Trimestre_Sin,-189.8525143990668,0.006660835713015342,20
H4,Validação,68,4T22,Ridge + Brent e Câmbio,100.0,341,Trimestre_Cos,96.57739196631861,0.003388346704363153,26
H4,Validação,68,4T22,Ridge + Brent e Câmbio,100.0,341,Brent_t,390.8959982913006,0.01371429835277587,17
H4,Validação,68,4T22,Ridge + Brent e Câmbio,100.0,341,Brent_t_1,-263.25340023663784,0.00923605176059516,19
H4,Validação,68,4T22,Ridge + Brent e Câmbio,100.0,341,Brent_t_4,62.30775730554191,0.002186021798933236,28
H4,Validação,68,4T22,Ridge + Brent e Câmbio,100.0,341,USD_BRL_t,717.9525003328481,0.0251888349733081,10
H4,Validação,68,4T22,Ridge + Brent e Câmbio,100.0,341,USD_BRL_t_1,961.2003972389468,0.033723008376049086,8
H4,Validação,68,4T22,Ridge + Brent e Câmbio,100.0,341,USD_BRL_t_4,442.29832892309,0.01551771128458863,15
H4,Validação,68,4T22,Ridge + Brent e Câmbio,100.0,341,Brent_BRL_t,68.44268354396198,0.0024012611699519857,27
H4,Validação,68,4T22,Ridge + Brent e Câmbio,100.0,341,Brent_Var_AA,703.3832369318927,0.024677683091645752,11
H4,Validação,68,4T22,Ridge + Brent e Câmbio,100.0,341,USD_BRL_Var_AA,-181.56477570262055,0.006370066501640074,22
H4,Validação,68,4T22,Ridge + Brent e Câmbio,100.0,341,Segmento=CORPORATIVO / OUTROS NEGÓCIOS,-628.4750345275796,0.022049583951891178,13
H4,Validação,68,4T22,Ridge + Brent e Câmbio,100.0,341,Segmento=DISTRIBUIÇÃO,309.6028248580237,0.010862187204589875,18
H4,Validação,68,4T22,Ridge + Brent e Câmbio,100.0,341,Segmento=E&P,-831.3613377810699,0.029167700552400904,9
H4,Validação,68,4T22,Ridge + Brent e Câmbio,100.0,341,Segmento=GÁS & ENERGIA / G&EBC,-399.04589302322483,0.014000231410125904,16
H4,Validação,68,4T22,Ridge + Brent e Câmbio,100.0,341,Segmento=INTERNACIONAL,-56.52860646387175,0.0019832645458152417,29
H4,Validação,68,4T22,Ridge + Brent e Câmbio,100.0,341,Segmento=REFINO / RTC,3325.555881817912,0.11667468009762559,3
H4,Teste,69,1T23,Ridge Contábil,0.1,345,Custo_t,9779.344911668972,0.20060341614632904,2
H4,Teste,69,1T23,Ridge Contábil,0.1,345,Custo_t_1,746.5324838246354,0.015313599006077802,10
H4,Teste,69,1T23,Ridge Contábil,0.1,345,Custo_t_4,-9146.142714574675,0.18761455799726115,3
H4,Teste,69,1T23,Ridge Contábil,0.1,345,Receita_t,10022.719472021932,0.2055957513846188,1
H4,Teste,69,1T23,Ridge Contábil,0.1,345,Receita_t_1,1279.0801340661922,0.026237733379504316,8
H4,Teste,69,1T23,Ridge Contábil,0.1,345,Receita_t_4,7673.314649361699,0.1574024789728914,4
H4,Teste,69,1T23,Ridge Contábil,0.1,345,Despesas_t,-519.3386483998942,0.010653178504985992,11
H4,Teste,69,1T23,Ridge Contábil,0.1,345,Despesas_t_1,-490.293674110921,0.01005737979690505,12
H4,Teste,69,1T23,Ridge Contábil,0.1,345,Despesas_t_4,-299.8075733708625,0.006149943983770598,14
H4,Teste,69,1T23,Ridge Contábil,0.1,345,EBIT_t,231.39882523041223,0.004746677333987801,15
H4,Teste,69,1T23,Ridge Contábil,0.1,345,EBIT_t_1,-1491.22213315156,0.030589396002003374,7
H4,Teste,69,1T23,Ridge Contábil,0.1,345,EBIT_t_4,-1041.012011844253,0.021354248951393234,9
H4,Teste,69,1T23,Ridge Contábil,0.1,345,Trimestre_Sin,-69.59948938580298,0.0014276922901218614,17
H4,Teste,69,1T23,Ridge Contábil,0.1,345,Trimestre_Cos,4.544121122297344,9.321342367501867e-05,19
H4,Teste,69,1T23,Ridge Contábil,0.1,345,Segmento=CORPORATIVO / OUTROS NEGÓCIOS,-0.5744897500309915,1.1784491439682695e-05,20
H4,Teste,69,1T23,Ridge Contábil,0.1,345,Segmento=DISTRIBUIÇÃO,345.78774294562515,0.0070931338574275575,13
H4,Teste,69,1T23,Ridge Contábil,0.1,345,Segmento=E&P,-2319.3259350519197,0.04757626506996679,6
H4,Teste,69,1T23,Ridge Contábil,0.1,345,Segmento=GÁS & ENERGIA / G&EBC,87.8978636439716,0.0018030463060879696,16
H4,Teste,69,1T23,Ridge Contábil,0.1,345,Segmento=INTERNACIONAL,-7.30593102448935,0.0001498663494211383,18
H4,Teste,69,1T23,Ridge Contábil,0.1,345,Segmento=REFINO / RTC,3194.4001453759124,0.0655266367521315,5
H4,Teste,69,1T23,Ridge + Brent e Câmbio,100.0,345,Custo_t,4177.293858823495,0.14359746140114538,1
H4,Teste,69,1T23,Ridge + Brent e Câmbio,100.0,345,Custo_t_1,3387.323875790428,0.1164416787388734,3
H4,Teste,69,1T23,Ridge + Brent e Câmbio,100.0,345,Custo_t_4,1932.1250271504805,0.06641817846316644,7
H4,Teste,69,1T23,Ridge + Brent e Câmbio,100.0,345,Receita_t,3527.4442916330336,0.12125841816048975,2
H4,Teste,69,1T23,Ridge + Brent e Câmbio,100.0,345,Receita_t_1,2911.929139742339,0.10009964498039617,5
H4,Teste,69,1T23,Ridge + Brent e Câmbio,100.0,345,Receita_t_4,1967.6576664936601,0.06763963833144589,6
H4,Teste,69,1T23,Ridge + Brent e Câmbio,100.0,345,Despesas_t,-695.9120727910469,0.023922474785948705,11
H4,Teste,69,1T23,Ridge + Brent e Câmbio,100.0,345,Despesas_t_1,-545.4117239917258,0.018748917751669068,14
H4,Teste,69,1T23,Ridge + Brent e Câmbio,100.0,345,Despesas_t_4,-103.99068269634535,0.0035747540271856585,23
H4,Teste,69,1T23,Ridge + Brent e Câmbio,100.0,345,EBIT_t,-80.91877908370533,0.0027816408538164947,26
H4,Teste,69,1T23,Ridge + Brent e Câmbio,100.0,345,EBIT_t_1,-226.59233554001528,0.007789273452183431,20
H4,Teste,69,1T23,Ridge + Brent e Câmbio,100.0,345,EBIT_t_4,-84.58159855690985,0.0029075528905796893,25
H4,Teste,69,1T23,Ridge + Brent e Câmbio,100.0,345,Trimestre_Sin,-191.18637302964726,0.0065721681905524226,21
H4,Teste,69,1T23,Ridge + Brent e Câmbio,100.0,345,Trimestre_Cos,94.59968609650204,0.0032519318084624376,24
H4,Teste,69,1T23,Ridge + Brent e Câmbio,100.0,345,Brent_t,378.9950322336529,0.013028225054706973,17
H4,Teste,69,1T23,Ridge + Brent e Câmbio,100.0,345,Brent_t_1,-292.03820081537543,0.010039021837227602,18
H4,Teste,69,1T23,Ridge + Brent e Câmbio,100.0,345,Brent_t_4,37.24184978706352,0.0012802151986528638,29
H4,Teste,69,1T23,Ridge + Brent e Câmbio,100.0,345,USD_BRL_t,746.4126411769483,0.025658467910830946,10
H4,Teste,69,1T23,Ridge + Brent e Câmbio,100.0,345,USD_BRL_t_1,972.3804874162047,0.033426274097054204,8
H4,Teste,69,1T23,Ridge + Brent e Câmbio,100.0,345,USD_BRL_t_4,461.8497172279934,0.015876414057558155,15
H4,Teste,69,1T23,Ridge + Brent e Câmbio,100.0,345,Brent_BRL_t,65.02978490642273,0.0022354453250398904,27
H4,Teste,69,1T23,Ridge + Brent e Câmbio,100.0,345,Brent_Var_AA,680.788262433813,0.02340258299777013,12
H4,Teste,69,1T23,Ridge + Brent e Câmbio,100.0,345,USD_BRL_Var_AA,-182.9766991390251,0.006289954784106405,22
H4,Teste,69,1T23,Ridge + Brent e Câmbio,100.0,345,Segmento=CORPORATIVO / OUTROS NEGÓCIOS,-615.0149278733709,0.02114157762204878,13
H4,Teste,69,1T23,Ridge + Brent e Câmbio,100.0,345,Segmento=DISTRIBUIÇÃO,257.88521048467396,0.008864988389619525,19
H4,Teste,69,1T23,Ridge + Brent e Câmbio,100.0,345,Segmento=E&P,-774.3805735863725,0.026619885572686137,9
H4,Teste,69,1T23,Ridge + Brent e Câmbio,100.0,345,Segmento=GÁS & ENERGIA / G&EBC,-410.14304171749376,0.014098960138409718,16
H4,Teste,69,1T23,Ridge + Brent e Câmbio,100.0,345,Segmento=INTERNACIONAL,-43.00997856141097,0.0014784987470514615,28
H4,Teste,69,1T23,Ridge + Brent e Câmbio,100.0,345,Segmento=REFINO / RTC,3245.190850558224,0.11155575443132236,4
H4,Teste,70,2T23,Ridge Contábil,0.1,349,Custo_t,14695.885168145353,0.33703479089590627,1
H4,Teste,70,2T23,Ridge Contábil,0.1,349,Custo_t_1,-522.6652656284845,0.011986782456049963,12
H4,Teste,70,2T23,Ridge Contábil,0.1,349,Custo_t_4,-6553.785201690701,0.15030422460134613,2
H4,Teste,70,2T23,Ridge Contábil,0.1,349,Receita_t,4736.560159220924,0.10862806456117481,4
H4,Teste,70,2T23,Ridge Contábil,0.1,349,Receita_t_1,1892.8494842545267,0.0434105276969621,6
H4,Teste,70,2T23,Ridge Contábil,0.1,349,Receita_t_4,5084.177857537385,0.11660031372638724,3
H4,Teste,70,2T23,Ridge Contábil,0.1,349,Despesas_t,-82.57485088112621,0.0018937680365321802,19
H4,Teste,70,2T23,Ridge Contábil,0.1,349,Despesas_t_1,-391.62015906592376,0.008981399685097192,13
H4,Teste,70,2T23,Ridge Contábil,0.1,349,Despesas_t_4,248.12946609695337,0.005690590377119392,14
H4,Teste,70,2T23,Ridge Contábil,0.1,349,EBIT_t,812.2620717450279,0.018628383004561145,9
H4,Teste,70,2T23,Ridge Contábil,0.1,349,EBIT_t_1,-1443.426535700571,0.03310348135326643,7
H4,Teste,70,2T23,Ridge Contábil,0.1,349,EBIT_t_4,-549.4487825141798,0.012601034466714423,11
H4,Teste,70,2T23,Ridge Contábil,0.1,349,Trimestre_Sin,-226.88436454482283,0.005203356142688568,15
H4,Teste,70,2T23,Ridge Contábil,0.1,349,Trimestre_Cos,10.565663565952617,0.00024231246841436362,20
H4,Teste,70,2T23,Ridge Contábil,0.1,349,Segmento=CORPORATIVO / OUTROS NEGÓCIOS,-100.60422608330279,0.0023072529427983803,18
H4,Teste,70,2T23,Ridge Contábil,0.1,349,Segmento=DISTRIBUIÇÃO,697.4180068298783,0.015994554217696844,10
H4,Teste,70,2T23,Ridge Contábil,0.1,349,Segmento=E&P,-1014.366919141805,0.02326344677935643,8
H4,Teste,70,2T23,Ridge Contábil,0.1,349,Segmento=GÁS & ENERGIA / G&EBC,187.3692444858214,0.004297118098914241,16
H4,Teste,70,2T23,Ridge Contábil,0.1,349,Segmento=INTERNACIONAL,115.222212397201,0.002642501204761064,17
H4,Teste,70,2T23,Ridge Contábil,0.1,349,Segmento=REFINO / RTC,4237.6507239298435,0.0971860972842527,5
H4,Teste,70,2T23,Ridge + Brent e Câmbio,100.0,349,Custo_t,4364.161281090446,0.1458172850203843,1
H4,Teste,70,2T23,Ridge + Brent e Câmbio,100.0,349,Custo_t_1,3518.4782315869843,0.11756094930688335,2
H4,Teste,70,2T23,Ridge + Brent e Câmbio,100.0,349,Custo_t_4,2048.1321757448945,0.06843309721940215,6
H4,Teste,70,2T23,Ridge + Brent e Câmbio,100.0,349,Receita_t,3498.786535631863,0.11690300166089139,3
H4,Teste,70,2T23,Ridge + Brent e Câmbio,100.0,349,Receita_t_1,2918.4389748155418,0.09751217253340011,5
H4,Teste,70,2T23,Ridge + Brent e Câmbio,100.0,349,Receita_t_4,1986.011649851693,0.06635749876041902,7
H4,Teste,70,2T23,Ridge + Brent e Câmbio,100.0,349,Despesas_t,-654.1690595082017,0.02185738565967706,13
H4,Teste,70,2T23,Ridge + Brent e Câmbio,100.0,349,Despesas_t_1,-537.4308284856365,0.01795687630417965,14
H4,Teste,70,2T23,Ridge + Brent e Câmbio,100.0,349,Despesas_t_4,-14.035405035089568,0.0004689571545501682,29
H4,Teste,70,2T23,Ridge + Brent e Câmbio,100.0,349,EBIT_t,-216.17610849573254,0.007222971654073125,23
H4,Teste,70,2T23,Ridge + Brent e Câmbio,100.0,349,EBIT_t_1,-320.122172908409,0.01069606348660578,19
H4,Teste,70,2T23,Ridge + Brent e Câmbio,100.0,349,EBIT_t_4,-110.59317589475599,0.0036951880583858086,24
H4,Teste,70,2T23,Ridge + Brent e Câmbio,100.0,349,Trimestre_Sin,-326.84788374169045,0.01092078590871027,18
H4,Teste,70,2T23,Ridge + Brent e Câmbio,100.0,349,Trimestre_Cos,87.26217462012056,0.0029156423350379284,25
H4,Teste,70,2T23,Ridge + Brent e Câmbio,100.0,349,Brent_t,334.1504711948624,0.011164783187330413,17
H4,Teste,70,2T23,Ridge + Brent e Câmbio,100.0,349,Brent_t_1,-260.94183827900423,0.008718703997246708,20
H4,Teste,70,2T23,Ridge + Brent e Câmbio,100.0,349,Brent_t_4,-18.813212371894725,0.0006285953643528371,28
H4,Teste,70,2T23,Ridge + Brent e Câmbio,100.0,349,USD_BRL_t,807.8696220139719,0.02699289676642912,9
H4,Teste,70,2T23,Ridge + Brent e Câmbio,100.0,349,USD_BRL_t_1,916.8782781093984,0.03063514214916259,8
H4,Teste,70,2T23,Ridge + Brent e Câmbio,100.0,349,USD_BRL_t_4,381.8185359017825,0.012757489627364253,16
H4,Teste,70,2T23,Ridge + Brent e Câmbio,100.0,349,Brent_BRL_t,-256.3359729525224,0.008564810789865221,21
H4,Teste,70,2T23,Ridge + Brent e Câmbio,100.0,349,Brent_Var_AA,787.3921139639314,0.026308693219512107,10
H4,Teste,70,2T23,Ridge + Brent e Câmbio,100.0,349,USD_BRL_Var_AA,-59.48190105170528,0.001987435559907542,27
H4,Teste,70,2T23,Ridge + Brent e Câmbio,100.0,349,Segmento=CORPORATIVO / OUTROS NEGÓCIOS,-685.6190287142762,0.022908205926901147,12
H4,Teste,70,2T23,Ridge + Brent e Câmbio,100.0,349,Segmento=DISTRIBUIÇÃO,241.702404601296,0.008075867538298934,22
H4,Teste,70,2T23,Ridge + Brent e Câmbio,100.0,349,Segmento=E&P,-720.6722370840414,0.02407941921314703,11
H4,Teste,70,2T23,Ridge + Brent e Câmbio,100.0,349,Segmento=GÁS & ENERGIA / G&EBC,-459.06353936915565,0.015338433813778038,15
H4,Teste,70,2T23,Ridge + Brent e Câmbio,100.0,349,Segmento=INTERNACIONAL,-68.30277812777707,0.002282162602261474,26
H4,Teste,70,2T23,Ridge + Brent e Câmbio,100.0,349,Segmento=REFINO / RTC,3329.283315699964,0.11123948518184257,4
H4,Teste,71,3T23,Ridge Contábil,0.1,353,Custo_t,16489.03212236884,0.41617568948958034,1
H4,Teste,71,3T23,Ridge Contábil,0.1,353,Custo_t_1,-75.25215429711004,0.0018993302316204625,18
H4,Teste,71,3T23,Ridge Contábil,0.1,353,Custo_t_4,-4931.631131525639,0.12447213221730975,3
H4,Teste,71,3T23,Ridge Contábil,0.1,353,Receita_t,560.3601984672681,0.014143237166920524,11
H4,Teste,71,3T23,Ridge Contábil,0.1,353,Receita_t_1,2246.2181134384523,0.05669352604608392,5
H4,Teste,71,3T23,Ridge Contábil,0.1,353,Receita_t_4,2936.1814444377474,0.07410788747555921,4
H4,Teste,71,3T23,Ridge Contábil,0.1,353,Despesas_t,-55.04552908679698,0.0013893241793094036,20
H4,Teste,71,3T23,Ridge Contábil,0.1,353,Despesas_t_1,-59.302099270413315,0.0014967580794850329,19
H4,Teste,71,3T23,Ridge Contábil,0.1,353,Despesas_t_4,634.5168997518916,0.016014918661526486,10
H4,Teste,71,3T23,Ridge Contábil,0.1,353,EBIT_t,724.359382594995,0.018282502165834245,8
H4,Teste,71,3T23,Ridge Contábil,0.1,353,EBIT_t_1,-802.7273172706238,0.0202604732805402,7
H4,Teste,71,3T23,Ridge Contábil,0.1,353,EBIT_t_4,-242.19179556666785,0.00611281103467201,16
H4,Teste,71,3T23,Ridge Contábil,0.1,353,Trimestre_Sin,-275.1879084005684,0.006945617951852772,14
H4,Teste,71,3T23,Ridge Contábil,0.1,353,Trimestre_Cos,252.07211581797884,0.006362185834990883,15
H4,Teste,71,3T23,Ridge Contábil,0.1,353,Segmento=CORPORATIVO / OUTROS NEGÓCIOS,-170.04695996971333,0.004291908117214321,17
H4,Teste,71,3T23,Ridge Contábil,0.1,353,Segmento=DISTRIBUIÇÃO,1400.1935325836237,0.035340249477185524,6
H4,Teste,71,3T23,Ridge Contábil,0.1,353,Segmento=E&P,637.8490903838218,0.01609902164122006,9
H4,Teste,71,3T23,Ridge Contábil,0.1,353,Segmento=GÁS & ENERGIA / G&EBC,452.22035432331904,0.011413836565119873,12
H4,Teste,71,3T23,Ridge Contábil,0.1,353,Segmento=INTERNACIONAL,317.7163442366708,0.008019016376675573,13
H4,Teste,71,3T23,Ridge Contábil,0.1,353,Segmento=REFINO / RTC,6358.259066106934,0.16047957400729948,2
H4,Teste,71,3T23,Ridge + Brent e Câmbio,100.0,353,Custo_t,4320.570172848213,0.13643296264521773,1
H4,Teste,71,3T23,Ridge + Brent e Câmbio,100.0,353,Custo_t_1,3588.8032250261967,0.11332556508815149,3
H4,Teste,71,3T23,Ridge + Brent e Câmbio,100.0,353,Custo_t_4,2189.014405082961,0.0691236824332489,6
H4,Teste,71,3T23,Ridge + Brent e Câmbio,100.0,353,Receita_t,3279.2522276390396,0.10355070714724435,4
H4,Teste,71,3T23,Ridge + Brent e Câmbio,100.0,353,Receita_t_1,2856.0667889072934,0.0901875534789341,5
H4,Teste,71,3T23,Ridge + Brent e Câmbio,100.0,353,Receita_t_4,2028.917681975146,0.0640682223042467,7
H4,Teste,71,3T23,Ridge + Brent e Câmbio,100.0,353,Despesas_t,-746.7744528957314,0.02358129759738671,12
H4,Teste,71,3T23,Ridge + Brent e Câmbio,100.0,353,Despesas_t_1,-475.8783888102238,0.015027067226502511,17
H4,Teste,71,3T23,Ridge + Brent e Câmbio,100.0,353,Despesas_t_4,94.1995614751829,0.0029745900975535495,28
H4,Teste,71,3T23,Ridge + Brent e Câmbio,100.0,353,EBIT_t,-555.2068253385788,0.017532063832180096,14
H4,Teste,71,3T23,Ridge + Brent e Câmbio,100.0,353,EBIT_t_1,-341.3835362949113,0.010780051102447919,18
H4,Teste,71,3T23,Ridge + Brent e Câmbio,100.0,353,EBIT_t_4,-141.44618601695623,0.004466522111927256,25
H4,Teste,71,3T23,Ridge + Brent e Câmbio,100.0,353,Trimestre_Sin,-338.52157834506795,0.010689677520619074,19
H4,Teste,71,3T23,Ridge + Brent e Câmbio,100.0,353,Trimestre_Cos,259.97550170717125,0.008209385912994941,24
H4,Teste,71,3T23,Ridge + Brent e Câmbio,100.0,353,Brent_t,305.6183290441877,0.00965067396248129,21
H4,Teste,71,3T23,Ridge + Brent e Câmbio,100.0,353,Brent_t_1,-319.29648097087573,0.01008259630518432,20
H4,Teste,71,3T23,Ridge + Brent e Câmbio,100.0,353,Brent_t_4,-32.112638799273334,0.0010140380261090477,29
H4,Teste,71,3T23,Ridge + Brent e Câmbio,100.0,353,USD_BRL_t,910.7241059049047,0.028758423761258596,10
H4,Teste,71,3T23,Ridge + Brent e Câmbio,100.0,353,USD_BRL_t_1,911.629475764212,0.0287870131111021,9
H4,Teste,71,3T23,Ridge + Brent e Câmbio,100.0,353,USD_BRL_t_4,299.9905214615738,0.009472961662720844,22
H4,Teste,71,3T23,Ridge + Brent e Câmbio,100.0,353,Brent_BRL_t,-634.039048948409,0.02002139125627544,13
H4,Teste,71,3T23,Ridge + Brent e Câmbio,100.0,353,Brent_Var_AA,959.2421640649104,0.030290504517210968,8
H4,Teste,71,3T23,Ridge + Brent e Câmbio,100.0,353,USD_BRL_Var_AA,105.6272906787641,0.003335449634415105,27
H4,Teste,71,3T23,Ridge + Brent e Câmbio,100.0,353,Segmento=CORPORATIVO / OUTROS NEGÓCIOS,-876.1803301086034,0.027667616417714234,11
H4,Teste,71,3T23,Ridge + Brent e Câmbio,100.0,353,Segmento=DISTRIBUIÇÃO,278.66595418437686,0.008799584359642043,23
H4,Teste,71,3T23,Ridge + Brent e Câmbio,100.0,353,Segmento=E&P,-478.77137413252655,0.015118420576319928,16
H4,Teste,71,3T23,Ridge + Brent e Câmbio,100.0,353,Segmento=GÁS & ENERGIA / G&EBC,-546.515262287499,0.017257605682066357,15
H4,Teste,71,3T23,Ridge + Brent e Câmbio,100.0,353,Segmento=INTERNACIONAL,-121.38731155607603,0.0038331122700446755,26
H4,Teste,71,3T23,Ridge + Brent e Câmbio,100.0,353,Segmento=REFINO / RTC,3672.270624854378,0.11596125995879972,2
H4,Teste,72,4T23,Ridge Contábil,0.1,357,Custo_t,14203.344277489095,0.28211838629841623,1
H4,Teste,72,4T23,Ridge Contábil,0.1,357,Custo_t_1,2852.0823955833553,0.05665038228407579,7
H4,Teste,72,4T23,Ridge Contábil,0.1,357,Custo_t_4,-5540.623459075218,0.11005237349902362,3
H4,Teste,72,4T23,Ridge Contábil,0.1,357,Receita_t,4874.371028369782,0.09681872535631708,4
H4,Teste,72,4T23,Ridge Contábil,0.1,357,Receita_t_1,-3441.6524855663474,0.0683609033519505,5
H4,Teste,72,4T23,Ridge Contábil,0.1,357,Receita_t_4,3207.5787933287143,0.06371154112860043,6
H4,Teste,72,4T23,Ridge Contábil,0.1,357,Despesas_t,292.6768857496468,0.005813386558924779,16
H4,Teste,72,4T23,Ridge Contábil,0.1,357,Despesas_t_1,121.19394498822913,0.0024072527935134033,20
H4,Teste,72,4T23,Ridge Contábil,0.1,357,Despesas_t_4,507.5894727150283,0.010082155311223865,13
H4,Teste,72,4T23,Ridge Contábil,0.1,357,EBIT_t,1117.4547691051864,0.02219579629010838,10
H4,Teste,72,4T23,Ridge Contábil,0.1,357,EBIT_t_1,-1066.1425814871063,0.02117659184885594,11
H4,Teste,72,4T23,Ridge Contábil,0.1,357,EBIT_t_4,-322.580353694266,0.006407353582214719,15
H4,Teste,72,4T23,Ridge Contábil,0.1,357,Trimestre_Sin,-128.6803207388544,0.0025559532829704796,19
H4,Teste,72,4T23,Ridge Contábil,0.1,357,Trimestre_Cos,286.87781186518805,0.0056982006326847376,17
H4,Teste,72,4T23,Ridge Contábil,0.1,357,Segmento=CORPORATIVO / OUTROS NEGÓCIOS,-264.18005286744744,0.005247359266318523,18
H4,Teste,72,4T23,Ridge Contábil,0.1,357,Segmento=DISTRIBUIÇÃO,1888.9833703436598,0.03752052543220528,8
H4,Teste,72,4T23,Ridge Contábil,0.1,357,Segmento=E&P,1344.2943357039194,0.02670146842106513,9
H4,Teste,72,4T23,Ridge Contábil,0.1,357,Segmento=GÁS & ENERGIA / G&EBC,561.6608784662042,0.011156165589182528,12
H4,Teste,72,4T23,Ridge Contábil,0.1,357,Segmento=INTERNACIONAL,440.3240933076644,0.008746075587927107,14
H4,Teste,72,4T23,Ridge Contábil,0.1,357,Segmento=REFINO / RTC,7883.04230586618,0.15657940348442143,2
H4,Teste,72,4T23,Ridge + Brent e Câmbio,100.0,357,Custo_t,4316.718560731186,0.1319429384042446,1
H4,Teste,72,4T23,Ridge + Brent e Câmbio,100.0,357,Custo_t_1,3574.9605735687287,0.1092706870090888,3
H4,Teste,72,4T23,Ridge + Brent e Câmbio,100.0,357,Custo_t_4,2300.929690118928,0.07032921421785618,6
H4,Teste,72,4T23,Ridge + Brent e Câmbio,100.0,357,Receita_t,3307.280032422192,0.10108888023720375,4
H4,Teste,72,4T23,Ridge + Brent e Câmbio,100.0,357,Receita_t_1,2705.22384306585,0.08268669311507582,5
H4,Teste,72,4T23,Ridge + Brent e Câmbio,100.0,357,Receita_t_4,2119.3883453217463,0.06478030058417675,7
H4,Teste,72,4T23,Ridge + Brent e Câmbio,100.0,357,Despesas_t,-608.3043329970811,0.018593165157858686,14
H4,Teste,72,4T23,Ridge + Brent e Câmbio,100.0,357,Despesas_t_1,-513.5957093714113,0.015698342639877367,16
H4,Teste,72,4T23,Ridge + Brent e Câmbio,100.0,357,Despesas_t_4,22.512441217535763,0.0006881054678698732,29
H4,Teste,72,4T23,Ridge + Brent e Câmbio,100.0,357,EBIT_t,-432.39876682819045,0.013216512277793606,18
H4,Teste,72,4T23,Ridge + Brent e Câmbio,100.0,357,EBIT_t_1,-546.3681412571337,0.016700050511451636,15
H4,Teste,72,4T23,Ridge + Brent e Câmbio,100.0,357,EBIT_t_4,-297.49117096097143,0.009092985492031103,22
H4,Teste,72,4T23,Ridge + Brent e Câmbio,100.0,357,Trimestre_Sin,-219.81615337092254,0.00671880475329504,25
H4,Teste,72,4T23,Ridge + Brent e Câmbio,100.0,357,Trimestre_Cos,264.9874590188019,0.008099491197149726,23
H4,Teste,72,4T23,Ridge + Brent e Câmbio,100.0,357,Brent_t,340.26816838283776,0.010400488554031933,19
H4,Teste,72,4T23,Ridge + Brent e Câmbio,100.0,357,Brent_t_1,-471.4374907217333,0.014409752900178206,17
H4,Teste,72,4T23,Ridge + Brent e Câmbio,100.0,357,Brent_t_4,-33.209349741166236,0.001015062512345376,28
H4,Teste,72,4T23,Ridge + Brent e Câmbio,100.0,357,USD_BRL_t,876.2099116456216,0.026781850327964013,11
H4,Teste,72,4T23,Ridge + Brent e Câmbio,100.0,357,USD_BRL_t_1,968.4304636803239,0.029600623533938115,10
H4,Teste,72,4T23,Ridge + Brent e Câmbio,100.0,357,USD_BRL_t_4,222.96142437547897,0.0068149417361861725,24
H4,Teste,72,4T23,Ridge + Brent e Câmbio,100.0,357,Brent_BRL_t,-811.8511691600595,0.024814689051156382,12
H4,Teste,72,4T23,Ridge + Brent e Câmbio,100.0,357,Brent_Var_AA,1095.5130962890955,0.03348497590267541,8
H4,Teste,72,4T23,Ridge + Brent e Câmbio,100.0,357,USD_BRL_Var_AA,219.02849769694046,0.0066947296132056746,26
H4,Teste,72,4T23,Ridge + Brent e Câmbio,100.0,357,Segmento=CORPORATIVO / OUTROS NEGÓCIOS,-1022.3586454696634,0.03124896883789476,9
H4,Teste,72,4T23,Ridge + Brent e Câmbio,100.0,357,Segmento=DISTRIBUIÇÃO,318.64363573379364,0.009739522512537183,20
H4,Teste,72,4T23,Ridge + Brent e Câmbio,100.0,357,Segmento=E&P,-308.90902515293953,0.009441978647634073,21
H4,Teste,72,4T23,Ridge + Brent e Câmbio,100.0,357,Segmento=GÁS & ENERGIA / G&EBC,-639.0829239950258,0.019533930157725476,13
H4,Teste,72,4T23,Ridge + Brent e Câmbio,100.0,357,Segmento=INTERNACIONAL,-166.38509487110045,0.005085654303171306,27
H4,Teste,72,4T23,Ridge + Brent e Câmbio,100.0,357,Segmento=REFINO / RTC,3992.2920921980362,0.12202666034438302,2
H4,Teste,73,1T24,Ridge Contábil,0.1,361,Custo_t,14645.250550242768,0.28255985196836614,1
H4,Teste,73,1T24,Ridge Contábil,0.1,361,Custo_t_1,2932.0892369928033,0.056570606144323875,7
H4,Teste,73,1T24,Ridge Contábil,0.1,361,Custo_t_4,-5946.381111089037,0.11472719846837683,3
H4,Teste,73,1T24,Ridge Contábil,0.1,361,Receita_t,4992.852772444943,0.09633018810036703,4
H4,Teste,73,1T24,Ridge Contábil,0.1,361,Receita_t_1,-3525.2328884017265,0.06801449245839607,6
H4,Teste,73,1T24,Ridge Contábil,0.1,361,Receita_t_4,3581.427007515968,0.06909868025866212,5
H4,Teste,73,1T24,Ridge Contábil,0.1,361,Despesas_t,280.40712267195966,0.005410067571138345,16
H4,Teste,73,1T24,Ridge Contábil,0.1,361,Despesas_t_1,110.48047932762188,0.002131568031363553,20
H4,Teste,73,1T24,Ridge Contábil,0.1,361,Despesas_t_4,505.61539525379266,0.009755149681168845,13
H4,Teste,73,1T24,Ridge Contábil,0.1,361,EBIT_t,1108.454100402314,0.021386088646889994,11
H4,Teste,73,1T24,Ridge Contábil,0.1,361,EBIT_t_1,-1113.1113096841284,0.02147594305810274,10
H4,Teste,73,1T24,Ridge Contábil,0.1,361,EBIT_t_4,-331.5657615088613,0.006397102744559699,15
H4,Teste,73,1T24,Ridge Contábil,0.1,361,Trimestre_Sin,-128.25838812937934,0.0024745681911831773,19
H4,Teste,73,1T24,Ridge Contábil,0.1,361,Trimestre_Cos,278.6285673699451,0.0053757528066943555,17
H4,Teste,73,1T24,Ridge Contábil,0.1,361,Segmento=CORPORATIVO / OUTROS NEGÓCIOS,-263.84313633173167,0.005090488366109089,18
H4,Teste,73,1T24,Ridge Contábil,0.1,361,Segmento=DISTRIBUIÇÃO,1884.7309311291058,0.03636327634498634,8
H4,Teste,73,1T24,Ridge Contábil,0.1,361,Segmento=E&P,1310.516397930226,0.025284601183906873,9
H4,Teste,73,1T24,Ridge Contábil,0.1,361,Segmento=GÁS & ENERGIA / G&EBC,537.8965441713904,0.010377969798054724,12
H4,Teste,73,1T24,Ridge Contábil,0.1,361,Segmento=INTERNACIONAL,437.11843835556294,0.0084335956432199,14
H4,Teste,73,1T24,Ridge Contábil,0.1,361,Segmento=REFINO / RTC,7916.753616755986,0.1527428105341303,2
H4,Teste,73,1T24,Ridge + Brent e Câmbio,100.0,361,Custo_t,4435.881929530104,0.13250829379343518,1
H4,Teste,73,1T24,Ridge + Brent e Câmbio,100.0,361,Custo_t_1,3624.24111781307,0.10826302738591931,3
H4,Teste,73,1T24,Ridge + Brent e Câmbio,100.0,361,Custo_t_4,2359.993118046024,0.07049751693225392,6
H4,Teste,73,1T24,Ridge + Brent e Câmbio,100.0,361,Receita_t,3400.712513661917,0.10158579962813834,4
H4,Teste,73,1T24,Ridge + Brent e Câmbio,100.0,361,Receita_t_1,2708.345128888076,0.08090345904917638,5
H4,Teste,73,1T24,Ridge + Brent e Câmbio,100.0,361,Receita_t_4,2120.167473496262,0.06333346534746205,7
H4,Teste,73,1T24,Ridge + Brent e Câmbio,100.0,361,Despesas_t,-559.5479371167725,0.016714769153207396,15
H4,Teste,73,1T24,Ridge + Brent e Câmbio,100.0,361,Despesas_t_1,-470.97933781889935,0.014069055366619117,17
H4,Teste,73,1T24,Ridge + Brent e Câmbio,100.0,361,Despesas_t_4,58.3676237887584,0.0017435527734717645,29
H4,Teste,73,1T24,Ridge + Brent e Câmbio,100.0,361,EBIT_t,-399.02860106883674,0.011919748979435507,18
H4,Teste,73,1T24,Ridge + Brent e Câmbio,100.0,361,EBIT_t_1,-586.408951399713,0.01751715912407179,14
H4,Teste,73,1T24,Ridge + Brent e Câmbio,100.0,361,EBIT_t_4,-344.38320560003837,0.010287386298852386,19
H4,Teste,73,1T24,Ridge + Brent e Câmbio,100.0,361,Trimestre_Sin,-237.00041204013962,0.0070796564756868356,24
H4,Teste,73,1T24,Ridge + Brent e Câmbio,100.0,361,Trimestre_Cos,189.7163652874468,0.0056671913879354895,25
H4,Teste,73,1T24,Ridge + Brent e Câmbio,100.0,361,Brent_t,330.16857688817834,0.009862768099486725,22
H4,Teste,73,1T24,Ridge + Brent e Câmbio,100.0,361,Brent_t_1,-542.4180791520656,0.016203067469554234,16
H4,Teste,73,1T24,Ridge + Brent e Câmbio,100.0,361,Brent_t_4,-95.4567689812804,0.002851476614952074,28
H4,Teste,73,1T24,Ridge + Brent e Câmbio,100.0,361,USD_BRL_t,850.3456864692079,0.025401455187193896,11
H4,Teste,73,1T24,Ridge + Brent e Câmbio,100.0,361,USD_BRL_t_1,928.7291590481148,0.027742919720749618,10
H4,Teste,73,1T24,Ridge + Brent e Câmbio,100.0,361,USD_BRL_t_4,115.02311501532827,0.0034359608663212886,27
H4,Teste,73,1T24,Ridge + Brent e Câmbio,100.0,361,Brent_BRL_t,-833.5980649479828,0.024901171638593938,12
H4,Teste,73,1T24,Ridge + Brent e Câmbio,100.0,361,Brent_Var_AA,1188.6672681055168,0.03550776916225332,8
H4,Teste,73,1T24,Ridge + Brent e Câmbio,100.0,361,USD_BRL_Var_AA,339.245616751037,0.010133916674681063,20
H4,Teste,73,1T24,Ridge + Brent e Câmbio,100.0,361,Segmento=CORPORATIVO / OUTROS NEGÓCIOS,-1087.9028074474097,0.03249774162569175,9
H4,Teste,73,1T24,Ridge + Brent e Câmbio,100.0,361,Segmento=DISTRIBUIÇÃO,338.5608107652157,0.010113460207578855,21
H4,Teste,73,1T24,Ridge + Brent e Câmbio,100.0,361,Segmento=E&P,-275.6163209300511,0.008233187674572229,23
H4,Teste,73,1T24,Ridge + Brent e Câmbio,100.0,361,Segmento=GÁS & ENERGIA / G&EBC,-699.2942260447135,0.020889258601750373,13
H4,Teste,73,1T24,Ridge + Brent e Câmbio,100.0,361,Segmento=INTERNACIONAL,-189.60870883165111,0.005663975483296918,26
H4,Teste,73,1T24,Ridge + Brent e Câmbio,100.0,361,Segmento=REFINO / RTC,4166.849824915623,0.12447178927765828,2
H4,Teste,74,2T24,Ridge Contábil,0.1,365,Custo_t,15056.46170307886,0.2866356960307144,1
H4,Teste,74,2T24,Ridge Contábil,0.1,365,Custo_t_1,2862.88722955304,0.054501893597788356,7
H4,Teste,74,2T24,Ridge Contábil,0.1,365,Custo_t_4,-5901.75582160578,0.11235401258871938,3
H4,Teste,74,2T24,Ridge Contábil,0.1,365,Receita_t,5171.670904663995,0.0984551031067963,4
H4,Teste,74,2T24,Ridge Contábil,0.1,365,Receita_t_1,-3600.6784356442326,0.06854751069254342,5
H4,Teste,74,2T24,Ridge Contábil,0.1,365,Receita_t_4,3266.53534605698,0.062186299210956725,6
H4,Teste,74,2T24,Ridge Contábil,0.1,365,Despesas_t,306.94724018163896,0.0058434735576805355,16
H4,Teste,74,2T24,Ridge Contábil,0.1,365,Despesas_t_1,120.1654275555001,0.002287635810155573,20
H4,Teste,74,2T24,Ridge Contábil,0.1,365,Despesas_t_4,528.6125343486108,0.010063401661134647,13
H4,Teste,74,2T24,Ridge Contábil,0.1,365,EBIT_t,1164.1774256805913,0.022162896787693828,10
H4,Teste,74,2T24,Ridge Contábil,0.1,365,EBIT_t_1,-1151.5577503783652,0.02192265113866491,11
H4,Teste,74,2T24,Ridge Contábil,0.1,365,EBIT_t_4,-320.4529225400544,0.006100586466378236,15
H4,Teste,74,2T24,Ridge Contábil,0.1,365,Trimestre_Sin,-146.54916449462445,0.002789913234332246,19
H4,Teste,74,2T24,Ridge Contábil,0.1,365,Trimestre_Cos,281.78634641376675,0.005364475872823797,17
H4,Teste,74,2T24,Ridge Contábil,0.1,365,Segmento=CORPORATIVO / OUTROS NEGÓCIOS,-273.71174062236946,0.005210756473350445,18
H4,Teste,74,2T24,Ridge Contábil,0.1,365,Segmento=DISTRIBUIÇÃO,1918.4267153780854,0.03652183279779931,8
H4,Teste,74,2T24,Ridge Contábil,0.1,365,Segmento=E&P,1402.9019954966843,0.026707588932387838,9
H4,Teste,74,2T24,Ridge Contábil,0.1,365,Segmento=GÁS & ENERGIA / G&EBC,546.6881513187949,0.010407514185950078,12
H4,Teste,74,2T24,Ridge Contábil,0.1,365,Segmento=INTERNACIONAL,446.1915693201855,0.0084943218106134,14
H4,Teste,74,2T24,Ridge Contábil,0.1,365,Segmento=REFINO / RTC,8060.057396580402,0.15344243604351637,2
H4,Teste,74,2T24,Ridge + Brent e Câmbio,100.0,365,Custo_t,4553.936629460492,0.13313218881100763,1
H4,Teste,74,2T24,Ridge + Brent e Câmbio,100.0,365,Custo_t_1,3639.5437631362547,0.10640034477536964,3
H4,Teste,74,2T24,Ridge + Brent e Câmbio,100.0,365,Custo_t_4,2349.0882486792443,0.06867448664825511,6
H4,Teste,74,2T24,Ridge + Brent e Câmbio,100.0,365,Receita_t,3499.908195092268,0.10231816482378638,4
H4,Teste,74,2T24,Ridge + Brent e Câmbio,100.0,365,Receita_t_1,2708.472669784529,0.07918092064138507,5
H4,Teste,74,2T24,Ridge + Brent e Câmbio,100.0,365,Receita_t_4,1993.1793486500892,0.058269657874031905,7
H4,Teste,74,2T24,Ridge + Brent e Câmbio,100.0,365,Despesas_t,-499.81391807215607,0.014611824082197423,16
H4,Teste,74,2T24,Ridge + Brent e Câmbio,100.0,365,Despesas_t_1,-435.69969933548515,0.012737475146575115,19
H4,Teste,74,2T24,Ridge + Brent e Câmbio,100.0,365,Despesas_t_4,81.18091274411137,0.002373285682848726,28
H4,Teste,74,2T24,Ridge + Brent e Câmbio,100.0,365,EBIT_t,-367.9359094853523,0.010756432721321579,20
H4,Teste,74,2T24,Ridge + Brent e Câmbio,100.0,365,EBIT_t_1,-591.4686326174565,0.017291306419155095,14
H4,Teste,74,2T24,Ridge + Brent e Câmbio,100.0,365,EBIT_t_4,-445.62703186430196,0.013027696029330937,18
H4,Teste,74,2T24,Ridge + Brent e Câmbio,100.0,365,Trimestre_Sin,-331.7707471049545,0.009699161261885773,22
H4,Teste,74,2T24,Ridge + Brent e Câmbio,100.0,365,Trimestre_Cos,196.6735055506241,0.005749657144041205,27
H4,Teste,74,2T24,Ridge + Brent e Câmbio,100.0,365,Brent_t,328.3132895534471,0.009598084121598939,23
H4,Teste,74,2T24,Ridge + Brent e Câmbio,100.0,365,Brent_t_1,-571.2916815706823,0.016701442774805737,15
H4,Teste,74,2T24,Ridge + Brent e Câmbio,100.0,365,Brent_t_4,-207.6919797952989,0.006071777040058523,26
H4,Teste,74,2T24,Ridge + Brent e Câmbio,100.0,365,USD_BRL_t,819.7151784758452,0.02396398650040587,12
H4,Teste,74,2T24,Ridge + Brent e Câmbio,100.0,365,USD_BRL_t_1,877.3401988147758,0.0256486267824797,10
H4,Teste,74,2T24,Ridge + Brent e Câmbio,100.0,365,USD_BRL_t_4,45.3921553159885,0.0013270182446044932,29
H4,Teste,74,2T24,Ridge + Brent e Câmbio,100.0,365,Brent_BRL_t,-822.4210420353706,0.024043091144939813,11
H4,Teste,74,2T24,Ridge + Brent e Câmbio,100.0,365,Brent_Var_AA,1276.0185481450028,0.03730380022835628,8
H4,Teste,74,2T24,Ridge + Brent e Câmbio,100.0,365,USD_BRL_Var_AA,472.746215313704,0.013820512562619824,17
H4,Teste,74,2T24,Ridge + Brent e Câmbio,100.0,365,Segmento=CORPORATIVO / OUTROS NEGÓCIOS,-1172.1711510890111,0.034267870570716785,9
H4,Teste,74,2T24,Ridge + Brent e Câmbio,100.0,365,Segmento=DISTRIBUIÇÃO,366.10445645274143,0.010702891055994337,21
H4,Teste,74,2T24,Ridge + Brent e Câmbio,100.0,365,Segmento=E&P,-213.8398255957971,0.006251506411477083,25
H4,Teste,74,2T24,Ridge + Brent e Câmbio,100.0,365,Segmento=GÁS & ENERGIA / G&EBC,-753.830044931554,0.02203786570590193,13
H4,Teste,74,2T24,Ridge + Brent e Câmbio,100.0,365,Segmento=INTERNACIONAL,-216.9201435685223,0.006341558054113,24
H4,Teste,74,2T24,Ridge + Brent e Câmbio,100.0,365,Segmento=REFINO / RTC,4368.032412595675,0.1276973667407362,2
H4,Teste,75,3T24,Ridge Contábil,0.1,369,Custo_t,15868.079757855072,0.30770433751769233,1
H4,Teste,75,3T24,Ridge Contábil,0.1,369,Custo_t_1,3715.9135697394713,0.07205677944010055,6
H4,Teste,75,3T24,Ridge Contábil,0.1,369,Custo_t_4,-5558.687451493714,0.10779075135938102,3
H4,Teste,75,3T24,Ridge Contábil,0.1,369,Receita_t,2909.762937428387,0.05642438723889818,7
H4,Teste,75,3T24,Ridge Contábil,0.1,369,Receita_t_1,-3998.073170543793,0.07752825011359346,5
H4,Teste,75,3T24,Ridge Contábil,0.1,369,Receita_t_4,5017.002018788601,0.09728671055816174,4
H4,Teste,75,3T24,Ridge Contábil,0.1,369,Despesas_t,244.01943772096874,0.004731879381196153,16
H4,Teste,75,3T24,Ridge Contábil,0.1,369,Despesas_t_1,132.43596808784196,0.0025681192964643936,20
H4,Teste,75,3T24,Ridge Contábil,0.1,369,Despesas_t_4,435.96465624975167,0.008453966565554461,13
H4,Teste,75,3T24,Ridge Contábil,0.1,369,EBIT_t,1208.307367519364,0.02343077572799836,9
H4,Teste,75,3T24,Ridge Contábil,0.1,369,EBIT_t_1,-739.4619528366269,0.014339205107946212,11
H4,Teste,75,3T24,Ridge Contábil,0.1,369,EBIT_t_4,-415.2387983425605,0.008052063091779625,14
H4,Teste,75,3T24,Ridge Contábil,0.1,369,Trimestre_Sin,-140.1478002013698,0.0027176625447812588,19
H4,Teste,75,3T24,Ridge Contábil,0.1,369,Trimestre_Cos,193.51840860148005,0.0037525935478563257,18
H4,Teste,75,3T24,Ridge Contábil,0.1,369,Segmento=CORPORATIVO / OUTROS NEGÓCIOS,-193.90753208492882,0.0037601391983392023,17
H4,Teste,75,3T24,Ridge Contábil,0.1,369,Segmento=DISTRIBUIÇÃO,1619.3580983555185,0.03140162631283302,8
H4,Teste,75,3T24,Ridge Contábil,0.1,369,Segmento=E&P,1144.4291692110564,0.02219208780909301,10
H4,Teste,75,3T24,Ridge Contábil,0.1,369,Segmento=GÁS & ENERGIA / G&EBC,461.8497303884531,0.008955914483071238,12
H4,Teste,75,3T24,Ridge Contábil,0.1,369,Segmento=INTERNACIONAL,385.70957388847194,0.007479449985045105,15
H4,Teste,75,3T24,Ridge Contábil,0.1,369,Segmento=REFINO / RTC,7187.375614478361,0.13937330072021434,2
H4,Teste,75,3T24,Ridge + Brent e Câmbio,100.0,369,Custo_t,4625.975806952745,0.13323796158966492,1
H4,Teste,75,3T24,Ridge + Brent e Câmbio,100.0,369,Custo_t_1,3718.6124295340624,0.10710396265117586,3
H4,Teste,75,3T24,Ridge + Brent e Câmbio,100.0,369,Custo_t_4,2438.5583570995386,0.07023567746053794,6
H4,Teste,75,3T24,Ridge + Brent e Câmbio,100.0,369,Receita_t,3559.6533736758565,0.10252560308713904,4
H4,Teste,75,3T24,Ridge + Brent e Câmbio,100.0,369,Receita_t_1,2769.488296077643,0.07976716494306321,5
H4,Teste,75,3T24,Ridge + Brent e Câmbio,100.0,369,Receita_t_4,2010.5626750290212,0.05790848972156484,7
H4,Teste,75,3T24,Ridge + Brent e Câmbio,100.0,369,Despesas_t,-484.4792064057089,0.013954033611039716,18
H4,Teste,75,3T24,Ridge + Brent e Câmbio,100.0,369,Despesas_t_1,-408.3706807085893,0.011761945877196011,19
H4,Teste,75,3T24,Ridge + Brent e Câmbio,100.0,369,Despesas_t_4,52.6280857122685,0.001515801023457547,28
H4,Teste,75,3T24,Ridge + Brent e Câmbio,100.0,369,EBIT_t,-365.4437969790002,0.010525560144929377,21
H4,Teste,75,3T24,Ridge + Brent e Câmbio,100.0,369,EBIT_t_1,-591.4308177000183,0.01703446793933138,14
H4,Teste,75,3T24,Ridge + Brent e Câmbio,100.0,369,EBIT_t_4,-526.4481038744284,0.015162827297442788,16
H4,Teste,75,3T24,Ridge + Brent e Câmbio,100.0,369,Trimestre_Sin,-332.56414650557895,0.009578556141952313,22
H4,Teste,75,3T24,Ridge + Brent e Câmbio,100.0,369,Trimestre_Cos,211.51088071990455,0.006091964112479569,26
H4,Teste,75,3T24,Ridge + Brent e Câmbio,100.0,369,Brent_t,326.6624592809716,0.00940857497288424,23
H4,Teste,75,3T24,Ridge + Brent e Câmbio,100.0,369,Brent_t_1,-579.7915981632435,0.016699233612501637,15
H4,Teste,75,3T24,Ridge + Brent e Câmbio,100.0,369,Brent_t_4,-232.12710598835199,0.006685755335147184,24
H4,Teste,75,3T24,Ridge + Brent e Câmbio,100.0,369,USD_BRL_t,817.2461299854978,0.023538430164864534,11
H4,Teste,75,3T24,Ridge + Brent e Câmbio,100.0,369,USD_BRL_t_1,862.0969038910035,0.0248302280341718,10
H4,Teste,75,3T24,Ridge + Brent e Câmbio,100.0,369,USD_BRL_t_4,44.49955004705344,0.0012816818736958093,29
H4,Teste,75,3T24,Ridge + Brent e Câmbio,100.0,369,Brent_BRL_t,-809.5566454459879,0.023316956623178543,12
H4,Teste,75,3T24,Ridge + Brent e Câmbio,100.0,369,Brent_Var_AA,1280.7884726384357,0.03688943748158013,8
H4,Teste,75,3T24,Ridge + Brent e Câmbio,100.0,369,USD_BRL_Var_AA,492.8257102179997,0.014194430707945968,17
H4,Teste,75,3T24,Ridge + Brent e Câmbio,100.0,369,Segmento=CORPORATIVO / OUTROS NEGÓCIOS,-1188.0507329128998,0.034218392945443085,9
H4,Teste,75,3T24,Ridge + Brent e Câmbio,100.0,369,Segmento=DISTRIBUIÇÃO,367.43748254389084,0.010582982537912395,20
H4,Teste,75,3T24,Ridge + Brent e Câmbio,100.0,369,Segmento=E&P,-206.63969620444396,0.005951663617524184,27
H4,Teste,75,3T24,Ridge + Brent e Câmbio,100.0,369,Segmento=GÁS & ENERGIA / G&EBC,-775.5331764577559,0.02233700820940001,13
H4,Teste,75,3T24,Ridge + Brent e Câmbio,100.0,369,Segmento=INTERNACIONAL,-220.58797123610978,0.0063534036634012026,25
H4,Teste,75,3T24,Ridge + Brent e Câmbio,100.0,369,Segmento=REFINO / RTC,4420.0828140797385,0.1273078046193747,2
H4,Teste,76,4T24,Ridge Contábil,0.1,373,Custo_t,17571.143002110526,0.3698179691685564,1
H4,Teste,76,4T24,Ridge Contábil,0.1,373,Custo_t_1,2624.7653864975205,0.05524315661547129,6
H4,Teste,76,4T24,Ridge Contábil,0.1,373,Custo_t_4,-3485.1338623320426,0.07335123999010158,5
H4,Teste,76,4T24,Ridge Contábil,0.1,373,Receita_t,1867.4309882999894,0.03930362046297051,7
H4,Teste,76,4T24,Ridge Contábil,0.1,373,Receita_t_1,-4150.362406852891,0.08735223408240994,4
H4,Teste,76,4T24,Ridge Contábil,0.1,373,Receita_t_4,4215.216592288176,0.0887172131931529,3
H4,Teste,76,4T24,Ridge Contábil,0.1,373,Despesas_t,243.0019692654185,0.005114436480706057,16
H4,Teste,76,4T24,Ridge Contábil,0.1,373,Despesas_t_1,166.29893969329984,0.003500076013545242,18
H4,Teste,76,4T24,Ridge Contábil,0.1,373,Despesas_t_4,441.2174064232066,0.009286255605890236,12
H4,Teste,76,4T24,Ridge Contábil,0.1,373,EBIT_t,1382.6589613536996,0.029100675413040178,9
H4,Teste,76,4T24,Ridge Contábil,0.1,373,EBIT_t_1,-596.5917430144661,0.01255640266531543,11
H4,Teste,76,4T24,Ridge Contábil,0.1,373,EBIT_t_4,-249.9954538062796,0.0052616276025358845,15
H4,Teste,76,4T24,Ridge Contábil,0.1,373,Trimestre_Sin,-97.21159324254707,0.0020460020152519606,20
H4,Teste,76,4T24,Ridge Contábil,0.1,373,Trimestre_Cos,197.71425903917088,0.004161270882875952,17
H4,Teste,76,4T24,Ridge Contábil,0.1,373,Segmento=CORPORATIVO / OUTROS NEGÓCIOS,-154.37018568119186,0.0032490128025213965,19
H4,Teste,76,4T24,Ridge Contábil,0.1,373,Segmento=DISTRIBUIÇÃO,1442.9907754332496,0.0303704726571053,8
H4,Teste,76,4T24,Ridge Contábil,0.1,373,Segmento=E&P,1172.1188935419514,0.02466946110345322,10
H4,Teste,76,4T24,Ridge Contábil,0.1,373,Segmento=GÁS & ENERGIA / G&EBC,433.35369923612325,0.009120749001014615,13
H4,Teste,76,4T24,Ridge Contábil,0.1,373,Segmento=INTERNACIONAL,359.02510829758944,0.0075563630900498426,14
H4,Teste,76,4T24,Ridge Contábil,0.1,373,Segmento=REFINO / RTC,6662.349649436054,0.14022176115403215,2
H4,Teste,76,4T24,Ridge + Brent e Câmbio,100.0,373,Custo_t,4688.136753443359,0.13288459885189596,1
H4,Teste,76,4T24,Ridge + Brent e Câmbio,100.0,373,Custo_t_1,3780.0887956474216,0.10714610295128692,3
H4,Teste,76,4T24,Ridge + Brent e Câmbio,100.0,373,Custo_t_4,2619.705958373937,0.07425520920070323,6
H4,Teste,76,4T24,Ridge + Brent e Câmbio,100.0,373,Receita_t,3581.0074427610302,0.10150316907190078,4
H4,Teste,76,4T24,Ridge + Brent e Câmbio,100.0,373,Receita_t_1,2809.1311927723127,0.07962444171444472,5
H4,Teste,76,4T24,Ridge + Brent e Câmbio,100.0,373,Receita_t_4,2111.4103349151565,0.05984763886438913,7
H4,Teste,76,4T24,Ridge + Brent e Câmbio,100.0,373,Despesas_t,-495.0511371080059,0.014032157171493463,17
H4,Teste,76,4T24,Ridge + Brent e Câmbio,100.0,373,Despesas_t_1,-400.9093955716587,0.011363722307666595,19
H4,Teste,76,4T24,Ridge + Brent e Câmbio,100.0,373,Despesas_t_4,52.36037363430998,0.0014841476714646214,28
H4,Teste,76,4T24,Ridge + Brent e Câmbio,100.0,373,EBIT_t,-391.761898000249,0.011104437732748284,20
H4,Teste,76,4T24,Ridge + Brent e Câmbio,100.0,373,EBIT_t_1,-609.990802438204,0.01729010635745871,14
H4,Teste,76,4T24,Ridge + Brent e Câmbio,100.0,373,EBIT_t_4,-579.3758143798327,0.016422328683523713,16
H4,Teste,76,4T24,Ridge + Brent e Câmbio,100.0,373,Trimestre_Sin,-336.27548787502974,0.009531682981981685,22
H4,Teste,76,4T24,Ridge + Brent e Câmbio,100.0,373,Trimestre_Cos,209.5874063568654,0.005940726536546809,27
H4,Teste,76,4T24,Ridge + Brent e Câmbio,100.0,373,Brent_t,322.16681701929673,0.00913177462486721,23
H4,Teste,76,4T24,Ridge + Brent e Câmbio,100.0,373,Brent_t_1,-587.8474776043248,0.01666245682576874,15
H4,Teste,76,4T24,Ridge + Brent e Câmbio,100.0,373,Brent_t_4,-233.36628220312505,0.006614735539304333,24
H4,Teste,76,4T24,Ridge + Brent e Câmbio,100.0,373,USD_BRL_t,812.7625889025205,0.023037645074839803,11
H4,Teste,76,4T24,Ridge + Brent e Câmbio,100.0,373,USD_BRL_t_1,856.6417171980473,0.024281393000332652,10
H4,Teste,76,4T24,Ridge + Brent e Câmbio,100.0,373,USD_BRL_t_4,47.656031395444586,0.0013508037303318235,29
H4,Teste,76,4T24,Ridge + Brent e Câmbio,100.0,373,Brent_BRL_t,-793.9429929899436,0.022504206187511967,12
H4,Teste,76,4T24,Ridge + Brent e Câmbio,100.0,373,Brent_Var_AA,1282.3036398958207,0.03634672232390136,8
H4,Teste,76,4T24,Ridge + Brent e Câmbio,100.0,373,USD_BRL_Var_AA,490.7936109080283,0.013911478170231412,18
H4,Teste,76,4T24,Ridge + Brent e Câmbio,100.0,373,Segmento=CORPORATIVO / OUTROS NEGÓCIOS,-1192.6618321567726,0.03380583747172357,9
H4,Teste,76,4T24,Ridge + Brent e Câmbio,100.0,373,Segmento=DISTRIBUIÇÃO,358.16491631905507,0.010152135855022375,21
H4,Teste,76,4T24,Ridge + Brent e Câmbio,100.0,373,Segmento=E&P,-209.7567572291645,0.005945526763996265,26
H4,Teste,76,4T24,Ridge + Brent e Câmbio,100.0,373,Segmento=GÁS & ENERGIA / G&EBC,-784.2307925627749,0.022228915186927226,13
H4,Teste,76,4T24,Ridge + Brent e Câmbio,100.0,373,Segmento=INTERNACIONAL,-218.3171555751005,0.006188170091193714,25
H4,Teste,76,4T24,Ridge + Brent e Câmbio,100.0,373,Segmento=REFINO / RTC,4424.354581610402,0.1254077290565431,2
H4,Teste,77,1T25,Ridge Contábil,0.1,377,Custo_t,17765.524947052127,0.37020872668969224,1
H4,Teste,77,1T25,Ridge Contábil,0.1,377,Custo_t_1,2953.023645551621,0.06153688826885026,6
H4,Teste,77,1T25,Ridge Contábil,0.1,377,Custo_t_4,-3533.8387845354,0.07364026453755775,5
H4,Teste,77,1T25,Ridge Contábil,0.1,377,Receita_t,1703.9407304462586,0.03550774491906505,7
H4,Teste,77,1T25,Ridge Contábil,0.1,377,Receita_t_1,-4093.4100879173666,0.08530094894370605,3
H4,Teste,77,1T25,Ridge Contábil,0.1,377,Receita_t_4,3963.234299380805,0.08258826732784737,4
H4,Teste,77,1T25,Ridge Contábil,0.1,377,Despesas_t,247.79244772829622,0.005163648517576535,15
H4,Teste,77,1T25,Ridge Contábil,0.1,377,Despesas_t_1,168.73870975668555,0.0035162790330408814,17
H4,Teste,77,1T25,Ridge Contábil,0.1,377,Despesas_t_4,472.45335128528706,0.009845267962578647,12
H4,Teste,77,1T25,Ridge Contábil,0.1,377,EBIT_t,1441.899807013603,0.030047178068734425,9
H4,Teste,77,1T25,Ridge Contábil,0.1,377,EBIT_t_1,-596.7892041727501,0.012436253476180511,11
H4,Teste,77,1T25,Ridge Contábil,0.1,377,EBIT_t_4,-216.29142769988218,0.0045072112578331495,16
H4,Teste,77,1T25,Ridge Contábil,0.1,377,Trimestre_Sin,-118.32283619584555,0.0024656826441621996,20
H4,Teste,77,1T25,Ridge Contábil,0.1,377,Trimestre_Cos,166.53125127047795,0.003470278681357782,18
H4,Teste,77,1T25,Ridge Contábil,0.1,377,Segmento=CORPORATIVO / OUTROS NEGÓCIOS,-155.2424252678135,0.0032350353146279203,19
H4,Teste,77,1T25,Ridge Contábil,0.1,377,Segmento=DISTRIBUIÇÃO,1482.4379537768425,0.030891936427426717,8
H4,Teste,77,1T25,Ridge Contábil,0.1,377,Segmento=E&P,1265.3905489650813,0.02636897166245942,10
H4,Teste,77,1T25,Ridge Contábil,0.1,377,Segmento=GÁS & ENERGIA / G&EBC,456.0971066932427,0.009504426670137655,13
H4,Teste,77,1T25,Ridge Contábil,0.1,377,Segmento=INTERNACIONAL,369.44599753921324,0.007698738581450711,14
H4,Teste,77,1T25,Ridge Contábil,0.1,377,Segmento=REFINO / RTC,6817.455517922894,0.1420662510157148,2
H4,Teste,77,1T25,Ridge + Brent e Câmbio,100.0,377,Custo_t,4727.894336057969,0.1324438117236146,1
H4,Teste,77,1T25,Ridge + Brent e Câmbio,100.0,377,Custo_t_1,3869.401522495208,0.10839461508687566,3
H4,Teste,77,1T25,Ridge + Brent e Câmbio,100.0,377,Custo_t_4,2641.146610034012,0.07398717050124844,6
H4,Teste,77,1T25,Ridge + Brent e Câmbio,100.0,377,Receita_t,3602.3404506739034,0.10091335941556154,4
H4,Teste,77,1T25,Ridge + Brent e Câmbio,100.0,377,Receita_t_1,2871.957717385958,0.08045294589150988,5
H4,Teste,77,1T25,Ridge + Brent e Câmbio,100.0,377,Receita_t_4,2104.6006786541566,0.0589567609223416,7
H4,Teste,77,1T25,Ridge + Brent e Câmbio,100.0,377,Despesas_t,-512.3389554410994,0.014352292866530418,18
H4,Teste,77,1T25,Ridge + Brent e Câmbio,100.0,377,Despesas_t_1,-391.0680549874931,0.010955097589822415,19
H4,Teste,77,1T25,Ridge + Brent e Câmbio,100.0,377,Despesas_t_4,60.01149661199491,0.0016811186531631357,28
H4,Teste,77,1T25,Ridge + Brent e Câmbio,100.0,377,EBIT_t,-386.0684230911858,0.010815041518663684,20
H4,Teste,77,1T25,Ridge + Brent e Câmbio,100.0,377,EBIT_t_1,-618.4006735438354,0.017323429111337902,14
H4,Teste,77,1T25,Ridge + Brent e Câmbio,100.0,377,EBIT_t_4,-595.9193723610175,0.016693654203203723,15
H4,Teste,77,1T25,Ridge + Brent e Câmbio,100.0,377,Trimestre_Sin,-343.3239702446259,0.009617629338390861,22
H4,Teste,77,1T25,Ridge + Brent e Câmbio,100.0,377,Trimestre_Cos,179.53557653148513,0.0050293797630961,27
H4,Teste,77,1T25,Ridge + Brent e Câmbio,100.0,377,Brent_t,313.8621931050104,0.008792308426550058,23
H4,Teste,77,1T25,Ridge + Brent e Câmbio,100.0,377,Brent_t_1,-593.8470159141157,0.016635600708863888,16
H4,Teste,77,1T25,Ridge + Brent e Câmbio,100.0,377,Brent_t_4,-246.2514555682799,0.006898310135489337,24
H4,Teste,77,1T25,Ridge + Brent e Câmbio,100.0,377,USD_BRL_t,810.2043685377334,0.022696479070158718,11
H4,Teste,77,1T25,Ridge + Brent e Câmbio,100.0,377,USD_BRL_t_1,861.5204182374764,0.024134009763896513,10
H4,Teste,77,1T25,Ridge + Brent e Câmbio,100.0,377,USD_BRL_t_4,28.642267776741278,0.0008023637693906287,29
H4,Teste,77,1T25,Ridge + Brent e Câmbio,100.0,377,Brent_BRL_t,-786.5568754360305,0.022034035305243956,13
H4,Teste,77,1T25,Ridge + Brent e Câmbio,100.0,377,Brent_Var_AA,1297.1055924482357,0.036336177727503964,8
H4,Teste,77,1T25,Ridge + Brent e Câmbio,100.0,377,USD_BRL_Var_AA,523.7359004230003,0.0146715586385878,17
H4,Teste,77,1T25,Ridge + Brent e Câmbio,100.0,377,Segmento=CORPORATIVO / OUTROS NEGÓCIOS,-1224.518096861395,0.03430276413666471,9
H4,Teste,77,1T25,Ridge + Brent e Câmbio,100.0,377,Segmento=DISTRIBUIÇÃO,368.0252209949695,0.010309592307775672,21
H4,Teste,77,1T25,Ridge + Brent e Câmbio,100.0,377,Segmento=E&P,-193.16152443074125,0.005411087210396955,26
H4,Teste,77,1T25,Ridge + Brent e Câmbio,100.0,377,Segmento=GÁS & ENERGIA / G&EBC,-802.6592947131608,0.022485116830220066,12
H4,Teste,77,1T25,Ridge + Brent e Câmbio,100.0,377,Segmento=INTERNACIONAL,-226.92600505908922,0.006356940945151767,25
H4,Teste,77,1T25,Ridge + Brent e Câmbio,100.0,377,Segmento=REFINO / RTC,4516.335246714806,0.12651734843874612,2
H4,Teste,78,2T25,Ridge Contábil,0.1,381,Custo_t,17459.414857296015,0.36532888432394034,1
H4,Teste,78,2T25,Ridge Contábil,0.1,381,Custo_t_1,3514.6232819366323,0.0735416056553748,6
H4,Teste,78,2T25,Ridge Contábil,0.1,381,Custo_t_4,-3781.4150252577533,0.07912407968047734,4
H4,Teste,78,2T25,Ridge Contábil,0.1,381,Receita_t,1342.985863128493,0.028101258321067343,9
H4,Teste,78,2T25,Ridge Contábil,0.1,381,Receita_t_1,-3727.4440293620164,0.0779947655609837,5
H4,Teste,78,2T25,Ridge Contábil,0.1,381,Receita_t_4,4610.367419039034,0.09646946356951545,3
H4,Teste,78,2T25,Ridge Contábil,0.1,381,Despesas_t,181.66676065799848,0.0038012794548035324,16
H4,Teste,78,2T25,Ridge Contábil,0.1,381,Despesas_t_1,159.83912442710013,0.0033445478829358423,17
H4,Teste,78,2T25,Ridge Contábil,0.1,381,Despesas_t_4,418.4762858991983,0.008756391659924022,13
H4,Teste,78,2T25,Ridge Contábil,0.1,381,EBIT_t,1422.099248103936,0.029756663436553848,7
H4,Teste,78,2T25,Ridge Contábil,0.1,381,EBIT_t_1,-566.4186957577215,0.011852007176226606,11
H4,Teste,78,2T25,Ridge Contábil,0.1,381,EBIT_t_4,-361.49331303325187,0.007564053539046035,14
H4,Teste,78,2T25,Ridge Contábil,0.1,381,Trimestre_Sin,-73.31746696493018,0.0015341286421498982,20
H4,Teste,78,2T25,Ridge Contábil,0.1,381,Trimestre_Cos,157.32122012361725,0.0032918620869029098,18
H4,Teste,78,2T25,Ridge Contábil,0.1,381,Segmento=CORPORATIVO / OUTROS NEGÓCIOS,-136.91750599859634,0.0028649253207922417,19
H4,Teste,78,2T25,Ridge Contábil,0.1,381,Segmento=DISTRIBUIÇÃO,1389.7321272598995,0.029079398806359864,8
H4,Teste,78,2T25,Ridge Contábil,0.1,381,Segmento=E&P,1145.660129746762,0.02397232326717427,10
H4,Teste,78,2T25,Ridge Contábil,0.1,381,Segmento=GÁS & ENERGIA / G&EBC,425.596670383304,0.008905381883296188,12
H4,Teste,78,2T25,Ridge Contábil,0.1,381,Segmento=INTERNACIONAL,347.0339519787954,0.007261499170229134,15
H4,Teste,78,2T25,Ridge Contábil,0.1,381,Segmento=REFINO / RTC,6569.128154173662,0.13745548056224646,2
H4,Teste,78,2T25,Ridge + Brent e Câmbio,100.0,381,Custo_t,4764.117190355834,0.1321899533623469,1
H4,Teste,78,2T25,Ridge + Brent e Câmbio,100.0,381,Custo_t_1,3937.6557256148467,0.10925812819628122,3
H4,Teste,78,2T25,Ridge + Brent e Câmbio,100.0,381,Custo_t_4,2731.8218529018395,0.07579985732936223,6
H4,Teste,78,2T25,Ridge + Brent e Câmbio,100.0,381,Receita_t,3629.2358344722998,0.10070040188579384,4
H4,Teste,78,2T25,Ridge + Brent e Câmbio,100.0,381,Receita_t_1,2930.9855261325843,0.08132605150635296,5
H4,Teste,78,2T25,Ridge + Brent e Câmbio,100.0,381,Receita_t_4,2188.165981896766,0.060715038597613305,7
H4,Teste,78,2T25,Ridge + Brent e Câmbio,100.0,381,Despesas_t,-518.0324234379392,0.014373844966086995,17
H4,Teste,78,2T25,Ridge + Brent e Câmbio,100.0,381,Despesas_t_1,-386.1689493271331,0.010715029324819663,20
H4,Teste,78,2T25,Ridge + Brent e Câmbio,100.0,381,Despesas_t_4,63.605781050931654,0.0017648695224624193,28
H4,Teste,78,2T25,Ridge + Brent e Câmbio,100.0,381,EBIT_t,-390.5837096796405,0.010837525674465567,19
H4,Teste,78,2T25,Ridge + Brent e Câmbio,100.0,381,EBIT_t_1,-625.7289584071675,0.017362100579044602,14
H4,Teste,78,2T25,Ridge + Brent e Câmbio,100.0,381,EBIT_t_4,-585.33378804987,0.016241255840715153,16
H4,Teste,78,2T25,Ridge + Brent e Câmbio,100.0,381,Trimestre_Sin,-320.4620390654991,0.008891859772934529,22
H4,Teste,78,2T25,Ridge + Brent e Câmbio,100.0,381,Trimestre_Cos,178.9272184588899,0.004964693293274867,27
H4,Teste,78,2T25,Ridge + Brent e Câmbio,100.0,381,Brent_t,312.61018581365795,0.008673994411169289,23
H4,Teste,78,2T25,Ridge + Brent e Câmbio,100.0,381,Brent_t_1,-593.918426806762,0.016479453800917178,15
H4,Teste,78,2T25,Ridge + Brent e Câmbio,100.0,381,Brent_t_4,-245.23742586370287,0.0068046025301916595,24
H4,Teste,78,2T25,Ridge + Brent e Câmbio,100.0,381,USD_BRL_t,809.0092220815148,0.0224475778121395,12
H4,Teste,78,2T25,Ridge + Brent e Câmbio,100.0,381,USD_BRL_t_1,858.0042775980025,0.02380704355257532,10
H4,Teste,78,2T25,Ridge + Brent e Câmbio,100.0,381,USD_BRL_t_4,44.20551185300033,0.0012265702787572132,29
H4,Teste,78,2T25,Ridge + Brent e Câmbio,100.0,381,Brent_BRL_t,-770.55363219471,0.021380550610552423,13
H4,Teste,78,2T25,Ridge + Brent e Câmbio,100.0,381,Brent_Var_AA,1283.3115069280536,0.035608042680728424,8
H4,Teste,78,2T25,Ridge + Brent e Câmbio,100.0,381,USD_BRL_Var_AA,513.307720974914,0.014242748653111616,18
H4,Teste,78,2T25,Ridge + Brent e Câmbio,100.0,381,Segmento=CORPORATIVO / OUTROS NEGÓCIOS,-1224.8960459133675,0.033987188961428,9
H4,Teste,78,2T25,Ridge + Brent e Câmbio,100.0,381,Segmento=DISTRIBUIÇÃO,363.7730370083175,0.010093609975412282,21
H4,Teste,78,2T25,Ridge + Brent e Câmbio,100.0,381,Segmento=E&P,-206.98365809097174,0.005743175286536117,26
H4,Teste,78,2T25,Ridge + Brent e Câmbio,100.0,381,Segmento=GÁS & ENERGIA / G&EBC,-812.7307034865444,0.022550837751749202,11
H4,Teste,78,2T25,Ridge + Brent e Câmbio,100.0,381,Segmento=INTERNACIONAL,-224.34172348113628,0.006224809503895711,25
H4,Teste,78,2T25,Ridge + Brent e Câmbio,100.0,381,Segmento=REFINO / RTC,4526.225910629352,0.12558918433928182,2
H4,Teste,79,3T25,Ridge Contábil,0.1,385,Custo_t,17694.091135348168,0.3690364113530713,1
H4,Teste,79,3T25,Ridge Contábil,0.1,385,Custo_t_1,3324.3112878306283,0.06933342314659567,6
H4,Teste,79,3T25,Ridge Contábil,0.1,385,Custo_t_4,-3897.538030240718,0.08128891372774376,4
H4,Teste,79,3T25,Ridge Contábil,0.1,385,Receita_t,1484.5755353746229,0.030963016058096905,7
H4,Teste,79,3T25,Ridge Contábil,0.1,385,Receita_t_1,-3578.922266186175,0.07464371125490753,5
H4,Teste,79,3T25,Ridge Contábil,0.1,385,Receita_t_4,4792.041988851863,0.09994511529819405,3
H4,Teste,79,3T25,Ridge Contábil,0.1,385,Despesas_t,167.57970062352453,0.003495122233782405,16
H4,Teste,79,3T25,Ridge Contábil,0.1,385,Despesas_t_1,144.37040781991084,0.0030110581436423086,17
H4,Teste,79,3T25,Ridge Contábil,0.1,385,Despesas_t_4,398.7989016921122,0.008317540268456828,14
H4,Teste,79,3T25,Ridge Contábil,0.1,385,EBIT_t,1388.6711526258198,0.028962788469580343,8
H4,Teste,79,3T25,Ridge Contábil,0.1,385,EBIT_t_1,-594.7533752791961,0.012404460312442162,11
H4,Teste,79,3T25,Ridge Contábil,0.1,385,EBIT_t_4,-412.34147542497493,0.0085999906510524,13
H4,Teste,79,3T25,Ridge Contábil,0.1,385,Trimestre_Sin,-69.4992886126094,0.001449510340203415,20
H4,Teste,79,3T25,Ridge Contábil,0.1,385,Trimestre_Cos,125.85266698325974,0.0026248433009329274,19
H4,Teste,79,3T25,Ridge Contábil,0.1,385,Segmento=CORPORATIVO / OUTROS NEGÓCIOS,-133.05761800977913,0.0027751131989719163,18
H4,Teste,79,3T25,Ridge Contábil,0.1,385,Segmento=DISTRIBUIÇÃO,1362.5822107660251,0.028418665044065497,9
H4,Teste,79,3T25,Ridge Contábil,0.1,385,Segmento=E&P,1104.742381335482,0.023041034476375795,10
H4,Teste,79,3T25,Ridge Contábil,0.1,385,Segmento=GÁS & ENERGIA / G&EBC,416.34488991422364,0.008683487774751496,12
H4,Teste,79,3T25,Ridge Contábil,0.1,385,Segmento=INTERNACIONAL,339.2712250350129,0.007076002627349291,15
H4,Teste,79,3T25,Ridge Contábil,0.1,385,Segmento=REFINO / RTC,6517.389773265763,0.13592979231978383,2
H4,Teste,79,3T25,Ridge + Brent e Câmbio,100.0,385,Custo_t,4814.5193977591425,0.1325051402182191,1
H4,Teste,79,3T25,Ridge + Brent e Câmbio,100.0,385,Custo_t_1,3986.86169304678,0.10972635563867313,3
H4,Teste,79,3T25,Ridge + Brent e Câmbio,100.0,385,Custo_t_4,2792.0057788596564,0.07684154671597497,6
H4,Teste,79,3T25,Ridge + Brent e Câmbio,100.0,385,Receita_t,3668.374622707845,0.10096095863298396,4
H4,Teste,79,3T25,Ridge + Brent e Câmbio,100.0,385,Receita_t_1,2973.056075781105,0.08182441063200627,5
H4,Teste,79,3T25,Ridge + Brent e Câmbio,100.0,385,Receita_t_4,2235.5583153147904,0.06152700686483167,7
H4,Teste,79,3T25,Ridge + Brent e Câmbio,100.0,385,Despesas_t,-527.2122103313342,0.01450992759261191,17
H4,Teste,79,3T25,Ridge + Brent e Câmbio,100.0,385,Despesas_t_1,-389.4403160090363,0.010718171309772437,20
H4,Teste,79,3T25,Ridge + Brent e Câmbio,100.0,385,Despesas_t_4,64.40445824097615,0.0017725386616722302,28
H4,Teste,79,3T25,Ridge + Brent e Câmbio,100.0,385,EBIT_t,-402.0860501106972,0.011066207039171055,19
H4,Teste,79,3T25,Ridge + Brent e Câmbio,100.0,385,EBIT_t_1,-623.7560065500456,0.017167004695907758,14
H4,Teste,79,3T25,Ridge + Brent e Câmbio,100.0,385,EBIT_t_4,-597.0252062665902,0.01643131995832979,15
H4,Teste,79,3T25,Ridge + Brent e Câmbio,100.0,385,Trimestre_Sin,-318.50641511663423,0.008765929412409288,22
H4,Teste,79,3T25,Ridge + Brent e Câmbio,100.0,385,Trimestre_Cos,161.46735028442683,0.004443902313502035,27
H4,Teste,79,3T25,Ridge + Brent e Câmbio,100.0,385,Brent_t,306.64300152457446,0.008439424697896297,23
H4,Teste,79,3T25,Ridge + Brent e Câmbio,100.0,385,Brent_t_1,-595.8885710118811,0.016400037497639675,16
H4,Teste,79,3T25,Ridge + Brent e Câmbio,100.0,385,Brent_t_4,-253.31648204420785,0.006971772922646545,24
H4,Teste,79,3T25,Ridge + Brent e Câmbio,100.0,385,USD_BRL_t,811.2767328049495,0.02232794768386067,12
H4,Teste,79,3T25,Ridge + Brent e Câmbio,100.0,385,USD_BRL_t_1,849.5758249295204,0.02338201479896229,10
H4,Teste,79,3T25,Ridge + Brent e Câmbio,100.0,385,USD_BRL_t_4,47.26098782296488,0.0013007162918999198,29
H4,Teste,79,3T25,Ridge + Brent e Câmbio,100.0,385,Brent_BRL_t,-747.0480184772464,0.020560245843882746,13
H4,Teste,79,3T25,Ridge + Brent e Câmbio,100.0,385,Brent_Var_AA,1273.080504436357,0.03503770507767299,8
H4,Teste,79,3T25,Ridge + Brent e Câmbio,100.0,385,USD_BRL_Var_AA,516.4706757449078,0.014214299217493983,18
H4,Teste,79,3T25,Ridge + Brent e Câmbio,100.0,385,Segmento=CORPORATIVO / OUTROS NEGÓCIOS,-1226.8330717052147,0.03376488383582175,9
H4,Teste,79,3T25,Ridge + Brent e Câmbio,100.0,385,Segmento=DISTRIBUIÇÃO,358.81879760086446,0.009875406278592357,21
H4,Teste,79,3T25,Ridge + Brent e Câmbio,100.0,385,Segmento=E&P,-211.9417569687499,0.005833058277490994,26
H4,Teste,79,3T25,Ridge + Brent e Câmbio,100.0,385,Segmento=GÁS & ENERGIA / G&EBC,-823.4664847427449,0.022663433878078655,11
H4,Teste,79,3T25,Ridge + Brent e Câmbio,100.0,385,Segmento=INTERNACIONAL,-221.6810299184761,0.006101102420885167,25
H4,Teste,79,3T25,Ridge + Brent e Câmbio,100.0,385,Segmento=REFINO / RTC,4537.010051124362,0.12486753159111029,2
H4,Teste,80,4T25,Ridge Contábil,0.1,389,Custo_t,17993.129745356022,0.3686751296454813,1
H4,Teste,80,4T25,Ridge Contábil,0.1,389,Custo_t_1,3396.150431611216,0.06958634870028545,6
H4,Teste,80,4T25,Ridge Contábil,0.1,389,Custo_t_4,-4027.447143708364,0.08252147452169807,4
H4,Teste,80,4T25,Ridge Contábil,0.1,389,Receita_t,1578.3876685345372,0.03234080377139444,7
H4,Teste,80,4T25,Ridge Contábil,0.1,389,Receita_t_1,-3728.2746897828324,0.07639149909228064,5
H4,Teste,80,4T25,Ridge Contábil,0.1,389,Receita_t_4,5030.97725399729,0.10308357787725266,3
H4,Teste,80,4T25,Ridge Contábil,0.1,389,Despesas_t,156.5410643146182,0.00320749074773548,16
H4,Teste,80,4T25,Ridge Contábil,0.1,389,Despesas_t_1,142.610396291643,0.0029220545333523713,17
H4,Teste,80,4T25,Ridge Contábil,0.1,389,Despesas_t_4,385.07061945222057,0.007890009273448064,14
H4,Teste,80,4T25,Ridge Contábil,0.1,389,EBIT_t,1391.9925517270542,0.028521610288836485,8
H4,Teste,80,4T25,Ridge Contábil,0.1,389,EBIT_t_1,-603.259967333488,0.012360659307978656,11
H4,Teste,80,4T25,Ridge Contábil,0.1,389,EBIT_t_4,-431.5438922941213,0.00884223604736213,12
H4,Teste,80,4T25,Ridge Contábil,0.1,389,Trimestre_Sin,-80.29970679337148,0.001645322699914461,20
H4,Teste,80,4T25,Ridge Contábil,0.1,389,Trimestre_Cos,125.53101431468228,0.0025721018873294706,19
H4,Teste,80,4T25,Ridge Contábil,0.1,389,Segmento=CORPORATIVO / OUTROS NEGÓCIOS,-133.08732879341773,0.0027269290496695206,18
H4,Teste,80,4T25,Ridge Contábil,0.1,389,Segmento=DISTRIBUIÇÃO,1333.6461335575848,0.0273261054718643,9
H4,Teste,80,4T25,Ridge Contábil,0.1,389,Segmento=E&P,1076.8313335581636,0.022064028722314825,10
H4,Teste,80,4T25,Ridge Contábil,0.1,389,Segmento=GÁS & ENERGIA / G&EBC,402.2090880453569,0.008241172590776466,13
H4,Teste,80,4T25,Ridge Contábil,0.1,389,Segmento=INTERNACIONAL,332.1005107878973,0.00680466381351245,15
H4,Teste,80,4T25,Ridge Contábil,0.1,389,Segmento=REFINO / RTC,6455.746831494651,0.13227678195751277,2
H4,Teste,80,4T25,Ridge + Brent e Câmbio,100.0,389,Custo_t,4870.482295932825,0.13258278333438184,1
H4,Teste,80,4T25,Ridge + Brent e Câmbio,100.0,389,Custo_t_1,4048.375128370971,0.11020363280025187,3
H4,Teste,80,4T25,Ridge + Brent e Câmbio,100.0,389,Custo_t_4,2867.0610522498305,0.07804626137627313,6
H4,Teste,80,4T25,Ridge + Brent e Câmbio,100.0,389,Receita_t,3711.3353734210973,0.10102883940393714,4
H4,Teste,80,4T25,Ridge + Brent e Câmbio,100.0,389,Receita_t_1,3020.521398931467,0.08222371212103838,5
H4,Teste,80,4T25,Ridge + Brent e Câmbio,100.0,389,Receita_t_4,2292.187517458159,0.06239722937556105,7
H4,Teste,80,4T25,Ridge + Brent e Câmbio,100.0,389,Despesas_t,-533.4755868625517,0.014522109690501052,17
H4,Teste,80,4T25,Ridge + Brent e Câmbio,100.0,389,Despesas_t_1,-400.11922159864974,0.010891923395232265,20
H4,Teste,80,4T25,Ridge + Brent e Câmbio,100.0,389,Despesas_t_4,63.70040146693677,0.0017340328971232751,28
H4,Teste,80,4T25,Ridge + Brent e Câmbio,100.0,389,EBIT_t,-418.61843913069623,0.011395503451760767,19
H4,Teste,80,4T25,Ridge + Brent e Câmbio,100.0,389,EBIT_t_1,-630.983394584866,0.017176437487863908,14
H4,Teste,80,4T25,Ridge + Brent e Câmbio,100.0,389,EBIT_t_4,-597.6484630762264,0.016269004151053073,16
H4,Teste,80,4T25,Ridge + Brent e Câmbio,100.0,389,Trimestre_Sin,-330.1182177904286,0.008986377423153728,22
H4,Teste,80,4T25,Ridge + Brent e Câmbio,100.0,389,Trimestre_Cos,161.62032040294343,0.004399579060232019,27
H4,Teste,80,4T25,Ridge + Brent e Câmbio,100.0,389,Brent_t,299.3160349266709,0.008147889797346758,23
H4,Teste,80,4T25,Ridge + Brent e Câmbio,100.0,389,Brent_t_1,-600.1016834668236,0.016335784968178647,15
H4,Teste,80,4T25,Ridge + Brent e Câmbio,100.0,389,Brent_t_4,-258.761266882972,0.007043920272767255,24
H4,Teste,80,4T25,Ridge + Brent e Câmbio,100.0,389,USD_BRL_t,813.8148598730489,0.02215341986376803,12
H4,Teste,80,4T25,Ridge + Brent e Câmbio,100.0,389,USD_BRL_t_1,847.0236839178721,0.023057420341667544,10
H4,Teste,80,4T25,Ridge + Brent e Câmbio,100.0,389,USD_BRL_t_4,48.02258592456178,0.0013072561848976947,29
H4,Teste,80,4T25,Ridge + Brent e Câmbio,100.0,389,Brent_BRL_t,-729.0791327881167,0.019846769749432447,13
H4,Teste,80,4T25,Ridge + Brent e Câmbio,100.0,389,Brent_Var_AA,1268.4409607714567,0.03452911290014402,8
H4,Teste,80,4T25,Ridge + Brent e Câmbio,100.0,389,USD_BRL_Var_AA,524.2678939958959,0.014271460684063066,18
H4,Teste,80,4T25,Ridge + Brent e Câmbio,100.0,389,Segmento=CORPORATIVO / OUTROS NEGÓCIOS,-1230.5387177595444,0.03349734960283529,9
H4,Teste,80,4T25,Ridge + Brent e Câmbio,100.0,389,Segmento=DISTRIBUIÇÃO,353.7823948766206,0.009630556433110303,21
H4,Teste,80,4T25,Ridge + Brent e Câmbio,100.0,389,Segmento=E&P,-217.15581338010108,0.005911349309126509,26
H4,Teste,80,4T25,Ridge + Brent e Câmbio,100.0,389,Segmento=GÁS & ENERGIA / G&EBC,-831.6704020164789,0.02263947798521879,11
H4,Teste,80,4T25,Ridge + Brent e Câmbio,100.0,389,Segmento=INTERNACIONAL,-219.08591176685223,0.005963889858640129,25
H4,Teste,80,4T25,Ridge + Brent e Câmbio,100.0,389,Segmento=REFINO / RTC,4548.097254550937,0.12380691608043995,2
H4,Teste,81,1T26,Ridge Contábil,0.1,393,Custo_t,18128.869364405105,0.37005834761736794,1
H4,Teste,81,1T26,Ridge Contábil,0.1,393,Custo_t_1,3524.456062007681,0.07194350405091447,6
H4,Teste,81,1T26,Ridge Contábil,0.1,393,Custo_t_4,-4160.216415462531,0.0849210605190564,4
H4,Teste,81,1T26,Ridge Contábil,0.1,393,Receita_t,1383.4786823467964,0.028240472412379206,7
H4,Teste,81,1T26,Ridge Contábil,0.1,393,Receita_t_1,-3586.1822698363594,0.07320349980766125,5
H4,Teste,81,1T26,Ridge Contábil,0.1,393,Receita_t_4,5366.748860120091,0.10954959050854213,3
H4,Teste,81,1T26,Ridge Contábil,0.1,393,Despesas_t,163.57866327873205,0.0033390747443544063,16
H4,Teste,81,1T26,Ridge Contábil,0.1,393,Despesas_t_1,114.61664515925231,0.002339629982681545,19
H4,Teste,81,1T26,Ridge Contábil,0.1,393,Despesas_t_4,396.8956305113423,0.008101693395836348,13
H4,Teste,81,1T26,Ridge Contábil,0.1,393,EBIT_t,1349.740154618488,0.027551779501022337,8
H4,Teste,81,1T26,Ridge Contábil,0.1,393,EBIT_t_1,-597.5600559375467,0.01219778699142537,11
H4,Teste,81,1T26,Ridge Contábil,0.1,393,EBIT_t_4,-477.7228035509177,0.009751590556899037,12
H4,Teste,81,1T26,Ridge Contábil,0.1,393,Trimestre_Sin,-81.79631739907315,0.0016696799700768351,20
H4,Teste,81,1T26,Ridge Contábil,0.1,393,Trimestre_Cos,141.84643993722682,0.002895462376801063,17
H4,Teste,81,1T26,Ridge Contábil,0.1,393,Segmento=CORPORATIVO / OUTROS NEGÓCIOS,-137.2095763350731,0.002800811681920488,18
H4,Teste,81,1T26,Ridge Contábil,0.1,393,Segmento=DISTRIBUIÇÃO,1292.6928503579418,0.026387292586458718,9
H4,Teste,81,1T26,Ridge Contábil,0.1,393,Segmento=E&P,1036.132216247032,0.02115020899264338,10
H4,Teste,81,1T26,Ridge Contábil,0.1,393,Segmento=GÁS & ENERGIA / G&EBC,372.2482516964982,0.007598574966662327,14
H4,Teste,81,1T26,Ridge Contábil,0.1,393,Segmento=INTERNACIONAL,321.68713497682285,0.006566488357681132,15
H4,Teste,81,1T26,Ridge Contábil,0.1,393,Segmento=REFINO / RTC,6355.54041719588,0.12973345097961558,2
H4,Teste,81,1T26,Ridge + Brent e Câmbio,100.0,393,Custo_t,4911.72324697476,0.13260325082630017,1
H4,Teste,81,1T26,Ridge + Brent e Câmbio,100.0,393,Custo_t_1,4094.221152176507,0.11053290405048649,3
H4,Teste,81,1T26,Ridge + Brent e Câmbio,100.0,393,Custo_t_4,2925.5795738559673,0.07898274038205735,6
H4,Teste,81,1T26,Ridge + Brent e Câmbio,100.0,393,Receita_t,3749.0509111714687,0.10121424057042239,4
H4,Teste,81,1T26,Ridge + Brent e Câmbio,100.0,393,Receita_t_1,3065.469281888324,0.08275938436411757,5
H4,Teste,81,1T26,Ridge + Brent e Câmbio,100.0,393,Receita_t_4,2341.4488666599295,0.06321279024706793,7
H4,Teste,81,1T26,Ridge + Brent e Câmbio,100.0,393,Despesas_t,-536.2812997949093,0.01447814547653077,17
H4,Teste,81,1T26,Ridge + Brent e Câmbio,100.0,393,Despesas_t_1,-394.7445956344329,0.010657037050994118,20
H4,Teste,81,1T26,Ridge + Brent e Câmbio,100.0,393,Despesas_t_4,67.15532956373606,0.0018130123711566492,28
H4,Teste,81,1T26,Ridge + Brent e Câmbio,100.0,393,EBIT_t,-416.58850170531883,0.01124676346881049,19
H4,Teste,81,1T26,Ridge + Brent e Câmbio,100.0,393,EBIT_t_1,-627.2445666005541,0.01693390779816358,14
H4,Teste,81,1T26,Ridge + Brent e Câmbio,100.0,393,EBIT_t_4,-591.7846072756284,0.015976584747938866,16
H4,Teste,81,1T26,Ridge + Brent e Câmbio,100.0,393,Trimestre_Sin,-329.5585684740173,0.008897190521520666,22
H4,Teste,81,1T26,Ridge + Brent e Câmbio,100.0,393,Trimestre_Cos,152.8071117110865,0.0041253789644495826,27
H4,Teste,81,1T26,Ridge + Brent e Câmbio,100.0,393,Brent_t,291.65502047910155,0.0078738971824523,23
H4,Teste,81,1T26,Ridge + Brent e Câmbio,100.0,393,Brent_t_1,-606.8442713958316,0.01638315497151999,15
H4,Teste,81,1T26,Ridge + Brent e Câmbio,100.0,393,Brent_t_4,-263.5503388895785,0.00711514674908775,24
H4,Teste,81,1T26,Ridge + Brent e Câmbio,100.0,393,USD_BRL_t,799.08949151748,0.021573256258201712,12
H4,Teste,81,1T26,Ridge + Brent e Câmbio,100.0,393,USD_BRL_t_1,837.6931410686469,0.02261545044684963,11
H4,Teste,81,1T26,Ridge + Brent e Câmbio,100.0,393,USD_BRL_t_4,55.09249895569327,0.0014873485516858187,29
H4,Teste,81,1T26,Ridge + Brent e Câmbio,100.0,393,Brent_BRL_t,-724.9673608045871,0.019572159087925405,13
H4,Teste,81,1T26,Ridge + Brent e Câmbio,100.0,393,Brent_Var_AA,1269.4844714717015,0.034272649195847535,8
H4,Teste,81,1T26,Ridge + Brent e Câmbio,100.0,393,USD_BRL_Var_AA,531.1870321907318,0.014340614021494268,18
H4,Teste,81,1T26,Ridge + Brent e Câmbio,100.0,393,Segmento=CORPORATIVO / OUTROS NEGÓCIOS,-1238.2609835108055,0.03342969942087787,9
H4,Teste,81,1T26,Ridge + Brent e Câmbio,100.0,393,Segmento=DISTRIBUIÇÃO,353.0425395882234,0.009531194262259249,21
H4,Teste,81,1T26,Ridge + Brent e Câmbio,100.0,393,Segmento=E&P,-224.55606885975416,0.006062406863399348,25
H4,Teste,81,1T26,Ridge + Brent e Câmbio,100.0,393,Segmento=GÁS & ENERGIA / G&EBC,-846.8787798433779,0.022863437864136558,10
H4,Teste,81,1T26,Ridge + Brent e Câmbio,100.0,393,Segmento=INTERNACIONAL,-220.79755136635367,0.005960937050697789,26
H4,Teste,81,1T26,Ridge + Brent e Câmbio,100.0,393,Segmento=REFINO / RTC,4573.988190610592,0.12348531723354812,2
H4,Teste,82,2T26,Ridge Contábil,0.1,397,Custo_t,17699.65412529809,0.3566965340743145,1
H4,Teste,82,2T26,Ridge Contábil,0.1,397,Custo_t_1,3817.6943258423807,0.07693700252802085,5
H4,Teste,82,2T26,Ridge Contábil,0.1,397,Custo_t_4,-4262.917755550205,0.08590947470974974,4
H4,Teste,82,2T26,Ridge Contábil,0.1,397,Receita_t,1696.1258717580135,0.03418158431384995,7
H4,Teste,82,2T26,Ridge Contábil,0.1,397,Receita_t_1,-3588.7596928761686,0.07232334231011263,6
H4,Teste,82,2T26,Ridge Contábil,0.1,397,Receita_t_4,5349.6451382274845,0.10781000949650557,3
H4,Teste,82,2T26,Ridge Contábil,0.1,397,Despesas_t,162.7000457865671,0.0032788517795300912,16
H4,Teste,82,2T26,Ridge Contábil,0.1,397,Despesas_t_1,109.56806495575634,0.00220809676495808,20
H4,Teste,82,2T26,Ridge Contábil,0.1,397,Despesas_t_4,395.53755820052936,0.007971165713610812,13
H4,Teste,82,2T26,Ridge Contábil,0.1,397,EBIT_t,1344.0482842530605,0.02708625610578261,8
H4,Teste,82,2T26,Ridge Contábil,0.1,397,EBIT_t_1,-601.3693250732017,0.012119239869530965,11
H4,Teste,82,2T26,Ridge Contábil,0.1,397,EBIT_t_4,-500.3553703864849,0.010083531867847913,12
H4,Teste,82,2T26,Ridge Contábil,0.1,397,Trimestre_Sin,-140.64984156771703,0.002834479738991012,18
H4,Teste,82,2T26,Ridge Contábil,0.1,397,Trimestre_Cos,145.12375770172486,0.0029246414092385016,17
H4,Teste,82,2T26,Ridge Contábil,0.1,397,Segmento=CORPORATIVO / OUTROS NEGÓCIOS,-140.05831537173924,0.002822558865146485,19
H4,Teste,82,2T26,Ridge Contábil,0.1,397,Segmento=DISTRIBUIÇÃO,1341.0492664974633,0.027025817679614733,9
H4,Teste,82,2T26,Ridge Contábil,0.1,397,Segmento=E&P,1074.4232469636972,0.021652572734348143,10
H4,Teste,82,2T26,Ridge Contábil,0.1,397,Segmento=GÁS & ENERGIA / G&EBC,387.0049716956144,0.007799210713165786,14
H4,Teste,82,2T26,Ridge Contábil,0.1,397,Segmento=INTERNACIONAL,332.0643211573014,0.006692006047578891,15
H4,Teste,82,2T26,Ridge Contábil,0.1,397,Segmento=REFINO / RTC,6532.29391720978,0.13164362327810258,2
H4,Teste,82,2T26,Ridge + Brent e Câmbio,100.0,397,Custo_t,4909.369538086053,0.13204629284758695,1
H4,Teste,82,2T26,Ridge + Brent e Câmbio,100.0,397,Custo_t_1,4116.236540263912,0.11071355932956038,3
H4,Teste,82,2T26,Ridge + Brent e Câmbio,100.0,397,Custo_t_4,2948.0257734678335,0.07929243695868311,6
H4,Teste,82,2T26,Ridge + Brent e Câmbio,100.0,397,Receita_t,3771.2595015513925,0.10143478356698339,4
H4,Teste,82,2T26,Ridge + Brent e Câmbio,100.0,397,Receita_t_1,3097.009605412571,0.08329962414431104,5
H4,Teste,82,2T26,Ridge + Brent e Câmbio,100.0,397,Receita_t_4,2369.2913410245783,0.06372633712559196,7
H4,Teste,82,2T26,Ridge + Brent e Câmbio,100.0,397,Despesas_t,-518.4430122122237,0.01394445402495599,18
H4,Teste,82,2T26,Ridge + Brent e Câmbio,100.0,397,Despesas_t_1,-370.7100814728189,0.009970912069250437,20
H4,Teste,82,2T26,Ridge + Brent e Câmbio,100.0,397,Despesas_t_4,69.50399825702101,0.0018694346059560977,29
H4,Teste,82,2T26,Ridge + Brent e Câmbio,100.0,397,EBIT_t,-382.2530589603642,0.010281381137392277,19
H4,Teste,82,2T26,Ridge + Brent e Câmbio,100.0,397,EBIT_t_1,-622.3509010219126,0.016739242929823754,14
H4,Teste,82,2T26,Ridge + Brent e Câmbio,100.0,397,EBIT_t_4,-572.3103378192661,0.01539331229419862,16
H4,Teste,82,2T26,Ridge + Brent e Câmbio,100.0,397,Trimestre_Sin,-360.1665969180683,0.009687326154939049,21
H4,Teste,82,2T26,Ridge + Brent e Câmbio,100.0,397,Trimestre_Cos,155.94383458069197,0.004194388931016496,27
H4,Teste,82,2T26,Ridge + Brent e Câmbio,100.0,397,Brent_t,280.86286802839925,0.007554310229445414,23
H4,Teste,82,2T26,Ridge + Brent e Câmbio,100.0,397,Brent_t_1,-610.7716619764924,0.016427798542090852,15
H4,Teste,82,2T26,Ridge + Brent e Câmbio,100.0,397,Brent_t_4,-266.2461218587138,0.007161166643445655,24
H4,Teste,82,2T26,Ridge + Brent e Câmbio,100.0,397,USD_BRL_t,777.7611900905277,0.02091928119801305,12
H4,Teste,82,2T26,Ridge + Brent e Câmbio,100.0,397,USD_BRL_t_1,809.7538451053814,0.021779780995449388,11
H4,Teste,82,2T26,Ridge + Brent e Câmbio,100.0,397,USD_BRL_t_4,72.35621442732138,0.0019461500719169132,28
H4,Teste,82,2T26,Ridge + Brent e Câmbio,100.0,397,Brent_BRL_t,-724.2216946120018,0.019479240507650666,13
H4,Teste,82,2T26,Ridge + Brent e Câmbio,100.0,397,Brent_Var_AA,1278.7910702336872,0.034395377826210154,8
H4,Teste,82,2T26,Ridge + Brent e Câmbio,100.0,397,USD_BRL_Var_AA,537.2354135810905,0.014449909341613654,17
H4,Teste,82,2T26,Ridge + Brent e Câmbio,100.0,397,Segmento=CORPORATIVO / OUTROS NEGÓCIOS,-1254.408105309447,0.033739554282697905,9
H4,Teste,82,2T26,Ridge + Brent e Câmbio,100.0,397,Segmento=DISTRIBUIÇÃO,359.83773423596614,0.009678480803679458,22
H4,Teste,82,2T26,Ridge + Brent e Câmbio,100.0,397,Segmento=E&P,-230.93959874043102,0.006211534423882812,25
H4,Teste,82,2T26,Ridge + Brent e Câmbio,100.0,397,Segmento=GÁS & ENERGIA / G&EBC,-861.6598575382782,0.023175886231588703,10
H4,Teste,82,2T26,Ridge + Brent e Câmbio,100.0,397,Segmento=INTERNACIONAL,-228.40889020378356,0.006143466481971005,26
H4,Teste,82,2T26,Ridge + Brent e Câmbio,100.0,397,Segmento=REFINO / RTC,4623.026227767803,0.12434457630009484,2
