Horizonte,Bloco,Modelo,Origem_Periodo,Target_Periodo,Target_QID,Segmento,Actual,Forecast,Erro,Erro_Abs
H1,Validação,Baseline Último,4T18,1T19,53,BIOCOMBUSTÍVEIS,233.0,248.0,15.0,15.0
H1,Validação,Baseline Último,4T18,1T19,53,CORPORATIVO / OUTROS NEGÓCIOS,0.0,0.0,0.0,0.0
H1,Validação,Baseline Último,4T18,1T19,53,DISTRIBUIÇÃO,21621.0,24734.0,3113.0,3113.0
H1,Validação,Baseline Último,4T18,1T19,53,E&P,25640.0,25937.0,297.0,297.0
H1,Validação,Baseline Último,4T18,1T19,53,GÁS & ENERGIA / G&EBC,8682.0,8543.0,-139.0,139.0
H1,Validação,Baseline Último,4T18,1T19,53,REFINO / RTC,56167.0,71932.0,15765.0,15765.0
H1,Validação,Baseline Sazonal,4T18,1T19,53,BIOCOMBUSTÍVEIS,233.0,207.0,-26.0,26.0
H1,Validação,Baseline Sazonal,4T18,1T19,53,CORPORATIVO / OUTROS NEGÓCIOS,0.0,0.0,0.0,0.0
H1,Validação,Baseline Sazonal,4T18,1T19,53,DISTRIBUIÇÃO,21621.0,21845.0,224.0,224.0
H1,Validação,Baseline Sazonal,4T18,1T19,53,E&P,25640.0,24088.0,-1552.0,1552.0
H1,Validação,Baseline Sazonal,4T18,1T19,53,GÁS & ENERGIA / G&EBC,8682.0,5833.0,-2849.0,2849.0
H1,Validação,Baseline Sazonal,4T18,1T19,53,REFINO / RTC,56167.0,49157.0,-7010.0,7010.0
H1,Validação,Ridge Contábil,4T18,1T19,53,BIOCOMBUSTÍVEIS,233.0,0.0,-233.0,233.0
H1,Validação,Ridge Contábil,4T18,1T19,53,CORPORATIVO / OUTROS NEGÓCIOS,0.0,0.0,0.0,0.0
H1,Validação,Ridge Contábil,4T18,1T19,53,DISTRIBUIÇÃO,21621.0,23548.8542456157,1927.854245615701,1927.854245615701
H1,Validação,Ridge Contábil,4T18,1T19,53,E&P,25640.0,21834.10197448201,-3805.8980255179886,3805.8980255179886
H1,Validação,Ridge Contábil,4T18,1T19,53,GÁS & ENERGIA / G&EBC,8682.0,7529.580691173174,-1152.4193088268257,1152.4193088268257
H1,Validação,Ridge Contábil,4T18,1T19,53,REFINO / RTC,56167.0,68770.46375409084,12603.463754090844,12603.463754090844
H1,Validação,Ridge + Brent e Câmbio,4T18,1T19,53,BIOCOMBUSTÍVEIS,233.0,1060.5600261162508,827.5600261162508,827.5600261162508
H1,Validação,Ridge + Brent e Câmbio,4T18,1T19,53,CORPORATIVO / OUTROS NEGÓCIOS,0.0,0.0,0.0,0.0
H1,Validação,Ridge + Brent e Câmbio,4T18,1T19,53,DISTRIBUIÇÃO,21621.0,25101.80650622281,3480.806506222809,3480.806506222809
H1,Validação,Ridge + Brent e Câmbio,4T18,1T19,53,E&P,25640.0,23154.223565773897,-2485.7764342261034,2485.7764342261034
H1,Validação,Ridge + Brent e Câmbio,4T18,1T19,53,GÁS & ENERGIA / G&EBC,8682.0,9470.846264633554,788.8462646335538,788.8462646335538
H1,Validação,Ridge + Brent e Câmbio,4T18,1T19,53,REFINO / RTC,56167.0,67153.01682414053,10986.016824140534,10986.016824140534
H1,Validação,Random Forest ampliada,4T18,1T19,53,BIOCOMBUSTÍVEIS,233.0,382.7803818768063,149.7803818768063,149.7803818768063
H1,Validação,Random Forest ampliada,4T18,1T19,53,CORPORATIVO / OUTROS NEGÓCIOS,0.0,12.422732207792208,12.422732207792208,12.422732207792208
H1,Validação,Random Forest ampliada,4T18,1T19,53,DISTRIBUIÇÃO,21621.0,24362.62722332908,2741.62722332908,2741.62722332908
H1,Validação,Random Forest ampliada,4T18,1T19,53,E&P,25640.0,28505.42812161519,2865.4281216151903,2865.4281216151903
H1,Validação,Random Forest ampliada,4T18,1T19,53,GÁS & ENERGIA / G&EBC,8682.0,9686.726933090891,1004.7269330908912,1004.7269330908912
H1,Validação,Random Forest ampliada,4T18,1T19,53,REFINO / RTC,56167.0,59450.60065361309,3283.600653613088,3283.600653613088
H1,Validação,Random Forest grade original,4T18,1T19,53,BIOCOMBUSTÍVEIS,233.0,523.0563810973364,290.0563810973364,290.0563810973364
H1,Validação,Random Forest grade original,4T18,1T19,53,CORPORATIVO / OUTROS NEGÓCIOS,0.0,25.72066345083488,25.72066345083488,25.72066345083488
H1,Validação,Random Forest grade original,4T18,1T19,53,DISTRIBUIÇÃO,21621.0,23552.531094167407,1931.531094167407,1931.531094167407
H1,Validação,Random Forest grade original,4T18,1T19,53,E&P,25640.0,27490.97896896447,1850.9789689644713,1850.9789689644713
H1,Validação,Random Forest grade original,4T18,1T19,53,GÁS & ENERGIA / G&EBC,8682.0,9421.758762808628,739.7587628086276,739.7587628086276
H1,Validação,Random Forest grade original,4T18,1T19,53,REFINO / RTC,56167.0,57461.19158693878,1294.1915869387813,1294.1915869387813
H1,Validação,Gradient Boosting,4T18,1T19,53,BIOCOMBUSTÍVEIS,233.0,1547.5439474048783,1314.5439474048783,1314.5439474048783
H1,Validação,Gradient Boosting,4T18,1T19,53,CORPORATIVO / OUTROS NEGÓCIOS,0.0,1322.2833140798405,1322.2833140798405,1322.2833140798405
H1,Validação,Gradient Boosting,4T18,1T19,53,DISTRIBUIÇÃO,21621.0,23138.025436639233,1517.0254366392328,1517.0254366392328
H1,Validação,Gradient Boosting,4T18,1T19,53,E&P,25640.0,24750.97065197499,-889.0293480250111,889.0293480250111
H1,Validação,Gradient Boosting,4T18,1T19,53,GÁS & ENERGIA / G&EBC,8682.0,10708.684156850899,2026.684156850899,2026.684156850899
H1,Validação,Gradient Boosting,4T18,1T19,53,REFINO / RTC,56167.0,59793.688896458174,3626.688896458174,3626.688896458174
H1,Validação,Baseline Último,1T19,2T19,54,BIOCOMBUSTÍVEIS,234.0,233.0,-1.0,1.0
H1,Validação,Baseline Último,1T19,2T19,54,CORPORATIVO / OUTROS NEGÓCIOS,0.0,0.0,0.0,0.0
H1,Validação,Baseline Último,1T19,2T19,54,DISTRIBUIÇÃO,19727.0,21621.0,1894.0,1894.0
H1,Validação,Baseline Último,1T19,2T19,54,E&P,26771.0,25640.0,-1131.0,1131.0
H1,Validação,Baseline Último,1T19,2T19,54,GÁS & ENERGIA / G&EBC,6272.0,8682.0,2410.0,2410.0
H1,Validação,Baseline Último,1T19,2T19,54,REFINO / RTC,59321.0,56167.0,-3154.0,3154.0
H1,Validação,Baseline Sazonal,1T19,2T19,54,BIOCOMBUSTÍVEIS,234.0,197.0,-37.0,37.0
H1,Validação,Baseline Sazonal,1T19,2T19,54,CORPORATIVO / OUTROS NEGÓCIOS,0.0,0.0,0.0,0.0
H1,Validação,Baseline Sazonal,1T19,2T19,54,DISTRIBUIÇÃO,19727.0,23301.0,3574.0,3574.0
H1,Validação,Baseline Sazonal,1T19,2T19,54,E&P,26771.0,27415.0,644.0,644.0
H1,Validação,Baseline Sazonal,1T19,2T19,54,GÁS & ENERGIA / G&EBC,6272.0,7642.0,1370.0,1370.0
H1,Validação,Baseline Sazonal,1T19,2T19,54,REFINO / RTC,59321.0,56246.0,-3075.0,3075.0
H1,Validação,Ridge Contábil,1T19,2T19,54,BIOCOMBUSTÍVEIS,234.0,426.23990368636623,192.23990368636623,192.23990368636623
H1,Validação,Ridge Contábil,1T19,2T19,54,CORPORATIVO / OUTROS NEGÓCIOS,0.0,0.0,0.0,0.0
H1,Validação,Ridge Contábil,1T19,2T19,54,DISTRIBUIÇÃO,19727.0,21656.931337561764,1929.931337561764,1929.931337561764
H1,Validação,Ridge Contábil,1T19,2T19,54,E&P,26771.0,26203.159289483494,-567.8407105165061,567.8407105165061
H1,Validação,Ridge Contábil,1T19,2T19,54,GÁS & ENERGIA / G&EBC,6272.0,8054.8815284807615,1782.8815284807615,1782.8815284807615
H1,Validação,Ridge Contábil,1T19,2T19,54,REFINO / RTC,59321.0,54540.162961629714,-4780.837038370286,4780.837038370286
H1,Validação,Ridge + Brent e Câmbio,1T19,2T19,54,BIOCOMBUSTÍVEIS,234.0,1101.1484997009265,867.1484997009265,867.1484997009265
H1,Validação,Ridge + Brent e Câmbio,1T19,2T19,54,CORPORATIVO / OUTROS NEGÓCIOS,0.0,0.0,0.0,0.0
H1,Validação,Ridge + Brent e Câmbio,1T19,2T19,54,DISTRIBUIÇÃO,19727.0,23062.66115034951,3335.6611503495114,3335.6611503495114
H1,Validação,Ridge + Brent e Câmbio,1T19,2T19,54,E&P,26771.0,26099.969458637628,-671.0305413623719,671.0305413623719
H1,Validação,Ridge + Brent e Câmbio,1T19,2T19,54,GÁS & ENERGIA / G&EBC,6272.0,8254.496971343226,1982.4969713432256,1982.4969713432256
H1,Validação,Ridge + Brent e Câmbio,1T19,2T19,54,REFINO / RTC,59321.0,59465.928314499586,144.92831449958612,144.92831449958612
H1,Validação,Random Forest ampliada,1T19,2T19,54,BIOCOMBUSTÍVEIS,234.0,490.482916731726,256.482916731726,256.482916731726
H1,Validação,Random Forest ampliada,1T19,2T19,54,CORPORATIVO / OUTROS NEGÓCIOS,0.0,567.8383257918551,567.8383257918551,567.8383257918551
H1,Validação,Random Forest ampliada,1T19,2T19,54,DISTRIBUIÇÃO,19727.0,22506.479191242066,2779.479191242066,2779.479191242066
H1,Validação,Random Forest ampliada,1T19,2T19,54,E&P,26771.0,29712.68976186605,2941.6897618660514,2941.6897618660514
H1,Validação,Random Forest ampliada,1T19,2T19,54,GÁS & ENERGIA / G&EBC,6272.0,8572.381223658509,2300.381223658509,2300.381223658509
H1,Validação,Random Forest ampliada,1T19,2T19,54,REFINO / RTC,59321.0,55575.56396584458,-3745.43603415542,3745.43603415542
H1,Validação,Random Forest grade original,1T19,2T19,54,BIOCOMBUSTÍVEIS,234.0,553.3895685174975,319.38956851749754,319.38956851749754
H1,Validação,Random Forest grade original,1T19,2T19,54,CORPORATIVO / OUTROS NEGÓCIOS,0.0,5.0285714285714285,5.0285714285714285,5.0285714285714285
H1,Validação,Random Forest grade original,1T19,2T19,54,DISTRIBUIÇÃO,19727.0,22488.70531728612,2761.7053172861197,2761.7053172861197
H1,Validação,Random Forest grade original,1T19,2T19,54,E&P,26771.0,29043.86395619048,2272.8639561904783,2272.8639561904783
H1,Validação,Random Forest grade original,1T19,2T19,54,GÁS & ENERGIA / G&EBC,6272.0,8588.433830879418,2316.4338308794177,2316.4338308794177
H1,Validação,Random Forest grade original,1T19,2T19,54,REFINO / RTC,59321.0,56069.42347190477,-3251.576528095233,3251.576528095233
H1,Validação,Gradient Boosting,1T19,2T19,54,BIOCOMBUSTÍVEIS,234.0,1520.3232285752874,1286.3232285752874,1286.3232285752874
H1,Validação,Gradient Boosting,1T19,2T19,54,CORPORATIVO / OUTROS NEGÓCIOS,0.0,1354.3777924242468,1354.3777924242468,1354.3777924242468
H1,Validação,Gradient Boosting,1T19,2T19,54,DISTRIBUIÇÃO,19727.0,20853.711282675155,1126.7112826751545,1126.7112826751545
H1,Validação,Gradient Boosting,1T19,2T19,54,E&P,26771.0,25890.839838415643,-880.1601615843574,880.1601615843574
H1,Validação,Gradient Boosting,1T19,2T19,54,GÁS & ENERGIA / G&EBC,6272.0,8624.557586998193,2352.557586998193,2352.557586998193
H1,Validação,Gradient Boosting,1T19,2T19,54,REFINO / RTC,59321.0,49159.451145836145,-10161.548854163855,10161.548854163855
H1,Validação,Baseline Último,2T19,3T19,55,BIOCOMBUSTÍVEIS,193.0,234.0,41.0,41.0
H1,Validação,Baseline Último,2T19,3T19,55,CORPORATIVO / OUTROS NEGÓCIOS,0.0,0.0,0.0,0.0
H1,Validação,Baseline Último,2T19,3T19,55,DISTRIBUIÇÃO,877.0,19727.0,18850.0,18850.0
H1,Validação,Baseline Último,2T19,3T19,55,E&P,26978.0,26771.0,-207.0,207.0
H1,Validação,Baseline Último,2T19,3T19,55,GÁS & ENERGIA / G&EBC,8077.0,6272.0,-1805.0,1805.0
H1,Validação,Baseline Último,2T19,3T19,55,REFINO / RTC,63048.0,59321.0,-3727.0,3727.0
H1,Validação,Baseline Sazonal,2T19,3T19,55,BIOCOMBUSTÍVEIS,193.0,220.0,27.0,27.0
H1,Validação,Baseline Sazonal,2T19,3T19,55,CORPORATIVO / OUTROS NEGÓCIOS,0.0,0.0,0.0,0.0
H1,Validação,Baseline Sazonal,2T19,3T19,55,DISTRIBUIÇÃO,877.0,26030.0,25153.0,25153.0
H1,Validação,Baseline Sazonal,2T19,3T19,55,E&P,26978.0,28159.0,1181.0,1181.0
H1,Validação,Baseline Sazonal,2T19,3T19,55,GÁS & ENERGIA / G&EBC,8077.0,11270.0,3193.0,3193.0
H1,Validação,Baseline Sazonal,2T19,3T19,55,REFINO / RTC,63048.0,68601.0,5553.0,5553.0
H1,Validação,Ridge Contábil,2T19,3T19,55,BIOCOMBUSTÍVEIS,193.0,992.9921253033644,799.9921253033644,799.9921253033644
H1,Validação,Ridge Contábil,2T19,3T19,55,CORPORATIVO / OUTROS NEGÓCIOS,0.0,437.6632322078149,437.6632322078149,437.6632322078149
H1,Validação,Ridge Contábil,2T19,3T19,55,DISTRIBUIÇÃO,877.0,15730.111867265052,14853.111867265052,14853.111867265052
H1,Validação,Ridge Contábil,2T19,3T19,55,E&P,26978.0,28999.202064793128,2021.2020647931276,2021.2020647931276
H1,Validação,Ridge Contábil,2T19,3T19,55,GÁS & ENERGIA / G&EBC,8077.0,362.1512613946579,-7714.848738605342,7714.848738605342
H1,Validação,Ridge Contábil,2T19,3T19,55,REFINO / RTC,63048.0,60901.863816117206,-2146.1361838827943,2146.1361838827943
H1,Validação,Ridge + Brent e Câmbio,2T19,3T19,55,BIOCOMBUSTÍVEIS,193.0,2560.8496937753644,2367.8496937753644,2367.8496937753644
H1,Validação,Ridge + Brent e Câmbio,2T19,3T19,55,CORPORATIVO / OUTROS NEGÓCIOS,0.0,1470.3935080977917,1470.3935080977917,1470.3935080977917
H1,Validação,Ridge + Brent e Câmbio,2T19,3T19,55,DISTRIBUIÇÃO,877.0,14721.375590272994,13844.375590272994,13844.375590272994
H1,Validação,Ridge + Brent e Câmbio,2T19,3T19,55,E&P,26978.0,29054.44750725691,2076.447507256911,2076.447507256911
H1,Validação,Ridge + Brent e Câmbio,2T19,3T19,55,GÁS & ENERGIA / G&EBC,8077.0,0.0,-8077.0,8077.0
H1,Validação,Ridge + Brent e Câmbio,2T19,3T19,55,REFINO / RTC,63048.0,60757.50270581765,-2290.4972941823507,2290.4972941823507
H1,Validação,Random Forest ampliada,2T19,3T19,55,BIOCOMBUSTÍVEIS,193.0,271.61815091919436,78.61815091919436,78.61815091919436
H1,Validação,Random Forest ampliada,2T19,3T19,55,CORPORATIVO / OUTROS NEGÓCIOS,0.0,1.749893134822167,1.749893134822167,1.749893134822167
H1,Validação,Random Forest ampliada,2T19,3T19,55,DISTRIBUIÇÃO,877.0,20105.56165056593,19228.56165056593,19228.56165056593
H1,Validação,Random Forest ampliada,2T19,3T19,55,E&P,26978.0,30136.962515415962,3158.962515415962,3158.962515415962
H1,Validação,Random Forest ampliada,2T19,3T19,55,GÁS & ENERGIA / G&EBC,8077.0,8395.86711568044,318.8671156804394,318.8671156804394
H1,Validação,Random Forest ampliada,2T19,3T19,55,REFINO / RTC,63048.0,59054.079045109895,-3993.9209548901053,3993.9209548901053
H1,Validação,Random Forest grade original,2T19,3T19,55,BIOCOMBUSTÍVEIS,193.0,231.3966108174775,38.396610817477494,38.396610817477494
H1,Validação,Random Forest grade original,2T19,3T19,55,CORPORATIVO / OUTROS NEGÓCIOS,0.0,0.0,0.0,0.0
H1,Validação,Random Forest grade original,2T19,3T19,55,DISTRIBUIÇÃO,877.0,21002.0082982313,20125.0082982313,20125.0082982313
H1,Validação,Random Forest grade original,2T19,3T19,55,E&P,26978.0,31172.887633025213,4194.887633025213,4194.887633025213
H1,Validação,Random Forest grade original,2T19,3T19,55,GÁS & ENERGIA / G&EBC,8077.0,7999.984834121103,-77.01516587889728,77.01516587889728
H1,Validação,Random Forest grade original,2T19,3T19,55,REFINO / RTC,63048.0,59509.83583704867,-3538.1641629513324,3538.1641629513324
H1,Validação,Gradient Boosting,2T19,3T19,55,BIOCOMBUSTÍVEIS,193.0,1319.9429552240595,1126.9429552240595,1126.9429552240595
H1,Validação,Gradient Boosting,2T19,3T19,55,CORPORATIVO / OUTROS NEGÓCIOS,0.0,1319.9429552240595,1319.9429552240595,1319.9429552240595
H1,Validação,Gradient Boosting,2T19,3T19,55,DISTRIBUIÇÃO,877.0,18362.083222436577,17485.083222436577,17485.083222436577
H1,Validação,Gradient Boosting,2T19,3T19,55,E&P,26978.0,25996.784727617494,-981.2152723825056,981.2152723825056
H1,Validação,Gradient Boosting,2T19,3T19,55,GÁS & ENERGIA / G&EBC,8077.0,8383.066050880065,306.0660508800647,306.0660508800647
H1,Validação,Gradient Boosting,2T19,3T19,55,REFINO / RTC,63048.0,59380.34422372802,-3667.655776271982,3667.655776271982
H1,Validação,Baseline Último,3T19,4T19,56,CORPORATIVO / OUTROS NEGÓCIOS,4588.0,0.0,-4588.0,4588.0
H1,Validação,Baseline Último,3T19,4T19,56,E&P,28305.0,26978.0,-1327.0,1327.0
H1,Validação,Baseline Último,3T19,4T19,56,GÁS & ENERGIA / G&EBC,7307.0,8077.0,770.0,770.0
H1,Validação,Baseline Último,3T19,4T19,56,REFINO / RTC,64454.0,63048.0,-1406.0,1406.0
H1,Validação,Baseline Sazonal,3T19,4T19,56,CORPORATIVO / OUTROS NEGÓCIOS,4588.0,0.0,-4588.0,4588.0
H1,Validação,Baseline Sazonal,3T19,4T19,56,E&P,28305.0,25937.0,-2368.0,2368.0
H1,Validação,Baseline Sazonal,3T19,4T19,56,GÁS & ENERGIA / G&EBC,7307.0,8543.0,1236.0,1236.0
H1,Validação,Baseline Sazonal,3T19,4T19,56,REFINO / RTC,64454.0,71932.0,7478.0,7478.0
H1,Validação,Ridge Contábil,3T19,4T19,56,CORPORATIVO / OUTROS NEGÓCIOS,4588.0,0.0,-4588.0,4588.0
H1,Validação,Ridge Contábil,3T19,4T19,56,E&P,28305.0,26633.418836553177,-1671.5811634468228,1671.5811634468228
H1,Validação,Ridge Contábil,3T19,4T19,56,GÁS & ENERGIA / G&EBC,7307.0,4438.296092392724,-2868.703907607276,2868.703907607276
H1,Validação,Ridge Contábil,3T19,4T19,56,REFINO / RTC,64454.0,64155.47378894692,-298.5262110530821,298.5262110530821
H1,Validação,Ridge + Brent e Câmbio,3T19,4T19,56,CORPORATIVO / OUTROS NEGÓCIOS,4588.0,0.0,-4588.0,4588.0
H1,Validação,Ridge + Brent e Câmbio,3T19,4T19,56,E&P,28305.0,26943.83462138195,-1361.1653786180505,1361.1653786180505
H1,Validação,Ridge + Brent e Câmbio,3T19,4T19,56,GÁS & ENERGIA / G&EBC,7307.0,0.0,-7307.0,7307.0
H1,Validação,Ridge + Brent e Câmbio,3T19,4T19,56,REFINO / RTC,64454.0,63371.02543011622,-1082.9745698837796,1082.9745698837796
H1,Validação,Random Forest ampliada,3T19,4T19,56,CORPORATIVO / OUTROS NEGÓCIOS,4588.0,40.342991573296665,-4547.657008426703,4547.657008426703
H1,Validação,Random Forest ampliada,3T19,4T19,56,E&P,28305.0,30426.283142560012,2121.2831425600125,2121.2831425600125
H1,Validação,Random Forest ampliada,3T19,4T19,56,GÁS & ENERGIA / G&EBC,7307.0,9214.244084418322,1907.244084418322,1907.244084418322
H1,Validação,Random Forest ampliada,3T19,4T19,56,REFINO / RTC,64454.0,58233.84405999999,-6220.1559400000115,6220.1559400000115
H1,Validação,Random Forest grade original,3T19,4T19,56,CORPORATIVO / OUTROS NEGÓCIOS,4588.0,107.94305137844611,-4480.056948621554,4480.056948621554
H1,Validação,Random Forest grade original,3T19,4T19,56,E&P,28305.0,30728.0715292517,2423.0715292517016,2423.0715292517016
H1,Validação,Random Forest grade original,3T19,4T19,56,GÁS & ENERGIA / G&EBC,7307.0,9663.566893488416,2356.566893488416,2356.566893488416
H1,Validação,Random Forest grade original,3T19,4T19,56,REFINO / RTC,64454.0,57153.40523809524,-7300.594761904758,7300.594761904758
H1,Validação,Gradient Boosting,3T19,4T19,56,CORPORATIVO / OUTROS NEGÓCIOS,4588.0,1281.787625595529,-3306.212374404471,3306.212374404471
H1,Validação,Gradient Boosting,3T19,4T19,56,E&P,28305.0,25550.885603252253,-2754.1143967477474,2754.1143967477474
H1,Validação,Gradient Boosting,3T19,4T19,56,GÁS & ENERGIA / G&EBC,7307.0,10497.216021864786,3190.216021864786,3190.216021864786
H1,Validação,Gradient Boosting,3T19,4T19,56,REFINO / RTC,64454.0,60567.84876057786,-3886.1512394221427,3886.1512394221427
H1,Validação,Baseline Último,4T19,1T20,57,CORPORATIVO / OUTROS NEGÓCIOS,830.0,4588.0,3758.0,3758.0
H1,Validação,Baseline Último,4T19,1T20,57,E&P,26224.0,28305.0,2081.0,2081.0
H1,Validação,Baseline Último,4T19,1T20,57,GÁS & ENERGIA / G&EBC,5905.0,7307.0,1402.0,1402.0
H1,Validação,Baseline Último,4T19,1T20,57,REFINO / RTC,68162.0,64454.0,-3708.0,3708.0
H1,Validação,Baseline Sazonal,4T19,1T20,57,CORPORATIVO / OUTROS NEGÓCIOS,830.0,0.0,-830.0,830.0
H1,Validação,Baseline Sazonal,4T19,1T20,57,E&P,26224.0,25640.0,-584.0,584.0
H1,Validação,Baseline Sazonal,4T19,1T20,57,GÁS & ENERGIA / G&EBC,5905.0,8682.0,2777.0,2777.0
H1,Validação,Baseline Sazonal,4T19,1T20,57,REFINO / RTC,68162.0,56167.0,-11995.0,11995.0
H1,Validação,Ridge Contábil,4T19,1T20,57,CORPORATIVO / OUTROS NEGÓCIOS,830.0,4644.612334355541,3814.612334355541,3814.612334355541
H1,Validação,Ridge Contábil,4T19,1T20,57,E&P,26224.0,28305.06858401795,2081.0685840179503,2081.0685840179503
H1,Validação,Ridge Contábil,4T19,1T20,57,GÁS & ENERGIA / G&EBC,5905.0,6223.937765388351,318.9377653883512,318.9377653883512
H1,Validação,Ridge Contábil,4T19,1T20,57,REFINO / RTC,68162.0,64243.904505040424,-3918.095494959576,3918.095494959576
H1,Validação,Ridge + Brent e Câmbio,4T19,1T20,57,CORPORATIVO / OUTROS NEGÓCIOS,830.0,3336.382328640486,2506.382328640486,2506.382328640486
H1,Validação,Ridge + Brent e Câmbio,4T19,1T20,57,E&P,26224.0,27416.298115150745,1192.2981151507447,1192.2981151507447
H1,Validação,Ridge + Brent e Câmbio,4T19,1T20,57,GÁS & ENERGIA / G&EBC,5905.0,7786.064645989325,1881.064645989325,1881.064645989325
H1,Validação,Ridge + Brent e Câmbio,4T19,1T20,57,REFINO / RTC,68162.0,64401.51561749716,-3760.4843825028365,3760.4843825028365
H1,Validação,Random Forest ampliada,4T19,1T20,57,CORPORATIVO / OUTROS NEGÓCIOS,830.0,1544.2047201434093,714.2047201434093,714.2047201434093
H1,Validação,Random Forest ampliada,4T19,1T20,57,E&P,26224.0,29145.676434499983,2921.676434499983,2921.676434499983
H1,Validação,Random Forest ampliada,4T19,1T20,57,GÁS & ENERGIA / G&EBC,5905.0,8332.71187307453,2427.7118730745296,2427.7118730745296
H1,Validação,Random Forest ampliada,4T19,1T20,57,REFINO / RTC,68162.0,57338.45972285715,-10823.540277142849,10823.540277142849
H1,Validação,Random Forest grade original,4T19,1T20,57,CORPORATIVO / OUTROS NEGÓCIOS,830.0,1619.6605847240542,789.6605847240542,789.6605847240542
H1,Validação,Random Forest grade original,4T19,1T20,57,E&P,26224.0,30856.74850666666,4632.7485066666595,4632.7485066666595
H1,Validação,Random Forest grade original,4T19,1T20,57,GÁS & ENERGIA / G&EBC,5905.0,7977.246385211185,2072.246385211185,2072.246385211185
H1,Validação,Random Forest grade original,4T19,1T20,57,REFINO / RTC,68162.0,56598.283598639464,-11563.716401360536,11563.716401360536
H1,Validação,Gradient Boosting,4T19,1T20,57,CORPORATIVO / OUTROS NEGÓCIOS,830.0,4028.7561333058266,3198.7561333058266,3198.7561333058266
H1,Validação,Gradient Boosting,4T19,1T20,57,E&P,26224.0,25914.81245237528,-309.1875476247187,309.1875476247187
H1,Validação,Gradient Boosting,4T19,1T20,57,GÁS & ENERGIA / G&EBC,5905.0,8729.890340523001,2824.890340523001,2824.890340523001
H1,Validação,Gradient Boosting,4T19,1T20,57,REFINO / RTC,68162.0,56225.9371694873,-11936.062830512703,11936.062830512703
H1,Validação,Baseline Último,1T20,2T20,58,CORPORATIVO / OUTROS NEGÓCIOS,1098.0,830.0,-268.0,268.0
H1,Validação,Baseline Último,1T20,2T20,58,E&P,18890.0,26224.0,7334.0,7334.0
H1,Validação,Baseline Último,1T20,2T20,58,GÁS & ENERGIA / G&EBC,3312.0,5905.0,2593.0,2593.0
H1,Validação,Baseline Último,1T20,2T20,58,REFINO / RTC,39835.0,68162.0,28327.0,28327.0
H1,Validação,Baseline Sazonal,1T20,2T20,58,CORPORATIVO / OUTROS NEGÓCIOS,1098.0,0.0,-1098.0,1098.0
H1,Validação,Baseline Sazonal,1T20,2T20,58,E&P,18890.0,26771.0,7881.0,7881.0
H1,Validação,Baseline Sazonal,1T20,2T20,58,GÁS & ENERGIA / G&EBC,3312.0,6272.0,2960.0,2960.0
H1,Validação,Baseline Sazonal,1T20,2T20,58,REFINO / RTC,39835.0,59321.0,19486.0,19486.0
H1,Validação,Ridge Contábil,1T20,2T20,58,CORPORATIVO / OUTROS NEGÓCIOS,1098.0,0.0,-1098.0,1098.0
H1,Validação,Ridge Contábil,1T20,2T20,58,E&P,18890.0,7971.649745977718,-10918.350254022282,10918.350254022282
H1,Validação,Ridge Contábil,1T20,2T20,58,GÁS & ENERGIA / G&EBC,3312.0,6461.720341247648,3149.7203412476483,3149.7203412476483
H1,Validação,Ridge Contábil,1T20,2T20,58,REFINO / RTC,39835.0,64993.14172478846,25158.14172478846,25158.14172478846
H1,Validação,Ridge + Brent e Câmbio,1T20,2T20,58,CORPORATIVO / OUTROS NEGÓCIOS,1098.0,816.8528213311238,-281.1471786688762,281.1471786688762
H1,Validação,Ridge + Brent e Câmbio,1T20,2T20,58,E&P,18890.0,14035.175723238555,-4854.824276761445,4854.824276761445
H1,Validação,Ridge + Brent e Câmbio,1T20,2T20,58,GÁS & ENERGIA / G&EBC,3312.0,6830.508676702766,3518.508676702766,3518.508676702766
H1,Validação,Ridge + Brent e Câmbio,1T20,2T20,58,REFINO / RTC,39835.0,64064.06371430189,24229.06371430189,24229.06371430189
H1,Validação,Random Forest ampliada,1T20,2T20,58,CORPORATIVO / OUTROS NEGÓCIOS,1098.0,2016.7891181283067,918.7891181283067,918.7891181283067
H1,Validação,Random Forest ampliada,1T20,2T20,58,E&P,18890.0,31482.928405079754,12592.928405079754,12592.928405079754
H1,Validação,Random Forest ampliada,1T20,2T20,58,GÁS & ENERGIA / G&EBC,3312.0,7663.3158705748765,4351.3158705748765,4351.3158705748765
H1,Validação,Random Forest ampliada,1T20,2T20,58,REFINO / RTC,39835.0,60778.97630953825,20943.97630953825,20943.97630953825
H1,Validação,Random Forest grade original,1T20,2T20,58,CORPORATIVO / OUTROS NEGÓCIOS,1098.0,1980.9170715910807,882.9170715910807,882.9170715910807
H1,Validação,Random Forest grade original,1T20,2T20,58,E&P,18890.0,32139.385316259628,13249.385316259628,13249.385316259628
H1,Validação,Random Forest grade original,1T20,2T20,58,GÁS & ENERGIA / G&EBC,3312.0,7362.343681638365,4050.3436816383646,4050.3436816383646
H1,Validação,Random Forest grade original,1T20,2T20,58,REFINO / RTC,39835.0,59842.11047619048,20007.11047619048,20007.11047619048
H1,Validação,Gradient Boosting,1T20,2T20,58,CORPORATIVO / OUTROS NEGÓCIOS,1098.0,2480.5614161976264,1382.5614161976264,1382.5614161976264
H1,Validação,Gradient Boosting,1T20,2T20,58,E&P,18890.0,26000.3980263224,7110.3980263224,7110.3980263224
H1,Validação,Gradient Boosting,1T20,2T20,58,GÁS & ENERGIA / G&EBC,3312.0,8556.108049500473,5244.1080495004735,5244.1080495004735
H1,Validação,Gradient Boosting,1T20,2T20,58,REFINO / RTC,39835.0,60679.1629970383,20844.1629970383,20844.1629970383
H1,Validação,Baseline Último,2T20,3T20,59,CORPORATIVO / OUTROS NEGÓCIOS,1090.0,1098.0,8.0,8.0
H1,Validação,Baseline Último,2T20,3T20,59,E&P,25101.0,18890.0,-6211.0,6211.0
H1,Validação,Baseline Último,2T20,3T20,59,GÁS & ENERGIA / G&EBC,4101.0,3312.0,-789.0,789.0
H1,Validação,Baseline Último,2T20,3T20,59,REFINO / RTC,55670.0,39835.0,-15835.0,15835.0
H1,Validação,Baseline Sazonal,2T20,3T20,59,CORPORATIVO / OUTROS NEGÓCIOS,1090.0,0.0,-1090.0,1090.0
H1,Validação,Baseline Sazonal,2T20,3T20,59,E&P,25101.0,26978.0,1877.0,1877.0
H1,Validação,Baseline Sazonal,2T20,3T20,59,GÁS & ENERGIA / G&EBC,4101.0,8077.0,3976.0,3976.0
H1,Validação,Baseline Sazonal,2T20,3T20,59,REFINO / RTC,55670.0,63048.0,7378.0,7378.0
H1,Validação,Ridge Contábil,2T20,3T20,59,CORPORATIVO / OUTROS NEGÓCIOS,1090.0,1772.1210393128003,682.1210393128003,682.1210393128003
H1,Validação,Ridge Contábil,2T20,3T20,59,E&P,25101.0,22133.612437967826,-2967.387562032174,2967.387562032174
H1,Validação,Ridge Contábil,2T20,3T20,59,GÁS & ENERGIA / G&EBC,4101.0,11178.259838822309,7077.259838822309,7077.259838822309
H1,Validação,Ridge Contábil,2T20,3T20,59,REFINO / RTC,55670.0,41310.713658711575,-14359.286341288425,14359.286341288425
H1,Validação,Ridge + Brent e Câmbio,2T20,3T20,59,CORPORATIVO / OUTROS NEGÓCIOS,1090.0,0.0,-1090.0,1090.0
H1,Validação,Ridge + Brent e Câmbio,2T20,3T20,59,E&P,25101.0,23382.94680150196,-1718.0531984980407,1718.0531984980407
H1,Validação,Ridge + Brent e Câmbio,2T20,3T20,59,GÁS & ENERGIA / G&EBC,4101.0,2231.4263902265975,-1869.5736097734025,1869.5736097734025
H1,Validação,Ridge + Brent e Câmbio,2T20,3T20,59,REFINO / RTC,55670.0,48295.26818243006,-7374.73181756994,7374.73181756994
H1,Validação,Random Forest ampliada,2T20,3T20,59,CORPORATIVO / OUTROS NEGÓCIOS,1090.0,1067.6209733228895,-22.37902667711046,22.37902667711046
H1,Validação,Random Forest ampliada,2T20,3T20,59,E&P,25101.0,23898.471717572775,-1202.5282824272253,1202.5282824272253
H1,Validação,Random Forest ampliada,2T20,3T20,59,GÁS & ENERGIA / G&EBC,4101.0,6998.327176357349,2897.3271763573493,2897.3271763573493
H1,Validação,Random Forest ampliada,2T20,3T20,59,REFINO / RTC,55670.0,51357.28135971861,-4312.7186402813895,4312.7186402813895
H1,Validação,Random Forest grade original,2T20,3T20,59,CORPORATIVO / OUTROS NEGÓCIOS,1090.0,1073.5575026890758,-16.442497310924182,16.442497310924182
H1,Validação,Random Forest grade original,2T20,3T20,59,E&P,25101.0,25024.95380904762,-76.04619095238013,76.04619095238013
H1,Validação,Random Forest grade original,2T20,3T20,59,GÁS & ENERGIA / G&EBC,4101.0,6469.089869298901,2368.0898692989012,2368.0898692989012
H1,Validação,Random Forest grade original,2T20,3T20,59,REFINO / RTC,55670.0,50711.84095164502,-4958.159048354981,4958.159048354981
H1,Validação,Gradient Boosting,2T20,3T20,59,CORPORATIVO / OUTROS NEGÓCIOS,1090.0,1488.3708747865367,398.37087478653666,398.37087478653666
H1,Validação,Gradient Boosting,2T20,3T20,59,E&P,25101.0,20670.521227215922,-4430.478772784078,4430.478772784078
H1,Validação,Gradient Boosting,2T20,3T20,59,GÁS & ENERGIA / G&EBC,4101.0,6933.8027553468955,2832.8027553468955,2832.8027553468955
H1,Validação,Gradient Boosting,2T20,3T20,59,REFINO / RTC,55670.0,40056.17312653736,-15613.82687346264,15613.82687346264
H1,Validação,Baseline Último,3T20,4T20,60,CORPORATIVO / OUTROS NEGÓCIOS,1189.0,1090.0,-99.0,99.0
H1,Validação,Baseline Último,3T20,4T20,60,E&P,21842.0,25101.0,3259.0,3259.0
H1,Validação,Baseline Último,3T20,4T20,60,GÁS & ENERGIA / G&EBC,6813.0,4101.0,-2712.0,2712.0
H1,Validação,Baseline Último,3T20,4T20,60,REFINO / RTC,58548.0,55670.0,-2878.0,2878.0
H1,Validação,Baseline Sazonal,3T20,4T20,60,CORPORATIVO / OUTROS NEGÓCIOS,1189.0,4588.0,3399.0,3399.0
H1,Validação,Baseline Sazonal,3T20,4T20,60,E&P,21842.0,28305.0,6463.0,6463.0
H1,Validação,Baseline Sazonal,3T20,4T20,60,GÁS & ENERGIA / G&EBC,6813.0,7307.0,494.0,494.0
H1,Validação,Baseline Sazonal,3T20,4T20,60,REFINO / RTC,58548.0,64454.0,5906.0,5906.0
H1,Validação,Ridge Contábil,3T20,4T20,60,CORPORATIVO / OUTROS NEGÓCIOS,1189.0,295.71042652836513,-893.2895734716349,893.2895734716349
H1,Validação,Ridge Contábil,3T20,4T20,60,E&P,21842.0,32434.678556154657,10592.678556154657,10592.678556154657
H1,Validação,Ridge Contábil,3T20,4T20,60,GÁS & ENERGIA / G&EBC,6813.0,4790.674351788535,-2022.3256482114648,2022.3256482114648
H1,Validação,Ridge Contábil,3T20,4T20,60,REFINO / RTC,58548.0,59599.84252074461,1051.8425207446126,1051.8425207446126
H1,Validação,Ridge + Brent e Câmbio,3T20,4T20,60,CORPORATIVO / OUTROS NEGÓCIOS,1189.0,302.3564993565651,-886.6435006434349,886.6435006434349
H1,Validação,Ridge + Brent e Câmbio,3T20,4T20,60,E&P,21842.0,27207.648525847235,5365.648525847235,5365.648525847235
H1,Validação,Ridge + Brent e Câmbio,3T20,4T20,60,GÁS & ENERGIA / G&EBC,6813.0,5629.006892635638,-1183.993107364362,1183.993107364362
H1,Validação,Ridge + Brent e Câmbio,3T20,4T20,60,REFINO / RTC,58548.0,55762.380982037306,-2785.6190179626938,2785.6190179626938
H1,Validação,Random Forest ampliada,3T20,4T20,60,CORPORATIVO / OUTROS NEGÓCIOS,1189.0,1427.7883088058995,238.78830880589953,238.78830880589953
H1,Validação,Random Forest ampliada,3T20,4T20,60,E&P,21842.0,25485.98108620476,3643.98108620476,3643.98108620476
H1,Validação,Random Forest ampliada,3T20,4T20,60,GÁS & ENERGIA / G&EBC,6813.0,5920.21176809227,-892.7882319077298,892.7882319077298
H1,Validação,Random Forest ampliada,3T20,4T20,60,REFINO / RTC,58548.0,49805.55381128432,-8742.44618871568,8742.44618871568
H1,Validação,Random Forest grade original,3T20,4T20,60,CORPORATIVO / OUTROS NEGÓCIOS,1189.0,1520.802482755047,331.8024827550471,331.8024827550471
H1,Validação,Random Forest grade original,3T20,4T20,60,E&P,21842.0,26825.25408756957,4983.25408756957,4983.25408756957
H1,Validação,Random Forest grade original,3T20,4T20,60,GÁS & ENERGIA / G&EBC,6813.0,6258.641062764378,-554.3589372356219,554.3589372356219
H1,Validação,Random Forest grade original,3T20,4T20,60,REFINO / RTC,58548.0,49110.92297081232,-9437.077029187683,9437.077029187683
H1,Validação,Gradient Boosting,3T20,4T20,60,CORPORATIVO / OUTROS NEGÓCIOS,1189.0,1552.1795862598303,363.17958625983033,363.17958625983033
H1,Validação,Gradient Boosting,3T20,4T20,60,E&P,21842.0,22426.926034321183,584.9260343211827,584.9260343211827
H1,Validação,Gradient Boosting,3T20,4T20,60,GÁS & ENERGIA / G&EBC,6813.0,6855.875884587559,42.875884587559085,42.875884587559085
H1,Validação,Gradient Boosting,3T20,4T20,60,REFINO / RTC,58548.0,55382.30464066029,-3165.695359339712,3165.695359339712
H1,Validação,Baseline Último,4T20,1T21,61,CORPORATIVO / OUTROS NEGÓCIOS,823.0,1189.0,366.0,366.0
H1,Validação,Baseline Último,4T20,1T21,61,E&P,28636.0,21842.0,-6794.0,6794.0
H1,Validação,Baseline Último,4T20,1T21,61,GÁS & ENERGIA / G&EBC,7271.0,6813.0,-458.0,458.0
H1,Validação,Baseline Último,4T20,1T21,61,REFINO / RTC,64975.0,58548.0,-6427.0,6427.0
H1,Validação,Baseline Sazonal,4T20,1T21,61,CORPORATIVO / OUTROS NEGÓCIOS,823.0,830.0,7.0,7.0
H1,Validação,Baseline Sazonal,4T20,1T21,61,E&P,28636.0,26224.0,-2412.0,2412.0
H1,Validação,Baseline Sazonal,4T20,1T21,61,GÁS & ENERGIA / G&EBC,7271.0,5905.0,-1366.0,1366.0
H1,Validação,Baseline Sazonal,4T20,1T21,61,REFINO / RTC,64975.0,68162.0,3187.0,3187.0
H1,Validação,Ridge Contábil,4T20,1T21,61,CORPORATIVO / OUTROS NEGÓCIOS,823.0,0.0,-823.0,823.0
H1,Validação,Ridge Contábil,4T20,1T21,61,E&P,28636.0,16142.722194277027,-12493.277805722973,12493.277805722973
H1,Validação,Ridge Contábil,4T20,1T21,61,GÁS & ENERGIA / G&EBC,7271.0,5650.463989484002,-1620.536010515998,1620.536010515998
H1,Validação,Ridge Contábil,4T20,1T21,61,REFINO / RTC,64975.0,58014.366251464104,-6960.633748535896,6960.633748535896
H1,Validação,Ridge + Brent e Câmbio,4T20,1T21,61,CORPORATIVO / OUTROS NEGÓCIOS,823.0,0.0,-823.0,823.0
H1,Validação,Ridge + Brent e Câmbio,4T20,1T21,61,E&P,28636.0,14786.62249156461,-13849.37750843539,13849.37750843539
H1,Validação,Ridge + Brent e Câmbio,4T20,1T21,61,GÁS & ENERGIA / G&EBC,7271.0,5313.003556769969,-1957.9964432300312,1957.9964432300312
H1,Validação,Ridge + Brent e Câmbio,4T20,1T21,61,REFINO / RTC,64975.0,58310.60132497541,-6664.3986750245895,6664.3986750245895
H1,Validação,Random Forest ampliada,4T20,1T21,61,CORPORATIVO / OUTROS NEGÓCIOS,823.0,2473.164198936008,1650.1641989360078,1650.1641989360078
H1,Validação,Random Forest ampliada,4T20,1T21,61,E&P,28636.0,25523.861998833654,-3112.138001166346,3112.138001166346
H1,Validação,Random Forest ampliada,4T20,1T21,61,GÁS & ENERGIA / G&EBC,7271.0,6965.630485154979,-305.3695148450206,305.3695148450206
H1,Validação,Random Forest ampliada,4T20,1T21,61,REFINO / RTC,64975.0,55587.51609833335,-9387.483901666652,9387.483901666652
H1,Validação,Random Forest grade original,4T20,1T21,61,CORPORATIVO / OUTROS NEGÓCIOS,823.0,2868.660336592455,2045.6603365924552,2045.6603365924552
H1,Validação,Random Forest grade original,4T20,1T21,61,E&P,28636.0,25925.276009322406,-2710.723990677594,2710.723990677594
H1,Validação,Random Forest grade original,4T20,1T21,61,GÁS & ENERGIA / G&EBC,7271.0,6850.275051907409,-420.72494809259115,420.72494809259115
H1,Validação,Random Forest grade original,4T20,1T21,61,REFINO / RTC,64975.0,52533.40611190477,-12441.59388809523,12441.59388809523
H1,Validação,Gradient Boosting,4T20,1T21,61,CORPORATIVO / OUTROS NEGÓCIOS,823.0,2309.242323690021,1486.2423236900208,1486.2423236900208
H1,Validação,Gradient Boosting,4T20,1T21,61,E&P,28636.0,24764.80844599932,-3871.191554000681,3871.191554000681
H1,Validação,Gradient Boosting,4T20,1T21,61,GÁS & ENERGIA / G&EBC,7271.0,8342.501956275646,1071.501956275646,1071.501956275646
H1,Validação,Gradient Boosting,4T20,1T21,61,REFINO / RTC,64975.0,60469.84148217595,-4505.158517824049,4505.158517824049
H1,Validação,Baseline Último,1T21,2T21,62,CORPORATIVO / OUTROS NEGÓCIOS,609.0,823.0,214.0,214.0
H1,Validação,Baseline Último,1T21,2T21,62,E&P,29667.0,28636.0,-1031.0,1031.0
H1,Validação,Baseline Último,1T21,2T21,62,GÁS & ENERGIA / G&EBC,8748.0,7271.0,-1477.0,1477.0
H1,Validação,Baseline Último,1T21,2T21,62,REFINO / RTC,88246.0,64975.0,-23271.0,23271.0
H1,Validação,Baseline Sazonal,1T21,2T21,62,CORPORATIVO / OUTROS NEGÓCIOS,609.0,1098.0,489.0,489.0
H1,Validação,Baseline Sazonal,1T21,2T21,62,E&P,29667.0,18890.0,-10777.0,10777.0
H1,Validação,Baseline Sazonal,1T21,2T21,62,GÁS & ENERGIA / G&EBC,8748.0,3312.0,-5436.0,5436.0
H1,Validação,Baseline Sazonal,1T21,2T21,62,REFINO / RTC,88246.0,39835.0,-48411.0,48411.0
H1,Validação,Ridge Contábil,1T21,2T21,62,CORPORATIVO / OUTROS NEGÓCIOS,609.0,237.87791864603605,-371.12208135396395,371.12208135396395
H1,Validação,Ridge Contábil,1T21,2T21,62,E&P,29667.0,20356.25059101704,-9310.74940898296,9310.74940898296
H1,Validação,Ridge Contábil,1T21,2T21,62,GÁS & ENERGIA / G&EBC,8748.0,6638.554847878386,-2109.4451521216142,2109.4451521216142
H1,Validação,Ridge Contábil,1T21,2T21,62,REFINO / RTC,88246.0,66018.83065179005,-22227.16934820995,22227.16934820995
H1,Validação,Ridge + Brent e Câmbio,1T21,2T21,62,CORPORATIVO / OUTROS NEGÓCIOS,609.0,794.6232810497313,185.6232810497313,185.6232810497313
H1,Validação,Ridge + Brent e Câmbio,1T21,2T21,62,E&P,29667.0,15604.112830152046,-14062.887169847954,14062.887169847954
H1,Validação,Ridge + Brent e Câmbio,1T21,2T21,62,GÁS & ENERGIA / G&EBC,8748.0,8996.909488848596,248.90948884859608,248.90948884859608
H1,Validação,Ridge + Brent e Câmbio,1T21,2T21,62,REFINO / RTC,88246.0,66211.556137474,-22034.443862525994,22034.443862525994
H1,Validação,Random Forest ampliada,1T21,2T21,62,CORPORATIVO / OUTROS NEGÓCIOS,609.0,1484.895364894276,875.8953648942761,875.8953648942761
H1,Validação,Random Forest ampliada,1T21,2T21,62,E&P,29667.0,28265.42384849494,-1401.5761515050617,1401.5761515050617
H1,Validação,Random Forest ampliada,1T21,2T21,62,GÁS & ENERGIA / G&EBC,8748.0,7553.625954987902,-1194.3740450120977,1194.3740450120977
H1,Validação,Random Forest ampliada,1T21,2T21,62,REFINO / RTC,88246.0,58371.233332441065,-29874.766667558935,29874.766667558935
H1,Validação,Random Forest grade original,1T21,2T21,62,CORPORATIVO / OUTROS NEGÓCIOS,609.0,1538.7568271809237,929.7568271809237,929.7568271809237
H1,Validação,Random Forest grade original,1T21,2T21,62,E&P,29667.0,27252.178036682366,-2414.821963317634,2414.821963317634
H1,Validação,Random Forest grade original,1T21,2T21,62,GÁS & ENERGIA / G&EBC,8748.0,7156.969791250872,-1591.0302087491282,1591.0302087491282
H1,Validação,Random Forest grade original,1T21,2T21,62,REFINO / RTC,88246.0,56396.984815102034,-31849.015184897966,31849.015184897966
H1,Validação,Gradient Boosting,1T21,2T21,62,CORPORATIVO / OUTROS NEGÓCIOS,609.0,1462.8185598701552,853.8185598701552,853.8185598701552
H1,Validação,Gradient Boosting,1T21,2T21,62,E&P,29667.0,26013.316372363282,-3653.6836276367176,3653.6836276367176
H1,Validação,Gradient Boosting,1T21,2T21,62,GÁS & ENERGIA / G&EBC,8748.0,8355.772219925602,-392.22778007439774,392.22778007439774
H1,Validação,Gradient Boosting,1T21,2T21,62,REFINO / RTC,88246.0,59308.232530190646,-28937.767469809354,28937.767469809354
H1,Validação,Baseline Último,2T21,3T21,63,CORPORATIVO / OUTROS NEGÓCIOS,474.0,609.0,135.0,135.0
H1,Validação,Baseline Último,2T21,3T21,63,E&P,32983.0,29667.0,-3316.0,3316.0
H1,Validação,Baseline Último,2T21,3T21,63,GÁS & ENERGIA / G&EBC,13938.0,8748.0,-5190.0,5190.0
H1,Validação,Baseline Último,2T21,3T21,63,REFINO / RTC,95546.0,88246.0,-7300.0,7300.0
H1,Validação,Baseline Sazonal,2T21,3T21,63,CORPORATIVO / OUTROS NEGÓCIOS,474.0,1090.0,616.0,616.0
H1,Validação,Baseline Sazonal,2T21,3T21,63,E&P,32983.0,25101.0,-7882.0,7882.0
H1,Validação,Baseline Sazonal,2T21,3T21,63,GÁS & ENERGIA / G&EBC,13938.0,4101.0,-9837.0,9837.0
H1,Validação,Baseline Sazonal,2T21,3T21,63,REFINO / RTC,95546.0,55670.0,-39876.0,39876.0
H1,Validação,Ridge Contábil,2T21,3T21,63,CORPORATIVO / OUTROS NEGÓCIOS,474.0,2018.0408766980163,1544.0408766980163,1544.0408766980163
H1,Validação,Ridge Contábil,2T21,3T21,63,E&P,32983.0,32249.4324876307,-733.5675123693,733.5675123693
H1,Validação,Ridge Contábil,2T21,3T21,63,GÁS & ENERGIA / G&EBC,13938.0,8854.310410124988,-5083.689589875012,5083.689589875012
H1,Validação,Ridge Contábil,2T21,3T21,63,REFINO / RTC,95546.0,82376.38875289242,-13169.611247107576,13169.611247107576
H1,Validação,Ridge + Brent e Câmbio,2T21,3T21,63,CORPORATIVO / OUTROS NEGÓCIOS,474.0,6947.975692299115,6473.975692299115,6473.975692299115
H1,Validação,Ridge + Brent e Câmbio,2T21,3T21,63,E&P,32983.0,35971.97890555624,2988.9789055562433,2988.9789055562433
H1,Validação,Ridge + Brent e Câmbio,2T21,3T21,63,GÁS & ENERGIA / G&EBC,13938.0,13568.59035064607,-369.4096493539291,369.4096493539291
H1,Validação,Ridge + Brent e Câmbio,2T21,3T21,63,REFINO / RTC,95546.0,78789.65017885523,-16756.349821144773,16756.349821144773
H1,Validação,Random Forest ampliada,2T21,3T21,63,CORPORATIVO / OUTROS NEGÓCIOS,474.0,1423.9836760972673,949.9836760972673,949.9836760972673
H1,Validação,Random Forest ampliada,2T21,3T21,63,E&P,32983.0,28569.216334783276,-4413.783665216724,4413.783665216724
H1,Validação,Random Forest ampliada,2T21,3T21,63,GÁS & ENERGIA / G&EBC,13938.0,8106.593022295847,-5831.406977704153,5831.406977704153
H1,Validação,Random Forest ampliada,2T21,3T21,63,REFINO / RTC,95546.0,61934.93920138672,-33611.06079861328,33611.06079861328
H1,Validação,Random Forest grade original,2T21,3T21,63,CORPORATIVO / OUTROS NEGÓCIOS,474.0,1666.6614470302604,1192.6614470302604,1192.6614470302604
H1,Validação,Random Forest grade original,2T21,3T21,63,E&P,32983.0,29148.35894569161,-3834.641054308391,3834.641054308391
H1,Validação,Random Forest grade original,2T21,3T21,63,GÁS & ENERGIA / G&EBC,13938.0,7708.075114362841,-6229.924885637159,6229.924885637159
H1,Validação,Random Forest grade original,2T21,3T21,63,REFINO / RTC,95546.0,62780.287299509386,-32765.712700490614,32765.712700490614
H1,Validação,Gradient Boosting,2T21,3T21,63,CORPORATIVO / OUTROS NEGÓCIOS,474.0,1604.794940265738,1130.794940265738,1130.794940265738
H1,Validação,Gradient Boosting,2T21,3T21,63,E&P,32983.0,27258.07649412608,-5724.923505873921,5724.923505873921
H1,Validação,Gradient Boosting,2T21,3T21,63,GÁS & ENERGIA / G&EBC,13938.0,8380.722679127768,-5557.277320872232,5557.277320872232
H1,Validação,Gradient Boosting,2T21,3T21,63,REFINO / RTC,95546.0,59555.491456070245,-35990.508543929755,35990.508543929755
H1,Validação,Baseline Último,3T21,4T21,64,CORPORATIVO / OUTROS NEGÓCIOS,824.0,474.0,-350.0,350.0
H1,Validação,Baseline Último,3T21,4T21,64,E&P,36464.0,32983.0,-3481.0,3481.0
H1,Validação,Baseline Último,3T21,4T21,64,GÁS & ENERGIA / G&EBC,21435.0,13938.0,-7497.0,7497.0
H1,Validação,Baseline Último,3T21,4T21,64,REFINO / RTC,104838.0,95546.0,-9292.0,9292.0
H1,Validação,Baseline Sazonal,3T21,4T21,64,CORPORATIVO / OUTROS NEGÓCIOS,824.0,1189.0,365.0,365.0
H1,Validação,Baseline Sazonal,3T21,4T21,64,E&P,36464.0,21842.0,-14622.0,14622.0
H1,Validação,Baseline Sazonal,3T21,4T21,64,GÁS & ENERGIA / G&EBC,21435.0,6813.0,-14622.0,14622.0
H1,Validação,Baseline Sazonal,3T21,4T21,64,REFINO / RTC,104838.0,58548.0,-46290.0,46290.0
H1,Validação,Ridge Contábil,3T21,4T21,64,CORPORATIVO / OUTROS NEGÓCIOS,824.0,0.0,-824.0,824.0
H1,Validação,Ridge Contábil,3T21,4T21,64,E&P,36464.0,36359.037576747054,-104.96242325294588,104.96242325294588
H1,Validação,Ridge Contábil,3T21,4T21,64,GÁS & ENERGIA / G&EBC,21435.0,12572.485426212275,-8862.514573787725,8862.514573787725
H1,Validação,Ridge Contábil,3T21,4T21,64,REFINO / RTC,104838.0,91480.55621491894,-13357.443785081065,13357.443785081065
H1,Validação,Ridge + Brent e Câmbio,3T21,4T21,64,CORPORATIVO / OUTROS NEGÓCIOS,824.0,3919.027098982804,3095.027098982804,3095.027098982804
H1,Validação,Ridge + Brent e Câmbio,3T21,4T21,64,E&P,36464.0,35089.61898716318,-1374.3810128368204,1374.3810128368204
H1,Validação,Ridge + Brent e Câmbio,3T21,4T21,64,GÁS & ENERGIA / G&EBC,21435.0,14750.61920768004,-6684.38079231996,6684.38079231996
H1,Validação,Ridge + Brent e Câmbio,3T21,4T21,64,REFINO / RTC,104838.0,89726.21054488354,-15111.789455116465,15111.789455116465
H1,Validação,Random Forest ampliada,3T21,4T21,64,CORPORATIVO / OUTROS NEGÓCIOS,824.0,1594.2126444990595,770.2126444990595,770.2126444990595
H1,Validação,Random Forest ampliada,3T21,4T21,64,E&P,36464.0,34234.730833927395,-2229.269166072605,2229.269166072605
H1,Validação,Random Forest ampliada,3T21,4T21,64,GÁS & ENERGIA / G&EBC,21435.0,11088.946693246817,-10346.053306753183,10346.053306753183
H1,Validação,Random Forest ampliada,3T21,4T21,64,REFINO / RTC,104838.0,67595.15049285715,-37242.84950714285,37242.84950714285
H1,Validação,Random Forest grade original,3T21,4T21,64,CORPORATIVO / OUTROS NEGÓCIOS,824.0,3152.83589360916,2328.83589360916,2328.83589360916
H1,Validação,Random Forest grade original,3T21,4T21,64,E&P,36464.0,35046.740847179484,-1417.2591528205157,1417.2591528205157
H1,Validação,Random Forest grade original,3T21,4T21,64,GÁS & ENERGIA / G&EBC,21435.0,11689.72810469233,-9745.27189530767,9745.27189530767
H1,Validação,Random Forest grade original,3T21,4T21,64,REFINO / RTC,104838.0,68643.691292517,-36194.308707483,36194.308707483
H1,Validação,Gradient Boosting,3T21,4T21,64,CORPORATIVO / OUTROS NEGÓCIOS,824.0,1706.994030031275,882.9940300312751,882.9940300312751
H1,Validação,Gradient Boosting,3T21,4T21,64,E&P,36464.0,29499.25930633423,-6964.740693665772,6964.740693665772
H1,Validação,Gradient Boosting,3T21,4T21,64,GÁS & ENERGIA / G&EBC,21435.0,12514.71027084395,-8920.28972915605,8920.28972915605
H1,Validação,Gradient Boosting,3T21,4T21,64,REFINO / RTC,104838.0,65574.69193393433,-39263.30806606567,39263.30806606567
H1,Validação,Baseline Último,4T21,1T22,65,CORPORATIVO / OUTROS NEGÓCIOS,649.0,824.0,175.0,175.0
H1,Validação,Baseline Último,4T21,1T22,65,E&P,40112.0,36464.0,-3648.0,3648.0
H1,Validação,Baseline Último,4T21,1T22,65,GÁS & ENERGIA / G&EBC,15272.0,21435.0,6163.0,6163.0
H1,Validação,Baseline Último,4T21,1T22,65,REFINO / RTC,112165.0,104838.0,-7327.0,7327.0
H1,Validação,Baseline Sazonal,4T21,1T22,65,CORPORATIVO / OUTROS NEGÓCIOS,649.0,823.0,174.0,174.0
H1,Validação,Baseline Sazonal,4T21,1T22,65,E&P,40112.0,28636.0,-11476.0,11476.0
H1,Validação,Baseline Sazonal,4T21,1T22,65,GÁS & ENERGIA / G&EBC,15272.0,7271.0,-8001.0,8001.0
H1,Validação,Baseline Sazonal,4T21,1T22,65,REFINO / RTC,112165.0,64975.0,-47190.0,47190.0
H1,Validação,Ridge Contábil,4T21,1T22,65,CORPORATIVO / OUTROS NEGÓCIOS,649.0,289.1487573290251,-359.8512426709749,359.8512426709749
H1,Validação,Ridge Contábil,4T21,1T22,65,E&P,40112.0,42437.235840018955,2325.235840018955,2325.235840018955
H1,Validação,Ridge Contábil,4T21,1T22,65,GÁS & ENERGIA / G&EBC,15272.0,18082.964620330975,2810.964620330975,2810.964620330975
H1,Validação,Ridge Contábil,4T21,1T22,65,REFINO / RTC,112165.0,104476.52143324648,-7688.478566753518,7688.478566753518
H1,Validação,Ridge + Brent e Câmbio,4T21,1T22,65,CORPORATIVO / OUTROS NEGÓCIOS,649.0,4978.671079569704,4329.671079569704,4329.671079569704
H1,Validação,Ridge + Brent e Câmbio,4T21,1T22,65,E&P,40112.0,38842.476649659235,-1269.5233503407653,1269.5233503407653
H1,Validação,Ridge + Brent e Câmbio,4T21,1T22,65,GÁS & ENERGIA / G&EBC,15272.0,20779.316457189892,5507.316457189892,5507.316457189892
H1,Validação,Ridge + Brent e Câmbio,4T21,1T22,65,REFINO / RTC,112165.0,101141.487763546,-11023.512236454,11023.512236454
H1,Validação,Random Forest ampliada,4T21,1T22,65,CORPORATIVO / OUTROS NEGÓCIOS,649.0,1353.7549688422177,704.7549688422177,704.7549688422177
H1,Validação,Random Forest ampliada,4T21,1T22,65,E&P,40112.0,34331.085630666676,-5780.914369333324,5780.914369333324
H1,Validação,Random Forest ampliada,4T21,1T22,65,GÁS & ENERGIA / G&EBC,15272.0,16109.812924711889,837.8129247118886,837.8129247118886
H1,Validação,Random Forest ampliada,4T21,1T22,65,REFINO / RTC,112165.0,73637.82280192859,-38527.17719807141,38527.17719807141
H1,Validação,Random Forest grade original,4T21,1T22,65,CORPORATIVO / OUTROS NEGÓCIOS,649.0,1916.7589894177568,1267.7589894177568,1267.7589894177568
H1,Validação,Random Forest grade original,4T21,1T22,65,E&P,40112.0,32548.187437619043,-7563.812562380957,7563.812562380957
H1,Validação,Random Forest grade original,4T21,1T22,65,GÁS & ENERGIA / G&EBC,15272.0,15422.205952947843,150.2059529478429,150.2059529478429
H1,Validação,Random Forest grade original,4T21,1T22,65,REFINO / RTC,112165.0,74163.36448979592,-38001.63551020408,38001.63551020408
H1,Validação,Gradient Boosting,4T21,1T22,65,CORPORATIVO / OUTROS NEGÓCIOS,649.0,1874.8977765965249,1225.8977765965249,1225.8977765965249
H1,Validação,Gradient Boosting,4T21,1T22,65,E&P,40112.0,31432.081903925402,-8679.918096074598,8679.918096074598
H1,Validação,Gradient Boosting,4T21,1T22,65,GÁS & ENERGIA / G&EBC,15272.0,16929.764284000914,1657.764284000914,1657.764284000914
H1,Validação,Gradient Boosting,4T21,1T22,65,REFINO / RTC,112165.0,73380.57148074928,-38784.42851925072,38784.42851925072
H1,Validação,Baseline Último,1T22,2T22,66,CORPORATIVO / OUTROS NEGÓCIOS,729.0,649.0,-80.0,80.0
H1,Validação,Baseline Último,1T22,2T22,66,E&P,40228.0,40112.0,-116.0,116.0
H1,Validação,Baseline Último,1T22,2T22,66,GÁS & ENERGIA / G&EBC,11677.0,15272.0,3595.0,3595.0
H1,Validação,Baseline Último,1T22,2T22,66,REFINO / RTC,131897.0,112165.0,-19732.0,19732.0
H1,Validação,Baseline Sazonal,1T22,2T22,66,CORPORATIVO / OUTROS NEGÓCIOS,729.0,609.0,-120.0,120.0
H1,Validação,Baseline Sazonal,1T22,2T22,66,E&P,40228.0,29667.0,-10561.0,10561.0
H1,Validação,Baseline Sazonal,1T22,2T22,66,GÁS & ENERGIA / G&EBC,11677.0,8748.0,-2929.0,2929.0
H1,Validação,Baseline Sazonal,1T22,2T22,66,REFINO / RTC,131897.0,88246.0,-43651.0,43651.0
H1,Validação,Ridge Contábil,1T22,2T22,66,CORPORATIVO / OUTROS NEGÓCIOS,729.0,689.6263543068562,-39.37364569314377,39.37364569314377
H1,Validação,Ridge Contábil,1T22,2T22,66,E&P,40228.0,50783.806224786196,10555.806224786196,10555.806224786196
H1,Validação,Ridge Contábil,1T22,2T22,66,GÁS & ENERGIA / G&EBC,11677.0,15286.073802284716,3609.0738022847163,3609.0738022847163
H1,Validação,Ridge Contábil,1T22,2T22,66,REFINO / RTC,131897.0,114126.69383416141,-17770.306165838585,17770.306165838585
H1,Validação,Ridge + Brent e Câmbio,1T22,2T22,66,CORPORATIVO / OUTROS NEGÓCIOS,729.0,5243.401438801435,4514.401438801435,4514.401438801435
H1,Validação,Ridge + Brent e Câmbio,1T22,2T22,66,E&P,40228.0,52180.10817802664,11952.10817802664,11952.10817802664
H1,Validação,Ridge + Brent e Câmbio,1T22,2T22,66,GÁS & ENERGIA / G&EBC,11677.0,19915.008799047653,8238.008799047653,8238.008799047653
H1,Validação,Ridge + Brent e Câmbio,1T22,2T22,66,REFINO / RTC,131897.0,111003.56497178657,-20893.435028213426,20893.435028213426
H1,Validação,Random Forest ampliada,1T22,2T22,66,CORPORATIVO / OUTROS NEGÓCIOS,729.0,705.110402040239,-23.889597959760977,23.889597959760977
H1,Validação,Random Forest ampliada,1T22,2T22,66,E&P,40228.0,41921.26493669841,1693.2649366984115,1693.2649366984115
H1,Validação,Random Forest ampliada,1T22,2T22,66,GÁS & ENERGIA / G&EBC,11677.0,15609.749887821616,3932.7498878216156,3932.7498878216156
H1,Validação,Random Forest ampliada,1T22,2T22,66,REFINO / RTC,131897.0,81236.4164047619,-50660.5835952381,50660.5835952381
H1,Validação,Random Forest grade original,1T22,2T22,66,CORPORATIVO / OUTROS NEGÓCIOS,729.0,753.1387395732872,24.13873957328724,24.13873957328724
H1,Validação,Random Forest grade original,1T22,2T22,66,E&P,40228.0,41244.52933151927,1016.5293315192685,1016.5293315192685
H1,Validação,Random Forest grade original,1T22,2T22,66,GÁS & ENERGIA / G&EBC,11677.0,15622.828524897956,3945.8285248979555,3945.8285248979555
H1,Validação,Random Forest grade original,1T22,2T22,66,REFINO / RTC,131897.0,83847.36809523811,-48049.63190476189,48049.63190476189
H1,Validação,Gradient Boosting,1T22,2T22,66,CORPORATIVO / OUTROS NEGÓCIOS,729.0,2169.5061664470823,1440.5061664470823,1440.5061664470823
H1,Validação,Gradient Boosting,1T22,2T22,66,E&P,40228.0,40832.160247821455,604.1602478214554,604.1602478214554
H1,Validação,Gradient Boosting,1T22,2T22,66,GÁS & ENERGIA / G&EBC,11677.0,16791.61963990999,5114.61963990999,5114.61963990999
H1,Validação,Gradient Boosting,1T22,2T22,66,REFINO / RTC,131897.0,86299.19192572981,-45597.808074270186,45597.808074270186
H1,Validação,Baseline Último,2T22,3T22,67,CORPORATIVO / OUTROS NEGÓCIOS,711.0,729.0,18.0,18.0
H1,Validação,Baseline Último,2T22,3T22,67,E&P,39049.0,40228.0,1179.0,1179.0
H1,Validação,Baseline Último,2T22,3T22,67,GÁS & ENERGIA / G&EBC,13849.0,11677.0,-2172.0,2172.0
H1,Validação,Baseline Último,2T22,3T22,67,REFINO / RTC,139607.0,131897.0,-7710.0,7710.0
H1,Validação,Baseline Sazonal,2T22,3T22,67,CORPORATIVO / OUTROS NEGÓCIOS,711.0,474.0,-237.0,237.0
H1,Validação,Baseline Sazonal,2T22,3T22,67,E&P,39049.0,32983.0,-6066.0,6066.0
H1,Validação,Baseline Sazonal,2T22,3T22,67,GÁS & ENERGIA / G&EBC,13849.0,13938.0,89.0,89.0
H1,Validação,Baseline Sazonal,2T22,3T22,67,REFINO / RTC,139607.0,95546.0,-44061.0,44061.0
H1,Validação,Ridge Contábil,2T22,3T22,67,CORPORATIVO / OUTROS NEGÓCIOS,711.0,1788.4944378581185,1077.4944378581185,1077.4944378581185
H1,Validação,Ridge Contábil,2T22,3T22,67,E&P,39049.0,49722.81512058109,10673.815120581086,10673.815120581086
H1,Validação,Ridge Contábil,2T22,3T22,67,GÁS & ENERGIA / G&EBC,13849.0,14324.205064178197,475.20506417819706,475.20506417819706
H1,Validação,Ridge Contábil,2T22,3T22,67,REFINO / RTC,139607.0,140072.5962255893,465.59622558931005,465.59622558931005
H1,Validação,Ridge + Brent e Câmbio,2T22,3T22,67,CORPORATIVO / OUTROS NEGÓCIOS,711.0,4567.581762938691,3856.581762938691,3856.581762938691
H1,Validação,Ridge + Brent e Câmbio,2T22,3T22,67,E&P,39049.0,51424.40958818273,12375.40958818273,12375.40958818273
H1,Validação,Ridge + Brent e Câmbio,2T22,3T22,67,GÁS & ENERGIA / G&EBC,13849.0,17109.47803406544,3260.4780340654397,3260.4780340654397
H1,Validação,Ridge + Brent e Câmbio,2T22,3T22,67,REFINO / RTC,139607.0,131886.09120241404,-7720.908797585958,7720.908797585958
H1,Validação,Random Forest ampliada,2T22,3T22,67,CORPORATIVO / OUTROS NEGÓCIOS,711.0,730.8522544759733,19.852254475973268,19.852254475973268
H1,Validação,Random Forest ampliada,2T22,3T22,67,E&P,39049.0,47155.54951175542,8106.5495117554165,8106.5495117554165
H1,Validação,Random Forest ampliada,2T22,3T22,67,GÁS & ENERGIA / G&EBC,13849.0,13659.459104494681,-189.54089550531899,189.54089550531899
H1,Validação,Random Forest ampliada,2T22,3T22,67,REFINO / RTC,139607.0,98970.39483333328,-40636.60516666672,40636.60516666672
H1,Validação,Random Forest grade original,2T22,3T22,67,CORPORATIVO / OUTROS NEGÓCIOS,711.0,808.058589998989,97.05858999898896,97.05858999898896
H1,Validação,Random Forest grade original,2T22,3T22,67,E&P,39049.0,44583.20981746444,5534.209817464442,5534.209817464442
H1,Validação,Random Forest grade original,2T22,3T22,67,GÁS & ENERGIA / G&EBC,13849.0,13969.169834964508,120.16983496450848,120.16983496450848
H1,Validação,Random Forest grade original,2T22,3T22,67,REFINO / RTC,139607.0,99385.63619047616,-40221.36380952384,40221.36380952384
H1,Validação,Gradient Boosting,2T22,3T22,67,CORPORATIVO / OUTROS NEGÓCIOS,711.0,1987.6074595385394,1276.6074595385394,1276.6074595385394
H1,Validação,Gradient Boosting,2T22,3T22,67,E&P,39049.0,38115.708034281495,-933.2919657185048,933.2919657185048
H1,Validação,Gradient Boosting,2T22,3T22,67,GÁS & ENERGIA / G&EBC,13849.0,15547.476425178991,1698.4764251789911,1698.4764251789911
H1,Validação,Gradient Boosting,2T22,3T22,67,REFINO / RTC,139607.0,96194.70091594056,-43412.29908405944,43412.29908405944
H1,Validação,Baseline Último,3T22,4T22,68,CORPORATIVO / OUTROS NEGÓCIOS,600.0,711.0,111.0,111.0
H1,Validação,Baseline Último,3T22,4T22,68,E&P,37757.0,39049.0,1292.0,1292.0
H1,Validação,Baseline Último,3T22,4T22,68,GÁS & ENERGIA / G&EBC,13772.0,13849.0,77.0,77.0
H1,Validação,Baseline Último,3T22,4T22,68,REFINO / RTC,127264.0,139607.0,12343.0,12343.0
H1,Validação,Baseline Sazonal,3T22,4T22,68,CORPORATIVO / OUTROS NEGÓCIOS,600.0,824.0,224.0,224.0
H1,Validação,Baseline Sazonal,3T22,4T22,68,E&P,37757.0,36464.0,-1293.0,1293.0
H1,Validação,Baseline Sazonal,3T22,4T22,68,GÁS & ENERGIA / G&EBC,13772.0,21435.0,7663.0,7663.0
H1,Validação,Baseline Sazonal,3T22,4T22,68,REFINO / RTC,127264.0,104838.0,-22426.0,22426.0
H1,Validação,Ridge Contábil,3T22,4T22,68,CORPORATIVO / OUTROS NEGÓCIOS,600.0,475.61308645216195,-124.38691354783805,124.38691354783805
H1,Validação,Ridge Contábil,3T22,4T22,68,E&P,37757.0,40477.119629084424,2720.1196290844237,2720.1196290844237
H1,Validação,Ridge Contábil,3T22,4T22,68,GÁS & ENERGIA / G&EBC,13772.0,14545.352620872709,773.3526208727089,773.3526208727089
H1,Validação,Ridge Contábil,3T22,4T22,68,REFINO / RTC,127264.0,138003.88157354045,10739.88157354045,10739.88157354045
H1,Validação,Ridge + Brent e Câmbio,3T22,4T22,68,CORPORATIVO / OUTROS NEGÓCIOS,600.0,1781.1551139398634,1181.1551139398634,1181.1551139398634
H1,Validação,Ridge + Brent e Câmbio,3T22,4T22,68,E&P,37757.0,44441.31178694802,6684.311786948019,6684.311786948019
H1,Validação,Ridge + Brent e Câmbio,3T22,4T22,68,GÁS & ENERGIA / G&EBC,13772.0,15496.825594965829,1724.8255949658287,1724.8255949658287
H1,Validação,Ridge + Brent e Câmbio,3T22,4T22,68,REFINO / RTC,127264.0,137686.45700872262,10422.457008722617,10422.457008722617
H1,Validação,Random Forest ampliada,3T22,4T22,68,CORPORATIVO / OUTROS NEGÓCIOS,600.0,753.8812389792807,153.88123897928074,153.88123897928074
H1,Validação,Random Forest ampliada,3T22,4T22,68,E&P,37757.0,49585.582945119066,11828.582945119066,11828.582945119066
H1,Validação,Random Forest ampliada,3T22,4T22,68,GÁS & ENERGIA / G&EBC,13772.0,15015.66886889186,1243.6688688918603,1243.6688688918603
H1,Validação,Random Forest ampliada,3T22,4T22,68,REFINO / RTC,127264.0,108744.69291666667,-18519.307083333333,18519.307083333333
H1,Validação,Random Forest grade original,3T22,4T22,68,CORPORATIVO / OUTROS NEGÓCIOS,600.0,746.9941579591837,146.99415795918367,146.99415795918367
H1,Validação,Random Forest grade original,3T22,4T22,68,E&P,37757.0,50492.67965782313,12735.67965782313,12735.67965782313
H1,Validação,Random Forest grade original,3T22,4T22,68,GÁS & ENERGIA / G&EBC,13772.0,14228.02724857555,456.0272485755504,456.0272485755504
H1,Validação,Random Forest grade original,3T22,4T22,68,REFINO / RTC,127264.0,111319.54142857142,-15944.458571428579,15944.458571428579
H1,Validação,Gradient Boosting,3T22,4T22,68,CORPORATIVO / OUTROS NEGÓCIOS,600.0,2073.609889528198,1473.609889528198,1473.609889528198
H1,Validação,Gradient Boosting,3T22,4T22,68,E&P,37757.0,39918.11574320764,2161.1157432076434,2161.1157432076434
H1,Validação,Gradient Boosting,3T22,4T22,68,GÁS & ENERGIA / G&EBC,13772.0,15331.46337760609,1559.4633776060891,1559.4633776060891
H1,Validação,Gradient Boosting,3T22,4T22,68,REFINO / RTC,127264.0,110558.84041193471,-16705.15958806529,16705.15958806529
H1,Teste,Baseline Último,4T22,1T23,69,CORPORATIVO / OUTROS NEGÓCIOS,398.0,600.0,202.0,202.0
H1,Teste,Baseline Último,4T22,1T23,69,E&P,33143.0,37757.0,4614.0,4614.0
H1,Teste,Baseline Último,4T22,1T23,69,GÁS & ENERGIA / G&EBC,7621.0,13772.0,6151.0,6151.0
H1,Teste,Baseline Último,4T22,1T23,69,REFINO / RTC,113603.0,127264.0,13661.0,13661.0
H1,Teste,Baseline Sazonal,4T22,1T23,69,CORPORATIVO / OUTROS NEGÓCIOS,398.0,649.0,251.0,251.0
H1,Teste,Baseline Sazonal,4T22,1T23,69,E&P,33143.0,40112.0,6969.0,6969.0
H1,Teste,Baseline Sazonal,4T22,1T23,69,GÁS & ENERGIA / G&EBC,7621.0,15272.0,7651.0,7651.0
H1,Teste,Baseline Sazonal,4T22,1T23,69,REFINO / RTC,113603.0,112165.0,-1438.0,1438.0
H1,Teste,Ridge Contábil,4T22,1T23,69,CORPORATIVO / OUTROS NEGÓCIOS,398.0,0.0,-398.0,398.0
H1,Teste,Ridge Contábil,4T22,1T23,69,E&P,33143.0,34196.39290273194,1053.392902731939,1053.392902731939
H1,Teste,Ridge Contábil,4T22,1T23,69,GÁS & ENERGIA / G&EBC,7621.0,11806.690544659446,4185.6905446594465,4185.6905446594465
H1,Teste,Ridge Contábil,4T22,1T23,69,REFINO / RTC,113603.0,126750.04923375457,13147.049233754573,13147.049233754573
H1,Teste,Ridge + Brent e Câmbio,4T22,1T23,69,CORPORATIVO / OUTROS NEGÓCIOS,398.0,434.85973474137063,36.85973474137063,36.85973474137063
H1,Teste,Ridge + Brent e Câmbio,4T22,1T23,69,E&P,33143.0,40997.07734061607,7854.077340616073,7854.077340616073
H1,Teste,Ridge + Brent e Câmbio,4T22,1T23,69,GÁS & ENERGIA / G&EBC,7621.0,14214.488474767222,6593.488474767222,6593.488474767222
H1,Teste,Ridge + Brent e Câmbio,4T22,1T23,69,REFINO / RTC,113603.0,129110.08120070162,15507.081200701621,15507.081200701621
H1,Teste,Random Forest ampliada,4T22,1T23,69,CORPORATIVO / OUTROS NEGÓCIOS,398.0,613.1075150618817,215.1075150618817,215.1075150618817
H1,Teste,Random Forest ampliada,4T22,1T23,69,E&P,33143.0,45534.64375764284,12391.643757642843,12391.643757642843
H1,Teste,Random Forest ampliada,4T22,1T23,69,GÁS & ENERGIA / G&EBC,7621.0,16983.16833733073,9362.168337330731,9362.168337330731
H1,Teste,Random Forest ampliada,4T22,1T23,69,REFINO / RTC,113603.0,117229.2131166667,3626.213116666695,3626.213116666695
H1,Teste,Random Forest grade original,4T22,1T23,69,CORPORATIVO / OUTROS NEGÓCIOS,398.0,586.4410937376371,188.44109373763706,188.44109373763706
H1,Teste,Random Forest grade original,4T22,1T23,69,E&P,33143.0,46895.67907482993,13752.679074829932,13752.679074829932
H1,Teste,Random Forest grade original,4T22,1T23,69,GÁS & ENERGIA / G&EBC,7621.0,18045.916049091422,10424.916049091422,10424.916049091422
H1,Teste,Random Forest grade original,4T22,1T23,69,REFINO / RTC,113603.0,118455.38761904764,4852.387619047644,4852.387619047644
H1,Teste,Gradient Boosting,4T22,1T23,69,CORPORATIVO / OUTROS NEGÓCIOS,398.0,1891.048326831527,1493.048326831527,1493.048326831527
H1,Teste,Gradient Boosting,4T22,1T23,69,E&P,33143.0,36387.017966533655,3244.0179665336545,3244.0179665336545
H1,Teste,Gradient Boosting,4T22,1T23,69,GÁS & ENERGIA / G&EBC,7621.0,18049.485853593207,10428.485853593207,10428.485853593207
H1,Teste,Gradient Boosting,4T22,1T23,69,REFINO / RTC,113603.0,116000.98840356217,2397.9884035621653,2397.9884035621653
H1,Teste,Baseline Último,1T23,2T23,70,CORPORATIVO / OUTROS NEGÓCIOS,431.0,398.0,-33.0,33.0
H1,Teste,Baseline Último,1T23,2T23,70,E&P,30276.0,33143.0,2867.0,2867.0
H1,Teste,Baseline Último,1T23,2T23,70,GÁS & ENERGIA / G&EBC,8051.0,7621.0,-430.0,430.0
H1,Teste,Baseline Último,1T23,2T23,70,REFINO / RTC,95709.0,113603.0,17894.0,17894.0
H1,Teste,Baseline Sazonal,1T23,2T23,70,CORPORATIVO / OUTROS NEGÓCIOS,431.0,729.0,298.0,298.0
H1,Teste,Baseline Sazonal,1T23,2T23,70,E&P,30276.0,40228.0,9952.0,9952.0
H1,Teste,Baseline Sazonal,1T23,2T23,70,GÁS & ENERGIA / G&EBC,8051.0,11677.0,3626.0,3626.0
H1,Teste,Baseline Sazonal,1T23,2T23,70,REFINO / RTC,95709.0,131897.0,36188.0,36188.0
H1,Teste,Ridge Contábil,1T23,2T23,70,CORPORATIVO / OUTROS NEGÓCIOS,431.0,578.2304765256704,147.23047652567038,147.23047652567038
H1,Teste,Ridge Contábil,1T23,2T23,70,E&P,30276.0,34201.07628848114,3925.076288481141,3925.076288481141
H1,Teste,Ridge Contábil,1T23,2T23,70,GÁS & ENERGIA / G&EBC,8051.0,6970.732274646616,-1080.2677253533839,1080.2677253533839
H1,Teste,Ridge Contábil,1T23,2T23,70,REFINO / RTC,95709.0,109210.11348791435,13501.11348791435,13501.11348791435
H1,Teste,Ridge + Brent e Câmbio,1T23,2T23,70,CORPORATIVO / OUTROS NEGÓCIOS,431.0,63.5832262705153,-367.4167737294847,367.4167737294847
H1,Teste,Ridge + Brent e Câmbio,1T23,2T23,70,E&P,30276.0,37266.106104475446,6990.106104475446,6990.106104475446
H1,Teste,Ridge + Brent e Câmbio,1T23,2T23,70,GÁS & ENERGIA / G&EBC,8051.0,9321.613714389237,1270.6137143892374,1270.6137143892374
H1,Teste,Ridge + Brent e Câmbio,1T23,2T23,70,REFINO / RTC,95709.0,113748.8216037727,18039.821603772696,18039.821603772696
H1,Teste,Random Forest ampliada,1T23,2T23,70,CORPORATIVO / OUTROS NEGÓCIOS,431.0,487.8729172164883,56.872917216488304,56.872917216488304
H1,Teste,Random Forest ampliada,1T23,2T23,70,E&P,30276.0,41771.94296662698,11495.942966626979,11495.942966626979
H1,Teste,Random Forest ampliada,1T23,2T23,70,GÁS & ENERGIA / G&EBC,8051.0,11911.227142850721,3860.227142850721,3860.227142850721
H1,Teste,Random Forest ampliada,1T23,2T23,70,REFINO / RTC,95709.0,110932.67966666666,15223.679666666663,15223.679666666663
H1,Teste,Random Forest grade original,1T23,2T23,70,CORPORATIVO / OUTROS NEGÓCIOS,431.0,467.26165288286364,36.26165288286364,36.26165288286364
H1,Teste,Random Forest grade original,1T23,2T23,70,E&P,30276.0,38793.74029333333,8517.740293333329,8517.740293333329
H1,Teste,Random Forest grade original,1T23,2T23,70,GÁS & ENERGIA / G&EBC,8051.0,12096.844826532348,4045.8448265323477,4045.8448265323477
H1,Teste,Random Forest grade original,1T23,2T23,70,REFINO / RTC,95709.0,107032.1876190476,11323.187619047603,11323.187619047603
H1,Teste,Gradient Boosting,1T23,2T23,70,CORPORATIVO / OUTROS NEGÓCIOS,431.0,1740.1309537076168,1309.1309537076168,1309.1309537076168
H1,Teste,Gradient Boosting,1T23,2T23,70,E&P,30276.0,33292.4252254971,3016.4252254970997,3016.4252254970997
H1,Teste,Gradient Boosting,1T23,2T23,70,GÁS & ENERGIA / G&EBC,8051.0,9581.40957851737,1530.4095785173704,1530.4095785173704
H1,Teste,Gradient Boosting,1T23,2T23,70,REFINO / RTC,95709.0,108212.64943441184,12503.64943441184,12503.64943441184
H1,Teste,Baseline Último,2T23,3T23,71,CORPORATIVO / OUTROS NEGÓCIOS,445.0,431.0,-14.0,14.0
H1,Teste,Baseline Último,2T23,3T23,71,E&P,34911.0,30276.0,-4635.0,4635.0
H1,Teste,Baseline Último,2T23,3T23,71,GÁS & ENERGIA / G&EBC,5694.0,8051.0,2357.0,2357.0
H1,Teste,Baseline Último,2T23,3T23,71,REFINO / RTC,104515.0,95709.0,-8806.0,8806.0
H1,Teste,Baseline Sazonal,2T23,3T23,71,CORPORATIVO / OUTROS NEGÓCIOS,445.0,711.0,266.0,266.0
H1,Teste,Baseline Sazonal,2T23,3T23,71,E&P,34911.0,39049.0,4138.0,4138.0
H1,Teste,Baseline Sazonal,2T23,3T23,71,GÁS & ENERGIA / G&EBC,5694.0,13849.0,8155.0,8155.0
H1,Teste,Baseline Sazonal,2T23,3T23,71,REFINO / RTC,104515.0,139607.0,35092.0,35092.0
H1,Teste,Ridge Contábil,2T23,3T23,71,CORPORATIVO / OUTROS NEGÓCIOS,445.0,1102.371980067368,657.371980067368,657.371980067368
H1,Teste,Ridge Contábil,2T23,3T23,71,E&P,34911.0,27194.46801090598,-7716.531989094019,7716.531989094019
H1,Teste,Ridge Contábil,2T23,3T23,71,GÁS & ENERGIA / G&EBC,5694.0,7979.14167224417,2285.14167224417,2285.14167224417
H1,Teste,Ridge Contábil,2T23,3T23,71,REFINO / RTC,104515.0,86113.9674166309,-18401.032583369102,18401.032583369102
H1,Teste,Ridge + Brent e Câmbio,2T23,3T23,71,CORPORATIVO / OUTROS NEGÓCIOS,445.0,587.6414427305608,142.6414427305608,142.6414427305608
H1,Teste,Ridge + Brent e Câmbio,2T23,3T23,71,E&P,34911.0,29001.105919116668,-5909.894080883332,5909.894080883332
H1,Teste,Ridge + Brent e Câmbio,2T23,3T23,71,GÁS & ENERGIA / G&EBC,5694.0,8158.264519151577,2464.2645191515767,2464.2645191515767
H1,Teste,Ridge + Brent e Câmbio,2T23,3T23,71,REFINO / RTC,104515.0,94759.49790429973,-9755.50209570027,9755.50209570027
H1,Teste,Random Forest ampliada,2T23,3T23,71,CORPORATIVO / OUTROS NEGÓCIOS,445.0,472.46022875773053,27.460228757730533,27.460228757730533
H1,Teste,Random Forest ampliada,2T23,3T23,71,E&P,34911.0,36750.48196735713,1839.4819673571328,1839.4819673571328
H1,Teste,Random Forest ampliada,2T23,3T23,71,GÁS & ENERGIA / G&EBC,5694.0,10030.865204566697,4336.865204566697,4336.865204566697
H1,Teste,Random Forest ampliada,2T23,3T23,71,REFINO / RTC,104515.0,105257.64069047618,742.6406904761825,742.6406904761825
H1,Teste,Random Forest grade original,2T23,3T23,71,CORPORATIVO / OUTROS NEGÓCIOS,445.0,487.3905018485157,42.390501848515726,42.390501848515726
H1,Teste,Random Forest grade original,2T23,3T23,71,E&P,34911.0,34535.76154095238,-375.2384590476213,375.2384590476213
H1,Teste,Random Forest grade original,2T23,3T23,71,GÁS & ENERGIA / G&EBC,5694.0,9994.225206513436,4300.225206513436,4300.225206513436
H1,Teste,Random Forest grade original,2T23,3T23,71,REFINO / RTC,104515.0,98868.81006802722,-5646.189931972782,5646.189931972782
H1,Teste,Gradient Boosting,2T23,3T23,71,CORPORATIVO / OUTROS NEGÓCIOS,445.0,1776.036722875791,1331.036722875791,1331.036722875791
H1,Teste,Gradient Boosting,2T23,3T23,71,E&P,34911.0,31933.29225645365,-2977.7077435463507,2977.7077435463507
H1,Teste,Gradient Boosting,2T23,3T23,71,GÁS & ENERGIA / G&EBC,5694.0,8952.993684091123,3258.993684091123,3258.993684091123
H1,Teste,Gradient Boosting,2T23,3T23,71,REFINO / RTC,104515.0,76570.9080869405,-27944.0919130595,27944.0919130595
H1,Teste,Baseline Último,3T23,4T23,72,CORPORATIVO / OUTROS NEGÓCIOS,568.0,445.0,-123.0,123.0
H1,Teste,Baseline Último,3T23,4T23,72,E&P,37600.0,34911.0,-2689.0,2689.0
H1,Teste,Baseline Último,3T23,4T23,72,GÁS & ENERGIA / G&EBC,7046.0,5694.0,-1352.0,1352.0
H1,Teste,Baseline Último,3T23,4T23,72,REFINO / RTC,114431.0,104515.0,-9916.0,9916.0
H1,Teste,Baseline Sazonal,3T23,4T23,72,CORPORATIVO / OUTROS NEGÓCIOS,568.0,600.0,32.0,32.0
H1,Teste,Baseline Sazonal,3T23,4T23,72,E&P,37600.0,37757.0,157.0,157.0
H1,Teste,Baseline Sazonal,3T23,4T23,72,GÁS & ENERGIA / G&EBC,7046.0,13772.0,6726.0,6726.0
H1,Teste,Baseline Sazonal,3T23,4T23,72,REFINO / RTC,114431.0,127264.0,12833.0,12833.0
H1,Teste,Ridge Contábil,3T23,4T23,72,CORPORATIVO / OUTROS NEGÓCIOS,568.0,256.34816585493536,-311.65183414506464,311.65183414506464
H1,Teste,Ridge Contábil,3T23,4T23,72,E&P,37600.0,41886.8778558251,4286.8778558251,4286.8778558251
H1,Teste,Ridge Contábil,3T23,4T23,72,GÁS & ENERGIA / G&EBC,7046.0,6208.838894289311,-837.1611057106893,837.1611057106893
H1,Teste,Ridge Contábil,3T23,4T23,72,REFINO / RTC,114431.0,107119.96933246563,-7311.0306675343745,7311.0306675343745
H1,Teste,Ridge + Brent e Câmbio,3T23,4T23,72,CORPORATIVO / OUTROS NEGÓCIOS,568.0,673.1212629522015,105.1212629522015,105.1212629522015
H1,Teste,Ridge + Brent e Câmbio,3T23,4T23,72,E&P,37600.0,38095.52880167558,495.5288016755803,495.5288016755803
H1,Teste,Ridge + Brent e Câmbio,3T23,4T23,72,GÁS & ENERGIA / G&EBC,7046.0,7463.430403871436,417.4304038714363,417.4304038714363
H1,Teste,Ridge + Brent e Câmbio,3T23,4T23,72,REFINO / RTC,114431.0,103017.04405434903,-11413.955945650974,11413.955945650974
H1,Teste,Random Forest ampliada,3T23,4T23,72,CORPORATIVO / OUTROS NEGÓCIOS,568.0,507.07256472442873,-60.92743527557127,60.92743527557127
H1,Teste,Random Forest ampliada,3T23,4T23,72,E&P,37600.0,36177.19345712699,-1422.8065428730115,1422.8065428730115
H1,Teste,Random Forest ampliada,3T23,4T23,72,GÁS & ENERGIA / G&EBC,7046.0,9561.024227843134,2515.024227843134,2515.024227843134
H1,Teste,Random Forest ampliada,3T23,4T23,72,REFINO / RTC,114431.0,103779.78975757577,-10651.210242424233,10651.210242424233
H1,Teste,Random Forest grade original,3T23,4T23,72,CORPORATIVO / OUTROS NEGÓCIOS,568.0,421.00554615112407,-146.99445384887593,146.99445384887593
H1,Teste,Random Forest grade original,3T23,4T23,72,E&P,37600.0,38159.82610734694,559.8261073469403,559.8261073469403
H1,Teste,Random Forest grade original,3T23,4T23,72,GÁS & ENERGIA / G&EBC,7046.0,9518.376731098348,2472.3767310983476,2472.3767310983476
H1,Teste,Random Forest grade original,3T23,4T23,72,REFINO / RTC,114431.0,105016.21476190476,-9414.785238095239,9414.785238095239
H1,Teste,Gradient Boosting,3T23,4T23,72,CORPORATIVO / OUTROS NEGÓCIOS,568.0,1785.4627818810031,1217.4627818810031,1217.4627818810031
H1,Teste,Gradient Boosting,3T23,4T23,72,E&P,37600.0,33102.32401313167,-4497.675986868329,4497.675986868329
H1,Teste,Gradient Boosting,3T23,4T23,72,GÁS & ENERGIA / G&EBC,7046.0,8708.756309582643,1662.7563095826426,1662.7563095826426
H1,Teste,Gradient Boosting,3T23,4T23,72,REFINO / RTC,114431.0,109244.9723174128,-5186.027682587199,5186.027682587199
H1,Teste,Baseline Último,4T23,1T24,73,CORPORATIVO / OUTROS NEGÓCIOS,362.0,568.0,206.0,206.0
H1,Teste,Baseline Último,4T23,1T24,73,E&P,32760.0,37600.0,4840.0,4840.0
H1,Teste,Baseline Último,4T23,1T24,73,GÁS & ENERGIA / G&EBC,5838.0,7046.0,1208.0,1208.0
H1,Teste,Baseline Último,4T23,1T24,73,REFINO / RTC,98971.0,114431.0,15460.0,15460.0
H1,Teste,Baseline Sazonal,4T23,1T24,73,CORPORATIVO / OUTROS NEGÓCIOS,362.0,398.0,36.0,36.0
H1,Teste,Baseline Sazonal,4T23,1T24,73,E&P,32760.0,33143.0,383.0,383.0
H1,Teste,Baseline Sazonal,4T23,1T24,73,GÁS & ENERGIA / G&EBC,5838.0,7621.0,1783.0,1783.0
H1,Teste,Baseline Sazonal,4T23,1T24,73,REFINO / RTC,98971.0,113603.0,14632.0,14632.0
H1,Teste,Ridge Contábil,4T23,1T24,73,CORPORATIVO / OUTROS NEGÓCIOS,362.0,0.0,-362.0,362.0
H1,Teste,Ridge Contábil,4T23,1T24,73,E&P,32760.0,36389.05998460471,3629.0599846047116,3629.0599846047116
H1,Teste,Ridge Contábil,4T23,1T24,73,GÁS & ENERGIA / G&EBC,5838.0,6480.6504907752715,642.6504907752715,642.6504907752715
H1,Teste,Ridge Contábil,4T23,1T24,73,REFINO / RTC,98971.0,114937.35834167263,15966.358341672632,15966.358341672632
H1,Teste,Ridge + Brent e Câmbio,4T23,1T24,73,CORPORATIVO / OUTROS NEGÓCIOS,362.0,0.0,-362.0,362.0
H1,Teste,Ridge + Brent e Câmbio,4T23,1T24,73,E&P,32760.0,37014.21185706982,4254.211857069822,4254.211857069822
H1,Teste,Ridge + Brent e Câmbio,4T23,1T24,73,GÁS & ENERGIA / G&EBC,5838.0,6583.424516235154,745.4245162351544,745.4245162351544
H1,Teste,Ridge + Brent e Câmbio,4T23,1T24,73,REFINO / RTC,98971.0,110388.6926376135,11417.692637613494,11417.692637613494
H1,Teste,Random Forest ampliada,4T23,1T24,73,CORPORATIVO / OUTROS NEGÓCIOS,362.0,597.8449978160111,235.84499781601107,235.84499781601107
H1,Teste,Random Forest ampliada,4T23,1T24,73,E&P,32760.0,40071.40007056043,7311.400070560427,7311.400070560427
H1,Teste,Random Forest ampliada,4T23,1T24,73,GÁS & ENERGIA / G&EBC,5838.0,8682.91657171407,2844.9165717140695,2844.9165717140695
H1,Teste,Random Forest ampliada,4T23,1T24,73,REFINO / RTC,98971.0,112356.01680952379,13385.01680952379,13385.01680952379
H1,Teste,Random Forest grade original,4T23,1T24,73,CORPORATIVO / OUTROS NEGÓCIOS,362.0,475.66414314082095,113.66414314082095,113.66414314082095
H1,Teste,Random Forest grade original,4T23,1T24,73,E&P,32760.0,39517.85093696145,6757.850936961448,6757.850936961448
H1,Teste,Random Forest grade original,4T23,1T24,73,GÁS & ENERGIA / G&EBC,5838.0,9210.169596570917,3372.169596570917,3372.169596570917
H1,Teste,Random Forest grade original,4T23,1T24,73,REFINO / RTC,98971.0,111269.14428571427,12298.144285714268,12298.144285714268
H1,Teste,Gradient Boosting,4T23,1T24,73,CORPORATIVO / OUTROS NEGÓCIOS,362.0,1801.9314620007026,1439.9314620007026,1439.9314620007026
H1,Teste,Gradient Boosting,4T23,1T24,73,E&P,32760.0,34414.28197293039,1654.2819729303883,1654.2819729303883
H1,Teste,Gradient Boosting,4T23,1T24,73,GÁS & ENERGIA / G&EBC,5838.0,8468.569170248258,2630.569170248258,2630.569170248258
H1,Teste,Gradient Boosting,4T23,1T24,73,REFINO / RTC,98971.0,110025.73970119414,11054.739701194136,11054.739701194136
H1,Teste,Baseline Último,1T24,2T24,74,CORPORATIVO / OUTROS NEGÓCIOS,382.0,362.0,-20.0,20.0
H1,Teste,Baseline Último,1T24,2T24,74,E&P,32560.0,32760.0,200.0,200.0
H1,Teste,Baseline Último,1T24,2T24,74,GÁS & ENERGIA / G&EBC,5721.0,5838.0,117.0,117.0
H1,Teste,Baseline Último,1T24,2T24,74,REFINO / RTC,107110.0,98971.0,-8139.0,8139.0
H1,Teste,Baseline Sazonal,1T24,2T24,74,CORPORATIVO / OUTROS NEGÓCIOS,382.0,431.0,49.0,49.0
H1,Teste,Baseline Sazonal,1T24,2T24,74,E&P,32560.0,30276.0,-2284.0,2284.0
H1,Teste,Baseline Sazonal,1T24,2T24,74,GÁS & ENERGIA / G&EBC,5721.0,8051.0,2330.0,2330.0
H1,Teste,Baseline Sazonal,1T24,2T24,74,REFINO / RTC,107110.0,95709.0,-11401.0,11401.0
H1,Teste,Ridge Contábil,1T24,2T24,74,CORPORATIVO / OUTROS NEGÓCIOS,382.0,395.1112024521317,13.111202452131693,13.111202452131693
H1,Teste,Ridge Contábil,1T24,2T24,74,E&P,32560.0,32119.07318199609,-440.92681800391074,440.92681800391074
H1,Teste,Ridge Contábil,1T24,2T24,74,GÁS & ENERGIA / G&EBC,5721.0,5312.823083961859,-408.1769160381409,408.1769160381409
H1,Teste,Ridge Contábil,1T24,2T24,74,REFINO / RTC,107110.0,96072.10072274342,-11037.899277256583,11037.899277256583
H1,Teste,Ridge + Brent e Câmbio,1T24,2T24,74,CORPORATIVO / OUTROS NEGÓCIOS,382.0,0.0,-382.0,382.0
H1,Teste,Ridge + Brent e Câmbio,1T24,2T24,74,E&P,32560.0,35773.35374625292,3213.3537462529202,3213.3537462529202
H1,Teste,Ridge + Brent e Câmbio,1T24,2T24,74,GÁS & ENERGIA / G&EBC,5721.0,5870.503602440052,149.50360244005242,149.50360244005242
H1,Teste,Ridge + Brent e Câmbio,1T24,2T24,74,REFINO / RTC,107110.0,100428.87187677136,-6681.128123228642,6681.128123228642
H1,Teste,Random Forest ampliada,1T24,2T24,74,CORPORATIVO / OUTROS NEGÓCIOS,382.0,429.68073113339364,47.680731133393635,47.680731133393635
H1,Teste,Random Forest ampliada,1T24,2T24,74,E&P,32560.0,34250.78179792624,1690.78179792624,1690.78179792624
H1,Teste,Random Forest ampliada,1T24,2T24,74,GÁS & ENERGIA / G&EBC,5721.0,7349.41250148587,1628.41250148587,1628.41250148587
H1,Teste,Random Forest ampliada,1T24,2T24,74,REFINO / RTC,107110.0,109777.94266666665,2667.942666666655,2667.942666666655
H1,Teste,Random Forest grade original,1T24,2T24,74,CORPORATIVO / OUTROS NEGÓCIOS,382.0,435.73886147493664,53.73886147493664,53.73886147493664
H1,Teste,Random Forest grade original,1T24,2T24,74,E&P,32560.0,35814.20489795919,3254.2048979591927,3254.2048979591927
H1,Teste,Random Forest grade original,1T24,2T24,74,GÁS & ENERGIA / G&EBC,5721.0,7307.020515602988,1586.0205156029879,1586.0205156029879
H1,Teste,Random Forest grade original,1T24,2T24,74,REFINO / RTC,107110.0,109747.55238095237,2637.552380952373,2637.552380952373
H1,Teste,Gradient Boosting,1T24,2T24,74,CORPORATIVO / OUTROS NEGÓCIOS,382.0,1774.2222515176925,1392.2222515176925,1392.2222515176925
H1,Teste,Gradient Boosting,1T24,2T24,74,E&P,32560.0,34668.10319131451,2108.1031913145125,2108.1031913145125
H1,Teste,Gradient Boosting,1T24,2T24,74,GÁS & ENERGIA / G&EBC,5721.0,8518.620371824076,2797.620371824076,2797.620371824076
H1,Teste,Gradient Boosting,1T24,2T24,74,REFINO / RTC,107110.0,97372.54704170885,-9737.45295829115,9737.45295829115
H1,Teste,Baseline Último,2T24,3T24,75,CORPORATIVO / OUTROS NEGÓCIOS,425.0,382.0,-43.0,43.0
H1,Teste,Baseline Último,2T24,3T24,75,E&P,33153.0,32560.0,-593.0,593.0
H1,Teste,Baseline Último,2T24,3T24,75,GÁS & ENERGIA / G&EBC,7598.0,5721.0,-1877.0,1877.0
H1,Teste,Baseline Último,2T24,3T24,75,REFINO / RTC,113709.0,107110.0,-6599.0,6599.0
H1,Teste,Baseline Sazonal,2T24,3T24,75,CORPORATIVO / OUTROS NEGÓCIOS,425.0,445.0,20.0,20.0
H1,Teste,Baseline Sazonal,2T24,3T24,75,E&P,33153.0,34911.0,1758.0,1758.0
H1,Teste,Baseline Sazonal,2T24,3T24,75,GÁS & ENERGIA / G&EBC,7598.0,5694.0,-1904.0,1904.0
H1,Teste,Baseline Sazonal,2T24,3T24,75,REFINO / RTC,113709.0,104515.0,-9194.0,9194.0
H1,Teste,Ridge Contábil,2T24,3T24,75,CORPORATIVO / OUTROS NEGÓCIOS,425.0,430.9852538085397,5.98525380853971,5.98525380853971
H1,Teste,Ridge Contábil,2T24,3T24,75,E&P,33153.0,34411.115262782565,1258.115262782565,1258.115262782565
H1,Teste,Ridge Contábil,2T24,3T24,75,GÁS & ENERGIA / G&EBC,7598.0,6539.659658290077,-1058.3403417099235,1058.3403417099235
H1,Teste,Ridge Contábil,2T24,3T24,75,REFINO / RTC,113709.0,106134.92303575274,-7574.076964247259,7574.076964247259
H1,Teste,Ridge + Brent e Câmbio,2T24,3T24,75,CORPORATIVO / OUTROS NEGÓCIOS,425.0,860.2553461281168,435.2553461281168,435.2553461281168
H1,Teste,Ridge + Brent e Câmbio,2T24,3T24,75,E&P,33153.0,36024.71837840698,2871.7183784069784,2871.7183784069784
H1,Teste,Ridge + Brent e Câmbio,2T24,3T24,75,GÁS & ENERGIA / G&EBC,7598.0,7648.048966852781,50.04896685278072,50.04896685278072
H1,Teste,Ridge + Brent e Câmbio,2T24,3T24,75,REFINO / RTC,113709.0,103402.17019191968,-10306.829808080322,10306.829808080322
H1,Teste,Random Forest ampliada,2T24,3T24,75,CORPORATIVO / OUTROS NEGÓCIOS,425.0,392.03986937673056,-32.960130623269436,32.960130623269436
H1,Teste,Random Forest ampliada,2T24,3T24,75,E&P,33153.0,35198.98091817749,2045.9809181774908,2045.9809181774908
H1,Teste,Random Forest ampliada,2T24,3T24,75,GÁS & ENERGIA / G&EBC,7598.0,7036.13322977066,-561.8667702293396,561.8667702293396
H1,Teste,Random Forest ampliada,2T24,3T24,75,REFINO / RTC,113709.0,103319.07506959706,-10389.924930402936,10389.924930402936
H1,Teste,Random Forest grade original,2T24,3T24,75,CORPORATIVO / OUTROS NEGÓCIOS,425.0,428.1673148121486,3.167314812148618,3.167314812148618
H1,Teste,Random Forest grade original,2T24,3T24,75,E&P,33153.0,35102.50212554113,1949.5021255411266,1949.5021255411266
H1,Teste,Random Forest grade original,2T24,3T24,75,GÁS & ENERGIA / G&EBC,7598.0,6728.293861149109,-869.706138850891,869.706138850891
H1,Teste,Random Forest grade original,2T24,3T24,75,REFINO / RTC,113709.0,101476.1790423862,-12232.820957613803,12232.820957613803
H1,Teste,Gradient Boosting,2T24,3T24,75,CORPORATIVO / OUTROS NEGÓCIOS,425.0,1813.2755197944011,1388.2755197944011,1388.2755197944011
H1,Teste,Gradient Boosting,2T24,3T24,75,E&P,33153.0,34824.281980788226,1671.281980788226,1671.281980788226
H1,Teste,Gradient Boosting,2T24,3T24,75,GÁS & ENERGIA / G&EBC,7598.0,7974.496031989323,376.49603198932255,376.49603198932255
H1,Teste,Gradient Boosting,2T24,3T24,75,REFINO / RTC,113709.0,102895.27965921522,-10813.720340784785,10813.720340784785
H1,Teste,Baseline Último,3T24,4T24,76,CORPORATIVO / OUTROS NEGÓCIOS,412.0,425.0,13.0,13.0
H1,Teste,Baseline Último,3T24,4T24,76,E&P,35087.0,33153.0,-1934.0,1934.0
H1,Teste,Baseline Último,3T24,4T24,76,GÁS & ENERGIA / G&EBC,8078.0,7598.0,-480.0,480.0
H1,Teste,Baseline Último,3T24,4T24,76,REFINO / RTC,103667.0,113709.0,10042.0,10042.0
H1,Teste,Baseline Sazonal,3T24,4T24,76,CORPORATIVO / OUTROS NEGÓCIOS,412.0,568.0,156.0,156.0
H1,Teste,Baseline Sazonal,3T24,4T24,76,E&P,35087.0,37600.0,2513.0,2513.0
H1,Teste,Baseline Sazonal,3T24,4T24,76,GÁS & ENERGIA / G&EBC,8078.0,7046.0,-1032.0,1032.0
H1,Teste,Baseline Sazonal,3T24,4T24,76,REFINO / RTC,103667.0,114431.0,10764.0,10764.0
H1,Teste,Ridge Contábil,3T24,4T24,76,CORPORATIVO / OUTROS NEGÓCIOS,412.0,885.4296618691915,473.4296618691915,473.4296618691915
H1,Teste,Ridge Contábil,3T24,4T24,76,E&P,35087.0,35122.1395774775,35.13957747750101,35.13957747750101
H1,Teste,Ridge Contábil,3T24,4T24,76,GÁS & ENERGIA / G&EBC,8078.0,7299.429354768126,-778.5706452318736,778.5706452318736
H1,Teste,Ridge Contábil,3T24,4T24,76,REFINO / RTC,103667.0,112555.52830740329,8888.528307403292,8888.528307403292
H1,Teste,Ridge + Brent e Câmbio,3T24,4T24,76,CORPORATIVO / OUTROS NEGÓCIOS,412.0,1516.1503730962067,1104.1503730962067,1104.1503730962067
H1,Teste,Ridge + Brent e Câmbio,3T24,4T24,76,E&P,35087.0,36696.00893228824,1609.0089322882413,1609.0089322882413
H1,Teste,Ridge + Brent e Câmbio,3T24,4T24,76,GÁS & ENERGIA / G&EBC,8078.0,7953.68649496969,-124.3135050303099,124.3135050303099
H1,Teste,Ridge + Brent e Câmbio,3T24,4T24,76,REFINO / RTC,103667.0,109710.72309583196,6043.723095831956,6043.723095831956
H1,Teste,Random Forest ampliada,3T24,4T24,76,CORPORATIVO / OUTROS NEGÓCIOS,412.0,393.74036861982256,-18.25963138017744,18.25963138017744
H1,Teste,Random Forest ampliada,3T24,4T24,76,E&P,35087.0,35011.45636806139,-75.54363193861354,75.54363193861354
H1,Teste,Random Forest ampliada,3T24,4T24,76,GÁS & ENERGIA / G&EBC,8078.0,7913.129939434801,-164.8700605651993,164.8700605651993
H1,Teste,Random Forest ampliada,3T24,4T24,76,REFINO / RTC,103667.0,103168.84869590473,-498.15130409527046,498.15130409527046
H1,Teste,Random Forest grade original,3T24,4T24,76,CORPORATIVO / OUTROS NEGÓCIOS,412.0,350.259353048675,-61.740646951325004,61.740646951325004
H1,Teste,Random Forest grade original,3T24,4T24,76,E&P,35087.0,34823.49356145124,-263.5064385487567,263.5064385487567
H1,Teste,Random Forest grade original,3T24,4T24,76,GÁS & ENERGIA / G&EBC,8078.0,7787.273761607229,-290.72623839277094,290.72623839277094
H1,Teste,Random Forest grade original,3T24,4T24,76,REFINO / RTC,103667.0,103679.70362095236,12.703620952364872,12.703620952364872
H1,Teste,Gradient Boosting,3T24,4T24,76,CORPORATIVO / OUTROS NEGÓCIOS,412.0,1784.9752900386793,1372.9752900386793,1372.9752900386793
H1,Teste,Gradient Boosting,3T24,4T24,76,E&P,35087.0,35166.857533355964,79.85753335596382,79.85753335596382
H1,Teste,Gradient Boosting,3T24,4T24,76,GÁS & ENERGIA / G&EBC,8078.0,8110.65027464097,32.650274640969656,32.650274640969656
H1,Teste,Gradient Boosting,3T24,4T24,76,REFINO / RTC,103667.0,105545.30402472022,1878.3040247202152,1878.3040247202152
H1,Teste,Baseline Último,4T24,1T25,77,CORPORATIVO / OUTROS NEGÓCIOS,401.0,412.0,11.0,11.0
H1,Teste,Baseline Último,4T24,1T25,77,E&P,39715.0,35087.0,-4628.0,4628.0
H1,Teste,Baseline Último,4T24,1T25,77,GÁS & ENERGIA / G&EBC,6560.0,8078.0,1518.0,1518.0
H1,Teste,Baseline Último,4T24,1T25,77,REFINO / RTC,109766.0,103667.0,-6099.0,6099.0
H1,Teste,Baseline Sazonal,4T24,1T25,77,CORPORATIVO / OUTROS NEGÓCIOS,401.0,362.0,-39.0,39.0
H1,Teste,Baseline Sazonal,4T24,1T25,77,E&P,39715.0,32760.0,-6955.0,6955.0
H1,Teste,Baseline Sazonal,4T24,1T25,77,GÁS & ENERGIA / G&EBC,6560.0,5838.0,-722.0,722.0
H1,Teste,Baseline Sazonal,4T24,1T25,77,REFINO / RTC,109766.0,98971.0,-10795.0,10795.0
H1,Teste,Ridge Contábil,4T24,1T25,77,CORPORATIVO / OUTROS NEGÓCIOS,401.0,0.0,-401.0,401.0
H1,Teste,Ridge Contábil,4T24,1T25,77,E&P,39715.0,26795.271018620122,-12919.728981379878,12919.728981379878
H1,Teste,Ridge Contábil,4T24,1T25,77,GÁS & ENERGIA / G&EBC,6560.0,7148.813496319401,588.8134963194007,588.8134963194007
H1,Teste,Ridge Contábil,4T24,1T25,77,REFINO / RTC,109766.0,101195.26104763983,-8570.738952360174,8570.738952360174
H1,Teste,Ridge + Brent e Câmbio,4T24,1T25,77,CORPORATIVO / OUTROS NEGÓCIOS,401.0,0.0,-401.0,401.0
H1,Teste,Ridge + Brent e Câmbio,4T24,1T25,77,E&P,39715.0,31394.543339961107,-8320.456660038893,8320.456660038893
H1,Teste,Ridge + Brent e Câmbio,4T24,1T25,77,GÁS & ENERGIA / G&EBC,6560.0,7800.088600814057,1240.088600814057,1240.088600814057
H1,Teste,Ridge + Brent e Câmbio,4T24,1T25,77,REFINO / RTC,109766.0,104253.49493661844,-5512.505063381555,5512.505063381555
H1,Teste,Random Forest ampliada,4T24,1T25,77,CORPORATIVO / OUTROS NEGÓCIOS,401.0,591.8001892017961,190.80018920179612,190.80018920179612
H1,Teste,Random Forest ampliada,4T24,1T25,77,E&P,39715.0,34006.551082104794,-5708.448917895206,5708.448917895206
H1,Teste,Random Forest ampliada,4T24,1T25,77,GÁS & ENERGIA / G&EBC,6560.0,8802.671075454411,2242.671075454411,2242.671075454411
H1,Teste,Random Forest ampliada,4T24,1T25,77,REFINO / RTC,109766.0,104863.04238095236,-4902.957619047636,4902.957619047636
H1,Teste,Random Forest grade original,4T24,1T25,77,CORPORATIVO / OUTROS NEGÓCIOS,401.0,728.3467906814244,327.3467906814244,327.3467906814244
H1,Teste,Random Forest grade original,4T24,1T25,77,E&P,39715.0,34412.18087940476,-5302.819120595239,5302.819120595239
H1,Teste,Random Forest grade original,4T24,1T25,77,GÁS & ENERGIA / G&EBC,6560.0,9683.71108780623,3123.7110878062304,3123.7110878062304
H1,Teste,Random Forest grade original,4T24,1T25,77,REFINO / RTC,109766.0,105726.45523809525,-4039.544761904748,4039.544761904748
H1,Teste,Gradient Boosting,4T24,1T25,77,CORPORATIVO / OUTROS NEGÓCIOS,401.0,1850.6944539914086,1449.6944539914086,1449.6944539914086
H1,Teste,Gradient Boosting,4T24,1T25,77,E&P,39715.0,34987.14550814699,-4727.85449185301,4727.85449185301
H1,Teste,Gradient Boosting,4T24,1T25,77,GÁS & ENERGIA / G&EBC,6560.0,8528.489176948393,1968.489176948393,1968.489176948393
H1,Teste,Gradient Boosting,4T24,1T25,77,REFINO / RTC,109766.0,102412.01162507376,-7353.988374926237,7353.988374926237
H1,Teste,Baseline Último,1T25,2T25,78,CORPORATIVO / OUTROS NEGÓCIOS,394.0,401.0,7.0,7.0
H1,Teste,Baseline Último,1T25,2T25,78,E&P,37410.0,39715.0,2305.0,2305.0
H1,Teste,Baseline Último,1T25,2T25,78,GÁS & ENERGIA / G&EBC,6475.0,6560.0,85.0,85.0
H1,Teste,Baseline Último,1T25,2T25,78,REFINO / RTC,105290.0,109766.0,4476.0,4476.0
H1,Teste,Baseline Sazonal,1T25,2T25,78,CORPORATIVO / OUTROS NEGÓCIOS,394.0,382.0,-12.0,12.0
H1,Teste,Baseline Sazonal,1T25,2T25,78,E&P,37410.0,32560.0,-4850.0,4850.0
H1,Teste,Baseline Sazonal,1T25,2T25,78,GÁS & ENERGIA / G&EBC,6475.0,5721.0,-754.0,754.0
H1,Teste,Baseline Sazonal,1T25,2T25,78,REFINO / RTC,105290.0,107110.0,1820.0,1820.0
H1,Teste,Ridge Contábil,1T25,2T25,78,CORPORATIVO / OUTROS NEGÓCIOS,394.0,506.07157882071624,112.07157882071624,112.07157882071624
H1,Teste,Ridge Contábil,1T25,2T25,78,E&P,37410.0,45365.07368249518,7955.073682495182,7955.073682495182
H1,Teste,Ridge Contábil,1T25,2T25,78,GÁS & ENERGIA / G&EBC,6475.0,5638.9945834904265,-836.0054165095735,836.0054165095735
H1,Teste,Ridge Contábil,1T25,2T25,78,REFINO / RTC,105290.0,108681.52237765855,3391.522377658548,3391.522377658548
H1,Teste,Ridge + Brent e Câmbio,1T25,2T25,78,CORPORATIVO / OUTROS NEGÓCIOS,394.0,988.7399557144126,594.7399557144126,594.7399557144126
H1,Teste,Ridge + Brent e Câmbio,1T25,2T25,78,E&P,37410.0,42387.98585529848,4977.985855298481,4977.985855298481
H1,Teste,Ridge + Brent e Câmbio,1T25,2T25,78,GÁS & ENERGIA / G&EBC,6475.0,7340.97847781583,865.97847781583,865.97847781583
H1,Teste,Ridge + Brent e Câmbio,1T25,2T25,78,REFINO / RTC,105290.0,105815.34390840847,525.3439084084675,525.3439084084675
H1,Teste,Random Forest ampliada,1T25,2T25,78,CORPORATIVO / OUTROS NEGÓCIOS,394.0,540.2156434868881,146.2156434868881,146.2156434868881
H1,Teste,Random Forest ampliada,1T25,2T25,78,E&P,37410.0,36150.131865215575,-1259.868134784425,1259.868134784425
H1,Teste,Random Forest ampliada,1T25,2T25,78,GÁS & ENERGIA / G&EBC,6475.0,7709.794676841263,1234.794676841263,1234.794676841263
H1,Teste,Random Forest ampliada,1T25,2T25,78,REFINO / RTC,105290.0,109587.28416666666,4297.2841666666645,4297.2841666666645
H1,Teste,Random Forest grade original,1T25,2T25,78,CORPORATIVO / OUTROS NEGÓCIOS,394.0,663.1030343487413,269.1030343487413,269.1030343487413
H1,Teste,Random Forest grade original,1T25,2T25,78,E&P,37410.0,36878.70917861342,-531.2908213865812,531.2908213865812
H1,Teste,Random Forest grade original,1T25,2T25,78,GÁS & ENERGIA / G&EBC,6475.0,7145.7478492352575,670.7478492352575,670.7478492352575
H1,Teste,Random Forest grade original,1T25,2T25,78,REFINO / RTC,105290.0,110938.60952380953,5648.6095238095295,5648.6095238095295
H1,Teste,Gradient Boosting,1T25,2T25,78,CORPORATIVO / OUTROS NEGÓCIOS,394.0,1840.7558721419398,1446.7558721419398,1446.7558721419398
H1,Teste,Gradient Boosting,1T25,2T25,78,E&P,37410.0,36173.45248083693,-1236.5475191630685,1236.5475191630685
H1,Teste,Gradient Boosting,1T25,2T25,78,GÁS & ENERGIA / G&EBC,6475.0,7979.337410085378,1504.337410085378,1504.337410085378
H1,Teste,Gradient Boosting,1T25,2T25,78,REFINO / RTC,105290.0,103491.68321427808,-1798.3167857219232,1798.3167857219232
H1,Teste,Baseline Último,2T25,3T25,79,CORPORATIVO / OUTROS NEGÓCIOS,431.0,394.0,-37.0,37.0
H1,Teste,Baseline Último,2T25,3T25,79,E&P,39100.0,37410.0,-1690.0,1690.0
H1,Teste,Baseline Último,2T25,3T25,79,GÁS & ENERGIA / G&EBC,7371.0,6475.0,-896.0,896.0
H1,Teste,Baseline Último,2T25,3T25,79,REFINO / RTC,111526.0,105290.0,-6236.0,6236.0
H1,Teste,Baseline Sazonal,2T25,3T25,79,CORPORATIVO / OUTROS NEGÓCIOS,431.0,425.0,-6.0,6.0
H1,Teste,Baseline Sazonal,2T25,3T25,79,E&P,39100.0,33153.0,-5947.0,5947.0
H1,Teste,Baseline Sazonal,2T25,3T25,79,GÁS & ENERGIA / G&EBC,7371.0,7598.0,227.0,227.0
H1,Teste,Baseline Sazonal,2T25,3T25,79,REFINO / RTC,111526.0,113709.0,2183.0,2183.0
H1,Teste,Ridge Contábil,2T25,3T25,79,CORPORATIVO / OUTROS NEGÓCIOS,431.0,904.1464775582499,473.1464775582499,473.1464775582499
H1,Teste,Ridge Contábil,2T25,3T25,79,E&P,39100.0,36403.408587331534,-2696.5914126684656,2696.5914126684656
H1,Teste,Ridge Contábil,2T25,3T25,79,GÁS & ENERGIA / G&EBC,7371.0,7889.741905089588,518.7419050895878,518.7419050895878
H1,Teste,Ridge Contábil,2T25,3T25,79,REFINO / RTC,111526.0,104927.78306047819,-6598.216939521808,6598.216939521808
H1,Teste,Ridge + Brent e Câmbio,2T25,3T25,79,CORPORATIVO / OUTROS NEGÓCIOS,431.0,533.3219635425303,102.32196354253028,102.32196354253028
H1,Teste,Ridge + Brent e Câmbio,2T25,3T25,79,E&P,39100.0,38037.89635029988,-1062.1036497001187,1062.1036497001187
H1,Teste,Ridge + Brent e Câmbio,2T25,3T25,79,GÁS & ENERGIA / G&EBC,7371.0,7080.077576991303,-290.92242300869657,290.92242300869657
H1,Teste,Ridge + Brent e Câmbio,2T25,3T25,79,REFINO / RTC,111526.0,104673.84324293726,-6852.156757062738,6852.156757062738
H1,Teste,Random Forest ampliada,2T25,3T25,79,CORPORATIVO / OUTROS NEGÓCIOS,431.0,451.14827217107353,20.14827217107353,20.14827217107353
H1,Teste,Random Forest ampliada,2T25,3T25,79,E&P,39100.0,36562.915752713074,-2537.0842472869263,2537.0842472869263
H1,Teste,Random Forest ampliada,2T25,3T25,79,GÁS & ENERGIA / G&EBC,7371.0,7598.397864171187,227.3978641711874,227.3978641711874
H1,Teste,Random Forest ampliada,2T25,3T25,79,REFINO / RTC,111526.0,105289.70965476193,-6236.290345238071,6236.290345238071
H1,Teste,Random Forest grade original,2T25,3T25,79,CORPORATIVO / OUTROS NEGÓCIOS,431.0,543.9729778572341,112.97297785723413,112.97297785723413
H1,Teste,Random Forest grade original,2T25,3T25,79,E&P,39100.0,35320.60366677133,-3779.396333228673,3779.396333228673
H1,Teste,Random Forest grade original,2T25,3T25,79,GÁS & ENERGIA / G&EBC,7371.0,7708.325860080347,337.3258600803474,337.3258600803474
H1,Teste,Random Forest grade original,2T25,3T25,79,REFINO / RTC,111526.0,104297.45857142858,-7228.541428571421,7228.541428571421
H1,Teste,Gradient Boosting,2T25,3T25,79,CORPORATIVO / OUTROS NEGÓCIOS,431.0,1881.9921536163608,1450.9921536163608,1450.9921536163608
H1,Teste,Gradient Boosting,2T25,3T25,79,E&P,39100.0,36487.50486327967,-2612.495136720332,2612.495136720332
H1,Teste,Gradient Boosting,2T25,3T25,79,GÁS & ENERGIA / G&EBC,7371.0,7656.199049397108,285.19904939710796,285.19904939710796
H1,Teste,Gradient Boosting,2T25,3T25,79,REFINO / RTC,111526.0,103878.71988879993,-7647.280111200074,7647.280111200074
H1,Teste,Baseline Último,3T25,4T25,80,CORPORATIVO / OUTROS NEGÓCIOS,462.0,431.0,-31.0,31.0
H1,Teste,Baseline Último,3T25,4T25,80,E&P,40164.0,39100.0,-1064.0,1064.0
H1,Teste,Baseline Último,3T25,4T25,80,GÁS & ENERGIA / G&EBC,6561.0,7371.0,810.0,810.0
H1,Teste,Baseline Último,3T25,4T25,80,REFINO / RTC,107319.0,111526.0,4207.0,4207.0
H1,Teste,Baseline Sazonal,3T25,4T25,80,CORPORATIVO / OUTROS NEGÓCIOS,462.0,412.0,-50.0,50.0
H1,Teste,Baseline Sazonal,3T25,4T25,80,E&P,40164.0,35087.0,-5077.0,5077.0
H1,Teste,Baseline Sazonal,3T25,4T25,80,GÁS & ENERGIA / G&EBC,6561.0,8078.0,1517.0,1517.0
H1,Teste,Baseline Sazonal,3T25,4T25,80,REFINO / RTC,107319.0,103667.0,-3652.0,3652.0
H1,Teste,Ridge Contábil,3T25,4T25,80,CORPORATIVO / OUTROS NEGÓCIOS,462.0,322.4505740339664,-139.5494259660336,139.5494259660336
H1,Teste,Ridge Contábil,3T25,4T25,80,E&P,40164.0,41268.85767573638,1104.8576757363771,1104.8576757363771
H1,Teste,Ridge Contábil,3T25,4T25,80,GÁS & ENERGIA / G&EBC,6561.0,6974.59993480067,413.59993480066987,413.59993480066987
H1,Teste,Ridge Contábil,3T25,4T25,80,REFINO / RTC,107319.0,111751.63552959364,4432.635529593637,4432.635529593637
H1,Teste,Ridge + Brent e Câmbio,3T25,4T25,80,CORPORATIVO / OUTROS NEGÓCIOS,462.0,481.26892461027455,19.268924610274553,19.268924610274553
H1,Teste,Ridge + Brent e Câmbio,3T25,4T25,80,E&P,40164.0,40458.10899301227,294.1089930122689,294.1089930122689
H1,Teste,Ridge + Brent e Câmbio,3T25,4T25,80,GÁS & ENERGIA / G&EBC,6561.0,7334.52928966093,773.5292896609299,773.5292896609299
H1,Teste,Ridge + Brent e Câmbio,3T25,4T25,80,REFINO / RTC,107319.0,108838.95671437065,1519.9567143706518,1519.9567143706518
H1,Teste,Random Forest ampliada,3T25,4T25,80,CORPORATIVO / OUTROS NEGÓCIOS,462.0,436.49642972674593,-25.50357027325407,25.50357027325407
H1,Teste,Random Forest ampliada,3T25,4T25,80,E&P,40164.0,36509.718128681096,-3654.2818713189045,3654.2818713189045
H1,Teste,Random Forest ampliada,3T25,4T25,80,GÁS & ENERGIA / G&EBC,6561.0,7736.610426406812,1175.6104264068117,1175.6104264068117
H1,Teste,Random Forest ampliada,3T25,4T25,80,REFINO / RTC,107319.0,104279.44724487394,-3039.55275512606,3039.55275512606
H1,Teste,Random Forest grade original,3T25,4T25,80,CORPORATIVO / OUTROS NEGÓCIOS,462.0,417.8017162492837,-44.198283750716314,44.198283750716314
H1,Teste,Random Forest grade original,3T25,4T25,80,E&P,40164.0,36103.52073809524,-4060.4792619047585,4060.4792619047585
H1,Teste,Random Forest grade original,3T25,4T25,80,GÁS & ENERGIA / G&EBC,6561.0,8182.268773143045,1621.268773143045,1621.268773143045
H1,Teste,Random Forest grade original,3T25,4T25,80,REFINO / RTC,107319.0,104480.29156462586,-2838.7084353741375,2838.7084353741375
H1,Teste,Gradient Boosting,3T25,4T25,80,CORPORATIVO / OUTROS NEGÓCIOS,462.0,1878.5072814621744,1416.5072814621744,1416.5072814621744
H1,Teste,Gradient Boosting,3T25,4T25,80,E&P,40164.0,36901.52008111116,-3262.479918888843,3262.479918888843
H1,Teste,Gradient Boosting,3T25,4T25,80,GÁS & ENERGIA / G&EBC,6561.0,7964.688913599112,1403.6889135991123,1403.6889135991123
H1,Teste,Gradient Boosting,3T25,4T25,80,REFINO / RTC,107319.0,103116.94627846625,-4202.053721533754,4202.053721533754
H1,Teste,Baseline Último,4T25,1T26,81,CORPORATIVO / OUTROS NEGÓCIOS,428.0,462.0,34.0,34.0
H1,Teste,Baseline Último,4T25,1T26,81,E&P,42781.0,40164.0,-2617.0,2617.0
H1,Teste,Baseline Último,4T25,1T26,81,GÁS & ENERGIA / G&EBC,6386.0,6561.0,175.0,175.0
H1,Teste,Baseline Último,4T25,1T26,81,REFINO / RTC,93428.0,107319.0,13891.0,13891.0
H1,Teste,Baseline Sazonal,4T25,1T26,81,CORPORATIVO / OUTROS NEGÓCIOS,428.0,401.0,-27.0,27.0
H1,Teste,Baseline Sazonal,4T25,1T26,81,E&P,42781.0,39715.0,-3066.0,3066.0
H1,Teste,Baseline Sazonal,4T25,1T26,81,GÁS & ENERGIA / G&EBC,6386.0,6560.0,174.0,174.0
H1,Teste,Baseline Sazonal,4T25,1T26,81,REFINO / RTC,93428.0,109766.0,16338.0,16338.0
H1,Teste,Ridge Contábil,4T25,1T26,81,CORPORATIVO / OUTROS NEGÓCIOS,428.0,0.0,-428.0,428.0
H1,Teste,Ridge Contábil,4T25,1T26,81,E&P,42781.0,34052.38631009657,-8728.613689903432,8728.613689903432
H1,Teste,Ridge Contábil,4T25,1T26,81,GÁS & ENERGIA / G&EBC,6386.0,5792.179332656693,-593.8206673433069,593.8206673433069
H1,Teste,Ridge Contábil,4T25,1T26,81,REFINO / RTC,93428.0,106045.02679475515,12617.026794755147,12617.026794755147
H1,Teste,Ridge + Brent e Câmbio,4T25,1T26,81,CORPORATIVO / OUTROS NEGÓCIOS,428.0,0.0,-428.0,428.0
H1,Teste,Ridge + Brent e Câmbio,4T25,1T26,81,E&P,42781.0,36532.54120248594,-6248.45879751406,6248.45879751406
H1,Teste,Ridge + Brent e Câmbio,4T25,1T26,81,GÁS & ENERGIA / G&EBC,6386.0,5371.903845415094,-1014.0961545849059,1014.0961545849059
H1,Teste,Ridge + Brent e Câmbio,4T25,1T26,81,REFINO / RTC,93428.0,104860.40541546933,11432.40541546933,11432.40541546933
H1,Teste,Random Forest ampliada,4T25,1T26,81,CORPORATIVO / OUTROS NEGÓCIOS,428.0,632.0951013937191,204.09510139371912,204.09510139371912
H1,Teste,Random Forest ampliada,4T25,1T26,81,E&P,42781.0,37860.061429567824,-4920.938570432176,4920.938570432176
H1,Teste,Random Forest ampliada,4T25,1T26,81,GÁS & ENERGIA / G&EBC,6386.0,7366.481049119508,980.4810491195076,980.4810491195076
H1,Teste,Random Forest ampliada,4T25,1T26,81,REFINO / RTC,93428.0,106469.86984615383,13041.86984615383,13041.86984615383
H1,Teste,Random Forest grade original,4T25,1T26,81,CORPORATIVO / OUTROS NEGÓCIOS,428.0,639.8064904235118,211.80649042351183,211.80649042351183
H1,Teste,Random Forest grade original,4T25,1T26,81,E&P,42781.0,39513.84442109559,-3267.155578904407,3267.155578904407
H1,Teste,Random Forest grade original,4T25,1T26,81,GÁS & ENERGIA / G&EBC,6386.0,7156.678901593351,770.6789015933509,770.6789015933509
H1,Teste,Random Forest grade original,4T25,1T26,81,REFINO / RTC,93428.0,108314.48333333334,14886.483333333337,14886.483333333337
H1,Teste,Gradient Boosting,4T25,1T26,81,CORPORATIVO / OUTROS NEGÓCIOS,428.0,1848.1160026108776,1420.1160026108776,1420.1160026108776
H1,Teste,Gradient Boosting,4T25,1T26,81,E&P,42781.0,37969.07961322584,-4811.92038677416,4811.92038677416
H1,Teste,Gradient Boosting,4T25,1T26,81,GÁS & ENERGIA / G&EBC,6386.0,7766.656339642181,1380.6563396421807,1380.6563396421807
H1,Teste,Gradient Boosting,4T25,1T26,81,REFINO / RTC,93428.0,104545.00168849845,11117.00168849845,11117.00168849845
H1,Teste,Baseline Último,1T26,2T26,82,CORPORATIVO / OUTROS NEGÓCIOS,442.0,428.0,-14.0,14.0
H1,Teste,Baseline Último,1T26,2T26,82,E&P,47184.0,42781.0,-4403.0,4403.0
H1,Teste,Baseline Último,1T26,2T26,82,GÁS & ENERGIA / G&EBC,6665.0,6386.0,-279.0,279.0
H1,Teste,Baseline Último,1T26,2T26,82,REFINO / RTC,137063.0,93428.0,-43635.0,43635.0
H1,Teste,Baseline Sazonal,1T26,2T26,82,CORPORATIVO / OUTROS NEGÓCIOS,442.0,394.0,-48.0,48.0
H1,Teste,Baseline Sazonal,1T26,2T26,82,E&P,47184.0,37410.0,-9774.0,9774.0
H1,Teste,Baseline Sazonal,1T26,2T26,82,GÁS & ENERGIA / G&EBC,6665.0,6475.0,-190.0,190.0
H1,Teste,Baseline Sazonal,1T26,2T26,82,REFINO / RTC,137063.0,105290.0,-31773.0,31773.0
H1,Teste,Ridge Contábil,1T26,2T26,82,CORPORATIVO / OUTROS NEGÓCIOS,442.0,281.3854030945731,-160.61459690542688,160.61459690542688
H1,Teste,Ridge Contábil,1T26,2T26,82,E&P,47184.0,45684.02823737584,-1499.9717626241618,1499.9717626241618
H1,Teste,Ridge Contábil,1T26,2T26,82,GÁS & ENERGIA / G&EBC,6665.0,6130.024887680796,-534.9751123192036,534.9751123192036
H1,Teste,Ridge Contábil,1T26,2T26,82,REFINO / RTC,137063.0,95966.5067830311,-41096.4932169689,41096.4932169689
H1,Teste,Ridge + Brent e Câmbio,1T26,2T26,82,CORPORATIVO / OUTROS NEGÓCIOS,442.0,533.5212819362241,91.52128193622411,91.52128193622411
H1,Teste,Ridge + Brent e Câmbio,1T26,2T26,82,E&P,47184.0,43813.20972133644,-3370.7902786635605,3370.7902786635605
H1,Teste,Ridge + Brent e Câmbio,1T26,2T26,82,GÁS & ENERGIA / G&EBC,6665.0,6955.760338666118,290.7603386661176,290.7603386661176
H1,Teste,Ridge + Brent e Câmbio,1T26,2T26,82,REFINO / RTC,137063.0,99696.22953714934,-37366.77046285066,37366.77046285066
H1,Teste,Random Forest ampliada,1T26,2T26,82,CORPORATIVO / OUTROS NEGÓCIOS,442.0,485.6404303389398,43.64043033893978,43.64043033893978
H1,Teste,Random Forest ampliada,1T26,2T26,82,E&P,47184.0,39150.462847837305,-8033.537152162695,8033.537152162695
H1,Teste,Random Forest ampliada,1T26,2T26,82,GÁS & ENERGIA / G&EBC,6665.0,7301.000338636152,636.0003386361523,636.0003386361523
H1,Teste,Random Forest ampliada,1T26,2T26,82,REFINO / RTC,137063.0,106133.72205555551,-30929.27794444449,30929.27794444449
H1,Teste,Random Forest grade original,1T26,2T26,82,CORPORATIVO / OUTROS NEGÓCIOS,442.0,502.46116135673384,60.46116135673384,60.46116135673384
H1,Teste,Random Forest grade original,1T26,2T26,82,E&P,47184.0,40028.55387755103,-7155.446122448971,7155.446122448971
H1,Teste,Random Forest grade original,1T26,2T26,82,GÁS & ENERGIA / G&EBC,6665.0,7431.964326214075,766.9643262140753,766.9643262140753
H1,Teste,Random Forest grade original,1T26,2T26,82,REFINO / RTC,137063.0,109305.77873015872,-27757.221269841277,27757.221269841277
H1,Teste,Gradient Boosting,1T26,2T26,82,CORPORATIVO / OUTROS NEGÓCIOS,442.0,1959.066088272117,1517.066088272117,1517.066088272117
H1,Teste,Gradient Boosting,1T26,2T26,82,E&P,47184.0,38630.72935443182,-8553.270645568176,8553.270645568176
H1,Teste,Gradient Boosting,1T26,2T26,82,GÁS & ENERGIA / G&EBC,6665.0,7671.328210828733,1006.3282108287331,1006.3282108287331
H1,Teste,Gradient Boosting,1T26,2T26,82,REFINO / RTC,137063.0,81590.35680958538,-55472.643190414616,55472.643190414616
H2,Validação,Baseline Último,3T18,1T19,53,REFINO / RTC,56167.0,68601.0,12434.0,12434.0
H2,Validação,Baseline Último,3T18,1T19,53,BIOCOMBUSTÍVEIS,233.0,220.0,-13.0,13.0
H2,Validação,Baseline Último,3T18,1T19,53,CORPORATIVO / OUTROS NEGÓCIOS,0.0,0.0,0.0,0.0
H2,Validação,Baseline Último,3T18,1T19,53,DISTRIBUIÇÃO,21621.0,26030.0,4409.0,4409.0
H2,Validação,Baseline Último,3T18,1T19,53,E&P,25640.0,28159.0,2519.0,2519.0
H2,Validação,Baseline Último,3T18,1T19,53,GÁS & ENERGIA / G&EBC,8682.0,11270.0,2588.0,2588.0
H2,Validação,Baseline Sazonal,3T18,1T19,53,REFINO / RTC,56167.0,49157.0,-7010.0,7010.0
H2,Validação,Baseline Sazonal,3T18,1T19,53,BIOCOMBUSTÍVEIS,233.0,207.0,-26.0,26.0
H2,Validação,Baseline Sazonal,3T18,1T19,53,CORPORATIVO / OUTROS NEGÓCIOS,0.0,0.0,0.0,0.0
H2,Validação,Baseline Sazonal,3T18,1T19,53,DISTRIBUIÇÃO,21621.0,21845.0,224.0,224.0
H2,Validação,Baseline Sazonal,3T18,1T19,53,E&P,25640.0,24088.0,-1552.0,1552.0
H2,Validação,Baseline Sazonal,3T18,1T19,53,GÁS & ENERGIA / G&EBC,8682.0,5833.0,-2849.0,2849.0
H2,Validação,Ridge Contábil,3T18,1T19,53,REFINO / RTC,56167.0,63529.114201430784,7362.114201430784,7362.114201430784
H2,Validação,Ridge Contábil,3T18,1T19,53,BIOCOMBUSTÍVEIS,233.0,0.0,-233.0,233.0
H2,Validação,Ridge Contábil,3T18,1T19,53,CORPORATIVO / OUTROS NEGÓCIOS,0.0,0.0,0.0,0.0
H2,Validação,Ridge Contábil,3T18,1T19,53,DISTRIBUIÇÃO,21621.0,24179.554782068204,2558.554782068204,2558.554782068204
H2,Validação,Ridge Contábil,3T18,1T19,53,E&P,25640.0,23057.891390389705,-2582.1086096102954,2582.1086096102954
H2,Validação,Ridge Contábil,3T18,1T19,53,GÁS & ENERGIA / G&EBC,8682.0,8793.752353039374,111.7523530393737,111.7523530393737
H2,Validação,Ridge + Brent e Câmbio,3T18,1T19,53,REFINO / RTC,56167.0,63446.03570444696,7279.0357044469565,7279.0357044469565
H2,Validação,Ridge + Brent e Câmbio,3T18,1T19,53,BIOCOMBUSTÍVEIS,233.0,3863.046149115,3630.046149115,3630.046149115
H2,Validação,Ridge + Brent e Câmbio,3T18,1T19,53,CORPORATIVO / OUTROS NEGÓCIOS,0.0,2440.4641095488205,2440.4641095488205,2440.4641095488205
H2,Validação,Ridge + Brent e Câmbio,3T18,1T19,53,DISTRIBUIÇÃO,21621.0,27319.209551100907,5698.2095511009065,5698.2095511009065
H2,Validação,Ridge + Brent e Câmbio,3T18,1T19,53,E&P,25640.0,26806.902854259282,1166.9028542592823,1166.9028542592823
H2,Validação,Ridge + Brent e Câmbio,3T18,1T19,53,GÁS & ENERGIA / G&EBC,8682.0,12013.818722704655,3331.8187227046546,3331.8187227046546
H2,Validação,Random Forest ampliada,3T18,1T19,53,REFINO / RTC,56167.0,54259.29880989346,-1907.7011901065416,1907.7011901065416
H2,Validação,Random Forest ampliada,3T18,1T19,53,BIOCOMBUSTÍVEIS,233.0,389.30787972038956,156.30787972038956,156.30787972038956
H2,Validação,Random Forest ampliada,3T18,1T19,53,CORPORATIVO / OUTROS NEGÓCIOS,0.0,18.041048908444314,18.041048908444314,18.041048908444314
H2,Validação,Random Forest ampliada,3T18,1T19,53,DISTRIBUIÇÃO,21621.0,23852.078496631464,2231.078496631464,2231.078496631464
H2,Validação,Random Forest ampliada,3T18,1T19,53,E&P,25640.0,30083.179111361827,4443.179111361827,4443.179111361827
H2,Validação,Random Forest ampliada,3T18,1T19,53,GÁS & ENERGIA / G&EBC,8682.0,9306.13051662091,624.1305166209095,624.1305166209095
H2,Validação,Random Forest grade original,3T18,1T19,53,REFINO / RTC,56167.0,53583.11460748199,-2583.8853925180083,2583.8853925180083
H2,Validação,Random Forest grade original,3T18,1T19,53,BIOCOMBUSTÍVEIS,233.0,474.68823940607615,241.68823940607615,241.68823940607615
H2,Validação,Random Forest grade original,3T18,1T19,53,CORPORATIVO / OUTROS NEGÓCIOS,0.0,61.625561937783644,61.625561937783644,61.625561937783644
H2,Validação,Random Forest grade original,3T18,1T19,53,DISTRIBUIÇÃO,21621.0,26223.811865372067,4602.811865372067,4602.811865372067
H2,Validação,Random Forest grade original,3T18,1T19,53,E&P,25640.0,29801.285951915306,4161.285951915306,4161.285951915306
H2,Validação,Random Forest grade original,3T18,1T19,53,GÁS & ENERGIA / G&EBC,8682.0,9240.180228210658,558.1802282106582,558.1802282106582
H2,Validação,Gradient Boosting,3T18,1T19,53,REFINO / RTC,56167.0,53441.43003612865,-2725.5699638713486,2725.5699638713486
H2,Validação,Gradient Boosting,3T18,1T19,53,BIOCOMBUSTÍVEIS,233.0,1581.8624562012653,1348.8624562012653,1348.8624562012653
H2,Validação,Gradient Boosting,3T18,1T19,53,CORPORATIVO / OUTROS NEGÓCIOS,0.0,1542.869824032868,1542.869824032868,1542.869824032868
H2,Validação,Gradient Boosting,3T18,1T19,53,DISTRIBUIÇÃO,21621.0,21903.564260202907,282.56426020290746,282.56426020290746
H2,Validação,Gradient Boosting,3T18,1T19,53,E&P,25640.0,22773.494706801877,-2866.5052931981227,2866.5052931981227
H2,Validação,Gradient Boosting,3T18,1T19,53,GÁS & ENERGIA / G&EBC,8682.0,9787.045040058756,1105.045040058756,1105.045040058756
H2,Validação,Baseline Último,4T18,2T19,54,BIOCOMBUSTÍVEIS,234.0,248.0,14.0,14.0
H2,Validação,Baseline Último,4T18,2T19,54,CORPORATIVO / OUTROS NEGÓCIOS,0.0,0.0,0.0,0.0
H2,Validação,Baseline Último,4T18,2T19,54,DISTRIBUIÇÃO,19727.0,24734.0,5007.0,5007.0
H2,Validação,Baseline Último,4T18,2T19,54,E&P,26771.0,25937.0,-834.0,834.0
H2,Validação,Baseline Último,4T18,2T19,54,GÁS & ENERGIA / G&EBC,6272.0,8543.0,2271.0,2271.0
H2,Validação,Baseline Último,4T18,2T19,54,REFINO / RTC,59321.0,71932.0,12611.0,12611.0
H2,Validação,Baseline Sazonal,4T18,2T19,54,BIOCOMBUSTÍVEIS,234.0,197.0,-37.0,37.0
H2,Validação,Baseline Sazonal,4T18,2T19,54,CORPORATIVO / OUTROS NEGÓCIOS,0.0,0.0,0.0,0.0
H2,Validação,Baseline Sazonal,4T18,2T19,54,DISTRIBUIÇÃO,19727.0,23301.0,3574.0,3574.0
H2,Validação,Baseline Sazonal,4T18,2T19,54,E&P,26771.0,27415.0,644.0,644.0
H2,Validação,Baseline Sazonal,4T18,2T19,54,GÁS & ENERGIA / G&EBC,6272.0,7642.0,1370.0,1370.0
H2,Validação,Baseline Sazonal,4T18,2T19,54,REFINO / RTC,59321.0,56246.0,-3075.0,3075.0
H2,Validação,Ridge Contábil,4T18,2T19,54,BIOCOMBUSTÍVEIS,234.0,0.0,-234.0,234.0
H2,Validação,Ridge Contábil,4T18,2T19,54,CORPORATIVO / OUTROS NEGÓCIOS,0.0,0.0,0.0,0.0
H2,Validação,Ridge Contábil,4T18,2T19,54,DISTRIBUIÇÃO,19727.0,23526.01049034803,3799.0104903480315,3799.0104903480315
H2,Validação,Ridge Contábil,4T18,2T19,54,E&P,26771.0,21183.516535419112,-5587.483464580888,5587.483464580888
H2,Validação,Ridge Contábil,4T18,2T19,54,GÁS & ENERGIA / G&EBC,6272.0,7942.502063374519,1670.502063374519,1670.502063374519
H2,Validação,Ridge Contábil,4T18,2T19,54,REFINO / RTC,59321.0,65446.297984000434,6125.297984000434,6125.297984000434
H2,Validação,Ridge + Brent e Câmbio,4T18,2T19,54,BIOCOMBUSTÍVEIS,234.0,1319.126018262532,1085.126018262532,1085.126018262532
H2,Validação,Ridge + Brent e Câmbio,4T18,2T19,54,CORPORATIVO / OUTROS NEGÓCIOS,0.0,0.0,0.0,0.0
H2,Validação,Ridge + Brent e Câmbio,4T18,2T19,54,DISTRIBUIÇÃO,19727.0,24799.367703820884,5072.367703820884,5072.367703820884
H2,Validação,Ridge + Brent e Câmbio,4T18,2T19,54,E&P,26771.0,23200.291702637463,-3570.7082973625365,3570.7082973625365
H2,Validação,Ridge + Brent e Câmbio,4T18,2T19,54,GÁS & ENERGIA / G&EBC,6272.0,9485.640263827667,3213.640263827667,3213.640263827667
H2,Validação,Ridge + Brent e Câmbio,4T18,2T19,54,REFINO / RTC,59321.0,65577.07791395712,6256.077913957124,6256.077913957124
H2,Validação,Random Forest ampliada,4T18,2T19,54,BIOCOMBUSTÍVEIS,234.0,542.4197434324079,308.4197434324079,308.4197434324079
H2,Validação,Random Forest ampliada,4T18,2T19,54,CORPORATIVO / OUTROS NEGÓCIOS,0.0,82.07984261727414,82.07984261727414,82.07984261727414
H2,Validação,Random Forest ampliada,4T18,2T19,54,DISTRIBUIÇÃO,19727.0,25482.61756718421,5755.61756718421,5755.61756718421
H2,Validação,Random Forest ampliada,4T18,2T19,54,E&P,26771.0,29219.77778273233,2448.77778273233,2448.77778273233
H2,Validação,Random Forest ampliada,4T18,2T19,54,GÁS & ENERGIA / G&EBC,6272.0,9903.970474508615,3631.9704745086146,3631.9704745086146
H2,Validação,Random Forest ampliada,4T18,2T19,54,REFINO / RTC,59321.0,54613.44578713538,-4707.554212864619,4707.554212864619
H2,Validação,Random Forest grade original,4T18,2T19,54,BIOCOMBUSTÍVEIS,234.0,519.0863342489497,285.0863342489497,285.0863342489497
H2,Validação,Random Forest grade original,4T18,2T19,54,CORPORATIVO / OUTROS NEGÓCIOS,0.0,85.99966847852909,85.99966847852909,85.99966847852909
H2,Validação,Random Forest grade original,4T18,2T19,54,DISTRIBUIÇÃO,19727.0,25395.05203002503,5668.052030025028,5668.052030025028
H2,Validação,Random Forest grade original,4T18,2T19,54,E&P,26771.0,28893.11797198538,2122.117971985379,2122.117971985379
H2,Validação,Random Forest grade original,4T18,2T19,54,GÁS & ENERGIA / G&EBC,6272.0,10425.692152754353,4153.692152754353,4153.692152754353
H2,Validação,Random Forest grade original,4T18,2T19,54,REFINO / RTC,59321.0,55857.09985662839,-3463.900143371611,3463.900143371611
H2,Validação,Gradient Boosting,4T18,2T19,54,BIOCOMBUSTÍVEIS,234.0,1757.5500181173504,1523.5500181173504,1523.5500181173504
H2,Validação,Gradient Boosting,4T18,2T19,54,CORPORATIVO / OUTROS NEGÓCIOS,0.0,1559.083187906565,1559.083187906565,1559.083187906565
H2,Validação,Gradient Boosting,4T18,2T19,54,DISTRIBUIÇÃO,19727.0,22308.486919274583,2581.4869192745828,2581.4869192745828
H2,Validação,Gradient Boosting,4T18,2T19,54,E&P,26771.0,22496.877238193232,-4274.122761806768,4274.122761806768
H2,Validação,Gradient Boosting,4T18,2T19,54,GÁS & ENERGIA / G&EBC,6272.0,10316.600767586184,4044.600767586184,4044.600767586184
H2,Validação,Gradient Boosting,4T18,2T19,54,REFINO / RTC,59321.0,50332.54641266806,-8988.45358733194,8988.45358733194
H2,Validação,Baseline Último,1T19,3T19,55,BIOCOMBUSTÍVEIS,193.0,233.0,40.0,40.0
H2,Validação,Baseline Último,1T19,3T19,55,CORPORATIVO / OUTROS NEGÓCIOS,0.0,0.0,0.0,0.0
H2,Validação,Baseline Último,1T19,3T19,55,DISTRIBUIÇÃO,877.0,21621.0,20744.0,20744.0
H2,Validação,Baseline Último,1T19,3T19,55,E&P,26978.0,25640.0,-1338.0,1338.0
H2,Validação,Baseline Último,1T19,3T19,55,GÁS & ENERGIA / G&EBC,8077.0,8682.0,605.0,605.0
H2,Validação,Baseline Último,1T19,3T19,55,REFINO / RTC,63048.0,56167.0,-6881.0,6881.0
H2,Validação,Baseline Sazonal,1T19,3T19,55,BIOCOMBUSTÍVEIS,193.0,220.0,27.0,27.0
H2,Validação,Baseline Sazonal,1T19,3T19,55,CORPORATIVO / OUTROS NEGÓCIOS,0.0,0.0,0.0,0.0
H2,Validação,Baseline Sazonal,1T19,3T19,55,DISTRIBUIÇÃO,877.0,26030.0,25153.0,25153.0
H2,Validação,Baseline Sazonal,1T19,3T19,55,E&P,26978.0,28159.0,1181.0,1181.0
H2,Validação,Baseline Sazonal,1T19,3T19,55,GÁS & ENERGIA / G&EBC,8077.0,11270.0,3193.0,3193.0
H2,Validação,Baseline Sazonal,1T19,3T19,55,REFINO / RTC,63048.0,68601.0,5553.0,5553.0
H2,Validação,Ridge Contábil,1T19,3T19,55,BIOCOMBUSTÍVEIS,193.0,1359.1160957398279,1166.1160957398279,1166.1160957398279
H2,Validação,Ridge Contábil,1T19,3T19,55,CORPORATIVO / OUTROS NEGÓCIOS,0.0,441.08844549823334,441.08844549823334,441.08844549823334
H2,Validação,Ridge Contábil,1T19,3T19,55,DISTRIBUIÇÃO,877.0,22882.06896206004,22005.06896206004,22005.06896206004
H2,Validação,Ridge Contábil,1T19,3T19,55,E&P,26978.0,25717.694380353663,-1260.3056196463367,1260.3056196463367
H2,Validação,Ridge Contábil,1T19,3T19,55,GÁS & ENERGIA / G&EBC,8077.0,8742.767154219047,665.7671542190474,665.7671542190474
H2,Validação,Ridge Contábil,1T19,3T19,55,REFINO / RTC,63048.0,57624.40872973009,-5423.591270269913,5423.591270269913
H2,Validação,Ridge + Brent e Câmbio,1T19,3T19,55,BIOCOMBUSTÍVEIS,193.0,2156.3105495312575,1963.3105495312575,1963.3105495312575
H2,Validação,Ridge + Brent e Câmbio,1T19,3T19,55,CORPORATIVO / OUTROS NEGÓCIOS,0.0,705.7600098418716,705.7600098418716,705.7600098418716
H2,Validação,Ridge + Brent e Câmbio,1T19,3T19,55,DISTRIBUIÇÃO,877.0,23893.383495830494,23016.383495830494,23016.383495830494
H2,Validação,Ridge + Brent e Câmbio,1T19,3T19,55,E&P,26978.0,26944.200938761514,-33.79906123848559,33.79906123848559
H2,Validação,Ridge + Brent e Câmbio,1T19,3T19,55,GÁS & ENERGIA / G&EBC,8077.0,8963.629616433393,886.6296164333926,886.6296164333926
H2,Validação,Ridge + Brent e Câmbio,1T19,3T19,55,REFINO / RTC,63048.0,61111.48911156455,-1936.5108884354486,1936.5108884354486
H2,Validação,Random Forest ampliada,1T19,3T19,55,BIOCOMBUSTÍVEIS,193.0,506.3037713268412,313.3037713268412,313.3037713268412
H2,Validação,Random Forest ampliada,1T19,3T19,55,CORPORATIVO / OUTROS NEGÓCIOS,0.0,48.52614512196814,48.52614512196814,48.52614512196814
H2,Validação,Random Forest ampliada,1T19,3T19,55,DISTRIBUIÇÃO,877.0,23113.032738982463,22236.032738982463,22236.032738982463
H2,Validação,Random Forest ampliada,1T19,3T19,55,E&P,26978.0,28643.620327874734,1665.6203278747344,1665.6203278747344
H2,Validação,Random Forest ampliada,1T19,3T19,55,GÁS & ENERGIA / G&EBC,8077.0,8841.641516383996,764.6415163839956,764.6415163839956
H2,Validação,Random Forest ampliada,1T19,3T19,55,REFINO / RTC,63048.0,59286.80679594778,-3761.1932040522224,3761.1932040522224
H2,Validação,Random Forest grade original,1T19,3T19,55,BIOCOMBUSTÍVEIS,193.0,531.3680246436909,338.3680246436909,338.3680246436909
H2,Validação,Random Forest grade original,1T19,3T19,55,CORPORATIVO / OUTROS NEGÓCIOS,0.0,42.65638128550499,42.65638128550499,42.65638128550499
H2,Validação,Random Forest grade original,1T19,3T19,55,DISTRIBUIÇÃO,877.0,22773.854344441654,21896.854344441654,21896.854344441654
H2,Validação,Random Forest grade original,1T19,3T19,55,E&P,26978.0,29012.36033397623,2034.3603339762303,2034.3603339762303
H2,Validação,Random Forest grade original,1T19,3T19,55,GÁS & ENERGIA / G&EBC,8077.0,8478.779723138055,401.7797231380555,401.7797231380555
H2,Validação,Random Forest grade original,1T19,3T19,55,REFINO / RTC,63048.0,56719.557488690676,-6328.442511309324,6328.442511309324
H2,Validação,Gradient Boosting,1T19,3T19,55,BIOCOMBUSTÍVEIS,193.0,1653.1942335073486,1460.1942335073486,1460.1942335073486
H2,Validação,Gradient Boosting,1T19,3T19,55,CORPORATIVO / OUTROS NEGÓCIOS,0.0,1594.7702309490962,1594.7702309490962,1594.7702309490962
H2,Validação,Gradient Boosting,1T19,3T19,55,DISTRIBUIÇÃO,877.0,22260.537219358095,21383.537219358095,21383.537219358095
H2,Validação,Gradient Boosting,1T19,3T19,55,E&P,26978.0,23514.281509997745,-3463.718490002255,3463.718490002255
H2,Validação,Gradient Boosting,1T19,3T19,55,GÁS & ENERGIA / G&EBC,8077.0,8939.478154399438,862.4781543994377,862.4781543994377
H2,Validação,Gradient Boosting,1T19,3T19,55,REFINO / RTC,63048.0,51335.40349025707,-11712.596509742929,11712.596509742929
H2,Validação,Baseline Último,2T19,4T19,56,CORPORATIVO / OUTROS NEGÓCIOS,4588.0,0.0,-4588.0,4588.0
H2,Validação,Baseline Último,2T19,4T19,56,E&P,28305.0,26771.0,-1534.0,1534.0
H2,Validação,Baseline Último,2T19,4T19,56,GÁS & ENERGIA / G&EBC,7307.0,6272.0,-1035.0,1035.0
H2,Validação,Baseline Último,2T19,4T19,56,REFINO / RTC,64454.0,59321.0,-5133.0,5133.0
H2,Validação,Baseline Sazonal,2T19,4T19,56,CORPORATIVO / OUTROS NEGÓCIOS,4588.0,0.0,-4588.0,4588.0
H2,Validação,Baseline Sazonal,2T19,4T19,56,E&P,28305.0,25937.0,-2368.0,2368.0
H2,Validação,Baseline Sazonal,2T19,4T19,56,GÁS & ENERGIA / G&EBC,7307.0,8543.0,1236.0,1236.0
H2,Validação,Baseline Sazonal,2T19,4T19,56,REFINO / RTC,64454.0,71932.0,7478.0,7478.0
H2,Validação,Ridge Contábil,2T19,4T19,56,CORPORATIVO / OUTROS NEGÓCIOS,4588.0,62.91117915549876,-4525.088820844501,4525.088820844501
H2,Validação,Ridge Contábil,2T19,4T19,56,E&P,28305.0,27978.520814004554,-326.47918599544573,326.47918599544573
H2,Validação,Ridge Contábil,2T19,4T19,56,GÁS & ENERGIA / G&EBC,7307.0,3828.6534453975364,-3478.3465546024636,3478.3465546024636
H2,Validação,Ridge Contábil,2T19,4T19,56,REFINO / RTC,64454.0,60156.080355261154,-4297.919644738846,4297.919644738846
H2,Validação,Ridge + Brent e Câmbio,2T19,4T19,56,CORPORATIVO / OUTROS NEGÓCIOS,4588.0,930.2465708627715,-3657.7534291372285,3657.7534291372285
H2,Validação,Ridge + Brent e Câmbio,2T19,4T19,56,E&P,28305.0,28528.662115019884,223.66211501988437,223.66211501988437
H2,Validação,Ridge + Brent e Câmbio,2T19,4T19,56,GÁS & ENERGIA / G&EBC,7307.0,0.0,-7307.0,7307.0
H2,Validação,Ridge + Brent e Câmbio,2T19,4T19,56,REFINO / RTC,64454.0,60481.389577358255,-3972.6104226417447,3972.6104226417447
H2,Validação,Random Forest ampliada,2T19,4T19,56,CORPORATIVO / OUTROS NEGÓCIOS,4588.0,124.55713257890673,-4463.442867421093,4463.442867421093
H2,Validação,Random Forest ampliada,2T19,4T19,56,E&P,28305.0,29876.112554653137,1571.1125546531366,1571.1125546531366
H2,Validação,Random Forest ampliada,2T19,4T19,56,GÁS & ENERGIA / G&EBC,7307.0,8278.667244259083,971.6672442590825,971.6672442590825
H2,Validação,Random Forest ampliada,2T19,4T19,56,REFINO / RTC,64454.0,57137.38465788558,-7316.615342114419,7316.615342114419
H2,Validação,Random Forest grade original,2T19,4T19,56,CORPORATIVO / OUTROS NEGÓCIOS,4588.0,48.62126057831392,-4539.378739421686,4539.378739421686
H2,Validação,Random Forest grade original,2T19,4T19,56,E&P,28305.0,30959.00279527377,2654.002795273769,2654.002795273769
H2,Validação,Random Forest grade original,2T19,4T19,56,GÁS & ENERGIA / G&EBC,7307.0,8288.529196199606,981.5291961996063,981.5291961996063
H2,Validação,Random Forest grade original,2T19,4T19,56,REFINO / RTC,64454.0,56859.18309005726,-7594.81690994274,7594.81690994274
H2,Validação,Gradient Boosting,2T19,4T19,56,CORPORATIVO / OUTROS NEGÓCIOS,4588.0,1564.248766994239,-3023.7512330057607,3023.7512330057607
H2,Validação,Gradient Boosting,2T19,4T19,56,E&P,28305.0,23946.86460776998,-4358.135392230019,4358.135392230019
H2,Validação,Gradient Boosting,2T19,4T19,56,GÁS & ENERGIA / G&EBC,7307.0,8753.750706192774,1446.7507061927736,1446.7507061927736
H2,Validação,Gradient Boosting,2T19,4T19,56,REFINO / RTC,64454.0,52927.8704946755,-11526.129505324498,11526.129505324498
H2,Validação,Baseline Último,3T19,1T20,57,CORPORATIVO / OUTROS NEGÓCIOS,830.0,0.0,-830.0,830.0
H2,Validação,Baseline Último,3T19,1T20,57,E&P,26224.0,26978.0,754.0,754.0
H2,Validação,Baseline Último,3T19,1T20,57,GÁS & ENERGIA / G&EBC,5905.0,8077.0,2172.0,2172.0
H2,Validação,Baseline Último,3T19,1T20,57,REFINO / RTC,68162.0,63048.0,-5114.0,5114.0
H2,Validação,Baseline Sazonal,3T19,1T20,57,CORPORATIVO / OUTROS NEGÓCIOS,830.0,0.0,-830.0,830.0
H2,Validação,Baseline Sazonal,3T19,1T20,57,E&P,26224.0,25640.0,-584.0,584.0
H2,Validação,Baseline Sazonal,3T19,1T20,57,GÁS & ENERGIA / G&EBC,5905.0,8682.0,2777.0,2777.0
H2,Validação,Baseline Sazonal,3T19,1T20,57,REFINO / RTC,68162.0,56167.0,-11995.0,11995.0
H2,Validação,Ridge Contábil,3T19,1T20,57,CORPORATIVO / OUTROS NEGÓCIOS,830.0,0.0,-830.0,830.0
H2,Validação,Ridge Contábil,3T19,1T20,57,E&P,26224.0,25421.916978103036,-802.083021896964,802.083021896964
H2,Validação,Ridge Contábil,3T19,1T20,57,GÁS & ENERGIA / G&EBC,5905.0,3261.8654631043864,-2643.1345368956136,2643.1345368956136
H2,Validação,Ridge Contábil,3T19,1T20,57,REFINO / RTC,68162.0,62764.91501946752,-5397.084980532483,5397.084980532483
H2,Validação,Ridge + Brent e Câmbio,3T19,1T20,57,CORPORATIVO / OUTROS NEGÓCIOS,830.0,0.0,-830.0,830.0
H2,Validação,Ridge + Brent e Câmbio,3T19,1T20,57,E&P,26224.0,26489.227070292138,265.2270702921378,265.2270702921378
H2,Validação,Ridge + Brent e Câmbio,3T19,1T20,57,GÁS & ENERGIA / G&EBC,5905.0,0.0,-5905.0,5905.0
H2,Validação,Ridge + Brent e Câmbio,3T19,1T20,57,REFINO / RTC,68162.0,62711.744591676004,-5450.255408323996,5450.255408323996
H2,Validação,Random Forest ampliada,3T19,1T20,57,CORPORATIVO / OUTROS NEGÓCIOS,830.0,131.3980676870599,-698.6019323129401,698.6019323129401
H2,Validação,Random Forest ampliada,3T19,1T20,57,E&P,26224.0,29310.71077976359,3086.710779763591,3086.710779763591
H2,Validação,Random Forest ampliada,3T19,1T20,57,GÁS & ENERGIA / G&EBC,5905.0,8642.269589019432,2737.269589019432,2737.269589019432
H2,Validação,Random Forest ampliada,3T19,1T20,57,REFINO / RTC,68162.0,55705.74552005544,-12456.25447994456,12456.25447994456
H2,Validação,Random Forest grade original,3T19,1T20,57,CORPORATIVO / OUTROS NEGÓCIOS,830.0,483.0658546215462,-346.9341453784538,346.9341453784538
H2,Validação,Random Forest grade original,3T19,1T20,57,E&P,26224.0,30015.225344151404,3791.225344151404,3791.225344151404
H2,Validação,Random Forest grade original,3T19,1T20,57,GÁS & ENERGIA / G&EBC,5905.0,9621.071718554927,3716.0717185549274,3716.0717185549274
H2,Validação,Random Forest grade original,3T19,1T20,57,REFINO / RTC,68162.0,54285.067513741495,-13876.932486258505,13876.932486258505
H2,Validação,Gradient Boosting,3T19,1T20,57,CORPORATIVO / OUTROS NEGÓCIOS,830.0,1633.370131024197,803.370131024197,803.370131024197
H2,Validação,Gradient Boosting,3T19,1T20,57,E&P,26224.0,24896.715819717334,-1327.284180282666,1327.284180282666
H2,Validação,Gradient Boosting,3T19,1T20,57,GÁS & ENERGIA / G&EBC,5905.0,10255.922503199892,4350.922503199892,4350.922503199892
H2,Validação,Gradient Boosting,3T19,1T20,57,REFINO / RTC,68162.0,51043.15815680072,-17118.841843199283,17118.841843199283
H2,Validação,Baseline Último,4T19,2T20,58,CORPORATIVO / OUTROS NEGÓCIOS,1098.0,4588.0,3490.0,3490.0
H2,Validação,Baseline Último,4T19,2T20,58,E&P,18890.0,28305.0,9415.0,9415.0
H2,Validação,Baseline Último,4T19,2T20,58,GÁS & ENERGIA / G&EBC,3312.0,7307.0,3995.0,3995.0
H2,Validação,Baseline Último,4T19,2T20,58,REFINO / RTC,39835.0,64454.0,24619.0,24619.0
H2,Validação,Baseline Sazonal,4T19,2T20,58,CORPORATIVO / OUTROS NEGÓCIOS,1098.0,0.0,-1098.0,1098.0
H2,Validação,Baseline Sazonal,4T19,2T20,58,E&P,18890.0,26771.0,7881.0,7881.0
H2,Validação,Baseline Sazonal,4T19,2T20,58,GÁS & ENERGIA / G&EBC,3312.0,6272.0,2960.0,2960.0
H2,Validação,Baseline Sazonal,4T19,2T20,58,REFINO / RTC,39835.0,59321.0,19486.0,19486.0
H2,Validação,Ridge Contábil,4T19,2T20,58,CORPORATIVO / OUTROS NEGÓCIOS,1098.0,3290.642966954645,2192.642966954645,2192.642966954645
H2,Validação,Ridge Contábil,4T19,2T20,58,E&P,18890.0,26378.97598343397,7488.975983433971,7488.975983433971
H2,Validação,Ridge Contábil,4T19,2T20,58,GÁS & ENERGIA / G&EBC,3312.0,6462.525135382199,3150.5251353821986,3150.5251353821986
H2,Validação,Ridge Contábil,4T19,2T20,58,REFINO / RTC,39835.0,63088.48364767865,23253.48364767865,23253.48364767865
H2,Validação,Ridge + Brent e Câmbio,4T19,2T20,58,CORPORATIVO / OUTROS NEGÓCIOS,1098.0,2981.249066259583,1883.2490662595828,1883.2490662595828
H2,Validação,Ridge + Brent e Câmbio,4T19,2T20,58,E&P,18890.0,27478.580935973154,8588.580935973154,8588.580935973154
H2,Validação,Ridge + Brent e Câmbio,4T19,2T20,58,GÁS & ENERGIA / G&EBC,3312.0,8478.749410173352,5166.749410173352,5166.749410173352
H2,Validação,Ridge + Brent e Câmbio,4T19,2T20,58,REFINO / RTC,39835.0,64390.34551487005,24555.345514870052,24555.345514870052
H2,Validação,Random Forest ampliada,4T19,2T20,58,CORPORATIVO / OUTROS NEGÓCIOS,1098.0,2093.4140177413983,995.4140177413983,995.4140177413983
H2,Validação,Random Forest ampliada,4T19,2T20,58,E&P,18890.0,29753.82529701515,10863.825297015152,10863.825297015152
H2,Validação,Random Forest ampliada,4T19,2T20,58,GÁS & ENERGIA / G&EBC,3312.0,8174.472220505311,4862.472220505311,4862.472220505311
H2,Validação,Random Forest ampliada,4T19,2T20,58,REFINO / RTC,39835.0,54638.30552004511,14803.305520045113,14803.305520045113
H2,Validação,Random Forest grade original,4T19,2T20,58,CORPORATIVO / OUTROS NEGÓCIOS,1098.0,2382.2317412834404,1284.2317412834404,1284.2317412834404
H2,Validação,Random Forest grade original,4T19,2T20,58,E&P,18890.0,26586.49546668468,7696.495466684679,7696.495466684679
H2,Validação,Random Forest grade original,4T19,2T20,58,GÁS & ENERGIA / G&EBC,3312.0,7776.6119100578,4464.6119100578,4464.6119100578
H2,Validação,Random Forest grade original,4T19,2T20,58,REFINO / RTC,39835.0,56640.37226842524,16805.372268425243,16805.372268425243
H2,Validação,Gradient Boosting,4T19,2T20,58,CORPORATIVO / OUTROS NEGÓCIOS,1098.0,3315.8990166455937,2217.8990166455937,2217.8990166455937
H2,Validação,Gradient Boosting,4T19,2T20,58,E&P,18890.0,24497.60719789742,5607.607197897421,5607.607197897421
H2,Validação,Gradient Boosting,4T19,2T20,58,GÁS & ENERGIA / G&EBC,3312.0,8925.591246542346,5613.591246542346,5613.591246542346
H2,Validação,Gradient Boosting,4T19,2T20,58,REFINO / RTC,39835.0,50527.95140269356,10692.951402693558,10692.951402693558
H2,Validação,Baseline Último,1T20,3T20,59,CORPORATIVO / OUTROS NEGÓCIOS,1090.0,830.0,-260.0,260.0
H2,Validação,Baseline Último,1T20,3T20,59,E&P,25101.0,26224.0,1123.0,1123.0
H2,Validação,Baseline Último,1T20,3T20,59,GÁS & ENERGIA / G&EBC,4101.0,5905.0,1804.0,1804.0
H2,Validação,Baseline Último,1T20,3T20,59,REFINO / RTC,55670.0,68162.0,12492.0,12492.0
H2,Validação,Baseline Sazonal,1T20,3T20,59,CORPORATIVO / OUTROS NEGÓCIOS,1090.0,0.0,-1090.0,1090.0
H2,Validação,Baseline Sazonal,1T20,3T20,59,E&P,25101.0,26978.0,1877.0,1877.0
H2,Validação,Baseline Sazonal,1T20,3T20,59,GÁS & ENERGIA / G&EBC,4101.0,8077.0,3976.0,3976.0
H2,Validação,Baseline Sazonal,1T20,3T20,59,REFINO / RTC,55670.0,63048.0,7378.0,7378.0
H2,Validação,Ridge Contábil,1T20,3T20,59,CORPORATIVO / OUTROS NEGÓCIOS,1090.0,1284.3979019304115,194.39790193041154,194.39790193041154
H2,Validação,Ridge Contábil,1T20,3T20,59,E&P,25101.0,12354.008736355041,-12746.991263644959,12746.991263644959
H2,Validação,Ridge Contábil,1T20,3T20,59,GÁS & ENERGIA / G&EBC,4101.0,6953.701992110953,2852.701992110953,2852.701992110953
H2,Validação,Ridge Contábil,1T20,3T20,59,REFINO / RTC,55670.0,64807.591809624035,9137.591809624035,9137.591809624035
H2,Validação,Ridge + Brent e Câmbio,1T20,3T20,59,CORPORATIVO / OUTROS NEGÓCIOS,1090.0,708.9023537057928,-381.09764629420715,381.09764629420715
H2,Validação,Ridge + Brent e Câmbio,1T20,3T20,59,E&P,25101.0,17902.509466542004,-7198.490533457996,7198.490533457996
H2,Validação,Ridge + Brent e Câmbio,1T20,3T20,59,GÁS & ENERGIA / G&EBC,4101.0,6707.353697785915,2606.353697785915,2606.353697785915
H2,Validação,Ridge + Brent e Câmbio,1T20,3T20,59,REFINO / RTC,55670.0,62831.13999043924,7161.139990439238,7161.139990439238
H2,Validação,Random Forest ampliada,1T20,3T20,59,CORPORATIVO / OUTROS NEGÓCIOS,1090.0,2257.211315067617,1167.2113150676169,1167.2113150676169
H2,Validação,Random Forest ampliada,1T20,3T20,59,E&P,25101.0,29870.636368623695,4769.636368623695,4769.636368623695
H2,Validação,Random Forest ampliada,1T20,3T20,59,GÁS & ENERGIA / G&EBC,4101.0,7520.192967919478,3419.192967919478,3419.192967919478
H2,Validação,Random Forest ampliada,1T20,3T20,59,REFINO / RTC,55670.0,58322.03479085068,2652.034790850681,2652.034790850681
H2,Validação,Random Forest grade original,1T20,3T20,59,CORPORATIVO / OUTROS NEGÓCIOS,1090.0,2418.3407303469658,1328.3407303469658,1328.3407303469658
H2,Validação,Random Forest grade original,1T20,3T20,59,E&P,25101.0,27834.25637630384,2733.2563763038415,2733.2563763038415
H2,Validação,Random Forest grade original,1T20,3T20,59,GÁS & ENERGIA / G&EBC,4101.0,8424.072954753046,4323.072954753046,4323.072954753046
H2,Validação,Random Forest grade original,1T20,3T20,59,REFINO / RTC,55670.0,58384.67961993831,2714.6796199383098,2714.6796199383098
H2,Validação,Gradient Boosting,1T20,3T20,59,CORPORATIVO / OUTROS NEGÓCIOS,1090.0,4010.4712770901174,2920.4712770901174,2920.4712770901174
H2,Validação,Gradient Boosting,1T20,3T20,59,E&P,25101.0,24010.30591102345,-1090.6940889765501,1090.6940889765501
H2,Validação,Gradient Boosting,1T20,3T20,59,GÁS & ENERGIA / G&EBC,4101.0,8057.8922649102,3956.8922649101996,3956.8922649101996
H2,Validação,Gradient Boosting,1T20,3T20,59,REFINO / RTC,55670.0,60845.87349829264,5175.87349829264,5175.87349829264
H2,Validação,Baseline Último,2T20,4T20,60,CORPORATIVO / OUTROS NEGÓCIOS,1189.0,1098.0,-91.0,91.0
H2,Validação,Baseline Último,2T20,4T20,60,E&P,21842.0,18890.0,-2952.0,2952.0
H2,Validação,Baseline Último,2T20,4T20,60,GÁS & ENERGIA / G&EBC,6813.0,3312.0,-3501.0,3501.0
H2,Validação,Baseline Último,2T20,4T20,60,REFINO / RTC,58548.0,39835.0,-18713.0,18713.0
H2,Validação,Baseline Sazonal,2T20,4T20,60,CORPORATIVO / OUTROS NEGÓCIOS,1189.0,4588.0,3399.0,3399.0
H2,Validação,Baseline Sazonal,2T20,4T20,60,E&P,21842.0,28305.0,6463.0,6463.0
H2,Validação,Baseline Sazonal,2T20,4T20,60,GÁS & ENERGIA / G&EBC,6813.0,7307.0,494.0,494.0
H2,Validação,Baseline Sazonal,2T20,4T20,60,REFINO / RTC,58548.0,64454.0,5906.0,5906.0
H2,Validação,Ridge Contábil,2T20,4T20,60,CORPORATIVO / OUTROS NEGÓCIOS,1189.0,1720.1859110366422,531.1859110366422,531.1859110366422
H2,Validação,Ridge Contábil,2T20,4T20,60,E&P,21842.0,26745.624755757814,4903.624755757814,4903.624755757814
H2,Validação,Ridge Contábil,2T20,4T20,60,GÁS & ENERGIA / G&EBC,6813.0,7306.581356787734,493.58135678773397,493.58135678773397
H2,Validação,Ridge Contábil,2T20,4T20,60,REFINO / RTC,58548.0,47291.09255884348,-11256.907441156523,11256.907441156523
H2,Validação,Ridge + Brent e Câmbio,2T20,4T20,60,CORPORATIVO / OUTROS NEGÓCIOS,1189.0,0.0,-1189.0,1189.0
H2,Validação,Ridge + Brent e Câmbio,2T20,4T20,60,E&P,21842.0,25950.452831648636,4108.452831648636,4108.452831648636
H2,Validação,Ridge + Brent e Câmbio,2T20,4T20,60,GÁS & ENERGIA / G&EBC,6813.0,4415.651307464761,-2397.348692535239,2397.348692535239
H2,Validação,Ridge + Brent e Câmbio,2T20,4T20,60,REFINO / RTC,58548.0,50402.49582926147,-8145.504170738532,8145.504170738532
H2,Validação,Random Forest ampliada,2T20,4T20,60,CORPORATIVO / OUTROS NEGÓCIOS,1189.0,1358.8419334629527,169.84193346295274,169.84193346295274
H2,Validação,Random Forest ampliada,2T20,4T20,60,E&P,21842.0,24760.033057805835,2918.0330578058347,2918.0330578058347
H2,Validação,Random Forest ampliada,2T20,4T20,60,GÁS & ENERGIA / G&EBC,6813.0,6919.546794082201,106.5467940822009,106.5467940822009
H2,Validação,Random Forest ampliada,2T20,4T20,60,REFINO / RTC,58548.0,50187.0441222645,-8360.955877735498,8360.955877735498
H2,Validação,Random Forest grade original,2T20,4T20,60,CORPORATIVO / OUTROS NEGÓCIOS,1189.0,1235.3045779251165,46.30457792511652,46.30457792511652
H2,Validação,Random Forest grade original,2T20,4T20,60,E&P,21842.0,23717.178569255775,1875.178569255775,1875.178569255775
H2,Validação,Random Forest grade original,2T20,4T20,60,GÁS & ENERGIA / G&EBC,6813.0,6828.771565864287,15.771565864287368,15.771565864287368
H2,Validação,Random Forest grade original,2T20,4T20,60,REFINO / RTC,58548.0,51973.45321183672,-6574.546788163279,6574.546788163279
H2,Validação,Gradient Boosting,2T20,4T20,60,CORPORATIVO / OUTROS NEGÓCIOS,1189.0,2760.548087261723,1571.5480872617231,1571.5480872617231
H2,Validação,Gradient Boosting,2T20,4T20,60,E&P,21842.0,20287.61845683621,-1554.3815431637886,1554.3815431637886
H2,Validação,Gradient Boosting,2T20,4T20,60,GÁS & ENERGIA / G&EBC,6813.0,7268.946670010804,455.94667001080416,455.94667001080416
H2,Validação,Gradient Boosting,2T20,4T20,60,REFINO / RTC,58548.0,43011.57935328733,-15536.420646712671,15536.420646712671
H2,Validação,Baseline Último,3T20,1T21,61,CORPORATIVO / OUTROS NEGÓCIOS,823.0,1090.0,267.0,267.0
H2,Validação,Baseline Último,3T20,1T21,61,E&P,28636.0,25101.0,-3535.0,3535.0
H2,Validação,Baseline Último,3T20,1T21,61,GÁS & ENERGIA / G&EBC,7271.0,4101.0,-3170.0,3170.0
H2,Validação,Baseline Último,3T20,1T21,61,REFINO / RTC,64975.0,55670.0,-9305.0,9305.0
H2,Validação,Baseline Sazonal,3T20,1T21,61,CORPORATIVO / OUTROS NEGÓCIOS,823.0,830.0,7.0,7.0
H2,Validação,Baseline Sazonal,3T20,1T21,61,E&P,28636.0,26224.0,-2412.0,2412.0
H2,Validação,Baseline Sazonal,3T20,1T21,61,GÁS & ENERGIA / G&EBC,7271.0,5905.0,-1366.0,1366.0
H2,Validação,Baseline Sazonal,3T20,1T21,61,REFINO / RTC,64975.0,68162.0,3187.0,3187.0
H2,Validação,Ridge Contábil,3T20,1T21,61,CORPORATIVO / OUTROS NEGÓCIOS,823.0,0.0,-823.0,823.0
H2,Validação,Ridge Contábil,3T20,1T21,61,E&P,28636.0,24597.633012394046,-4038.366987605954,4038.366987605954
H2,Validação,Ridge Contábil,3T20,1T21,61,GÁS & ENERGIA / G&EBC,7271.0,3749.7709027002074,-3521.2290972997926,3521.2290972997926
H2,Validação,Ridge Contábil,3T20,1T21,61,REFINO / RTC,64975.0,53744.78447705362,-11230.215522946382,11230.215522946382
H2,Validação,Ridge + Brent e Câmbio,3T20,1T21,61,CORPORATIVO / OUTROS NEGÓCIOS,823.0,0.0,-823.0,823.0
H2,Validação,Ridge + Brent e Câmbio,3T20,1T21,61,E&P,28636.0,22650.709816085444,-5985.290183914556,5985.290183914556
H2,Validação,Ridge + Brent e Câmbio,3T20,1T21,61,GÁS & ENERGIA / G&EBC,7271.0,3735.9035931829476,-3535.0964068170524,3535.0964068170524
H2,Validação,Ridge + Brent e Câmbio,3T20,1T21,61,REFINO / RTC,64975.0,51524.421532596396,-13450.578467403604,13450.578467403604
H2,Validação,Random Forest ampliada,3T20,1T21,61,CORPORATIVO / OUTROS NEGÓCIOS,823.0,1458.2299817016712,635.2299817016712,635.2299817016712
H2,Validação,Random Forest ampliada,3T20,1T21,61,E&P,28636.0,24761.49410926587,-3874.50589073413,3874.50589073413
H2,Validação,Random Forest ampliada,3T20,1T21,61,GÁS & ENERGIA / G&EBC,7271.0,5980.905657938123,-1290.094342061877,1290.094342061877
H2,Validação,Random Forest ampliada,3T20,1T21,61,REFINO / RTC,64975.0,51534.38016067054,-13440.619839329462,13440.619839329462
H2,Validação,Random Forest grade original,3T20,1T21,61,CORPORATIVO / OUTROS NEGÓCIOS,823.0,1553.0898736059462,730.0898736059462,730.0898736059462
H2,Validação,Random Forest grade original,3T20,1T21,61,E&P,28636.0,24615.22653768687,-4020.773462313129,4020.773462313129
H2,Validação,Random Forest grade original,3T20,1T21,61,GÁS & ENERGIA / G&EBC,7271.0,6403.057010476076,-867.9429895239236,867.9429895239236
H2,Validação,Random Forest grade original,3T20,1T21,61,REFINO / RTC,64975.0,50270.10337580599,-14704.896624194007,14704.896624194007
H2,Validação,Gradient Boosting,3T20,1T21,61,CORPORATIVO / OUTROS NEGÓCIOS,823.0,2753.449154231657,1930.4491542316568,1930.4491542316568
H2,Validação,Gradient Boosting,3T20,1T21,61,E&P,28636.0,23812.071339057464,-4823.928660942536,4823.928660942536
H2,Validação,Gradient Boosting,3T20,1T21,61,GÁS & ENERGIA / G&EBC,7271.0,7054.06982839662,-216.93017160337968,216.93017160337968
H2,Validação,Gradient Boosting,3T20,1T21,61,REFINO / RTC,64975.0,52378.26782332704,-12596.732176672958,12596.732176672958
H2,Validação,Baseline Último,4T20,2T21,62,CORPORATIVO / OUTROS NEGÓCIOS,609.0,1189.0,580.0,580.0
H2,Validação,Baseline Último,4T20,2T21,62,E&P,29667.0,21842.0,-7825.0,7825.0
H2,Validação,Baseline Último,4T20,2T21,62,GÁS & ENERGIA / G&EBC,8748.0,6813.0,-1935.0,1935.0
H2,Validação,Baseline Último,4T20,2T21,62,REFINO / RTC,88246.0,58548.0,-29698.0,29698.0
H2,Validação,Baseline Sazonal,4T20,2T21,62,CORPORATIVO / OUTROS NEGÓCIOS,609.0,1098.0,489.0,489.0
H2,Validação,Baseline Sazonal,4T20,2T21,62,E&P,29667.0,18890.0,-10777.0,10777.0
H2,Validação,Baseline Sazonal,4T20,2T21,62,GÁS & ENERGIA / G&EBC,8748.0,3312.0,-5436.0,5436.0
H2,Validação,Baseline Sazonal,4T20,2T21,62,REFINO / RTC,88246.0,39835.0,-48411.0,48411.0
H2,Validação,Ridge Contábil,4T20,2T21,62,CORPORATIVO / OUTROS NEGÓCIOS,609.0,939.107958024324,330.10795802432403,330.10795802432403
H2,Validação,Ridge Contábil,4T20,2T21,62,E&P,29667.0,22860.060095485198,-6806.939904514802,6806.939904514802
H2,Validação,Ridge Contábil,4T20,2T21,62,GÁS & ENERGIA / G&EBC,8748.0,5212.153124241591,-3535.8468757584087,3535.8468757584087
H2,Validação,Ridge Contábil,4T20,2T21,62,REFINO / RTC,88246.0,58102.04033710034,-30143.95966289966,30143.95966289966
H2,Validação,Ridge + Brent e Câmbio,4T20,2T21,62,CORPORATIVO / OUTROS NEGÓCIOS,609.0,0.0,-609.0,609.0
H2,Validação,Ridge + Brent e Câmbio,4T20,2T21,62,E&P,29667.0,16817.71725699528,-12849.282743004718,12849.282743004718
H2,Validação,Ridge + Brent e Câmbio,4T20,2T21,62,GÁS & ENERGIA / G&EBC,8748.0,5393.992068452833,-3354.0079315471667,3354.0079315471667
H2,Validação,Ridge + Brent e Câmbio,4T20,2T21,62,REFINO / RTC,88246.0,58453.21463735585,-29792.78536264415,29792.78536264415
H2,Validação,Random Forest ampliada,4T20,2T21,62,CORPORATIVO / OUTROS NEGÓCIOS,609.0,2722.3299690681847,2113.3299690681847,2113.3299690681847
H2,Validação,Random Forest ampliada,4T20,2T21,62,E&P,29667.0,24700.69171406254,-4966.308285937459,4966.308285937459
H2,Validação,Random Forest ampliada,4T20,2T21,62,GÁS & ENERGIA / G&EBC,8748.0,6760.179713154768,-1987.8202868452317,1987.8202868452317
H2,Validação,Random Forest ampliada,4T20,2T21,62,REFINO / RTC,88246.0,53159.49844786357,-35086.50155213643,35086.50155213643
H2,Validação,Random Forest grade original,4T20,2T21,62,CORPORATIVO / OUTROS NEGÓCIOS,609.0,3003.9434474068717,2394.9434474068717,2394.9434474068717
H2,Validação,Random Forest grade original,4T20,2T21,62,E&P,29667.0,25926.43498782222,-3740.56501217778,3740.56501217778
H2,Validação,Random Forest grade original,4T20,2T21,62,GÁS & ENERGIA / G&EBC,8748.0,6748.72466408698,-1999.2753359130202,1999.2753359130202
H2,Validação,Random Forest grade original,4T20,2T21,62,REFINO / RTC,88246.0,53218.71441840555,-35027.28558159445,35027.28558159445
H2,Validação,Gradient Boosting,4T20,2T21,62,CORPORATIVO / OUTROS NEGÓCIOS,609.0,3046.878504988945,2437.878504988945,2437.878504988945
H2,Validação,Gradient Boosting,4T20,2T21,62,E&P,29667.0,21242.475356620493,-8424.524643379507,8424.524643379507
H2,Validação,Gradient Boosting,4T20,2T21,62,GÁS & ENERGIA / G&EBC,8748.0,7536.374532674918,-1211.6254673250824,1211.6254673250824
H2,Validação,Gradient Boosting,4T20,2T21,62,REFINO / RTC,88246.0,52358.11001117551,-35887.88998882449,35887.88998882449
H2,Validação,Baseline Último,1T21,3T21,63,CORPORATIVO / OUTROS NEGÓCIOS,474.0,823.0,349.0,349.0
H2,Validação,Baseline Último,1T21,3T21,63,E&P,32983.0,28636.0,-4347.0,4347.0
H2,Validação,Baseline Último,1T21,3T21,63,GÁS & ENERGIA / G&EBC,13938.0,7271.0,-6667.0,6667.0
H2,Validação,Baseline Último,1T21,3T21,63,REFINO / RTC,95546.0,64975.0,-30571.0,30571.0
H2,Validação,Baseline Sazonal,1T21,3T21,63,CORPORATIVO / OUTROS NEGÓCIOS,474.0,1090.0,616.0,616.0
H2,Validação,Baseline Sazonal,1T21,3T21,63,E&P,32983.0,25101.0,-7882.0,7882.0
H2,Validação,Baseline Sazonal,1T21,3T21,63,GÁS & ENERGIA / G&EBC,13938.0,4101.0,-9837.0,9837.0
H2,Validação,Baseline Sazonal,1T21,3T21,63,REFINO / RTC,95546.0,55670.0,-39876.0,39876.0
H2,Validação,Ridge Contábil,1T21,3T21,63,CORPORATIVO / OUTROS NEGÓCIOS,474.0,1417.572478696271,943.572478696271,943.572478696271
H2,Validação,Ridge Contábil,1T21,3T21,63,E&P,32983.0,17268.920336214098,-15714.079663785902,15714.079663785902
H2,Validação,Ridge Contábil,1T21,3T21,63,GÁS & ENERGIA / G&EBC,13938.0,7335.125477735764,-6602.874522264236,6602.874522264236
H2,Validação,Ridge Contábil,1T21,3T21,63,REFINO / RTC,95546.0,64109.17998070801,-31436.82001929199,31436.82001929199
H2,Validação,Ridge + Brent e Câmbio,1T21,3T21,63,CORPORATIVO / OUTROS NEGÓCIOS,474.0,2915.7342914733126,2441.7342914733126,2441.7342914733126
H2,Validação,Ridge + Brent e Câmbio,1T21,3T21,63,E&P,32983.0,13806.735722711013,-19176.26427728899,19176.26427728899
H2,Validação,Ridge + Brent e Câmbio,1T21,3T21,63,GÁS & ENERGIA / G&EBC,13938.0,10807.514480814254,-3130.485519185746,3130.485519185746
H2,Validação,Ridge + Brent e Câmbio,1T21,3T21,63,REFINO / RTC,95546.0,66759.32237213907,-28786.677627860932,28786.677627860932
H2,Validação,Random Forest ampliada,1T21,3T21,63,CORPORATIVO / OUTROS NEGÓCIOS,474.0,1396.3650694769362,922.3650694769362,922.3650694769362
H2,Validação,Random Forest ampliada,1T21,3T21,63,E&P,32983.0,27352.8154258959,-5630.1845741041,5630.1845741041
H2,Validação,Random Forest ampliada,1T21,3T21,63,GÁS & ENERGIA / G&EBC,13938.0,7608.721608544767,-6329.278391455233,6329.278391455233
H2,Validação,Random Forest ampliada,1T21,3T21,63,REFINO / RTC,95546.0,57008.85914629845,-38537.14085370155,38537.14085370155
H2,Validação,Random Forest grade original,1T21,3T21,63,CORPORATIVO / OUTROS NEGÓCIOS,474.0,1162.3946951111752,688.3946951111752,688.3946951111752
H2,Validação,Random Forest grade original,1T21,3T21,63,E&P,32983.0,28703.03031923972,-4279.969680760281,4279.969680760281
H2,Validação,Random Forest grade original,1T21,3T21,63,GÁS & ENERGIA / G&EBC,13938.0,7602.4068839914535,-6335.5931160085465,6335.5931160085465
H2,Validação,Random Forest grade original,1T21,3T21,63,REFINO / RTC,95546.0,57635.75130079791,-37910.24869920209,37910.24869920209
H2,Validação,Gradient Boosting,1T21,3T21,63,CORPORATIVO / OUTROS NEGÓCIOS,474.0,2617.60105203839,2143.60105203839,2143.60105203839
H2,Validação,Gradient Boosting,1T21,3T21,63,E&P,32983.0,25085.152665698817,-7897.847334301183,7897.847334301183
H2,Validação,Gradient Boosting,1T21,3T21,63,GÁS & ENERGIA / G&EBC,13938.0,7957.346279208189,-5980.653720791811,5980.653720791811
H2,Validação,Gradient Boosting,1T21,3T21,63,REFINO / RTC,95546.0,54283.61841049816,-41262.38158950184,41262.38158950184
H2,Validação,Baseline Último,2T21,4T21,64,CORPORATIVO / OUTROS NEGÓCIOS,824.0,609.0,-215.0,215.0
H2,Validação,Baseline Último,2T21,4T21,64,E&P,36464.0,29667.0,-6797.0,6797.0
H2,Validação,Baseline Último,2T21,4T21,64,GÁS & ENERGIA / G&EBC,21435.0,8748.0,-12687.0,12687.0
H2,Validação,Baseline Último,2T21,4T21,64,REFINO / RTC,104838.0,88246.0,-16592.0,16592.0
H2,Validação,Baseline Sazonal,2T21,4T21,64,CORPORATIVO / OUTROS NEGÓCIOS,824.0,1189.0,365.0,365.0
H2,Validação,Baseline Sazonal,2T21,4T21,64,E&P,36464.0,21842.0,-14622.0,14622.0
H2,Validação,Baseline Sazonal,2T21,4T21,64,GÁS & ENERGIA / G&EBC,21435.0,6813.0,-14622.0,14622.0
H2,Validação,Baseline Sazonal,2T21,4T21,64,REFINO / RTC,104838.0,58548.0,-46290.0,46290.0
H2,Validação,Ridge Contábil,2T21,4T21,64,CORPORATIVO / OUTROS NEGÓCIOS,824.0,1929.4022713580835,1105.4022713580835,1105.4022713580835
H2,Validação,Ridge Contábil,2T21,4T21,64,E&P,36464.0,24828.383446104628,-11635.616553895372,11635.616553895372
H2,Validação,Ridge Contábil,2T21,4T21,64,GÁS & ENERGIA / G&EBC,21435.0,7976.934130743657,-13458.065869256343,13458.065869256343
H2,Validação,Ridge Contábil,2T21,4T21,64,REFINO / RTC,104838.0,74669.19411173636,-30168.80588826364,30168.80588826364
H2,Validação,Ridge + Brent e Câmbio,2T21,4T21,64,CORPORATIVO / OUTROS NEGÓCIOS,824.0,7317.603171064142,6493.603171064142,6493.603171064142
H2,Validação,Ridge + Brent e Câmbio,2T21,4T21,64,E&P,36464.0,32504.911541214726,-3959.0884587852743,3959.0884587852743
H2,Validação,Ridge + Brent e Câmbio,2T21,4T21,64,GÁS & ENERGIA / G&EBC,21435.0,13321.409351536924,-8113.590648463076,8113.590648463076
H2,Validação,Ridge + Brent e Câmbio,2T21,4T21,64,REFINO / RTC,104838.0,74352.68946864418,-30485.31053135582,30485.31053135582
H2,Validação,Random Forest ampliada,2T21,4T21,64,CORPORATIVO / OUTROS NEGÓCIOS,824.0,1532.2883055060265,708.2883055060265,708.2883055060265
H2,Validação,Random Forest ampliada,2T21,4T21,64,E&P,36464.0,29115.242395466394,-7348.757604533606,7348.757604533606
H2,Validação,Random Forest ampliada,2T21,4T21,64,GÁS & ENERGIA / G&EBC,21435.0,8597.336099398779,-12837.663900601221,12837.663900601221
H2,Validação,Random Forest ampliada,2T21,4T21,64,REFINO / RTC,104838.0,59964.35485131771,-44873.64514868229,44873.64514868229
H2,Validação,Random Forest grade original,2T21,4T21,64,CORPORATIVO / OUTROS NEGÓCIOS,824.0,1225.0050243334517,401.00502433345173,401.00502433345173
H2,Validação,Random Forest grade original,2T21,4T21,64,E&P,36464.0,29684.02417309066,-6779.97582690934,6779.97582690934
H2,Validação,Random Forest grade original,2T21,4T21,64,GÁS & ENERGIA / G&EBC,21435.0,7930.960785942586,-13504.039214057415,13504.039214057415
H2,Validação,Random Forest grade original,2T21,4T21,64,REFINO / RTC,104838.0,61062.413897370134,-43775.586102629866,43775.586102629866
H2,Validação,Gradient Boosting,2T21,4T21,64,CORPORATIVO / OUTROS NEGÓCIOS,824.0,2405.296150381431,1581.2961503814308,1581.2961503814308
H2,Validação,Gradient Boosting,2T21,4T21,64,E&P,36464.0,23940.084912298364,-12523.915087701636,12523.915087701636
H2,Validação,Gradient Boosting,2T21,4T21,64,GÁS & ENERGIA / G&EBC,21435.0,7562.539622922564,-13872.460377077436,13872.460377077436
H2,Validação,Gradient Boosting,2T21,4T21,64,REFINO / RTC,104838.0,61997.89837029311,-42840.10162970689,42840.10162970689
H2,Validação,Baseline Último,3T21,1T22,65,CORPORATIVO / OUTROS NEGÓCIOS,649.0,474.0,-175.0,175.0
H2,Validação,Baseline Último,3T21,1T22,65,E&P,40112.0,32983.0,-7129.0,7129.0
H2,Validação,Baseline Último,3T21,1T22,65,GÁS & ENERGIA / G&EBC,15272.0,13938.0,-1334.0,1334.0
H2,Validação,Baseline Último,3T21,1T22,65,REFINO / RTC,112165.0,95546.0,-16619.0,16619.0
H2,Validação,Baseline Sazonal,3T21,1T22,65,CORPORATIVO / OUTROS NEGÓCIOS,649.0,823.0,174.0,174.0
H2,Validação,Baseline Sazonal,3T21,1T22,65,E&P,40112.0,28636.0,-11476.0,11476.0
H2,Validação,Baseline Sazonal,3T21,1T22,65,GÁS & ENERGIA / G&EBC,15272.0,7271.0,-8001.0,8001.0
H2,Validação,Baseline Sazonal,3T21,1T22,65,REFINO / RTC,112165.0,64975.0,-47190.0,47190.0
H2,Validação,Ridge Contábil,3T21,1T22,65,CORPORATIVO / OUTROS NEGÓCIOS,649.0,0.0,-649.0,649.0
H2,Validação,Ridge Contábil,3T21,1T22,65,E&P,40112.0,37595.596911216846,-2516.403088783154,2516.403088783154
H2,Validação,Ridge Contábil,3T21,1T22,65,GÁS & ENERGIA / G&EBC,15272.0,11742.024745185841,-3529.9752548141587,3529.9752548141587
H2,Validação,Ridge Contábil,3T21,1T22,65,REFINO / RTC,112165.0,89748.58950292837,-22416.41049707163,22416.41049707163
H2,Validação,Ridge + Brent e Câmbio,3T21,1T22,65,CORPORATIVO / OUTROS NEGÓCIOS,649.0,4843.992815988262,4194.992815988262,4194.992815988262
H2,Validação,Ridge + Brent e Câmbio,3T21,1T22,65,E&P,40112.0,35525.684590850105,-4586.315409149895,4586.315409149895
H2,Validação,Ridge + Brent e Câmbio,3T21,1T22,65,GÁS & ENERGIA / G&EBC,15272.0,15419.429597030296,147.42959703029555,147.42959703029555
H2,Validação,Ridge + Brent e Câmbio,3T21,1T22,65,REFINO / RTC,112165.0,89311.71562676318,-22853.28437323682,22853.28437323682
H2,Validação,Random Forest ampliada,3T21,1T22,65,CORPORATIVO / OUTROS NEGÓCIOS,649.0,910.515674817266,261.515674817266,261.515674817266
H2,Validação,Random Forest ampliada,3T21,1T22,65,E&P,40112.0,31710.820258757773,-8401.179741242227,8401.179741242227
H2,Validação,Random Forest ampliada,3T21,1T22,65,GÁS & ENERGIA / G&EBC,15272.0,12508.253119830842,-2763.7468801691575,2763.7468801691575
H2,Validação,Random Forest ampliada,3T21,1T22,65,REFINO / RTC,112165.0,65287.66422863363,-46877.33577136637,46877.33577136637
H2,Validação,Random Forest grade original,3T21,1T22,65,CORPORATIVO / OUTROS NEGÓCIOS,649.0,689.7509284986485,40.75092849864848,40.75092849864848
H2,Validação,Random Forest grade original,3T21,1T22,65,E&P,40112.0,33663.962120761484,-6448.037879238516,6448.037879238516
H2,Validação,Random Forest grade original,3T21,1T22,65,GÁS & ENERGIA / G&EBC,15272.0,11172.95416616339,-4099.04583383661,4099.04583383661
H2,Validação,Random Forest grade original,3T21,1T22,65,REFINO / RTC,112165.0,68827.95858127394,-43337.04141872606,43337.04141872606
H2,Validação,Gradient Boosting,3T21,1T22,65,CORPORATIVO / OUTROS NEGÓCIOS,649.0,2245.334513725624,1596.3345137256242,1596.3345137256242
H2,Validação,Gradient Boosting,3T21,1T22,65,E&P,40112.0,26948.356143073055,-13163.643856926945,13163.643856926945
H2,Validação,Gradient Boosting,3T21,1T22,65,GÁS & ENERGIA / G&EBC,15272.0,12763.825391799786,-2508.1746082002137,2508.1746082002137
H2,Validação,Gradient Boosting,3T21,1T22,65,REFINO / RTC,112165.0,61025.520126913216,-51139.479873086784,51139.479873086784
H2,Validação,Baseline Último,4T21,2T22,66,CORPORATIVO / OUTROS NEGÓCIOS,729.0,824.0,95.0,95.0
H2,Validação,Baseline Último,4T21,2T22,66,E&P,40228.0,36464.0,-3764.0,3764.0
H2,Validação,Baseline Último,4T21,2T22,66,GÁS & ENERGIA / G&EBC,11677.0,21435.0,9758.0,9758.0
H2,Validação,Baseline Último,4T21,2T22,66,REFINO / RTC,131897.0,104838.0,-27059.0,27059.0
H2,Validação,Baseline Sazonal,4T21,2T22,66,CORPORATIVO / OUTROS NEGÓCIOS,729.0,609.0,-120.0,120.0
H2,Validação,Baseline Sazonal,4T21,2T22,66,E&P,40228.0,29667.0,-10561.0,10561.0
H2,Validação,Baseline Sazonal,4T21,2T22,66,GÁS & ENERGIA / G&EBC,11677.0,8748.0,-2929.0,2929.0
H2,Validação,Baseline Sazonal,4T21,2T22,66,REFINO / RTC,131897.0,88246.0,-43651.0,43651.0
H2,Validação,Ridge Contábil,4T21,2T22,66,CORPORATIVO / OUTROS NEGÓCIOS,729.0,657.4678048421538,-71.53219515784622,71.53219515784622
H2,Validação,Ridge Contábil,4T21,2T22,66,E&P,40228.0,46326.48793001617,6098.48793001617,6098.48793001617
H2,Validação,Ridge Contábil,4T21,2T22,66,GÁS & ENERGIA / G&EBC,11677.0,18488.689101266624,6811.689101266624,6811.689101266624
H2,Validação,Ridge Contábil,4T21,2T22,66,REFINO / RTC,131897.0,104723.99457699253,-27173.005423007475,27173.005423007475
H2,Validação,Ridge + Brent e Câmbio,4T21,2T22,66,CORPORATIVO / OUTROS NEGÓCIOS,729.0,6768.283121844321,6039.283121844321,6039.283121844321
H2,Validação,Ridge + Brent e Câmbio,4T21,2T22,66,E&P,40228.0,44140.37420863863,3912.3742086386264,3912.3742086386264
H2,Validação,Ridge + Brent e Câmbio,4T21,2T22,66,GÁS & ENERGIA / G&EBC,11677.0,21844.321568598094,10167.321568598094,10167.321568598094
H2,Validação,Ridge + Brent e Câmbio,4T21,2T22,66,REFINO / RTC,131897.0,102076.15344874878,-29820.84655125122,29820.84655125122
H2,Validação,Random Forest ampliada,4T21,2T22,66,CORPORATIVO / OUTROS NEGÓCIOS,729.0,1401.7395256824725,672.7395256824725,672.7395256824725
H2,Validação,Random Forest ampliada,4T21,2T22,66,E&P,40228.0,37840.003692080805,-2387.996307919195,2387.996307919195
H2,Validação,Random Forest ampliada,4T21,2T22,66,GÁS & ENERGIA / G&EBC,11677.0,15383.178184045259,3706.1781840452586,3706.1781840452586
H2,Validação,Random Forest ampliada,4T21,2T22,66,REFINO / RTC,131897.0,77832.76906941649,-54064.23093058351,54064.23093058351
H2,Validação,Random Forest grade original,4T21,2T22,66,CORPORATIVO / OUTROS NEGÓCIOS,729.0,1838.3005441090818,1109.3005441090818,1109.3005441090818
H2,Validação,Random Forest grade original,4T21,2T22,66,E&P,40228.0,32494.160557130166,-7733.839442869834,7733.839442869834
H2,Validação,Random Forest grade original,4T21,2T22,66,GÁS & ENERGIA / G&EBC,11677.0,15437.298289846465,3760.298289846465,3760.298289846465
H2,Validação,Random Forest grade original,4T21,2T22,66,REFINO / RTC,131897.0,71683.74997499998,-60213.250025000016,60213.250025000016
H2,Validação,Gradient Boosting,4T21,2T22,66,CORPORATIVO / OUTROS NEGÓCIOS,729.0,2385.474417983905,1656.474417983905,1656.474417983905
H2,Validação,Gradient Boosting,4T21,2T22,66,E&P,40228.0,30290.797680031832,-9937.202319968168,9937.202319968168
H2,Validação,Gradient Boosting,4T21,2T22,66,GÁS & ENERGIA / G&EBC,11677.0,14416.300904494496,2739.3009044944956,2739.3009044944956
H2,Validação,Gradient Boosting,4T21,2T22,66,REFINO / RTC,131897.0,86462.56431896311,-45434.43568103689,45434.43568103689
H2,Validação,Baseline Último,1T22,3T22,67,CORPORATIVO / OUTROS NEGÓCIOS,711.0,649.0,-62.0,62.0
H2,Validação,Baseline Último,1T22,3T22,67,E&P,39049.0,40112.0,1063.0,1063.0
H2,Validação,Baseline Último,1T22,3T22,67,GÁS & ENERGIA / G&EBC,13849.0,15272.0,1423.0,1423.0
H2,Validação,Baseline Último,1T22,3T22,67,REFINO / RTC,139607.0,112165.0,-27442.0,27442.0
H2,Validação,Baseline Sazonal,1T22,3T22,67,CORPORATIVO / OUTROS NEGÓCIOS,711.0,474.0,-237.0,237.0
H2,Validação,Baseline Sazonal,1T22,3T22,67,E&P,39049.0,32983.0,-6066.0,6066.0
H2,Validação,Baseline Sazonal,1T22,3T22,67,GÁS & ENERGIA / G&EBC,13849.0,13938.0,89.0,89.0
H2,Validação,Baseline Sazonal,1T22,3T22,67,REFINO / RTC,139607.0,95546.0,-44061.0,44061.0
H2,Validação,Ridge Contábil,1T22,3T22,67,CORPORATIVO / OUTROS NEGÓCIOS,711.0,1708.5769221308365,997.5769221308365,997.5769221308365
H2,Validação,Ridge Contábil,1T22,3T22,67,E&P,39049.0,56101.63642266253,17052.63642266253,17052.63642266253
H2,Validação,Ridge Contábil,1T22,3T22,67,GÁS & ENERGIA / G&EBC,13849.0,17030.020897758295,3181.020897758295,3181.020897758295
H2,Validação,Ridge Contábil,1T22,3T22,67,REFINO / RTC,139607.0,119472.77164771264,-20134.228352287362,20134.228352287362
H2,Validação,Ridge + Brent e Câmbio,1T22,3T22,67,CORPORATIVO / OUTROS NEGÓCIOS,711.0,7183.6778951574815,6472.6778951574815,6472.6778951574815
H2,Validação,Ridge + Brent e Câmbio,1T22,3T22,67,E&P,39049.0,56343.875099880504,17294.875099880504,17294.875099880504
H2,Validação,Ridge + Brent e Câmbio,1T22,3T22,67,GÁS & ENERGIA / G&EBC,13849.0,22286.86147351404,8437.86147351404,8437.86147351404
H2,Validação,Ridge + Brent e Câmbio,1T22,3T22,67,REFINO / RTC,139607.0,116129.7562255533,-23477.243774446702,23477.243774446702
H2,Validação,Random Forest ampliada,1T22,3T22,67,CORPORATIVO / OUTROS NEGÓCIOS,711.0,728.217903082743,17.217903082742964,17.217903082742964
H2,Validação,Random Forest ampliada,1T22,3T22,67,E&P,39049.0,45909.926159057286,6860.926159057286,6860.926159057286
H2,Validação,Random Forest ampliada,1T22,3T22,67,GÁS & ENERGIA / G&EBC,13849.0,15366.960168352847,1517.9601683528472,1517.9601683528472
H2,Validação,Random Forest ampliada,1T22,3T22,67,REFINO / RTC,139607.0,92686.5947032409,-46920.4052967591,46920.4052967591
H2,Validação,Random Forest grade original,1T22,3T22,67,CORPORATIVO / OUTROS NEGÓCIOS,711.0,862.6457997168665,151.64579971686646,151.64579971686646
H2,Validação,Random Forest grade original,1T22,3T22,67,E&P,39049.0,45092.035698754815,6043.035698754815,6043.035698754815
H2,Validação,Random Forest grade original,1T22,3T22,67,GÁS & ENERGIA / G&EBC,13849.0,15495.228389612756,1646.2283896127556,1646.2283896127556
H2,Validação,Random Forest grade original,1T22,3T22,67,REFINO / RTC,139607.0,85960.04192319725,-53646.95807680275,53646.95807680275
H2,Validação,Gradient Boosting,1T22,3T22,67,CORPORATIVO / OUTROS NEGÓCIOS,711.0,1954.608366506529,1243.608366506529,1243.608366506529
H2,Validação,Gradient Boosting,1T22,3T22,67,E&P,39049.0,40222.04829010183,1173.0482901018331,1173.0482901018331
H2,Validação,Gradient Boosting,1T22,3T22,67,GÁS & ENERGIA / G&EBC,13849.0,15643.257705819284,1794.2577058192837,1794.2577058192837
H2,Validação,Gradient Boosting,1T22,3T22,67,REFINO / RTC,139607.0,100994.90628828383,-38612.09371171617,38612.09371171617
H2,Validação,Baseline Último,2T22,4T22,68,CORPORATIVO / OUTROS NEGÓCIOS,600.0,729.0,129.0,129.0
H2,Validação,Baseline Último,2T22,4T22,68,E&P,37757.0,40228.0,2471.0,2471.0
H2,Validação,Baseline Último,2T22,4T22,68,GÁS & ENERGIA / G&EBC,13772.0,11677.0,-2095.0,2095.0
H2,Validação,Baseline Último,2T22,4T22,68,REFINO / RTC,127264.0,131897.0,4633.0,4633.0
H2,Validação,Baseline Sazonal,2T22,4T22,68,CORPORATIVO / OUTROS NEGÓCIOS,600.0,824.0,224.0,224.0
H2,Validação,Baseline Sazonal,2T22,4T22,68,E&P,37757.0,36464.0,-1293.0,1293.0
H2,Validação,Baseline Sazonal,2T22,4T22,68,GÁS & ENERGIA / G&EBC,13772.0,21435.0,7663.0,7663.0
H2,Validação,Baseline Sazonal,2T22,4T22,68,REFINO / RTC,127264.0,104838.0,-22426.0,22426.0
H2,Validação,Ridge Contábil,2T22,4T22,68,CORPORATIVO / OUTROS NEGÓCIOS,600.0,1682.1535590020248,1082.1535590020248,1082.1535590020248
H2,Validação,Ridge Contábil,2T22,4T22,68,E&P,37757.0,55188.671575458095,17431.671575458095,17431.671575458095
H2,Validação,Ridge Contábil,2T22,4T22,68,GÁS & ENERGIA / G&EBC,13772.0,14510.975919134693,738.975919134693,738.975919134693
H2,Validação,Ridge Contábil,2T22,4T22,68,REFINO / RTC,127264.0,142334.2225882442,15070.222588244214,15070.222588244214
H2,Validação,Ridge + Brent e Câmbio,2T22,4T22,68,CORPORATIVO / OUTROS NEGÓCIOS,600.0,4314.117956067261,3714.117956067261,3714.117956067261
H2,Validação,Ridge + Brent e Câmbio,2T22,4T22,68,E&P,37757.0,54061.1074263631,16304.107426363102,16304.107426363102
H2,Validação,Ridge + Brent e Câmbio,2T22,4T22,68,GÁS & ENERGIA / G&EBC,13772.0,17070.715437018887,3298.7154370188873,3298.7154370188873
H2,Validação,Ridge + Brent e Câmbio,2T22,4T22,68,REFINO / RTC,127264.0,133498.1252620437,6234.125262043701,6234.125262043701
H2,Validação,Random Forest ampliada,2T22,4T22,68,CORPORATIVO / OUTROS NEGÓCIOS,600.0,706.9691160093846,106.9691160093846,106.9691160093846
H2,Validação,Random Forest ampliada,2T22,4T22,68,E&P,37757.0,52552.99719323938,14795.997193239382,14795.997193239382
H2,Validação,Random Forest ampliada,2T22,4T22,68,GÁS & ENERGIA / G&EBC,13772.0,13767.695430719627,-4.304569280373471,4.304569280373471
H2,Validação,Random Forest ampliada,2T22,4T22,68,REFINO / RTC,127264.0,105890.14835214877,-21373.851647851232,21373.851647851232
H2,Validação,Random Forest grade original,2T22,4T22,68,CORPORATIVO / OUTROS NEGÓCIOS,600.0,486.39887509332124,-113.60112490667876,113.60112490667876
H2,Validação,Random Forest grade original,2T22,4T22,68,E&P,37757.0,46203.8069420482,8446.806942048199,8446.806942048199
H2,Validação,Random Forest grade original,2T22,4T22,68,GÁS & ENERGIA / G&EBC,13772.0,13858.354641132746,86.35464113274611,86.35464113274611
H2,Validação,Random Forest grade original,2T22,4T22,68,REFINO / RTC,127264.0,103603.32666666665,-23660.673333333354,23660.673333333354
H2,Validação,Gradient Boosting,2T22,4T22,68,CORPORATIVO / OUTROS NEGÓCIOS,600.0,1984.2152090909346,1384.2152090909346,1384.2152090909346
H2,Validação,Gradient Boosting,2T22,4T22,68,E&P,37757.0,39103.23438791588,1346.2343879158798,1346.2343879158798
H2,Validação,Gradient Boosting,2T22,4T22,68,GÁS & ENERGIA / G&EBC,13772.0,14458.573145304787,686.5731453047865,686.5731453047865
H2,Validação,Gradient Boosting,2T22,4T22,68,REFINO / RTC,127264.0,110059.29841399252,-17204.701586007475,17204.701586007475
H2,Teste,Baseline Último,3T22,1T23,69,CORPORATIVO / OUTROS NEGÓCIOS,398.0,711.0,313.0,313.0
H2,Teste,Baseline Último,3T22,1T23,69,E&P,33143.0,39049.0,5906.0,5906.0
H2,Teste,Baseline Último,3T22,1T23,69,GÁS & ENERGIA / G&EBC,7621.0,13849.0,6228.0,6228.0
H2,Teste,Baseline Último,3T22,1T23,69,REFINO / RTC,113603.0,139607.0,26004.0,26004.0
H2,Teste,Baseline Sazonal,3T22,1T23,69,CORPORATIVO / OUTROS NEGÓCIOS,398.0,649.0,251.0,251.0
H2,Teste,Baseline Sazonal,3T22,1T23,69,E&P,33143.0,40112.0,6969.0,6969.0
H2,Teste,Baseline Sazonal,3T22,1T23,69,GÁS & ENERGIA / G&EBC,7621.0,15272.0,7651.0,7651.0
H2,Teste,Baseline Sazonal,3T22,1T23,69,REFINO / RTC,113603.0,112165.0,-1438.0,1438.0
H2,Teste,Ridge Contábil,3T22,1T23,69,CORPORATIVO / OUTROS NEGÓCIOS,398.0,0.0,-398.0,398.0
H2,Teste,Ridge Contábil,3T22,1T23,69,E&P,33143.0,43122.35689334187,9979.356893341872,9979.356893341872
H2,Teste,Ridge Contábil,3T22,1T23,69,GÁS & ENERGIA / G&EBC,7621.0,13069.099733766447,5448.099733766447,5448.099733766447
H2,Teste,Ridge Contábil,3T22,1T23,69,REFINO / RTC,113603.0,139202.04801175868,25599.048011758685,25599.048011758685
H2,Teste,Ridge + Brent e Câmbio,3T22,1T23,69,CORPORATIVO / OUTROS NEGÓCIOS,398.0,48.82289539369958,-349.1771046063004,349.1771046063004
H2,Teste,Ridge + Brent e Câmbio,3T22,1T23,69,E&P,33143.0,44684.5026504144,11541.502650414397,11541.502650414397
H2,Teste,Ridge + Brent e Câmbio,3T22,1T23,69,GÁS & ENERGIA / G&EBC,7621.0,13261.426016629819,5640.426016629819,5640.426016629819
H2,Teste,Ridge + Brent e Câmbio,3T22,1T23,69,REFINO / RTC,113603.0,136317.3567630775,22714.356763077492,22714.356763077492
H2,Teste,Random Forest ampliada,3T22,1T23,69,CORPORATIVO / OUTROS NEGÓCIOS,398.0,718.9469663721112,320.9469663721112,320.9469663721112
H2,Teste,Random Forest ampliada,3T22,1T23,69,E&P,33143.0,51778.40264971269,18635.40264971269,18635.40264971269
H2,Teste,Random Forest ampliada,3T22,1T23,69,GÁS & ENERGIA / G&EBC,7621.0,14824.873990770584,7203.873990770584,7203.873990770584
H2,Teste,Random Forest ampliada,3T22,1T23,69,REFINO / RTC,113603.0,112612.54235480801,-990.4576451919856,990.4576451919856
H2,Teste,Random Forest grade original,3T22,1T23,69,CORPORATIVO / OUTROS NEGÓCIOS,398.0,542.4531985914394,144.45319859143945,144.45319859143945
H2,Teste,Random Forest grade original,3T22,1T23,69,E&P,33143.0,61357.187129478465,28214.187129478465,28214.187129478465
H2,Teste,Random Forest grade original,3T22,1T23,69,GÁS & ENERGIA / G&EBC,7621.0,14347.581553269205,6726.581553269205,6726.581553269205
H2,Teste,Random Forest grade original,3T22,1T23,69,REFINO / RTC,113603.0,105906.17687772545,-7696.823122274553,7696.823122274553
H2,Teste,Gradient Boosting,3T22,1T23,69,CORPORATIVO / OUTROS NEGÓCIOS,398.0,1987.752240481841,1589.752240481841,1589.752240481841
H2,Teste,Gradient Boosting,3T22,1T23,69,E&P,33143.0,36734.41875051289,3591.4187505128866,3591.4187505128866
H2,Teste,Gradient Boosting,3T22,1T23,69,GÁS & ENERGIA / G&EBC,7621.0,15545.53685810354,7924.53685810354,7924.53685810354
H2,Teste,Gradient Boosting,3T22,1T23,69,REFINO / RTC,113603.0,115856.42443646808,2253.424436468078,2253.424436468078
H2,Teste,Baseline Último,4T22,2T23,70,CORPORATIVO / OUTROS NEGÓCIOS,431.0,600.0,169.0,169.0
H2,Teste,Baseline Último,4T22,2T23,70,E&P,30276.0,37757.0,7481.0,7481.0
H2,Teste,Baseline Último,4T22,2T23,70,GÁS & ENERGIA / G&EBC,8051.0,13772.0,5721.0,5721.0
H2,Teste,Baseline Último,4T22,2T23,70,REFINO / RTC,95709.0,127264.0,31555.0,31555.0
H2,Teste,Baseline Sazonal,4T22,2T23,70,CORPORATIVO / OUTROS NEGÓCIOS,431.0,729.0,298.0,298.0
H2,Teste,Baseline Sazonal,4T22,2T23,70,E&P,30276.0,40228.0,9952.0,9952.0
H2,Teste,Baseline Sazonal,4T22,2T23,70,GÁS & ENERGIA / G&EBC,8051.0,11677.0,3626.0,3626.0
H2,Teste,Baseline Sazonal,4T22,2T23,70,REFINO / RTC,95709.0,131897.0,36188.0,36188.0
H2,Teste,Ridge Contábil,4T22,2T23,70,CORPORATIVO / OUTROS NEGÓCIOS,431.0,0.0,-431.0,431.0
H2,Teste,Ridge Contábil,4T22,2T23,70,E&P,30276.0,33822.231234335835,3546.2312343358353,3546.2312343358353
H2,Teste,Ridge Contábil,4T22,2T23,70,GÁS & ENERGIA / G&EBC,8051.0,10423.17086383523,2372.17086383523,2372.17086383523
H2,Teste,Ridge Contábil,4T22,2T23,70,REFINO / RTC,95709.0,123041.60887259452,27332.608872594516,27332.608872594516
H2,Teste,Ridge + Brent e Câmbio,4T22,2T23,70,CORPORATIVO / OUTROS NEGÓCIOS,431.0,767.0512633111211,336.05126331112115,336.05126331112115
H2,Teste,Ridge + Brent e Câmbio,4T22,2T23,70,E&P,30276.0,40646.38435068248,10370.384350682478,10370.384350682478
H2,Teste,Ridge + Brent e Câmbio,4T22,2T23,70,GÁS & ENERGIA / G&EBC,8051.0,13427.586541592273,5376.586541592273,5376.586541592273
H2,Teste,Ridge + Brent e Câmbio,4T22,2T23,70,REFINO / RTC,95709.0,126661.26952218666,30952.26952218666,30952.26952218666
H2,Teste,Random Forest ampliada,4T22,2T23,70,CORPORATIVO / OUTROS NEGÓCIOS,431.0,569.4832434124224,138.48324341242244,138.48324341242244
H2,Teste,Random Forest ampliada,4T22,2T23,70,E&P,30276.0,45347.12356255341,15071.12356255341,15071.12356255341
H2,Teste,Random Forest ampliada,4T22,2T23,70,GÁS & ENERGIA / G&EBC,8051.0,15850.012599611277,7799.0125996112765,7799.0125996112765
H2,Teste,Random Forest ampliada,4T22,2T23,70,REFINO / RTC,95709.0,113442.69672636817,17733.696726368173,17733.696726368173
H2,Teste,Random Forest grade original,4T22,2T23,70,CORPORATIVO / OUTROS NEGÓCIOS,431.0,547.1698929868686,116.1698929868686,116.1698929868686
H2,Teste,Random Forest grade original,4T22,2T23,70,E&P,30276.0,54394.167894310456,24118.167894310456,24118.167894310456
H2,Teste,Random Forest grade original,4T22,2T23,70,GÁS & ENERGIA / G&EBC,8051.0,15160.498452289468,7109.498452289468,7109.498452289468
H2,Teste,Random Forest grade original,4T22,2T23,70,REFINO / RTC,95709.0,112751.61476190476,17042.614761904755,17042.614761904755
H2,Teste,Gradient Boosting,4T22,2T23,70,CORPORATIVO / OUTROS NEGÓCIOS,431.0,1956.0748270504166,1525.0748270504166,1525.0748270504166
H2,Teste,Gradient Boosting,4T22,2T23,70,E&P,30276.0,38811.231099532364,8535.231099532364,8535.231099532364
H2,Teste,Gradient Boosting,4T22,2T23,70,GÁS & ENERGIA / G&EBC,8051.0,19153.622602581894,11102.622602581894,11102.622602581894
H2,Teste,Gradient Boosting,4T22,2T23,70,REFINO / RTC,95709.0,119592.55934573442,23883.559345734422,23883.559345734422
H2,Teste,Baseline Último,1T23,3T23,71,CORPORATIVO / OUTROS NEGÓCIOS,445.0,398.0,-47.0,47.0
H2,Teste,Baseline Último,1T23,3T23,71,E&P,34911.0,33143.0,-1768.0,1768.0
H2,Teste,Baseline Último,1T23,3T23,71,GÁS & ENERGIA / G&EBC,5694.0,7621.0,1927.0,1927.0
H2,Teste,Baseline Último,1T23,3T23,71,REFINO / RTC,104515.0,113603.0,9088.0,9088.0
H2,Teste,Baseline Sazonal,1T23,3T23,71,CORPORATIVO / OUTROS NEGÓCIOS,445.0,711.0,266.0,266.0
H2,Teste,Baseline Sazonal,1T23,3T23,71,E&P,34911.0,39049.0,4138.0,4138.0
H2,Teste,Baseline Sazonal,1T23,3T23,71,GÁS & ENERGIA / G&EBC,5694.0,13849.0,8155.0,8155.0
H2,Teste,Baseline Sazonal,1T23,3T23,71,REFINO / RTC,104515.0,139607.0,35092.0,35092.0
H2,Teste,Ridge Contábil,1T23,3T23,71,CORPORATIVO / OUTROS NEGÓCIOS,445.0,1559.9204929264524,1114.9204929264524,1114.9204929264524
H2,Teste,Ridge Contábil,1T23,3T23,71,E&P,34911.0,32593.3045645816,-2317.6954354184018,2317.6954354184018
H2,Teste,Ridge Contábil,1T23,3T23,71,GÁS & ENERGIA / G&EBC,5694.0,7017.16419264371,1323.1641926437096,1323.1641926437096
H2,Teste,Ridge Contábil,1T23,3T23,71,REFINO / RTC,104515.0,102597.18606162959,-1917.813938370411,1917.813938370411
H2,Teste,Ridge + Brent e Câmbio,1T23,3T23,71,CORPORATIVO / OUTROS NEGÓCIOS,445.0,1854.7726349488512,1409.7726349488512,1409.7726349488512
H2,Teste,Ridge + Brent e Câmbio,1T23,3T23,71,E&P,34911.0,36073.536519479,1162.5365194789993,1162.5365194789993
H2,Teste,Ridge + Brent e Câmbio,1T23,3T23,71,GÁS & ENERGIA / G&EBC,5694.0,10397.238410794314,4703.238410794314,4703.238410794314
H2,Teste,Ridge + Brent e Câmbio,1T23,3T23,71,REFINO / RTC,104515.0,109355.18834555609,4840.188345556089,4840.188345556089
H2,Teste,Random Forest ampliada,1T23,3T23,71,CORPORATIVO / OUTROS NEGÓCIOS,445.0,421.2121103649506,-23.787889635049396,23.787889635049396
H2,Teste,Random Forest ampliada,1T23,3T23,71,E&P,34911.0,43653.51824049328,8742.518240493278,8742.518240493278
H2,Teste,Random Forest ampliada,1T23,3T23,71,GÁS & ENERGIA / G&EBC,5694.0,11576.899520352705,5882.899520352705,5882.899520352705
H2,Teste,Random Forest ampliada,1T23,3T23,71,REFINO / RTC,104515.0,108497.10337286511,3982.103372865109,3982.103372865109
H2,Teste,Random Forest grade original,1T23,3T23,71,CORPORATIVO / OUTROS NEGÓCIOS,445.0,336.2010227298206,-108.79897727017942,108.79897727017942
H2,Teste,Random Forest grade original,1T23,3T23,71,E&P,34911.0,37785.57001436817,2874.570014368168,2874.570014368168
H2,Teste,Random Forest grade original,1T23,3T23,71,GÁS & ENERGIA / G&EBC,5694.0,12345.467444826163,6651.467444826163,6651.467444826163
H2,Teste,Random Forest grade original,1T23,3T23,71,REFINO / RTC,104515.0,111114.76646258503,6599.76646258503,6599.76646258503
H2,Teste,Gradient Boosting,1T23,3T23,71,CORPORATIVO / OUTROS NEGÓCIOS,445.0,1990.7624883234366,1545.7624883234366,1545.7624883234366
H2,Teste,Gradient Boosting,1T23,3T23,71,E&P,34911.0,36990.39011904901,2079.390119049007,2079.390119049007
H2,Teste,Gradient Boosting,1T23,3T23,71,GÁS & ENERGIA / G&EBC,5694.0,10546.417970924755,4852.417970924755,4852.417970924755
H2,Teste,Gradient Boosting,1T23,3T23,71,REFINO / RTC,104515.0,104375.45444101116,-139.54555898884428,139.54555898884428
H2,Teste,Baseline Último,2T23,4T23,72,CORPORATIVO / OUTROS NEGÓCIOS,568.0,431.0,-137.0,137.0
H2,Teste,Baseline Último,2T23,4T23,72,E&P,37600.0,30276.0,-7324.0,7324.0
H2,Teste,Baseline Último,2T23,4T23,72,GÁS & ENERGIA / G&EBC,7046.0,8051.0,1005.0,1005.0
H2,Teste,Baseline Último,2T23,4T23,72,REFINO / RTC,114431.0,95709.0,-18722.0,18722.0
H2,Teste,Baseline Sazonal,2T23,4T23,72,CORPORATIVO / OUTROS NEGÓCIOS,568.0,600.0,32.0,32.0
H2,Teste,Baseline Sazonal,2T23,4T23,72,E&P,37600.0,37757.0,157.0,157.0
H2,Teste,Baseline Sazonal,2T23,4T23,72,GÁS & ENERGIA / G&EBC,7046.0,13772.0,6726.0,6726.0
H2,Teste,Baseline Sazonal,2T23,4T23,72,REFINO / RTC,114431.0,127264.0,12833.0,12833.0
H2,Teste,Ridge Contábil,2T23,4T23,72,CORPORATIVO / OUTROS NEGÓCIOS,568.0,953.4547895302348,385.45478953023485,385.45478953023485
H2,Teste,Ridge Contábil,2T23,4T23,72,E&P,37600.0,27998.956207125295,-9601.043792874705,9601.043792874705
H2,Teste,Ridge Contábil,2T23,4T23,72,GÁS & ENERGIA / G&EBC,7046.0,7826.201643153439,780.2016431534394,780.2016431534394
H2,Teste,Ridge Contábil,2T23,4T23,72,REFINO / RTC,114431.0,81714.27460338839,-32716.72539661161,32716.72539661161
H2,Teste,Ridge + Brent e Câmbio,2T23,4T23,72,CORPORATIVO / OUTROS NEGÓCIOS,568.0,1606.3983187035592,1038.3983187035592,1038.3983187035592
H2,Teste,Ridge + Brent e Câmbio,2T23,4T23,72,E&P,37600.0,30047.229629925783,-7552.770370074217,7552.770370074217
H2,Teste,Ridge + Brent e Câmbio,2T23,4T23,72,GÁS & ENERGIA / G&EBC,7046.0,8896.652041829651,1850.6520418296514,1850.6520418296514
H2,Teste,Ridge + Brent e Câmbio,2T23,4T23,72,REFINO / RTC,114431.0,92054.92200176897,-22376.077998231034,22376.077998231034
H2,Teste,Random Forest ampliada,2T23,4T23,72,CORPORATIVO / OUTROS NEGÓCIOS,568.0,471.30934876795845,-96.69065123204155,96.69065123204155
H2,Teste,Random Forest ampliada,2T23,4T23,72,E&P,37600.0,39412.73116855943,1812.7311685594323,1812.7311685594323
H2,Teste,Random Forest ampliada,2T23,4T23,72,GÁS & ENERGIA / G&EBC,7046.0,10595.927101303188,3549.9271013031885,3549.9271013031885
H2,Teste,Random Forest ampliada,2T23,4T23,72,REFINO / RTC,114431.0,100668.7592552549,-13762.240744745097,13762.240744745097
H2,Teste,Random Forest grade original,2T23,4T23,72,CORPORATIVO / OUTROS NEGÓCIOS,568.0,314.90703421924087,-253.09296578075913,253.09296578075913
H2,Teste,Random Forest grade original,2T23,4T23,72,E&P,37600.0,39615.1283852524,2015.1283852523993,2015.1283852523993
H2,Teste,Random Forest grade original,2T23,4T23,72,GÁS & ENERGIA / G&EBC,7046.0,10838.741616888048,3792.741616888048,3792.741616888048
H2,Teste,Random Forest grade original,2T23,4T23,72,REFINO / RTC,114431.0,101873.20126224488,-12557.798737755118,12557.798737755118
H2,Teste,Gradient Boosting,2T23,4T23,72,CORPORATIVO / OUTROS NEGÓCIOS,568.0,1997.1350523299895,1429.1350523299895,1429.1350523299895
H2,Teste,Gradient Boosting,2T23,4T23,72,E&P,37600.0,36759.31877746202,-840.6812225379836,840.6812225379836
H2,Teste,Gradient Boosting,2T23,4T23,72,GÁS & ENERGIA / G&EBC,7046.0,10394.330005761454,3348.3300057614542,3348.3300057614542
H2,Teste,Gradient Boosting,2T23,4T23,72,REFINO / RTC,114431.0,62695.6949857732,-51735.3050142268,51735.3050142268
H2,Teste,Baseline Último,3T23,1T24,73,CORPORATIVO / OUTROS NEGÓCIOS,362.0,445.0,83.0,83.0
H2,Teste,Baseline Último,3T23,1T24,73,E&P,32760.0,34911.0,2151.0,2151.0
H2,Teste,Baseline Último,3T23,1T24,73,GÁS & ENERGIA / G&EBC,5838.0,5694.0,-144.0,144.0
H2,Teste,Baseline Último,3T23,1T24,73,REFINO / RTC,98971.0,104515.0,5544.0,5544.0
H2,Teste,Baseline Sazonal,3T23,1T24,73,CORPORATIVO / OUTROS NEGÓCIOS,362.0,398.0,36.0,36.0
H2,Teste,Baseline Sazonal,3T23,1T24,73,E&P,32760.0,33143.0,383.0,383.0
H2,Teste,Baseline Sazonal,3T23,1T24,73,GÁS & ENERGIA / G&EBC,5838.0,7621.0,1783.0,1783.0
H2,Teste,Baseline Sazonal,3T23,1T24,73,REFINO / RTC,98971.0,113603.0,14632.0,14632.0
H2,Teste,Ridge Contábil,3T23,1T24,73,CORPORATIVO / OUTROS NEGÓCIOS,362.0,0.0,-362.0,362.0
H2,Teste,Ridge Contábil,3T23,1T24,73,E&P,32760.0,42297.94982707754,9537.949827077537,9537.949827077537
H2,Teste,Ridge Contábil,3T23,1T24,73,GÁS & ENERGIA / G&EBC,5838.0,5294.243236362068,-543.7567636379317,543.7567636379317
H2,Teste,Ridge Contábil,3T23,1T24,73,REFINO / RTC,98971.0,103896.0481109483,4925.0481109482935,4925.0481109482935
H2,Teste,Ridge + Brent e Câmbio,3T23,1T24,73,CORPORATIVO / OUTROS NEGÓCIOS,362.0,124.13156743057334,-237.86843256942666,237.86843256942666
H2,Teste,Ridge + Brent e Câmbio,3T23,1T24,73,E&P,32760.0,37925.5056559194,5165.505655919398,5165.505655919398
H2,Teste,Ridge + Brent e Câmbio,3T23,1T24,73,GÁS & ENERGIA / G&EBC,5838.0,7051.0250468307695,1213.0250468307695,1213.0250468307695
H2,Teste,Ridge + Brent e Câmbio,3T23,1T24,73,REFINO / RTC,98971.0,100531.27911655951,1560.2791165595117,1560.2791165595117
H2,Teste,Random Forest ampliada,3T23,1T24,73,CORPORATIVO / OUTROS NEGÓCIOS,362.0,459.12912913164587,97.12912913164587,97.12912913164587
H2,Teste,Random Forest ampliada,3T23,1T24,73,E&P,32760.0,38768.50036360883,6008.5003636088295,6008.5003636088295
H2,Teste,Random Forest ampliada,3T23,1T24,73,GÁS & ENERGIA / G&EBC,5838.0,9053.278074570178,3215.2780745701784,3215.2780745701784
H2,Teste,Random Forest ampliada,3T23,1T24,73,REFINO / RTC,98971.0,107124.75076266224,8153.750762662239,8153.750762662239
H2,Teste,Random Forest grade original,3T23,1T24,73,CORPORATIVO / OUTROS NEGÓCIOS,362.0,271.633023962766,-90.366976037234,90.366976037234
H2,Teste,Random Forest grade original,3T23,1T24,73,E&P,32760.0,39073.671819711286,6313.671819711286,6313.671819711286
H2,Teste,Random Forest grade original,3T23,1T24,73,GÁS & ENERGIA / G&EBC,5838.0,9788.774235116862,3950.7742351168617,3950.7742351168617
H2,Teste,Random Forest grade original,3T23,1T24,73,REFINO / RTC,98971.0,105534.16177212512,6563.161772125124,6563.161772125124
H2,Teste,Gradient Boosting,3T23,1T24,73,CORPORATIVO / OUTROS NEGÓCIOS,362.0,1955.7623984906177,1593.7623984906177,1593.7623984906177
H2,Teste,Gradient Boosting,3T23,1T24,73,E&P,32760.0,34803.60873708473,2043.6087370847308,2043.6087370847308
H2,Teste,Gradient Boosting,3T23,1T24,73,GÁS & ENERGIA / G&EBC,5838.0,8999.954661662676,3161.954661662676,3161.954661662676
H2,Teste,Gradient Boosting,3T23,1T24,73,REFINO / RTC,98971.0,108228.15133348697,9257.151333486967,9257.151333486967
H2,Teste,Baseline Último,4T23,2T24,74,CORPORATIVO / OUTROS NEGÓCIOS,382.0,568.0,186.0,186.0
H2,Teste,Baseline Último,4T23,2T24,74,E&P,32560.0,37600.0,5040.0,5040.0
H2,Teste,Baseline Último,4T23,2T24,74,GÁS & ENERGIA / G&EBC,5721.0,7046.0,1325.0,1325.0
H2,Teste,Baseline Último,4T23,2T24,74,REFINO / RTC,107110.0,114431.0,7321.0,7321.0
H2,Teste,Baseline Sazonal,4T23,2T24,74,CORPORATIVO / OUTROS NEGÓCIOS,382.0,431.0,49.0,49.0
H2,Teste,Baseline Sazonal,4T23,2T24,74,E&P,32560.0,30276.0,-2284.0,2284.0
H2,Teste,Baseline Sazonal,4T23,2T24,74,GÁS & ENERGIA / G&EBC,5721.0,8051.0,2330.0,2330.0
H2,Teste,Baseline Sazonal,4T23,2T24,74,REFINO / RTC,107110.0,95709.0,-11401.0,11401.0
H2,Teste,Ridge Contábil,4T23,2T24,74,CORPORATIVO / OUTROS NEGÓCIOS,382.0,0.0,-382.0,382.0
H2,Teste,Ridge Contábil,4T23,2T24,74,E&P,32560.0,36392.15405275364,3832.1540527536417,3832.1540527536417
H2,Teste,Ridge Contábil,4T23,2T24,74,GÁS & ENERGIA / G&EBC,5721.0,6054.2224190297275,333.22241902972746,333.22241902972746
H2,Teste,Ridge Contábil,4T23,2T24,74,REFINO / RTC,107110.0,110025.27368466607,2915.27368466607,2915.27368466607
H2,Teste,Ridge + Brent e Câmbio,4T23,2T24,74,CORPORATIVO / OUTROS NEGÓCIOS,382.0,0.0,-382.0,382.0
H2,Teste,Ridge + Brent e Câmbio,4T23,2T24,74,E&P,32560.0,36644.69016384168,4084.690163841682,4084.690163841682
H2,Teste,Ridge + Brent e Câmbio,4T23,2T24,74,GÁS & ENERGIA / G&EBC,5721.0,6304.32532247929,583.3253224792898,583.3253224792898
H2,Teste,Ridge + Brent e Câmbio,4T23,2T24,74,REFINO / RTC,107110.0,105940.20277231997,-1169.7972276800283,1169.7972276800283
H2,Teste,Random Forest ampliada,4T23,2T24,74,CORPORATIVO / OUTROS NEGÓCIOS,382.0,433.574656499562,51.574656499562025,51.574656499562025
H2,Teste,Random Forest ampliada,4T23,2T24,74,E&P,32560.0,37421.6021705909,4861.602170590901,4861.602170590901
H2,Teste,Random Forest ampliada,4T23,2T24,74,GÁS & ENERGIA / G&EBC,5721.0,8902.04992044173,3181.04992044173,3181.04992044173
H2,Teste,Random Forest ampliada,4T23,2T24,74,REFINO / RTC,107110.0,108021.56561904764,911.5656190476438,911.5656190476438
H2,Teste,Random Forest grade original,4T23,2T24,74,CORPORATIVO / OUTROS NEGÓCIOS,382.0,345.14132262114356,-36.85867737885644,36.85867737885644
H2,Teste,Random Forest grade original,4T23,2T24,74,E&P,32560.0,44447.11980266685,11887.11980266685,11887.11980266685
H2,Teste,Random Forest grade original,4T23,2T24,74,GÁS & ENERGIA / G&EBC,5721.0,9390.327262942019,3669.327262942019,3669.327262942019
H2,Teste,Random Forest grade original,4T23,2T24,74,REFINO / RTC,107110.0,109103.80429189859,1993.8042918985884,1993.8042918985884
H2,Teste,Gradient Boosting,4T23,2T24,74,CORPORATIVO / OUTROS NEGÓCIOS,382.0,1947.8547550184342,1565.8547550184342,1565.8547550184342
H2,Teste,Gradient Boosting,4T23,2T24,74,E&P,32560.0,33716.958713775806,1156.9587137758062,1156.9587137758062
H2,Teste,Gradient Boosting,4T23,2T24,74,GÁS & ENERGIA / G&EBC,5721.0,8861.663949550195,3140.663949550195,3140.663949550195
H2,Teste,Gradient Boosting,4T23,2T24,74,REFINO / RTC,107110.0,103711.0059185119,-3398.9940814880974,3398.9940814880974
H2,Teste,Baseline Último,1T24,3T24,75,CORPORATIVO / OUTROS NEGÓCIOS,425.0,362.0,-63.0,63.0
H2,Teste,Baseline Último,1T24,3T24,75,E&P,33153.0,32760.0,-393.0,393.0
H2,Teste,Baseline Último,1T24,3T24,75,GÁS & ENERGIA / G&EBC,7598.0,5838.0,-1760.0,1760.0
H2,Teste,Baseline Último,1T24,3T24,75,REFINO / RTC,113709.0,98971.0,-14738.0,14738.0
H2,Teste,Baseline Sazonal,1T24,3T24,75,CORPORATIVO / OUTROS NEGÓCIOS,425.0,445.0,20.0,20.0
H2,Teste,Baseline Sazonal,1T24,3T24,75,E&P,33153.0,34911.0,1758.0,1758.0
H2,Teste,Baseline Sazonal,1T24,3T24,75,GÁS & ENERGIA / G&EBC,7598.0,5694.0,-1904.0,1904.0
H2,Teste,Baseline Sazonal,1T24,3T24,75,REFINO / RTC,113709.0,104515.0,-9194.0,9194.0
H2,Teste,Ridge Contábil,1T24,3T24,75,CORPORATIVO / OUTROS NEGÓCIOS,425.0,1566.0394120804704,1141.0394120804704,1141.0394120804704
H2,Teste,Ridge Contábil,1T24,3T24,75,E&P,33153.0,34046.7834017165,893.7834017165005,893.7834017165005
H2,Teste,Ridge Contábil,1T24,3T24,75,GÁS & ENERGIA / G&EBC,7598.0,6945.675347915789,-652.3246520842113,652.3246520842113
H2,Teste,Ridge Contábil,1T24,3T24,75,REFINO / RTC,113709.0,96169.96168114364,-17539.038318856357,17539.038318856357
H2,Teste,Ridge + Brent e Câmbio,1T24,3T24,75,CORPORATIVO / OUTROS NEGÓCIOS,425.0,974.2791039935328,549.2791039935328,549.2791039935328
H2,Teste,Ridge + Brent e Câmbio,1T24,3T24,75,E&P,33153.0,36672.59093367189,3519.5909336718905,3519.5909336718905
H2,Teste,Ridge + Brent e Câmbio,1T24,3T24,75,GÁS & ENERGIA / G&EBC,7598.0,7172.036971350564,-425.9630286494357,425.9630286494357
H2,Teste,Ridge + Brent e Câmbio,1T24,3T24,75,REFINO / RTC,113709.0,100384.16140413815,-13324.838595861846,13324.838595861846
H2,Teste,Random Forest ampliada,1T24,3T24,75,CORPORATIVO / OUTROS NEGÓCIOS,425.0,437.2733131169182,12.273313116918189,12.273313116918189
H2,Teste,Random Forest ampliada,1T24,3T24,75,E&P,33153.0,35688.289029044834,2535.289029044834,2535.289029044834
H2,Teste,Random Forest ampliada,1T24,3T24,75,GÁS & ENERGIA / G&EBC,7598.0,8401.001195712854,803.0011957128536,803.0011957128536
H2,Teste,Random Forest ampliada,1T24,3T24,75,REFINO / RTC,113709.0,107071.14895449842,-6637.8510455015785,6637.8510455015785
H2,Teste,Random Forest grade original,1T24,3T24,75,CORPORATIVO / OUTROS NEGÓCIOS,425.0,343.60083096537346,-81.39916903462654,81.39916903462654
H2,Teste,Random Forest grade original,1T24,3T24,75,E&P,33153.0,37304.50864962203,4151.508649622032,4151.508649622032
H2,Teste,Random Forest grade original,1T24,3T24,75,GÁS & ENERGIA / G&EBC,7598.0,8835.283002262127,1237.2830022621274,1237.2830022621274
H2,Teste,Random Forest grade original,1T24,3T24,75,REFINO / RTC,113709.0,104302.86493197277,-9406.13506802723,9406.13506802723
H2,Teste,Gradient Boosting,1T24,3T24,75,CORPORATIVO / OUTROS NEGÓCIOS,425.0,2055.860781653258,1630.860781653258,1630.860781653258
H2,Teste,Gradient Boosting,1T24,3T24,75,E&P,33153.0,34945.87888908875,1792.8788890887517,1792.8788890887517
H2,Teste,Gradient Boosting,1T24,3T24,75,GÁS & ENERGIA / G&EBC,7598.0,8695.917660870844,1097.917660870844,1097.917660870844
H2,Teste,Gradient Boosting,1T24,3T24,75,REFINO / RTC,113709.0,103181.60858382526,-10527.391416174738,10527.391416174738
H2,Teste,Baseline Último,2T24,4T24,76,CORPORATIVO / OUTROS NEGÓCIOS,412.0,382.0,-30.0,30.0
H2,Teste,Baseline Último,2T24,4T24,76,E&P,35087.0,32560.0,-2527.0,2527.0
H2,Teste,Baseline Último,2T24,4T24,76,GÁS & ENERGIA / G&EBC,8078.0,5721.0,-2357.0,2357.0
H2,Teste,Baseline Último,2T24,4T24,76,REFINO / RTC,103667.0,107110.0,3443.0,3443.0
H2,Teste,Baseline Sazonal,2T24,4T24,76,CORPORATIVO / OUTROS NEGÓCIOS,412.0,568.0,156.0,156.0
H2,Teste,Baseline Sazonal,2T24,4T24,76,E&P,35087.0,37600.0,2513.0,2513.0
H2,Teste,Baseline Sazonal,2T24,4T24,76,GÁS & ENERGIA / G&EBC,8078.0,7046.0,-1032.0,1032.0
H2,Teste,Baseline Sazonal,2T24,4T24,76,REFINO / RTC,103667.0,114431.0,10764.0,10764.0
H2,Teste,Ridge Contábil,2T24,4T24,76,CORPORATIVO / OUTROS NEGÓCIOS,412.0,509.1335373710972,97.13353737109719,97.13353737109719
H2,Teste,Ridge Contábil,2T24,4T24,76,E&P,35087.0,34176.65809162642,-910.3419083735789,910.3419083735789
H2,Teste,Ridge Contábil,2T24,4T24,76,GÁS & ENERGIA / G&EBC,8078.0,6693.835643009175,-1384.1643569908247,1384.1643569908247
H2,Teste,Ridge Contábil,2T24,4T24,76,REFINO / RTC,103667.0,104893.45146807944,1226.4514680794382,1226.4514680794382
H2,Teste,Ridge + Brent e Câmbio,2T24,4T24,76,CORPORATIVO / OUTROS NEGÓCIOS,412.0,656.9904049860015,244.99040498600152,244.99040498600152
H2,Teste,Ridge + Brent e Câmbio,2T24,4T24,76,E&P,35087.0,35575.690044218536,488.69004421853606,488.69004421853606
H2,Teste,Ridge + Brent e Câmbio,2T24,4T24,76,GÁS & ENERGIA / G&EBC,8078.0,7342.136489510423,-735.8635104895766,735.8635104895766
H2,Teste,Ridge + Brent e Câmbio,2T24,4T24,76,REFINO / RTC,103667.0,101685.23366375398,-1981.7663362460153,1981.7663362460153
H2,Teste,Random Forest ampliada,2T24,4T24,76,CORPORATIVO / OUTROS NEGÓCIOS,412.0,543.3649875500856,131.36498755008563,131.36498755008563
H2,Teste,Random Forest ampliada,2T24,4T24,76,E&P,35087.0,35463.70492612033,376.7049261203283,376.7049261203283
H2,Teste,Random Forest ampliada,2T24,4T24,76,GÁS & ENERGIA / G&EBC,8078.0,7791.829098973713,-286.17090102628663,286.17090102628663
H2,Teste,Random Forest ampliada,2T24,4T24,76,REFINO / RTC,103667.0,106012.60608603823,2345.6060860382277,2345.6060860382277
H2,Teste,Random Forest grade original,2T24,4T24,76,CORPORATIVO / OUTROS NEGÓCIOS,412.0,361.1947635350434,-50.80523646495658,50.80523646495658
H2,Teste,Random Forest grade original,2T24,4T24,76,E&P,35087.0,34393.0921280462,-693.9078719538011,693.9078719538011
H2,Teste,Random Forest grade original,2T24,4T24,76,GÁS & ENERGIA / G&EBC,8078.0,7580.158818010823,-497.84118198917713,497.84118198917713
H2,Teste,Random Forest grade original,2T24,4T24,76,REFINO / RTC,103667.0,106302.87036698891,2635.8703669889073,2635.8703669889073
H2,Teste,Gradient Boosting,2T24,4T24,76,CORPORATIVO / OUTROS NEGÓCIOS,412.0,1982.487368407758,1570.487368407758,1570.487368407758
H2,Teste,Gradient Boosting,2T24,4T24,76,E&P,35087.0,33648.95472018866,-1438.0452798113402,1438.0452798113402
H2,Teste,Gradient Boosting,2T24,4T24,76,GÁS & ENERGIA / G&EBC,8078.0,8757.224804107293,679.2248041072926,679.2248041072926
H2,Teste,Gradient Boosting,2T24,4T24,76,REFINO / RTC,103667.0,104613.25047063835,946.2504706383479,946.2504706383479
H2,Teste,Baseline Último,3T24,1T25,77,CORPORATIVO / OUTROS NEGÓCIOS,401.0,425.0,24.0,24.0
H2,Teste,Baseline Último,3T24,1T25,77,E&P,39715.0,33153.0,-6562.0,6562.0
H2,Teste,Baseline Último,3T24,1T25,77,GÁS & ENERGIA / G&EBC,6560.0,7598.0,1038.0,1038.0
H2,Teste,Baseline Último,3T24,1T25,77,REFINO / RTC,109766.0,113709.0,3943.0,3943.0
H2,Teste,Baseline Sazonal,3T24,1T25,77,CORPORATIVO / OUTROS NEGÓCIOS,401.0,362.0,-39.0,39.0
H2,Teste,Baseline Sazonal,3T24,1T25,77,E&P,39715.0,32760.0,-6955.0,6955.0
H2,Teste,Baseline Sazonal,3T24,1T25,77,GÁS & ENERGIA / G&EBC,6560.0,5838.0,-722.0,722.0
H2,Teste,Baseline Sazonal,3T24,1T25,77,REFINO / RTC,109766.0,98971.0,-10795.0,10795.0
H2,Teste,Ridge Contábil,3T24,1T25,77,CORPORATIVO / OUTROS NEGÓCIOS,401.0,0.0,-401.0,401.0
H2,Teste,Ridge Contábil,3T24,1T25,77,E&P,39715.0,34098.43420064123,-5616.5657993587665,5616.5657993587665
H2,Teste,Ridge Contábil,3T24,1T25,77,GÁS & ENERGIA / G&EBC,6560.0,6324.930530995363,-235.06946900463663,235.06946900463663
H2,Teste,Ridge Contábil,3T24,1T25,77,REFINO / RTC,109766.0,109118.53325004654,-647.4667499534553,647.4667499534553
H2,Teste,Ridge + Brent e Câmbio,3T24,1T25,77,CORPORATIVO / OUTROS NEGÓCIOS,401.0,118.42337263170702,-282.576627368293,282.576627368293
H2,Teste,Ridge + Brent e Câmbio,3T24,1T25,77,E&P,39715.0,35345.54796833792,-4369.4520316620765,4369.4520316620765
H2,Teste,Ridge + Brent e Câmbio,3T24,1T25,77,GÁS & ENERGIA / G&EBC,6560.0,6860.601382111392,300.601382111392,300.601382111392
H2,Teste,Ridge + Brent e Câmbio,3T24,1T25,77,REFINO / RTC,109766.0,106487.570368141,-3278.429631859006,3278.429631859006
H2,Teste,Random Forest ampliada,3T24,1T25,77,CORPORATIVO / OUTROS NEGÓCIOS,401.0,469.3718862739961,68.3718862739961,68.3718862739961
H2,Teste,Random Forest ampliada,3T24,1T25,77,E&P,39715.0,34366.433224042994,-5348.566775957006,5348.566775957006
H2,Teste,Random Forest ampliada,3T24,1T25,77,GÁS & ENERGIA / G&EBC,6560.0,8377.436158545646,1817.4361585456463,1817.4361585456463
H2,Teste,Random Forest ampliada,3T24,1T25,77,REFINO / RTC,109766.0,104910.620244738,-4855.379755261994,4855.379755261994
H2,Teste,Random Forest grade original,3T24,1T25,77,CORPORATIVO / OUTROS NEGÓCIOS,401.0,329.51003194224455,-71.48996805775545,71.48996805775545
H2,Teste,Random Forest grade original,3T24,1T25,77,E&P,39715.0,34138.29137934213,-5576.708620657868,5576.708620657868
H2,Teste,Random Forest grade original,3T24,1T25,77,GÁS & ENERGIA / G&EBC,6560.0,8226.643744498666,1666.643744498666,1666.643744498666
H2,Teste,Random Forest grade original,3T24,1T25,77,REFINO / RTC,109766.0,109600.92421768708,-165.07578231292428,165.07578231292428
H2,Teste,Gradient Boosting,3T24,1T25,77,CORPORATIVO / OUTROS NEGÓCIOS,401.0,2044.0608970245853,1643.0608970245853,1643.0608970245853
H2,Teste,Gradient Boosting,3T24,1T25,77,E&P,39715.0,32847.55853360774,-6867.441466392258,6867.441466392258
H2,Teste,Gradient Boosting,3T24,1T25,77,GÁS & ENERGIA / G&EBC,6560.0,8895.988204977959,2335.988204977959,2335.988204977959
H2,Teste,Gradient Boosting,3T24,1T25,77,REFINO / RTC,109766.0,93893.1194483194,-15872.880551680602,15872.880551680602
H2,Teste,Baseline Último,4T24,2T25,78,CORPORATIVO / OUTROS NEGÓCIOS,394.0,412.0,18.0,18.0
H2,Teste,Baseline Último,4T24,2T25,78,E&P,37410.0,35087.0,-2323.0,2323.0
H2,Teste,Baseline Último,4T24,2T25,78,GÁS & ENERGIA / G&EBC,6475.0,8078.0,1603.0,1603.0
H2,Teste,Baseline Último,4T24,2T25,78,REFINO / RTC,105290.0,103667.0,-1623.0,1623.0
H2,Teste,Baseline Sazonal,4T24,2T25,78,CORPORATIVO / OUTROS NEGÓCIOS,394.0,382.0,-12.0,12.0
H2,Teste,Baseline Sazonal,4T24,2T25,78,E&P,37410.0,32560.0,-4850.0,4850.0
H2,Teste,Baseline Sazonal,4T24,2T25,78,GÁS & ENERGIA / G&EBC,6475.0,5721.0,-754.0,754.0
H2,Teste,Baseline Sazonal,4T24,2T25,78,REFINO / RTC,105290.0,107110.0,1820.0,1820.0
H2,Teste,Ridge Contábil,4T24,2T25,78,CORPORATIVO / OUTROS NEGÓCIOS,394.0,0.0,-394.0,394.0
H2,Teste,Ridge Contábil,4T24,2T25,78,E&P,37410.0,30085.85744667055,-7324.14255332945,7324.14255332945
H2,Teste,Ridge Contábil,4T24,2T25,78,GÁS & ENERGIA / G&EBC,6475.0,7326.184385173216,851.1843851732156,851.1843851732156
H2,Teste,Ridge Contábil,4T24,2T25,78,REFINO / RTC,105290.0,100156.94093868988,-5133.059061310123,5133.059061310123
H2,Teste,Ridge + Brent e Câmbio,4T24,2T25,78,CORPORATIVO / OUTROS NEGÓCIOS,394.0,498.4564316273427,104.45643162734268,104.45643162734268
H2,Teste,Ridge + Brent e Câmbio,4T24,2T25,78,E&P,37410.0,33231.07510923239,-4178.924890767608,4178.924890767608
H2,Teste,Ridge + Brent e Câmbio,4T24,2T25,78,GÁS & ENERGIA / G&EBC,6475.0,8506.914662174533,2031.914662174533,2031.914662174533
H2,Teste,Ridge + Brent e Câmbio,4T24,2T25,78,REFINO / RTC,105290.0,104026.00227095444,-1263.9977290455572,1263.9977290455572
H2,Teste,Random Forest ampliada,4T24,2T25,78,CORPORATIVO / OUTROS NEGÓCIOS,394.0,477.64762321647186,83.64762321647186,83.64762321647186
H2,Teste,Random Forest ampliada,4T24,2T25,78,E&P,37410.0,35051.57868922652,-2358.421310773483,2358.421310773483
H2,Teste,Random Forest ampliada,4T24,2T25,78,GÁS & ENERGIA / G&EBC,6475.0,9072.735785897508,2597.7357858975083,2597.7357858975083
H2,Teste,Random Forest ampliada,4T24,2T25,78,REFINO / RTC,105290.0,104590.37012784925,-699.6298721507483,699.6298721507483
H2,Teste,Random Forest grade original,4T24,2T25,78,CORPORATIVO / OUTROS NEGÓCIOS,394.0,402.6431755291249,8.643175529124903,8.643175529124903
H2,Teste,Random Forest grade original,4T24,2T25,78,E&P,37410.0,33531.94020718918,-3878.059792810818,3878.059792810818
H2,Teste,Random Forest grade original,4T24,2T25,78,GÁS & ENERGIA / G&EBC,6475.0,9396.60060115214,2921.6006011521404,2921.6006011521404
H2,Teste,Random Forest grade original,4T24,2T25,78,REFINO / RTC,105290.0,103316.18303670059,-1973.8169632994104,1973.8169632994104
H2,Teste,Gradient Boosting,4T24,2T25,78,CORPORATIVO / OUTROS NEGÓCIOS,394.0,2132.0244628157607,1738.0244628157607,1738.0244628157607
H2,Teste,Gradient Boosting,4T24,2T25,78,E&P,37410.0,33191.5374419168,-4218.4625580832,4218.4625580832
H2,Teste,Gradient Boosting,4T24,2T25,78,GÁS & ENERGIA / G&EBC,6475.0,9746.936260015198,3271.936260015198,3271.936260015198
H2,Teste,Gradient Boosting,4T24,2T25,78,REFINO / RTC,105290.0,91833.36128541638,-13456.63871458362,13456.63871458362
H2,Teste,Baseline Último,1T25,3T25,79,CORPORATIVO / OUTROS NEGÓCIOS,431.0,401.0,-30.0,30.0
H2,Teste,Baseline Último,1T25,3T25,79,E&P,39100.0,39715.0,615.0,615.0
H2,Teste,Baseline Último,1T25,3T25,79,GÁS & ENERGIA / G&EBC,7371.0,6560.0,-811.0,811.0
H2,Teste,Baseline Último,1T25,3T25,79,REFINO / RTC,111526.0,109766.0,-1760.0,1760.0
H2,Teste,Baseline Sazonal,1T25,3T25,79,CORPORATIVO / OUTROS NEGÓCIOS,431.0,425.0,-6.0,6.0
H2,Teste,Baseline Sazonal,1T25,3T25,79,E&P,39100.0,33153.0,-5947.0,5947.0
H2,Teste,Baseline Sazonal,1T25,3T25,79,GÁS & ENERGIA / G&EBC,7371.0,7598.0,227.0,227.0
H2,Teste,Baseline Sazonal,1T25,3T25,79,REFINO / RTC,111526.0,113709.0,2183.0,2183.0
H2,Teste,Ridge Contábil,1T25,3T25,79,CORPORATIVO / OUTROS NEGÓCIOS,431.0,1600.5073283358033,1169.5073283358033,1169.5073283358033
H2,Teste,Ridge Contábil,1T25,3T25,79,E&P,39100.0,45346.58266535759,6246.582665357593,6246.582665357593
H2,Teste,Ridge Contábil,1T25,3T25,79,GÁS & ENERGIA / G&EBC,7371.0,7314.271735172775,-56.72826482722485,56.72826482722485
H2,Teste,Ridge Contábil,1T25,3T25,79,REFINO / RTC,111526.0,108393.46174024892,-3132.538259751076,3132.538259751076
H2,Teste,Ridge + Brent e Câmbio,1T25,3T25,79,CORPORATIVO / OUTROS NEGÓCIOS,431.0,2698.576117176166,2267.576117176166,2267.576117176166
H2,Teste,Ridge + Brent e Câmbio,1T25,3T25,79,E&P,39100.0,42951.71993071295,3851.7199307129486,3851.7199307129486
H2,Teste,Ridge + Brent e Câmbio,1T25,3T25,79,GÁS & ENERGIA / G&EBC,7371.0,9318.261219138336,1947.261219138336,1947.261219138336
H2,Teste,Ridge + Brent e Câmbio,1T25,3T25,79,REFINO / RTC,111526.0,106078.6005086534,-5447.399491346601,5447.399491346601
H2,Teste,Random Forest ampliada,1T25,3T25,79,CORPORATIVO / OUTROS NEGÓCIOS,431.0,459.2821517021856,28.282151702185615,28.282151702185615
H2,Teste,Random Forest ampliada,1T25,3T25,79,E&P,39100.0,36368.45198834173,-2731.5480116582694,2731.5480116582694
H2,Teste,Random Forest ampliada,1T25,3T25,79,GÁS & ENERGIA / G&EBC,7371.0,8193.733123008067,822.7331230080672,822.7331230080672
H2,Teste,Random Forest ampliada,1T25,3T25,79,REFINO / RTC,111526.0,106833.3666615538,-4692.633338446205,4692.633338446205
H2,Teste,Random Forest grade original,1T25,3T25,79,CORPORATIVO / OUTROS NEGÓCIOS,431.0,392.053663845706,-38.94633615429399,38.94633615429399
H2,Teste,Random Forest grade original,1T25,3T25,79,E&P,39100.0,37042.686976388235,-2057.313023611765,2057.313023611765
H2,Teste,Random Forest grade original,1T25,3T25,79,GÁS & ENERGIA / G&EBC,7371.0,7969.762833561074,598.7628335610743,598.7628335610743
H2,Teste,Random Forest grade original,1T25,3T25,79,REFINO / RTC,111526.0,105195.19042362401,-6330.809576375992,6330.809576375992
H2,Teste,Gradient Boosting,1T25,3T25,79,CORPORATIVO / OUTROS NEGÓCIOS,431.0,2151.9830737271427,1720.9830737271427,1720.9830737271427
H2,Teste,Gradient Boosting,1T25,3T25,79,E&P,39100.0,33467.632177752566,-5632.367822247434,5632.367822247434
H2,Teste,Gradient Boosting,1T25,3T25,79,GÁS & ENERGIA / G&EBC,7371.0,8553.445851199025,1182.4458511990251,1182.4458511990251
H2,Teste,Gradient Boosting,1T25,3T25,79,REFINO / RTC,111526.0,101485.64001862958,-10040.35998137042,10040.35998137042
H2,Teste,Baseline Último,2T25,4T25,80,CORPORATIVO / OUTROS NEGÓCIOS,462.0,394.0,-68.0,68.0
H2,Teste,Baseline Último,2T25,4T25,80,E&P,40164.0,37410.0,-2754.0,2754.0
H2,Teste,Baseline Último,2T25,4T25,80,GÁS & ENERGIA / G&EBC,6561.0,6475.0,-86.0,86.0
H2,Teste,Baseline Último,2T25,4T25,80,REFINO / RTC,107319.0,105290.0,-2029.0,2029.0
H2,Teste,Baseline Sazonal,2T25,4T25,80,CORPORATIVO / OUTROS NEGÓCIOS,462.0,412.0,-50.0,50.0
H2,Teste,Baseline Sazonal,2T25,4T25,80,E&P,40164.0,35087.0,-5077.0,5077.0
H2,Teste,Baseline Sazonal,2T25,4T25,80,GÁS & ENERGIA / G&EBC,6561.0,8078.0,1517.0,1517.0
H2,Teste,Baseline Sazonal,2T25,4T25,80,REFINO / RTC,107319.0,103667.0,-3652.0,3652.0
H2,Teste,Ridge Contábil,2T25,4T25,80,CORPORATIVO / OUTROS NEGÓCIOS,462.0,987.5891927275989,525.5891927275989,525.5891927275989
H2,Teste,Ridge Contábil,2T25,4T25,80,E&P,40164.0,37808.69531101009,-2355.3046889899124,2355.3046889899124
H2,Teste,Ridge Contábil,2T25,4T25,80,GÁS & ENERGIA / G&EBC,6561.0,7914.116032989878,1353.1160329898776,1353.1160329898776
H2,Teste,Ridge Contábil,2T25,4T25,80,REFINO / RTC,107319.0,103776.1389604091,-3542.8610395909054,3542.8610395909054
H2,Teste,Ridge + Brent e Câmbio,2T25,4T25,80,CORPORATIVO / OUTROS NEGÓCIOS,462.0,1209.145285682851,747.145285682851,747.145285682851
H2,Teste,Ridge + Brent e Câmbio,2T25,4T25,80,E&P,40164.0,39371.824049495335,-792.1759505046648,792.1759505046648
H2,Teste,Ridge + Brent e Câmbio,2T25,4T25,80,GÁS & ENERGIA / G&EBC,6561.0,7907.213716320473,1346.2137163204734,1346.2137163204734
H2,Teste,Ridge + Brent e Câmbio,2T25,4T25,80,REFINO / RTC,107319.0,104500.63558277763,-2818.364417222372,2818.364417222372
H2,Teste,Random Forest ampliada,2T25,4T25,80,CORPORATIVO / OUTROS NEGÓCIOS,462.0,836.9670964910015,374.9670964910015,374.9670964910015
H2,Teste,Random Forest ampliada,2T25,4T25,80,E&P,40164.0,36080.913903687186,-4083.0860963128143,4083.0860963128143
H2,Teste,Random Forest ampliada,2T25,4T25,80,GÁS & ENERGIA / G&EBC,6561.0,8400.331215804925,1839.3312158049248,1839.3312158049248
H2,Teste,Random Forest ampliada,2T25,4T25,80,REFINO / RTC,107319.0,105534.85831169938,-1784.1416883006168,1784.1416883006168
H2,Teste,Random Forest grade original,2T25,4T25,80,CORPORATIVO / OUTROS NEGÓCIOS,462.0,404.1719438659497,-57.828056134050314,57.828056134050314
H2,Teste,Random Forest grade original,2T25,4T25,80,E&P,40164.0,34969.88164482456,-5194.118355175437,5194.118355175437
H2,Teste,Random Forest grade original,2T25,4T25,80,GÁS & ENERGIA / G&EBC,6561.0,7763.946485679444,1202.9464856794439,1202.9464856794439
H2,Teste,Random Forest grade original,2T25,4T25,80,REFINO / RTC,107319.0,108132.55198824988,813.5519882498775,813.5519882498775
H2,Teste,Gradient Boosting,2T25,4T25,80,CORPORATIVO / OUTROS NEGÓCIOS,462.0,2125.656249825381,1663.656249825381,1663.656249825381
H2,Teste,Gradient Boosting,2T25,4T25,80,E&P,40164.0,34042.47856176018,-6121.521438239819,6121.521438239819
H2,Teste,Gradient Boosting,2T25,4T25,80,GÁS & ENERGIA / G&EBC,6561.0,8691.097974889137,2130.097974889137,2130.097974889137
H2,Teste,Gradient Boosting,2T25,4T25,80,REFINO / RTC,107319.0,100629.52878425908,-6689.471215740923,6689.471215740923
H2,Teste,Baseline Último,3T25,1T26,81,CORPORATIVO / OUTROS NEGÓCIOS,428.0,431.0,3.0,3.0
H2,Teste,Baseline Último,3T25,1T26,81,E&P,42781.0,39100.0,-3681.0,3681.0
H2,Teste,Baseline Último,3T25,1T26,81,GÁS & ENERGIA / G&EBC,6386.0,7371.0,985.0,985.0
H2,Teste,Baseline Último,3T25,1T26,81,REFINO / RTC,93428.0,111526.0,18098.0,18098.0
H2,Teste,Baseline Sazonal,3T25,1T26,81,CORPORATIVO / OUTROS NEGÓCIOS,428.0,401.0,-27.0,27.0
H2,Teste,Baseline Sazonal,3T25,1T26,81,E&P,42781.0,39715.0,-3066.0,3066.0
H2,Teste,Baseline Sazonal,3T25,1T26,81,GÁS & ENERGIA / G&EBC,6386.0,6560.0,174.0,174.0
H2,Teste,Baseline Sazonal,3T25,1T26,81,REFINO / RTC,93428.0,109766.0,16338.0,16338.0
H2,Teste,Ridge Contábil,3T25,1T26,81,CORPORATIVO / OUTROS NEGÓCIOS,428.0,0.0,-428.0,428.0
H2,Teste,Ridge Contábil,3T25,1T26,81,E&P,42781.0,40536.633589765195,-2244.366410234805,2244.366410234805
H2,Teste,Ridge Contábil,3T25,1T26,81,GÁS & ENERGIA / G&EBC,6386.0,5848.213617000098,-537.7863829999023,537.7863829999023
H2,Teste,Ridge Contábil,3T25,1T26,81,REFINO / RTC,93428.0,108063.59207477546,14635.592074775457,14635.592074775457
H2,Teste,Ridge + Brent e Câmbio,3T25,1T26,81,CORPORATIVO / OUTROS NEGÓCIOS,428.0,156.07474834229288,-271.9252516577071,271.9252516577071
H2,Teste,Ridge + Brent e Câmbio,3T25,1T26,81,E&P,42781.0,40107.99373555945,-2673.006264440548,2673.006264440548
H2,Teste,Ridge + Brent e Câmbio,3T25,1T26,81,GÁS & ENERGIA / G&EBC,6386.0,7039.700985669755,653.700985669755,653.700985669755
H2,Teste,Ridge + Brent e Câmbio,3T25,1T26,81,REFINO / RTC,93428.0,106598.19153174791,13170.191531747914,13170.191531747914
H2,Teste,Random Forest ampliada,3T25,1T26,81,CORPORATIVO / OUTROS NEGÓCIOS,428.0,476.20132583204906,48.201325832049065,48.201325832049065
H2,Teste,Random Forest ampliada,3T25,1T26,81,E&P,42781.0,37158.689740487986,-5622.310259512014,5622.310259512014
H2,Teste,Random Forest ampliada,3T25,1T26,81,GÁS & ENERGIA / G&EBC,6386.0,7828.630808710022,1442.6308087100224,1442.6308087100224
H2,Teste,Random Forest ampliada,3T25,1T26,81,REFINO / RTC,93428.0,103161.02587700199,9733.025877001986,9733.025877001986
H2,Teste,Random Forest grade original,3T25,1T26,81,CORPORATIVO / OUTROS NEGÓCIOS,428.0,318.16692781701306,-109.83307218298694,109.83307218298694
H2,Teste,Random Forest grade original,3T25,1T26,81,E&P,42781.0,37248.2671227613,-5532.732877238697,5532.732877238697
H2,Teste,Random Forest grade original,3T25,1T26,81,GÁS & ENERGIA / G&EBC,6386.0,8388.13709960118,2002.1370996011792,2002.1370996011792
H2,Teste,Random Forest grade original,3T25,1T26,81,REFINO / RTC,93428.0,104838.93280766852,11410.93280766852,11410.93280766852
H2,Teste,Gradient Boosting,3T25,1T26,81,CORPORATIVO / OUTROS NEGÓCIOS,428.0,2176.0758220423577,1748.0758220423577,1748.0758220423577
H2,Teste,Gradient Boosting,3T25,1T26,81,E&P,42781.0,35322.48364589868,-7458.516354101317,7458.516354101317
H2,Teste,Gradient Boosting,3T25,1T26,81,GÁS & ENERGIA / G&EBC,6386.0,8630.573272708114,2244.573272708114,2244.573272708114
H2,Teste,Gradient Boosting,3T25,1T26,81,REFINO / RTC,93428.0,98860.58826319844,5432.588263198442,5432.588263198442
H2,Teste,Baseline Último,4T25,2T26,82,CORPORATIVO / OUTROS NEGÓCIOS,442.0,462.0,20.0,20.0
H2,Teste,Baseline Último,4T25,2T26,82,E&P,47184.0,40164.0,-7020.0,7020.0
H2,Teste,Baseline Último,4T25,2T26,82,GÁS & ENERGIA / G&EBC,6665.0,6561.0,-104.0,104.0
H2,Teste,Baseline Último,4T25,2T26,82,REFINO / RTC,137063.0,107319.0,-29744.0,29744.0
H2,Teste,Baseline Sazonal,4T25,2T26,82,CORPORATIVO / OUTROS NEGÓCIOS,442.0,394.0,-48.0,48.0
H2,Teste,Baseline Sazonal,4T25,2T26,82,E&P,47184.0,37410.0,-9774.0,9774.0
H2,Teste,Baseline Sazonal,4T25,2T26,82,GÁS & ENERGIA / G&EBC,6665.0,6475.0,-190.0,190.0
H2,Teste,Baseline Sazonal,4T25,2T26,82,REFINO / RTC,137063.0,105290.0,-31773.0,31773.0
H2,Teste,Ridge Contábil,4T25,2T26,82,CORPORATIVO / OUTROS NEGÓCIOS,442.0,0.0,-442.0,442.0
H2,Teste,Ridge Contábil,4T25,2T26,82,E&P,47184.0,36132.31675420608,-11051.683245793924,11051.683245793924
H2,Teste,Ridge Contábil,4T25,2T26,82,GÁS & ENERGIA / G&EBC,6665.0,5982.099147765461,-682.9008522345393,682.9008522345393
H2,Teste,Ridge Contábil,4T25,2T26,82,REFINO / RTC,137063.0,103764.43494714203,-33298.56505285797,33298.56505285797
H2,Teste,Ridge + Brent e Câmbio,4T25,2T26,82,CORPORATIVO / OUTROS NEGÓCIOS,442.0,0.0,-442.0,442.0
H2,Teste,Ridge + Brent e Câmbio,4T25,2T26,82,E&P,47184.0,37430.84754602006,-9753.152453979943,9753.152453979943
H2,Teste,Ridge + Brent e Câmbio,4T25,2T26,82,GÁS & ENERGIA / G&EBC,6665.0,6202.161266184938,-462.83873381506237,462.83873381506237
H2,Teste,Ridge + Brent e Câmbio,4T25,2T26,82,REFINO / RTC,137063.0,103819.71713049644,-33243.28286950356,33243.28286950356
H2,Teste,Random Forest ampliada,4T25,2T26,82,CORPORATIVO / OUTROS NEGÓCIOS,442.0,596.6027533779397,154.60275337793973,154.60275337793973
H2,Teste,Random Forest ampliada,4T25,2T26,82,E&P,47184.0,38013.898686538705,-9170.101313461295,9170.101313461295
H2,Teste,Random Forest ampliada,4T25,2T26,82,GÁS & ENERGIA / G&EBC,6665.0,7660.510870844067,995.5108708440666,995.5108708440666
H2,Teste,Random Forest ampliada,4T25,2T26,82,REFINO / RTC,137063.0,105538.1277510101,-31524.872248989894,31524.872248989894
H2,Teste,Random Forest grade original,4T25,2T26,82,CORPORATIVO / OUTROS NEGÓCIOS,442.0,353.6465517575629,-88.35344824243708,88.35344824243708
H2,Teste,Random Forest grade original,4T25,2T26,82,E&P,47184.0,39641.642614773365,-7542.3573852266345,7542.3573852266345
H2,Teste,Random Forest grade original,4T25,2T26,82,GÁS & ENERGIA / G&EBC,6665.0,7648.087714582411,983.0877145824106,983.0877145824106
H2,Teste,Random Forest grade original,4T25,2T26,82,REFINO / RTC,137063.0,102826.32003401361,-34236.67996598639,34236.67996598639
H2,Teste,Gradient Boosting,4T25,2T26,82,CORPORATIVO / OUTROS NEGÓCIOS,442.0,2208.9759721364476,1766.9759721364476,1766.9759721364476
H2,Teste,Gradient Boosting,4T25,2T26,82,E&P,47184.0,34182.40949562366,-13001.590504376341,13001.590504376341
H2,Teste,Gradient Boosting,4T25,2T26,82,GÁS & ENERGIA / G&EBC,6665.0,8627.417436615135,1962.4174366151346,1962.4174366151346
H2,Teste,Gradient Boosting,4T25,2T26,82,REFINO / RTC,137063.0,95470.59302010685,-41592.406979893145,41592.406979893145
H3,Validação,Baseline Último,2T18,1T19,53,REFINO / RTC,56167.0,56246.0,79.0,79.0
H3,Validação,Baseline Último,2T18,1T19,53,BIOCOMBUSTÍVEIS,233.0,197.0,-36.0,36.0
H3,Validação,Baseline Último,2T18,1T19,53,CORPORATIVO / OUTROS NEGÓCIOS,0.0,0.0,0.0,0.0
H3,Validação,Baseline Último,2T18,1T19,53,DISTRIBUIÇÃO,21621.0,23301.0,1680.0,1680.0
H3,Validação,Baseline Último,2T18,1T19,53,E&P,25640.0,27415.0,1775.0,1775.0
H3,Validação,Baseline Último,2T18,1T19,53,GÁS & ENERGIA / G&EBC,8682.0,7642.0,-1040.0,1040.0
H3,Validação,Baseline Sazonal,2T18,1T19,53,REFINO / RTC,56167.0,49157.0,-7010.0,7010.0
H3,Validação,Baseline Sazonal,2T18,1T19,53,BIOCOMBUSTÍVEIS,233.0,207.0,-26.0,26.0
H3,Validação,Baseline Sazonal,2T18,1T19,53,CORPORATIVO / OUTROS NEGÓCIOS,0.0,0.0,0.0,0.0
H3,Validação,Baseline Sazonal,2T18,1T19,53,DISTRIBUIÇÃO,21621.0,21845.0,224.0,224.0
H3,Validação,Baseline Sazonal,2T18,1T19,53,E&P,25640.0,24088.0,-1552.0,1552.0
H3,Validação,Baseline Sazonal,2T18,1T19,53,GÁS & ENERGIA / G&EBC,8682.0,5833.0,-2849.0,2849.0
H3,Validação,Ridge Contábil,2T18,1T19,53,REFINO / RTC,56167.0,53094.98942235578,-3072.0105776442215,3072.0105776442215
H3,Validação,Ridge Contábil,2T18,1T19,53,BIOCOMBUSTÍVEIS,233.0,0.0,-233.0,233.0
H3,Validação,Ridge Contábil,2T18,1T19,53,CORPORATIVO / OUTROS NEGÓCIOS,0.0,0.0,0.0,0.0
H3,Validação,Ridge Contábil,2T18,1T19,53,DISTRIBUIÇÃO,21621.0,21343.043487910247,-277.95651208975323,277.95651208975323
H3,Validação,Ridge Contábil,2T18,1T19,53,E&P,25640.0,20893.85779277711,-4746.142207222889,4746.142207222889
H3,Validação,Ridge Contábil,2T18,1T19,53,GÁS & ENERGIA / G&EBC,8682.0,7109.463510970507,-1572.5364890294932,1572.5364890294932
H3,Validação,Ridge + Brent e Câmbio,2T18,1T19,53,REFINO / RTC,56167.0,54570.34491670958,-1596.6550832904177,1596.6550832904177
H3,Validação,Ridge + Brent e Câmbio,2T18,1T19,53,BIOCOMBUSTÍVEIS,233.0,2315.5902090009295,2082.5902090009295,2082.5902090009295
H3,Validação,Ridge + Brent e Câmbio,2T18,1T19,53,CORPORATIVO / OUTROS NEGÓCIOS,0.0,458.0598894287996,458.0598894287996,458.0598894287996
H3,Validação,Ridge + Brent e Câmbio,2T18,1T19,53,DISTRIBUIÇÃO,21621.0,23238.04253538692,1617.0425353869214,1617.0425353869214
H3,Validação,Ridge + Brent e Câmbio,2T18,1T19,53,E&P,25640.0,23306.681666335266,-2333.3183336647344,2333.3183336647344
H3,Validação,Ridge + Brent e Câmbio,2T18,1T19,53,GÁS & ENERGIA / G&EBC,8682.0,9648.41949788846,966.4194978884607,966.4194978884607
H3,Validação,Random Forest ampliada,2T18,1T19,53,REFINO / RTC,56167.0,56187.13287213675,20.132872136753576,20.132872136753576
H3,Validação,Random Forest ampliada,2T18,1T19,53,BIOCOMBUSTÍVEIS,233.0,340.16214715925895,107.16214715925895,107.16214715925895
H3,Validação,Random Forest ampliada,2T18,1T19,53,CORPORATIVO / OUTROS NEGÓCIOS,0.0,0.0,0.0,0.0
H3,Validação,Random Forest ampliada,2T18,1T19,53,DISTRIBUIÇÃO,21621.0,24347.063367476785,2726.063367476785,2726.063367476785
H3,Validação,Random Forest ampliada,2T18,1T19,53,E&P,25640.0,28690.098223621444,3050.098223621444,3050.098223621444
H3,Validação,Random Forest ampliada,2T18,1T19,53,GÁS & ENERGIA / G&EBC,8682.0,7976.439592409377,-705.5604075906231,705.5604075906231
H3,Validação,Random Forest grade original,2T18,1T19,53,REFINO / RTC,56167.0,56187.13287213675,20.132872136753576,20.132872136753576
H3,Validação,Random Forest grade original,2T18,1T19,53,BIOCOMBUSTÍVEIS,233.0,340.16214715925895,107.16214715925895,107.16214715925895
H3,Validação,Random Forest grade original,2T18,1T19,53,CORPORATIVO / OUTROS NEGÓCIOS,0.0,0.0,0.0,0.0
H3,Validação,Random Forest grade original,2T18,1T19,53,DISTRIBUIÇÃO,21621.0,24347.063367476785,2726.063367476785,2726.063367476785
H3,Validação,Random Forest grade original,2T18,1T19,53,E&P,25640.0,28690.098223621444,3050.098223621444,3050.098223621444
H3,Validação,Random Forest grade original,2T18,1T19,53,GÁS & ENERGIA / G&EBC,8682.0,7976.439592409377,-705.5604075906231,705.5604075906231
H3,Validação,Gradient Boosting,2T18,1T19,53,REFINO / RTC,56167.0,48352.53706325209,-7814.4629367479065,7814.4629367479065
H3,Validação,Gradient Boosting,2T18,1T19,53,BIOCOMBUSTÍVEIS,233.0,1314.5823984142137,1081.5823984142137,1081.5823984142137
H3,Validação,Gradient Boosting,2T18,1T19,53,CORPORATIVO / OUTROS NEGÓCIOS,0.0,1314.5823984142137,1314.5823984142137,1314.5823984142137
H3,Validação,Gradient Boosting,2T18,1T19,53,DISTRIBUIÇÃO,21621.0,21619.266577393297,-1.7334226067032432,1.7334226067032432
H3,Validação,Gradient Boosting,2T18,1T19,53,E&P,25640.0,22550.491841870073,-3089.5081581299273,3089.5081581299273
H3,Validação,Gradient Boosting,2T18,1T19,53,GÁS & ENERGIA / G&EBC,8682.0,8359.116385906846,-322.8836140931544,322.8836140931544
H3,Validação,Baseline Último,3T18,2T19,54,REFINO / RTC,59321.0,68601.0,9280.0,9280.0
H3,Validação,Baseline Último,3T18,2T19,54,BIOCOMBUSTÍVEIS,234.0,220.0,-14.0,14.0
H3,Validação,Baseline Último,3T18,2T19,54,CORPORATIVO / OUTROS NEGÓCIOS,0.0,0.0,0.0,0.0
H3,Validação,Baseline Último,3T18,2T19,54,DISTRIBUIÇÃO,19727.0,26030.0,6303.0,6303.0
H3,Validação,Baseline Último,3T18,2T19,54,E&P,26771.0,28159.0,1388.0,1388.0
H3,Validação,Baseline Último,3T18,2T19,54,GÁS & ENERGIA / G&EBC,6272.0,11270.0,4998.0,4998.0
H3,Validação,Baseline Sazonal,3T18,2T19,54,REFINO / RTC,59321.0,56246.0,-3075.0,3075.0
H3,Validação,Baseline Sazonal,3T18,2T19,54,BIOCOMBUSTÍVEIS,234.0,197.0,-37.0,37.0
H3,Validação,Baseline Sazonal,3T18,2T19,54,CORPORATIVO / OUTROS NEGÓCIOS,0.0,0.0,0.0,0.0
H3,Validação,Baseline Sazonal,3T18,2T19,54,DISTRIBUIÇÃO,19727.0,23301.0,3574.0,3574.0
H3,Validação,Baseline Sazonal,3T18,2T19,54,E&P,26771.0,27415.0,644.0,644.0
H3,Validação,Baseline Sazonal,3T18,2T19,54,GÁS & ENERGIA / G&EBC,6272.0,7642.0,1370.0,1370.0
H3,Validação,Ridge Contábil,3T18,2T19,54,REFINO / RTC,59321.0,60081.711417392,760.7114173919981,760.7114173919981
H3,Validação,Ridge Contábil,3T18,2T19,54,BIOCOMBUSTÍVEIS,234.0,0.0,-234.0,234.0
H3,Validação,Ridge Contábil,3T18,2T19,54,CORPORATIVO / OUTROS NEGÓCIOS,0.0,0.0,0.0,0.0
H3,Validação,Ridge Contábil,3T18,2T19,54,DISTRIBUIÇÃO,19727.0,23668.7053226792,3941.7053226792013,3941.7053226792013
H3,Validação,Ridge Contábil,3T18,2T19,54,E&P,26771.0,21296.669688289323,-5474.330311710677,5474.330311710677
H3,Validação,Ridge Contábil,3T18,2T19,54,GÁS & ENERGIA / G&EBC,6272.0,8343.386977385322,2071.386977385322,2071.386977385322
H3,Validação,Ridge + Brent e Câmbio,3T18,2T19,54,REFINO / RTC,59321.0,60682.233463892124,1361.2334638921238,1361.2334638921238
H3,Validação,Ridge + Brent e Câmbio,3T18,2T19,54,BIOCOMBUSTÍVEIS,234.0,2099.8249427684077,1865.8249427684077,1865.8249427684077
H3,Validação,Ridge + Brent e Câmbio,3T18,2T19,54,CORPORATIVO / OUTROS NEGÓCIOS,0.0,546.6581020507401,546.6581020507401,546.6581020507401
H3,Validação,Ridge + Brent e Câmbio,3T18,2T19,54,DISTRIBUIÇÃO,19727.0,25044.950253931143,5317.950253931143,5317.950253931143
H3,Validação,Ridge + Brent e Câmbio,3T18,2T19,54,E&P,26771.0,24172.19674521411,-2598.8032547858893,2598.8032547858893
H3,Validação,Ridge + Brent e Câmbio,3T18,2T19,54,GÁS & ENERGIA / G&EBC,6272.0,9929.325836996775,3657.3258369967753,3657.3258369967753
H3,Validação,Random Forest ampliada,3T18,2T19,54,REFINO / RTC,59321.0,55225.79889505795,-4095.201104942047,4095.201104942047
H3,Validação,Random Forest ampliada,3T18,2T19,54,BIOCOMBUSTÍVEIS,234.0,358.47008520723926,124.47008520723926,124.47008520723926
H3,Validação,Random Forest ampliada,3T18,2T19,54,CORPORATIVO / OUTROS NEGÓCIOS,0.0,0.11873015873015874,0.11873015873015874,0.11873015873015874
H3,Validação,Random Forest ampliada,3T18,2T19,54,DISTRIBUIÇÃO,19727.0,25277.581302762796,5550.5813027627955,5550.5813027627955
H3,Validação,Random Forest ampliada,3T18,2T19,54,E&P,26771.0,27192.339958730157,421.3399587301574,421.3399587301574
H3,Validação,Random Forest ampliada,3T18,2T19,54,GÁS & ENERGIA / G&EBC,6272.0,9482.162764387547,3210.162764387547,3210.162764387547
H3,Validação,Random Forest grade original,3T18,2T19,54,REFINO / RTC,59321.0,55225.79889505795,-4095.201104942047,4095.201104942047
H3,Validação,Random Forest grade original,3T18,2T19,54,BIOCOMBUSTÍVEIS,234.0,358.47008520723926,124.47008520723926,124.47008520723926
H3,Validação,Random Forest grade original,3T18,2T19,54,CORPORATIVO / OUTROS NEGÓCIOS,0.0,0.11873015873015874,0.11873015873015874,0.11873015873015874
H3,Validação,Random Forest grade original,3T18,2T19,54,DISTRIBUIÇÃO,19727.0,25277.581302762796,5550.5813027627955,5550.5813027627955
H3,Validação,Random Forest grade original,3T18,2T19,54,E&P,26771.0,27192.339958730157,421.3399587301574,421.3399587301574
H3,Validação,Random Forest grade original,3T18,2T19,54,GÁS & ENERGIA / G&EBC,6272.0,9482.162764387547,3210.162764387547,3210.162764387547
H3,Validação,Gradient Boosting,3T18,2T19,54,REFINO / RTC,59321.0,47009.10417847708,-12311.895821522921,12311.895821522921
H3,Validação,Gradient Boosting,3T18,2T19,54,BIOCOMBUSTÍVEIS,234.0,1413.0623208248676,1179.0623208248676,1179.0623208248676
H3,Validação,Gradient Boosting,3T18,2T19,54,CORPORATIVO / OUTROS NEGÓCIOS,0.0,1292.8408922635508,1292.8408922635508,1292.8408922635508
H3,Validação,Gradient Boosting,3T18,2T19,54,DISTRIBUIÇÃO,19727.0,22548.725836587135,2821.725836587135,2821.725836587135
H3,Validação,Gradient Boosting,3T18,2T19,54,E&P,26771.0,23522.867451791128,-3248.1325482088723,3248.1325482088723
H3,Validação,Gradient Boosting,3T18,2T19,54,GÁS & ENERGIA / G&EBC,6272.0,9306.206743320014,3034.2067433200136,3034.2067433200136
H3,Validação,Baseline Último,4T18,3T19,55,BIOCOMBUSTÍVEIS,193.0,248.0,55.0,55.0
H3,Validação,Baseline Último,4T18,3T19,55,CORPORATIVO / OUTROS NEGÓCIOS,0.0,0.0,0.0,0.0
H3,Validação,Baseline Último,4T18,3T19,55,DISTRIBUIÇÃO,877.0,24734.0,23857.0,23857.0
H3,Validação,Baseline Último,4T18,3T19,55,E&P,26978.0,25937.0,-1041.0,1041.0
H3,Validação,Baseline Último,4T18,3T19,55,GÁS & ENERGIA / G&EBC,8077.0,8543.0,466.0,466.0
H3,Validação,Baseline Último,4T18,3T19,55,REFINO / RTC,63048.0,71932.0,8884.0,8884.0
H3,Validação,Baseline Sazonal,4T18,3T19,55,BIOCOMBUSTÍVEIS,193.0,220.0,27.0,27.0
H3,Validação,Baseline Sazonal,4T18,3T19,55,CORPORATIVO / OUTROS NEGÓCIOS,0.0,0.0,0.0,0.0
H3,Validação,Baseline Sazonal,4T18,3T19,55,DISTRIBUIÇÃO,877.0,26030.0,25153.0,25153.0
H3,Validação,Baseline Sazonal,4T18,3T19,55,E&P,26978.0,28159.0,1181.0,1181.0
H3,Validação,Baseline Sazonal,4T18,3T19,55,GÁS & ENERGIA / G&EBC,8077.0,11270.0,3193.0,3193.0
H3,Validação,Baseline Sazonal,4T18,3T19,55,REFINO / RTC,63048.0,68601.0,5553.0,5553.0
H3,Validação,Ridge Contábil,4T18,3T19,55,BIOCOMBUSTÍVEIS,193.0,965.09336413046,772.09336413046,772.09336413046
H3,Validação,Ridge Contábil,4T18,3T19,55,CORPORATIVO / OUTROS NEGÓCIOS,0.0,201.75869787257216,201.75869787257216,201.75869787257216
H3,Validação,Ridge Contábil,4T18,3T19,55,DISTRIBUIÇÃO,877.0,24700.656465332315,23823.656465332315,23823.656465332315
H3,Validação,Ridge Contábil,4T18,3T19,55,E&P,26978.0,21980.28350583884,-4997.716494161159,4997.716494161159
H3,Validação,Ridge Contábil,4T18,3T19,55,GÁS & ENERGIA / G&EBC,8077.0,9380.685754914253,1303.6857549142533,1303.6857549142533
H3,Validação,Ridge Contábil,4T18,3T19,55,REFINO / RTC,63048.0,66342.26276462132,3294.2627646213223,3294.2627646213223
H3,Validação,Ridge + Brent e Câmbio,4T18,3T19,55,BIOCOMBUSTÍVEIS,193.0,1881.0574659210488,1688.0574659210488,1688.0574659210488
H3,Validação,Ridge + Brent e Câmbio,4T18,3T19,55,CORPORATIVO / OUTROS NEGÓCIOS,0.0,0.0,0.0,0.0
H3,Validação,Ridge + Brent e Câmbio,4T18,3T19,55,DISTRIBUIÇÃO,877.0,25186.416903688463,24309.416903688463,24309.416903688463
H3,Validação,Ridge + Brent e Câmbio,4T18,3T19,55,E&P,26978.0,24007.948451340442,-2970.0515486595577,2970.0515486595577
H3,Validação,Ridge + Brent e Câmbio,4T18,3T19,55,GÁS & ENERGIA / G&EBC,8077.0,10113.039523282696,2036.0395232826959,2036.0395232826959
H3,Validação,Ridge + Brent e Câmbio,4T18,3T19,55,REFINO / RTC,63048.0,66558.69099092383,3510.690990923831,3510.690990923831
H3,Validação,Random Forest ampliada,4T18,3T19,55,BIOCOMBUSTÍVEIS,193.0,595.9235544938534,402.92355449385343,402.92355449385343
H3,Validação,Random Forest ampliada,4T18,3T19,55,CORPORATIVO / OUTROS NEGÓCIOS,0.0,1886.22,1886.22,1886.22
H3,Validação,Random Forest ampliada,4T18,3T19,55,DISTRIBUIÇÃO,877.0,26040.862644132216,25163.862644132216,25163.862644132216
H3,Validação,Random Forest ampliada,4T18,3T19,55,E&P,26978.0,29801.997928253975,2823.9979282539753,2823.9979282539753
H3,Validação,Random Forest ampliada,4T18,3T19,55,GÁS & ENERGIA / G&EBC,8077.0,10547.749848201798,2470.749848201798,2470.749848201798
H3,Validação,Random Forest ampliada,4T18,3T19,55,REFINO / RTC,63048.0,55006.293333333335,-8041.706666666665,8041.706666666665
H3,Validação,Random Forest grade original,4T18,3T19,55,BIOCOMBUSTÍVEIS,193.0,595.9235544938534,402.92355449385343,402.92355449385343
H3,Validação,Random Forest grade original,4T18,3T19,55,CORPORATIVO / OUTROS NEGÓCIOS,0.0,1886.22,1886.22,1886.22
H3,Validação,Random Forest grade original,4T18,3T19,55,DISTRIBUIÇÃO,877.0,26040.862644132216,25163.862644132216,25163.862644132216
H3,Validação,Random Forest grade original,4T18,3T19,55,E&P,26978.0,29801.997928253975,2823.9979282539753,2823.9979282539753
H3,Validação,Random Forest grade original,4T18,3T19,55,GÁS & ENERGIA / G&EBC,8077.0,10547.749848201798,2470.749848201798,2470.749848201798
H3,Validação,Random Forest grade original,4T18,3T19,55,REFINO / RTC,63048.0,55006.293333333335,-8041.706666666665,8041.706666666665
H3,Validação,Gradient Boosting,4T18,3T19,55,BIOCOMBUSTÍVEIS,193.0,1398.130231364617,1205.130231364617,1205.130231364617
H3,Validação,Gradient Boosting,4T18,3T19,55,CORPORATIVO / OUTROS NEGÓCIOS,0.0,1288.075557082157,1288.075557082157,1288.075557082157
H3,Validação,Gradient Boosting,4T18,3T19,55,DISTRIBUIÇÃO,877.0,22768.687172079506,21891.687172079506,21891.687172079506
H3,Validação,Gradient Boosting,4T18,3T19,55,E&P,26978.0,25383.371258883344,-1594.6287411166559,1594.6287411166559
H3,Validação,Gradient Boosting,4T18,3T19,55,GÁS & ENERGIA / G&EBC,8077.0,11068.526762287993,2991.526762287993,2991.526762287993
H3,Validação,Gradient Boosting,4T18,3T19,55,REFINO / RTC,63048.0,56946.6020730719,-6101.397926928097,6101.397926928097
H3,Validação,Baseline Último,1T19,4T19,56,CORPORATIVO / OUTROS NEGÓCIOS,4588.0,0.0,-4588.0,4588.0
H3,Validação,Baseline Último,1T19,4T19,56,E&P,28305.0,25640.0,-2665.0,2665.0
H3,Validação,Baseline Último,1T19,4T19,56,GÁS & ENERGIA / G&EBC,7307.0,8682.0,1375.0,1375.0
H3,Validação,Baseline Último,1T19,4T19,56,REFINO / RTC,64454.0,56167.0,-8287.0,8287.0
H3,Validação,Baseline Sazonal,1T19,4T19,56,CORPORATIVO / OUTROS NEGÓCIOS,4588.0,0.0,-4588.0,4588.0
H3,Validação,Baseline Sazonal,1T19,4T19,56,E&P,28305.0,25937.0,-2368.0,2368.0
H3,Validação,Baseline Sazonal,1T19,4T19,56,GÁS & ENERGIA / G&EBC,7307.0,8543.0,1236.0,1236.0
H3,Validação,Baseline Sazonal,1T19,4T19,56,REFINO / RTC,64454.0,71932.0,7478.0,7478.0
H3,Validação,Ridge Contábil,1T19,4T19,56,CORPORATIVO / OUTROS NEGÓCIOS,4588.0,79.35837452987471,-4508.641625470125,4508.641625470125
H3,Validação,Ridge Contábil,1T19,4T19,56,E&P,28305.0,25846.541482313827,-2458.458517686173,2458.458517686173
H3,Validação,Ridge Contábil,1T19,4T19,56,GÁS & ENERGIA / G&EBC,7307.0,8179.998593980908,872.9985939809076,872.9985939809076
H3,Validação,Ridge Contábil,1T19,4T19,56,REFINO / RTC,64454.0,59241.65723114947,-5212.342768850533,5212.342768850533
H3,Validação,Ridge + Brent e Câmbio,1T19,4T19,56,CORPORATIVO / OUTROS NEGÓCIOS,4588.0,0.0,-4588.0,4588.0
H3,Validação,Ridge + Brent e Câmbio,1T19,4T19,56,E&P,28305.0,26782.766682118905,-1522.233317881095,1522.233317881095
H3,Validação,Ridge + Brent e Câmbio,1T19,4T19,56,GÁS & ENERGIA / G&EBC,7307.0,7871.350293787752,564.350293787752,564.350293787752
H3,Validação,Ridge + Brent e Câmbio,1T19,4T19,56,REFINO / RTC,64454.0,60934.2689078831,-3519.7310921168973,3519.7310921168973
H3,Validação,Random Forest ampliada,1T19,4T19,56,CORPORATIVO / OUTROS NEGÓCIOS,4588.0,6.624489795918367,-4581.375510204081,4581.375510204081
H3,Validação,Random Forest ampliada,1T19,4T19,56,E&P,28305.0,28570.966463584788,265.96646358478756,265.96646358478756
H3,Validação,Random Forest ampliada,1T19,4T19,56,GÁS & ENERGIA / G&EBC,7307.0,8401.095896631146,1094.0958966311464,1094.0958966311464
H3,Validação,Random Forest ampliada,1T19,4T19,56,REFINO / RTC,64454.0,54989.628356355315,-9464.371643644685,9464.371643644685
H3,Validação,Random Forest grade original,1T19,4T19,56,CORPORATIVO / OUTROS NEGÓCIOS,4588.0,6.624489795918367,-4581.375510204081,4581.375510204081
H3,Validação,Random Forest grade original,1T19,4T19,56,E&P,28305.0,28570.966463584788,265.96646358478756,265.96646358478756
H3,Validação,Random Forest grade original,1T19,4T19,56,GÁS & ENERGIA / G&EBC,7307.0,8401.095896631146,1094.0958966311464,1094.0958966311464
H3,Validação,Random Forest grade original,1T19,4T19,56,REFINO / RTC,64454.0,54989.628356355315,-9464.371643644685,9464.371643644685
H3,Validação,Gradient Boosting,1T19,4T19,56,CORPORATIVO / OUTROS NEGÓCIOS,4588.0,1355.0192309543088,-3232.980769045691,3232.980769045691
H3,Validação,Gradient Boosting,1T19,4T19,56,E&P,28305.0,25783.852363921495,-2521.1476360785055,2521.1476360785055
H3,Validação,Gradient Boosting,1T19,4T19,56,GÁS & ENERGIA / G&EBC,7307.0,8428.144644466895,1121.1446444668945,1121.1446444668945
H3,Validação,Gradient Boosting,1T19,4T19,56,REFINO / RTC,64454.0,53420.98816834844,-11033.011831651558,11033.011831651558
H3,Validação,Baseline Último,2T19,1T20,57,CORPORATIVO / OUTROS NEGÓCIOS,830.0,0.0,-830.0,830.0
H3,Validação,Baseline Último,2T19,1T20,57,E&P,26224.0,26771.0,547.0,547.0
H3,Validação,Baseline Último,2T19,1T20,57,GÁS & ENERGIA / G&EBC,5905.0,6272.0,367.0,367.0
H3,Validação,Baseline Último,2T19,1T20,57,REFINO / RTC,68162.0,59321.0,-8841.0,8841.0
H3,Validação,Baseline Sazonal,2T19,1T20,57,CORPORATIVO / OUTROS NEGÓCIOS,830.0,0.0,-830.0,830.0
H3,Validação,Baseline Sazonal,2T19,1T20,57,E&P,26224.0,25640.0,-584.0,584.0
H3,Validação,Baseline Sazonal,2T19,1T20,57,GÁS & ENERGIA / G&EBC,5905.0,8682.0,2777.0,2777.0
H3,Validação,Baseline Sazonal,2T19,1T20,57,REFINO / RTC,68162.0,56167.0,-11995.0,11995.0
H3,Validação,Ridge Contábil,2T19,1T20,57,CORPORATIVO / OUTROS NEGÓCIOS,830.0,0.0,-830.0,830.0
H3,Validação,Ridge Contábil,2T19,1T20,57,E&P,26224.0,25850.845999354286,-373.1540006457144,373.1540006457144
H3,Validação,Ridge Contábil,2T19,1T20,57,GÁS & ENERGIA / G&EBC,5905.0,590.5612531790939,-5314.438746820906,5314.438746820906
H3,Validação,Ridge Contábil,2T19,1T20,57,REFINO / RTC,68162.0,58744.483078155354,-9417.516921844646,9417.516921844646
H3,Validação,Ridge + Brent e Câmbio,2T19,1T20,57,CORPORATIVO / OUTROS NEGÓCIOS,830.0,197.76876875019298,-632.231231249807,632.231231249807
H3,Validação,Ridge + Brent e Câmbio,2T19,1T20,57,E&P,26224.0,27724.0646413684,1500.0646413684008,1500.0646413684008
H3,Validação,Ridge + Brent e Câmbio,2T19,1T20,57,GÁS & ENERGIA / G&EBC,5905.0,0.0,-5905.0,5905.0
H3,Validação,Ridge + Brent e Câmbio,2T19,1T20,57,REFINO / RTC,68162.0,60006.96980646392,-8155.030193536077,8155.030193536077
H3,Validação,Random Forest ampliada,2T19,1T20,57,CORPORATIVO / OUTROS NEGÓCIOS,830.0,24.196825396825396,-805.8031746031746,805.8031746031746
H3,Validação,Random Forest ampliada,2T19,1T20,57,E&P,26224.0,30569.65666986394,4345.65666986394,4345.65666986394
H3,Validação,Random Forest ampliada,2T19,1T20,57,GÁS & ENERGIA / G&EBC,5905.0,8499.047583251582,2594.047583251582,2594.047583251582
H3,Validação,Random Forest ampliada,2T19,1T20,57,REFINO / RTC,68162.0,51429.49119013606,-16732.50880986394,16732.50880986394
H3,Validação,Random Forest grade original,2T19,1T20,57,CORPORATIVO / OUTROS NEGÓCIOS,830.0,24.196825396825396,-805.8031746031746,805.8031746031746
H3,Validação,Random Forest grade original,2T19,1T20,57,E&P,26224.0,30569.65666986394,4345.65666986394,4345.65666986394
H3,Validação,Random Forest grade original,2T19,1T20,57,GÁS & ENERGIA / G&EBC,5905.0,8499.047583251582,2594.047583251582,2594.047583251582
H3,Validação,Random Forest grade original,2T19,1T20,57,REFINO / RTC,68162.0,51429.49119013606,-16732.50880986394,16732.50880986394
H3,Validação,Gradient Boosting,2T19,1T20,57,CORPORATIVO / OUTROS NEGÓCIOS,830.0,1431.6689178989368,601.6689178989368,601.6689178989368
H3,Validação,Gradient Boosting,2T19,1T20,57,E&P,26224.0,26445.499576784878,221.49957678487772,221.49957678487772
H3,Validação,Gradient Boosting,2T19,1T20,57,GÁS & ENERGIA / G&EBC,5905.0,8574.795845848166,2669.795845848166,2669.795845848166
H3,Validação,Gradient Boosting,2T19,1T20,57,REFINO / RTC,68162.0,48083.89467550671,-20078.105324493292,20078.105324493292
H3,Validação,Baseline Último,3T19,2T20,58,CORPORATIVO / OUTROS NEGÓCIOS,1098.0,0.0,-1098.0,1098.0
H3,Validação,Baseline Último,3T19,2T20,58,E&P,18890.0,26978.0,8088.0,8088.0
H3,Validação,Baseline Último,3T19,2T20,58,GÁS & ENERGIA / G&EBC,3312.0,8077.0,4765.0,4765.0
H3,Validação,Baseline Último,3T19,2T20,58,REFINO / RTC,39835.0,63048.0,23213.0,23213.0
H3,Validação,Baseline Sazonal,3T19,2T20,58,CORPORATIVO / OUTROS NEGÓCIOS,1098.0,0.0,-1098.0,1098.0
H3,Validação,Baseline Sazonal,3T19,2T20,58,E&P,18890.0,26771.0,7881.0,7881.0
H3,Validação,Baseline Sazonal,3T19,2T20,58,GÁS & ENERGIA / G&EBC,3312.0,6272.0,2960.0,2960.0
H3,Validação,Baseline Sazonal,3T19,2T20,58,REFINO / RTC,39835.0,59321.0,19486.0,19486.0
H3,Validação,Ridge Contábil,3T19,2T20,58,CORPORATIVO / OUTROS NEGÓCIOS,1098.0,0.0,-1098.0,1098.0
H3,Validação,Ridge Contábil,3T19,2T20,58,E&P,18890.0,26231.649423124985,7341.649423124985,7341.649423124985
H3,Validação,Ridge Contábil,3T19,2T20,58,GÁS & ENERGIA / G&EBC,3312.0,8752.277903190607,5440.277903190607,5440.277903190607
H3,Validação,Ridge Contábil,3T19,2T20,58,REFINO / RTC,39835.0,62972.71527646428,23137.71527646428,23137.71527646428
H3,Validação,Ridge + Brent e Câmbio,3T19,2T20,58,CORPORATIVO / OUTROS NEGÓCIOS,1098.0,0.0,-1098.0,1098.0
H3,Validação,Ridge + Brent e Câmbio,3T19,2T20,58,E&P,18890.0,28251.384815644324,9361.384815644324,9361.384815644324
H3,Validação,Ridge + Brent e Câmbio,3T19,2T20,58,GÁS & ENERGIA / G&EBC,3312.0,2306.125719136435,-1005.8742808635652,1005.8742808635652
H3,Validação,Ridge + Brent e Câmbio,3T19,2T20,58,REFINO / RTC,39835.0,64068.546602928545,24233.546602928545,24233.546602928545
H3,Validação,Random Forest ampliada,3T19,2T20,58,CORPORATIVO / OUTROS NEGÓCIOS,1098.0,148.62508340615713,-949.3749165938428,949.3749165938428
H3,Validação,Random Forest ampliada,3T19,2T20,58,E&P,18890.0,28754.392955178155,9864.392955178155,9864.392955178155
H3,Validação,Random Forest ampliada,3T19,2T20,58,GÁS & ENERGIA / G&EBC,3312.0,8321.218261135327,5009.218261135327,5009.218261135327
H3,Validação,Random Forest ampliada,3T19,2T20,58,REFINO / RTC,39835.0,57150.84765306123,17315.84765306123,17315.84765306123
H3,Validação,Random Forest grade original,3T19,2T20,58,CORPORATIVO / OUTROS NEGÓCIOS,1098.0,148.62508340615713,-949.3749165938428,949.3749165938428
H3,Validação,Random Forest grade original,3T19,2T20,58,E&P,18890.0,28754.392955178155,9864.392955178155,9864.392955178155
H3,Validação,Random Forest grade original,3T19,2T20,58,GÁS & ENERGIA / G&EBC,3312.0,8321.218261135327,5009.218261135327,5009.218261135327
H3,Validação,Random Forest grade original,3T19,2T20,58,REFINO / RTC,39835.0,57150.84765306123,17315.84765306123,17315.84765306123
H3,Validação,Gradient Boosting,3T19,2T20,58,CORPORATIVO / OUTROS NEGÓCIOS,1098.0,1403.7582897283935,305.7582897283935,305.7582897283935
H3,Validação,Gradient Boosting,3T19,2T20,58,E&P,18890.0,27260.963888114038,8370.963888114038,8370.963888114038
H3,Validação,Gradient Boosting,3T19,2T20,58,GÁS & ENERGIA / G&EBC,3312.0,11071.611946335182,7759.611946335182,7759.611946335182
H3,Validação,Gradient Boosting,3T19,2T20,58,REFINO / RTC,39835.0,54976.13402423292,15141.134024232917,15141.134024232917
H3,Validação,Baseline Último,4T19,3T20,59,CORPORATIVO / OUTROS NEGÓCIOS,1090.0,4588.0,3498.0,3498.0
H3,Validação,Baseline Último,4T19,3T20,59,E&P,25101.0,28305.0,3204.0,3204.0
H3,Validação,Baseline Último,4T19,3T20,59,GÁS & ENERGIA / G&EBC,4101.0,7307.0,3206.0,3206.0
H3,Validação,Baseline Último,4T19,3T20,59,REFINO / RTC,55670.0,64454.0,8784.0,8784.0
H3,Validação,Baseline Sazonal,4T19,3T20,59,CORPORATIVO / OUTROS NEGÓCIOS,1090.0,0.0,-1090.0,1090.0
H3,Validação,Baseline Sazonal,4T19,3T20,59,E&P,25101.0,26978.0,1877.0,1877.0
H3,Validação,Baseline Sazonal,4T19,3T20,59,GÁS & ENERGIA / G&EBC,4101.0,8077.0,3976.0,3976.0
H3,Validação,Baseline Sazonal,4T19,3T20,59,REFINO / RTC,55670.0,63048.0,7378.0,7378.0
H3,Validação,Ridge Contábil,4T19,3T20,59,CORPORATIVO / OUTROS NEGÓCIOS,1090.0,2751.1504636102036,1661.1504636102036,1661.1504636102036
H3,Validação,Ridge Contábil,4T19,3T20,59,E&P,25101.0,25305.913194671637,204.91319467163703,204.91319467163703
H3,Validação,Ridge Contábil,4T19,3T20,59,GÁS & ENERGIA / G&EBC,4101.0,7224.949228725187,3123.949228725187,3123.949228725187
H3,Validação,Ridge Contábil,4T19,3T20,59,REFINO / RTC,55670.0,61088.48772626931,5418.487726269312,5418.487726269312
H3,Validação,Ridge + Brent e Câmbio,4T19,3T20,59,CORPORATIVO / OUTROS NEGÓCIOS,1090.0,2571.744413999446,1481.744413999446,1481.744413999446
H3,Validação,Ridge + Brent e Câmbio,4T19,3T20,59,E&P,25101.0,27684.556335944515,2583.556335944515,2583.556335944515
H3,Validação,Ridge + Brent e Câmbio,4T19,3T20,59,GÁS & ENERGIA / G&EBC,4101.0,8525.41969803473,4424.41969803473,4424.41969803473
H3,Validação,Ridge + Brent e Câmbio,4T19,3T20,59,REFINO / RTC,55670.0,63068.88479979084,7398.884799790838,7398.884799790838
H3,Validação,Random Forest ampliada,4T19,3T20,59,CORPORATIVO / OUTROS NEGÓCIOS,1090.0,1876.1045932524655,786.1045932524655,786.1045932524655
H3,Validação,Random Forest ampliada,4T19,3T20,59,E&P,25101.0,27742.07228275534,2641.07228275534,2641.07228275534
H3,Validação,Random Forest ampliada,4T19,3T20,59,GÁS & ENERGIA / G&EBC,4101.0,7828.093124920366,3727.093124920366,3727.093124920366
H3,Validação,Random Forest ampliada,4T19,3T20,59,REFINO / RTC,55670.0,52348.81009157509,-3321.189908424909,3321.189908424909
H3,Validação,Random Forest grade original,4T19,3T20,59,CORPORATIVO / OUTROS NEGÓCIOS,1090.0,1876.1045932524655,786.1045932524655,786.1045932524655
H3,Validação,Random Forest grade original,4T19,3T20,59,E&P,25101.0,27742.07228275534,2641.07228275534,2641.07228275534
H3,Validação,Random Forest grade original,4T19,3T20,59,GÁS & ENERGIA / G&EBC,4101.0,7828.093124920366,3727.093124920366,3727.093124920366
H3,Validação,Random Forest grade original,4T19,3T20,59,REFINO / RTC,55670.0,52348.81009157509,-3321.189908424909,3321.189908424909
H3,Validação,Gradient Boosting,4T19,3T20,59,CORPORATIVO / OUTROS NEGÓCIOS,1090.0,3290.178730480304,2200.178730480304,2200.178730480304
H3,Validação,Gradient Boosting,4T19,3T20,59,E&P,25101.0,24362.331387299626,-738.6686127003741,738.6686127003741
H3,Validação,Gradient Boosting,4T19,3T20,59,GÁS & ENERGIA / G&EBC,4101.0,8473.605177566415,4372.605177566415,4372.605177566415
H3,Validação,Gradient Boosting,4T19,3T20,59,REFINO / RTC,55670.0,51849.21236184047,-3820.787638159527,3820.787638159527
H3,Validação,Baseline Último,1T20,4T20,60,CORPORATIVO / OUTROS NEGÓCIOS,1189.0,830.0,-359.0,359.0
H3,Validação,Baseline Último,1T20,4T20,60,E&P,21842.0,26224.0,4382.0,4382.0
H3,Validação,Baseline Último,1T20,4T20,60,GÁS & ENERGIA / G&EBC,6813.0,5905.0,-908.0,908.0
H3,Validação,Baseline Último,1T20,4T20,60,REFINO / RTC,58548.0,68162.0,9614.0,9614.0
H3,Validação,Baseline Sazonal,1T20,4T20,60,CORPORATIVO / OUTROS NEGÓCIOS,1189.0,4588.0,3399.0,3399.0
H3,Validação,Baseline Sazonal,1T20,4T20,60,E&P,21842.0,28305.0,6463.0,6463.0
H3,Validação,Baseline Sazonal,1T20,4T20,60,GÁS & ENERGIA / G&EBC,6813.0,7307.0,494.0,494.0
H3,Validação,Baseline Sazonal,1T20,4T20,60,REFINO / RTC,58548.0,64454.0,5906.0,5906.0
H3,Validação,Ridge Contábil,1T20,4T20,60,CORPORATIVO / OUTROS NEGÓCIOS,1189.0,2041.0150912854315,852.0150912854315,852.0150912854315
H3,Validação,Ridge Contábil,1T20,4T20,60,E&P,21842.0,15569.768931319375,-6272.231068680625,6272.231068680625
H3,Validação,Ridge Contábil,1T20,4T20,60,GÁS & ENERGIA / G&EBC,6813.0,6961.836570437446,148.83657043744643,148.83657043744643
H3,Validação,Ridge Contábil,1T20,4T20,60,REFINO / RTC,58548.0,63654.38696663453,5106.386966634527,5106.386966634527
H3,Validação,Ridge + Brent e Câmbio,1T20,4T20,60,CORPORATIVO / OUTROS NEGÓCIOS,1189.0,700.9904536650138,-488.0095463349862,488.0095463349862
H3,Validação,Ridge + Brent e Câmbio,1T20,4T20,60,E&P,21842.0,19953.547449732054,-1888.4525502679462,1888.4525502679462
H3,Validação,Ridge + Brent e Câmbio,1T20,4T20,60,GÁS & ENERGIA / G&EBC,6813.0,6404.629123366429,-408.37087663357124,408.37087663357124
H3,Validação,Ridge + Brent e Câmbio,1T20,4T20,60,REFINO / RTC,58548.0,62357.10650576998,3809.1065057699816,3809.1065057699816
H3,Validação,Random Forest ampliada,1T20,4T20,60,CORPORATIVO / OUTROS NEGÓCIOS,1189.0,2620.439420265561,1431.4394202655608,1431.4394202655608
H3,Validação,Random Forest ampliada,1T20,4T20,60,E&P,21842.0,29256.72370842998,7414.723708429981,7414.723708429981
H3,Validação,Random Forest ampliada,1T20,4T20,60,GÁS & ENERGIA / G&EBC,6813.0,7826.016413132349,1013.016413132349,1013.016413132349
H3,Validação,Random Forest ampliada,1T20,4T20,60,REFINO / RTC,58548.0,54401.83121925693,-4146.168780743072,4146.168780743072
H3,Validação,Random Forest grade original,1T20,4T20,60,CORPORATIVO / OUTROS NEGÓCIOS,1189.0,2620.439420265561,1431.4394202655608,1431.4394202655608
H3,Validação,Random Forest grade original,1T20,4T20,60,E&P,21842.0,29256.72370842998,7414.723708429981,7414.723708429981
H3,Validação,Random Forest grade original,1T20,4T20,60,GÁS & ENERGIA / G&EBC,6813.0,7826.016413132349,1013.016413132349,1013.016413132349
H3,Validação,Random Forest grade original,1T20,4T20,60,REFINO / RTC,58548.0,54401.83121925693,-4146.168780743072,4146.168780743072
H3,Validação,Gradient Boosting,1T20,4T20,60,CORPORATIVO / OUTROS NEGÓCIOS,1189.0,1790.1107208542205,601.1107208542205,601.1107208542205
H3,Validação,Gradient Boosting,1T20,4T20,60,E&P,21842.0,24313.160240015917,2471.160240015917,2471.160240015917
H3,Validação,Gradient Boosting,1T20,4T20,60,GÁS & ENERGIA / G&EBC,6813.0,7294.075246761608,481.07524676160756,481.07524676160756
H3,Validação,Gradient Boosting,1T20,4T20,60,REFINO / RTC,58548.0,54497.091668854664,-4050.908331145336,4050.908331145336
H3,Validação,Baseline Último,2T20,1T21,61,CORPORATIVO / OUTROS NEGÓCIOS,823.0,1098.0,275.0,275.0
H3,Validação,Baseline Último,2T20,1T21,61,E&P,28636.0,18890.0,-9746.0,9746.0
H3,Validação,Baseline Último,2T20,1T21,61,GÁS & ENERGIA / G&EBC,7271.0,3312.0,-3959.0,3959.0
H3,Validação,Baseline Último,2T20,1T21,61,REFINO / RTC,64975.0,39835.0,-25140.0,25140.0
H3,Validação,Baseline Sazonal,2T20,1T21,61,CORPORATIVO / OUTROS NEGÓCIOS,823.0,830.0,7.0,7.0
H3,Validação,Baseline Sazonal,2T20,1T21,61,E&P,28636.0,26224.0,-2412.0,2412.0
H3,Validação,Baseline Sazonal,2T20,1T21,61,GÁS & ENERGIA / G&EBC,7271.0,5905.0,-1366.0,1366.0
H3,Validação,Baseline Sazonal,2T20,1T21,61,REFINO / RTC,64975.0,68162.0,3187.0,3187.0
H3,Validação,Ridge Contábil,2T20,1T21,61,CORPORATIVO / OUTROS NEGÓCIOS,823.0,552.0360428089352,-270.96395719106476,270.96395719106476
H3,Validação,Ridge Contábil,2T20,1T21,61,E&P,28636.0,25206.160947030512,-3429.839052969488,3429.839052969488
H3,Validação,Ridge Contábil,2T20,1T21,61,GÁS & ENERGIA / G&EBC,7271.0,11651.166478042684,4380.166478042684,4380.166478042684
H3,Validação,Ridge Contábil,2T20,1T21,61,REFINO / RTC,64975.0,51596.83781418875,-13378.162185811248,13378.162185811248
H3,Validação,Ridge + Brent e Câmbio,2T20,1T21,61,CORPORATIVO / OUTROS NEGÓCIOS,823.0,0.0,-823.0,823.0
H3,Validação,Ridge + Brent e Câmbio,2T20,1T21,61,E&P,28636.0,25101.267985127008,-3534.7320148729923,3534.7320148729923
H3,Validação,Ridge + Brent e Câmbio,2T20,1T21,61,GÁS & ENERGIA / G&EBC,7271.0,5503.58209054209,-1767.4179094579104,1767.4179094579104
H3,Validação,Ridge + Brent e Câmbio,2T20,1T21,61,REFINO / RTC,64975.0,51183.07222507747,-13791.92777492253,13791.92777492253
H3,Validação,Random Forest ampliada,2T20,1T21,61,CORPORATIVO / OUTROS NEGÓCIOS,823.0,1760.5815097312166,937.5815097312166,937.5815097312166
H3,Validação,Random Forest ampliada,2T20,1T21,61,E&P,28636.0,25529.740795435995,-3106.259204564005,3106.259204564005
H3,Validação,Random Forest ampliada,2T20,1T21,61,GÁS & ENERGIA / G&EBC,7271.0,6941.851004743351,-329.14899525664896,329.14899525664896
H3,Validação,Random Forest ampliada,2T20,1T21,61,REFINO / RTC,64975.0,48363.95017979591,-16611.04982020409,16611.04982020409
H3,Validação,Random Forest grade original,2T20,1T21,61,CORPORATIVO / OUTROS NEGÓCIOS,823.0,1760.5815097312166,937.5815097312166,937.5815097312166
H3,Validação,Random Forest grade original,2T20,1T21,61,E&P,28636.0,25529.740795435995,-3106.259204564005,3106.259204564005
H3,Validação,Random Forest grade original,2T20,1T21,61,GÁS & ENERGIA / G&EBC,7271.0,6941.851004743351,-329.14899525664896,329.14899525664896
H3,Validação,Random Forest grade original,2T20,1T21,61,REFINO / RTC,64975.0,48363.95017979591,-16611.04982020409,16611.04982020409
H3,Validação,Gradient Boosting,2T20,1T21,61,CORPORATIVO / OUTROS NEGÓCIOS,823.0,1764.0158249375504,941.0158249375504,941.0158249375504
H3,Validação,Gradient Boosting,2T20,1T21,61,E&P,28636.0,22021.303645585394,-6614.696354414606,6614.696354414606
H3,Validação,Gradient Boosting,2T20,1T21,61,GÁS & ENERGIA / G&EBC,7271.0,7153.18825958082,-117.81174041917984,117.81174041917984
H3,Validação,Gradient Boosting,2T20,1T21,61,REFINO / RTC,64975.0,47029.90567735026,-17945.09432264974,17945.09432264974
H3,Validação,Baseline Último,3T20,2T21,62,CORPORATIVO / OUTROS NEGÓCIOS,609.0,1090.0,481.0,481.0
H3,Validação,Baseline Último,3T20,2T21,62,E&P,29667.0,25101.0,-4566.0,4566.0
H3,Validação,Baseline Último,3T20,2T21,62,GÁS & ENERGIA / G&EBC,8748.0,4101.0,-4647.0,4647.0
H3,Validação,Baseline Último,3T20,2T21,62,REFINO / RTC,88246.0,55670.0,-32576.0,32576.0
H3,Validação,Baseline Sazonal,3T20,2T21,62,CORPORATIVO / OUTROS NEGÓCIOS,609.0,1098.0,489.0,489.0
H3,Validação,Baseline Sazonal,3T20,2T21,62,E&P,29667.0,18890.0,-10777.0,10777.0
H3,Validação,Baseline Sazonal,3T20,2T21,62,GÁS & ENERGIA / G&EBC,8748.0,3312.0,-5436.0,5436.0
H3,Validação,Baseline Sazonal,3T20,2T21,62,REFINO / RTC,88246.0,39835.0,-48411.0,48411.0
H3,Validação,Ridge Contábil,3T20,2T21,62,CORPORATIVO / OUTROS NEGÓCIOS,609.0,0.0,-609.0,609.0
H3,Validação,Ridge Contábil,3T20,2T21,62,E&P,29667.0,22007.90410088777,-7659.095899112232,7659.095899112232
H3,Validação,Ridge Contábil,3T20,2T21,62,GÁS & ENERGIA / G&EBC,8748.0,4056.5892438898863,-4691.410756110114,4691.410756110114
H3,Validação,Ridge Contábil,3T20,2T21,62,REFINO / RTC,88246.0,50648.92008735241,-37597.07991264759,37597.07991264759
H3,Validação,Ridge + Brent e Câmbio,3T20,2T21,62,CORPORATIVO / OUTROS NEGÓCIOS,609.0,0.0,-609.0,609.0
H3,Validação,Ridge + Brent e Câmbio,3T20,2T21,62,E&P,29667.0,21855.19158009876,-7811.808419901241,7811.808419901241
H3,Validação,Ridge + Brent e Câmbio,3T20,2T21,62,GÁS & ENERGIA / G&EBC,8748.0,3628.4802577910305,-5119.51974220897,5119.51974220897
H3,Validação,Ridge + Brent e Câmbio,3T20,2T21,62,REFINO / RTC,88246.0,50414.62304979671,-37831.37695020329,37831.37695020329
H3,Validação,Random Forest ampliada,3T20,2T21,62,CORPORATIVO / OUTROS NEGÓCIOS,609.0,1482.8039846034485,873.8039846034485,873.8039846034485
H3,Validação,Random Forest ampliada,3T20,2T21,62,E&P,29667.0,23051.681630272105,-6615.318369727895,6615.318369727895
H3,Validação,Random Forest ampliada,3T20,2T21,62,GÁS & ENERGIA / G&EBC,8748.0,6561.1089765659135,-2186.8910234340865,2186.8910234340865
H3,Validação,Random Forest ampliada,3T20,2T21,62,REFINO / RTC,88246.0,51685.23803062558,-36560.76196937442,36560.76196937442
H3,Validação,Random Forest grade original,3T20,2T21,62,CORPORATIVO / OUTROS NEGÓCIOS,609.0,1482.8039846034485,873.8039846034485,873.8039846034485
H3,Validação,Random Forest grade original,3T20,2T21,62,E&P,29667.0,23051.681630272105,-6615.318369727895,6615.318369727895
H3,Validação,Random Forest grade original,3T20,2T21,62,GÁS & ENERGIA / G&EBC,8748.0,6561.1089765659135,-2186.8910234340865,2186.8910234340865
H3,Validação,Random Forest grade original,3T20,2T21,62,REFINO / RTC,88246.0,51685.23803062558,-36560.76196937442,36560.76196937442
H3,Validação,Gradient Boosting,3T20,2T21,62,CORPORATIVO / OUTROS NEGÓCIOS,609.0,1934.9233949804852,1325.9233949804852,1325.9233949804852
H3,Validação,Gradient Boosting,3T20,2T21,62,E&P,29667.0,24798.83686278711,-4868.16313721289,4868.16313721289
H3,Validação,Gradient Boosting,3T20,2T21,62,GÁS & ENERGIA / G&EBC,8748.0,6429.2425422250435,-2318.7574577749565,2318.7574577749565
H3,Validação,Gradient Boosting,3T20,2T21,62,REFINO / RTC,88246.0,47154.68031748565,-41091.31968251435,41091.31968251435
H3,Validação,Baseline Último,4T20,3T21,63,CORPORATIVO / OUTROS NEGÓCIOS,474.0,1189.0,715.0,715.0
H3,Validação,Baseline Último,4T20,3T21,63,E&P,32983.0,21842.0,-11141.0,11141.0
H3,Validação,Baseline Último,4T20,3T21,63,GÁS & ENERGIA / G&EBC,13938.0,6813.0,-7125.0,7125.0
H3,Validação,Baseline Último,4T20,3T21,63,REFINO / RTC,95546.0,58548.0,-36998.0,36998.0
H3,Validação,Baseline Sazonal,4T20,3T21,63,CORPORATIVO / OUTROS NEGÓCIOS,474.0,1090.0,616.0,616.0
H3,Validação,Baseline Sazonal,4T20,3T21,63,E&P,32983.0,25101.0,-7882.0,7882.0
H3,Validação,Baseline Sazonal,4T20,3T21,63,GÁS & ENERGIA / G&EBC,13938.0,4101.0,-9837.0,9837.0
H3,Validação,Baseline Sazonal,4T20,3T21,63,REFINO / RTC,95546.0,55670.0,-39876.0,39876.0
H3,Validação,Ridge Contábil,4T20,3T21,63,CORPORATIVO / OUTROS NEGÓCIOS,474.0,2115.82759092358,1641.82759092358,1641.82759092358
H3,Validação,Ridge Contábil,4T20,3T21,63,E&P,32983.0,24595.122724549878,-8387.877275450122,8387.877275450122
H3,Validação,Ridge Contábil,4T20,3T21,63,GÁS & ENERGIA / G&EBC,13938.0,6714.717930893361,-7223.282069106639,7223.282069106639
H3,Validação,Ridge Contábil,4T20,3T21,63,REFINO / RTC,95546.0,60116.248566876005,-35429.751433123995,35429.751433123995
H3,Validação,Ridge + Brent e Câmbio,4T20,3T21,63,CORPORATIVO / OUTROS NEGÓCIOS,474.0,2031.0627575149792,1557.0627575149792,1557.0627575149792
H3,Validação,Ridge + Brent e Câmbio,4T20,3T21,63,E&P,32983.0,21536.034292062744,-11446.965707937256,11446.965707937256
H3,Validação,Ridge + Brent e Câmbio,4T20,3T21,63,GÁS & ENERGIA / G&EBC,13938.0,7921.46761865344,-6016.53238134656,6016.53238134656
H3,Validação,Ridge + Brent e Câmbio,4T20,3T21,63,REFINO / RTC,95546.0,61776.20880243345,-33769.79119756655,33769.79119756655
H3,Validação,Random Forest ampliada,4T20,3T21,63,CORPORATIVO / OUTROS NEGÓCIOS,474.0,3606.88701739229,3132.88701739229,3132.88701739229
H3,Validação,Random Forest ampliada,4T20,3T21,63,E&P,32983.0,24719.6623434557,-8263.3376565443,8263.3376565443
H3,Validação,Random Forest ampliada,4T20,3T21,63,GÁS & ENERGIA / G&EBC,13938.0,6763.58111679374,-7174.41888320626,7174.41888320626
H3,Validação,Random Forest ampliada,4T20,3T21,63,REFINO / RTC,95546.0,50705.90245447497,-44840.09754552503,44840.09754552503
H3,Validação,Random Forest grade original,4T20,3T21,63,CORPORATIVO / OUTROS NEGÓCIOS,474.0,3606.88701739229,3132.88701739229,3132.88701739229
H3,Validação,Random Forest grade original,4T20,3T21,63,E&P,32983.0,24719.6623434557,-8263.3376565443,8263.3376565443
H3,Validação,Random Forest grade original,4T20,3T21,63,GÁS & ENERGIA / G&EBC,13938.0,6763.58111679374,-7174.41888320626,7174.41888320626
H3,Validação,Random Forest grade original,4T20,3T21,63,REFINO / RTC,95546.0,50705.90245447497,-44840.09754552503,44840.09754552503
H3,Validação,Gradient Boosting,4T20,3T21,63,CORPORATIVO / OUTROS NEGÓCIOS,474.0,4054.886700956258,3580.886700956258,3580.886700956258
H3,Validação,Gradient Boosting,4T20,3T21,63,E&P,32983.0,23652.005743559173,-9330.994256440827,9330.994256440827
H3,Validação,Gradient Boosting,4T20,3T21,63,GÁS & ENERGIA / G&EBC,13938.0,7486.15281757551,-6451.84718242449,6451.84718242449
H3,Validação,Gradient Boosting,4T20,3T21,63,REFINO / RTC,95546.0,53192.05193077891,-42353.94806922109,42353.94806922109
H3,Validação,Baseline Último,1T21,4T21,64,CORPORATIVO / OUTROS NEGÓCIOS,824.0,823.0,-1.0,1.0
H3,Validação,Baseline Último,1T21,4T21,64,E&P,36464.0,28636.0,-7828.0,7828.0
H3,Validação,Baseline Último,1T21,4T21,64,GÁS & ENERGIA / G&EBC,21435.0,7271.0,-14164.0,14164.0
H3,Validação,Baseline Último,1T21,4T21,64,REFINO / RTC,104838.0,64975.0,-39863.0,39863.0
H3,Validação,Baseline Sazonal,1T21,4T21,64,CORPORATIVO / OUTROS NEGÓCIOS,824.0,1189.0,365.0,365.0
H3,Validação,Baseline Sazonal,1T21,4T21,64,E&P,36464.0,21842.0,-14622.0,14622.0
H3,Validação,Baseline Sazonal,1T21,4T21,64,GÁS & ENERGIA / G&EBC,21435.0,6813.0,-14622.0,14622.0
H3,Validação,Baseline Sazonal,1T21,4T21,64,REFINO / RTC,104838.0,58548.0,-46290.0,46290.0
H3,Validação,Ridge Contábil,1T21,4T21,64,CORPORATIVO / OUTROS NEGÓCIOS,824.0,200.41038206626035,-623.5896179337396,623.5896179337396
H3,Validação,Ridge Contábil,1T21,4T21,64,E&P,36464.0,15738.39816986711,-20725.601830132888,20725.601830132888
H3,Validação,Ridge Contábil,1T21,4T21,64,GÁS & ENERGIA / G&EBC,21435.0,7574.353475252421,-13860.646524747579,13860.646524747579
H3,Validação,Ridge Contábil,1T21,4T21,64,REFINO / RTC,104838.0,63962.57794896694,-40875.42205103306,40875.42205103306
H3,Validação,Ridge + Brent e Câmbio,1T21,4T21,64,CORPORATIVO / OUTROS NEGÓCIOS,824.0,2408.9753926740523,1584.9753926740523,1584.9753926740523
H3,Validação,Ridge + Brent e Câmbio,1T21,4T21,64,E&P,36464.0,13598.294046790477,-22865.705953209523,22865.705953209523
H3,Validação,Ridge + Brent e Câmbio,1T21,4T21,64,GÁS & ENERGIA / G&EBC,21435.0,10906.435683612133,-10528.564316387867,10528.564316387867
H3,Validação,Ridge + Brent e Câmbio,1T21,4T21,64,REFINO / RTC,104838.0,67129.91526947943,-37708.08473052057,37708.08473052057
H3,Validação,Random Forest ampliada,1T21,4T21,64,CORPORATIVO / OUTROS NEGÓCIOS,824.0,1301.389130885556,477.3891308855559,477.3891308855559
H3,Validação,Random Forest ampliada,1T21,4T21,64,E&P,36464.0,27978.934259720732,-8485.065740279268,8485.065740279268
H3,Validação,Random Forest ampliada,1T21,4T21,64,GÁS & ENERGIA / G&EBC,21435.0,7941.3343098985215,-13493.66569010148,13493.66569010148
H3,Validação,Random Forest ampliada,1T21,4T21,64,REFINO / RTC,104838.0,55116.19874986586,-49721.80125013414,49721.80125013414
H3,Validação,Random Forest grade original,1T21,4T21,64,CORPORATIVO / OUTROS NEGÓCIOS,824.0,1301.389130885556,477.3891308855559,477.3891308855559
H3,Validação,Random Forest grade original,1T21,4T21,64,E&P,36464.0,27978.934259720732,-8485.065740279268,8485.065740279268
H3,Validação,Random Forest grade original,1T21,4T21,64,GÁS & ENERGIA / G&EBC,21435.0,7941.3343098985215,-13493.66569010148,13493.66569010148
H3,Validação,Random Forest grade original,1T21,4T21,64,REFINO / RTC,104838.0,55116.19874986586,-49721.80125013414,49721.80125013414
H3,Validação,Gradient Boosting,1T21,4T21,64,CORPORATIVO / OUTROS NEGÓCIOS,824.0,2341.385140491422,1517.3851404914221,1517.3851404914221
H3,Validação,Gradient Boosting,1T21,4T21,64,E&P,36464.0,26858.381204298847,-9605.618795701153,9605.618795701153
H3,Validação,Gradient Boosting,1T21,4T21,64,GÁS & ENERGIA / G&EBC,21435.0,8302.951176752522,-13132.048823247478,13132.048823247478
H3,Validação,Gradient Boosting,1T21,4T21,64,REFINO / RTC,104838.0,55085.09303933817,-49752.90696066183,49752.90696066183
H3,Validação,Baseline Último,2T21,1T22,65,CORPORATIVO / OUTROS NEGÓCIOS,649.0,609.0,-40.0,40.0
H3,Validação,Baseline Último,2T21,1T22,65,E&P,40112.0,29667.0,-10445.0,10445.0
H3,Validação,Baseline Último,2T21,1T22,65,GÁS & ENERGIA / G&EBC,15272.0,8748.0,-6524.0,6524.0
H3,Validação,Baseline Último,2T21,1T22,65,REFINO / RTC,112165.0,88246.0,-23919.0,23919.0
H3,Validação,Baseline Sazonal,2T21,1T22,65,CORPORATIVO / OUTROS NEGÓCIOS,649.0,823.0,174.0,174.0
H3,Validação,Baseline Sazonal,2T21,1T22,65,E&P,40112.0,28636.0,-11476.0,11476.0
H3,Validação,Baseline Sazonal,2T21,1T22,65,GÁS & ENERGIA / G&EBC,15272.0,7271.0,-8001.0,8001.0
H3,Validação,Baseline Sazonal,2T21,1T22,65,REFINO / RTC,112165.0,64975.0,-47190.0,47190.0
H3,Validação,Ridge Contábil,2T21,1T22,65,CORPORATIVO / OUTROS NEGÓCIOS,649.0,684.058353061966,35.058353061966045,35.058353061966045
H3,Validação,Ridge Contábil,2T21,1T22,65,E&P,40112.0,22829.562005789838,-17282.437994210162,17282.437994210162
H3,Validação,Ridge Contábil,2T21,1T22,65,GÁS & ENERGIA / G&EBC,15272.0,7246.614442859349,-8025.385557140651,8025.385557140651
H3,Validação,Ridge Contábil,2T21,1T22,65,REFINO / RTC,112165.0,70760.6458840572,-41404.3541159428,41404.3541159428
H3,Validação,Ridge + Brent e Câmbio,2T21,1T22,65,CORPORATIVO / OUTROS NEGÓCIOS,649.0,5619.003423667396,4970.003423667396,4970.003423667396
H3,Validação,Ridge + Brent e Câmbio,2T21,1T22,65,E&P,40112.0,30467.553895117304,-9644.446104882696,9644.446104882696
H3,Validação,Ridge + Brent e Câmbio,2T21,1T22,65,GÁS & ENERGIA / G&EBC,15272.0,11872.74601964196,-3399.2539803580403,3399.2539803580403
H3,Validação,Ridge + Brent e Câmbio,2T21,1T22,65,REFINO / RTC,112165.0,71771.47056647703,-40393.52943352297,40393.52943352297
H3,Validação,Random Forest ampliada,2T21,1T22,65,CORPORATIVO / OUTROS NEGÓCIOS,649.0,1595.7716912432797,946.7716912432797,946.7716912432797
H3,Validação,Random Forest ampliada,2T21,1T22,65,E&P,40112.0,27291.59384212121,-12820.406157878791,12820.406157878791
H3,Validação,Random Forest ampliada,2T21,1T22,65,GÁS & ENERGIA / G&EBC,15272.0,8739.375647025574,-6532.624352974426,6532.624352974426
H3,Validação,Random Forest ampliada,2T21,1T22,65,REFINO / RTC,112165.0,58636.72369508203,-53528.27630491797,53528.27630491797
H3,Validação,Random Forest grade original,2T21,1T22,65,CORPORATIVO / OUTROS NEGÓCIOS,649.0,1595.7716912432797,946.7716912432797,946.7716912432797
H3,Validação,Random Forest grade original,2T21,1T22,65,E&P,40112.0,27291.59384212121,-12820.406157878791,12820.406157878791
H3,Validação,Random Forest grade original,2T21,1T22,65,GÁS & ENERGIA / G&EBC,15272.0,8739.375647025574,-6532.624352974426,6532.624352974426
H3,Validação,Random Forest grade original,2T21,1T22,65,REFINO / RTC,112165.0,58636.72369508203,-53528.27630491797,53528.27630491797
H3,Validação,Gradient Boosting,2T21,1T22,65,CORPORATIVO / OUTROS NEGÓCIOS,649.0,1912.3027639961974,1263.3027639961974,1263.3027639961974
H3,Validação,Gradient Boosting,2T21,1T22,65,E&P,40112.0,25148.015096661875,-14963.984903338125,14963.984903338125
H3,Validação,Gradient Boosting,2T21,1T22,65,GÁS & ENERGIA / G&EBC,15272.0,9130.683954749851,-6141.316045250149,6141.316045250149
H3,Validação,Gradient Boosting,2T21,1T22,65,REFINO / RTC,112165.0,61011.48264901284,-51153.51735098716,51153.51735098716
H3,Validação,Baseline Último,3T21,2T22,66,CORPORATIVO / OUTROS NEGÓCIOS,729.0,474.0,-255.0,255.0
H3,Validação,Baseline Último,3T21,2T22,66,E&P,40228.0,32983.0,-7245.0,7245.0
H3,Validação,Baseline Último,3T21,2T22,66,GÁS & ENERGIA / G&EBC,11677.0,13938.0,2261.0,2261.0
H3,Validação,Baseline Último,3T21,2T22,66,REFINO / RTC,131897.0,95546.0,-36351.0,36351.0
H3,Validação,Baseline Sazonal,3T21,2T22,66,CORPORATIVO / OUTROS NEGÓCIOS,729.0,609.0,-120.0,120.0
H3,Validação,Baseline Sazonal,3T21,2T22,66,E&P,40228.0,29667.0,-10561.0,10561.0
H3,Validação,Baseline Sazonal,3T21,2T22,66,GÁS & ENERGIA / G&EBC,11677.0,8748.0,-2929.0,2929.0
H3,Validação,Baseline Sazonal,3T21,2T22,66,REFINO / RTC,131897.0,88246.0,-43651.0,43651.0
H3,Validação,Ridge Contábil,3T21,2T22,66,CORPORATIVO / OUTROS NEGÓCIOS,729.0,0.0,-729.0,729.0
H3,Validação,Ridge Contábil,3T21,2T22,66,E&P,40228.0,39902.21835348074,-325.7816465192591,325.7816465192591
H3,Validação,Ridge Contábil,3T21,2T22,66,GÁS & ENERGIA / G&EBC,11677.0,12023.546277384075,346.54627738407544,346.54627738407544
H3,Validação,Ridge Contábil,3T21,2T22,66,REFINO / RTC,131897.0,89956.61489076528,-41940.38510923472,41940.38510923472
H3,Validação,Ridge + Brent e Câmbio,3T21,2T22,66,CORPORATIVO / OUTROS NEGÓCIOS,729.0,4757.280067155058,4028.2800671550576,4028.2800671550576
H3,Validação,Ridge + Brent e Câmbio,3T21,2T22,66,E&P,40228.0,37606.91963887918,-2621.0803611208175,2621.0803611208175
H3,Validação,Ridge + Brent e Câmbio,3T21,2T22,66,GÁS & ENERGIA / G&EBC,11677.0,15674.382211734424,3997.3822117344243,3997.3822117344243
H3,Validação,Ridge + Brent e Câmbio,3T21,2T22,66,REFINO / RTC,131897.0,90115.50557913604,-41781.494420863964,41781.494420863964
H3,Validação,Random Forest ampliada,3T21,2T22,66,CORPORATIVO / OUTROS NEGÓCIOS,729.0,1226.1855133697838,497.18551336978385,497.18551336978385
H3,Validação,Random Forest ampliada,3T21,2T22,66,E&P,40228.0,31958.019467959188,-8269.980532040812,8269.980532040812
H3,Validação,Random Forest ampliada,3T21,2T22,66,GÁS & ENERGIA / G&EBC,11677.0,12880.645932513913,1203.645932513913,1203.645932513913
H3,Validação,Random Forest ampliada,3T21,2T22,66,REFINO / RTC,131897.0,72986.04748988457,-58910.95251011543,58910.95251011543
H3,Validação,Random Forest grade original,3T21,2T22,66,CORPORATIVO / OUTROS NEGÓCIOS,729.0,1226.1855133697838,497.18551336978385,497.18551336978385
H3,Validação,Random Forest grade original,3T21,2T22,66,E&P,40228.0,31958.019467959188,-8269.980532040812,8269.980532040812
H3,Validação,Random Forest grade original,3T21,2T22,66,GÁS & ENERGIA / G&EBC,11677.0,12880.645932513913,1203.645932513913,1203.645932513913
H3,Validação,Random Forest grade original,3T21,2T22,66,REFINO / RTC,131897.0,72986.04748988457,-58910.95251011543,58910.95251011543
H3,Validação,Gradient Boosting,3T21,2T22,66,CORPORATIVO / OUTROS NEGÓCIOS,729.0,1716.8402590831647,987.8402590831647,987.8402590831647
H3,Validação,Gradient Boosting,3T21,2T22,66,E&P,40228.0,30417.67566613169,-9810.32433386831,9810.32433386831
H3,Validação,Gradient Boosting,3T21,2T22,66,GÁS & ENERGIA / G&EBC,11677.0,10656.16215756486,-1020.8378424351395,1020.8378424351395
H3,Validação,Gradient Boosting,3T21,2T22,66,REFINO / RTC,131897.0,71177.50602354256,-60719.49397645744,60719.49397645744
H3,Validação,Baseline Último,4T21,3T22,67,CORPORATIVO / OUTROS NEGÓCIOS,711.0,824.0,113.0,113.0
H3,Validação,Baseline Último,4T21,3T22,67,E&P,39049.0,36464.0,-2585.0,2585.0
H3,Validação,Baseline Último,4T21,3T22,67,GÁS & ENERGIA / G&EBC,13849.0,21435.0,7586.0,7586.0
H3,Validação,Baseline Último,4T21,3T22,67,REFINO / RTC,139607.0,104838.0,-34769.0,34769.0
H3,Validação,Baseline Sazonal,4T21,3T22,67,CORPORATIVO / OUTROS NEGÓCIOS,711.0,474.0,-237.0,237.0
H3,Validação,Baseline Sazonal,4T21,3T22,67,E&P,39049.0,32983.0,-6066.0,6066.0
H3,Validação,Baseline Sazonal,4T21,3T22,67,GÁS & ENERGIA / G&EBC,13849.0,13938.0,89.0,89.0
H3,Validação,Baseline Sazonal,4T21,3T22,67,REFINO / RTC,139607.0,95546.0,-44061.0,44061.0
H3,Validação,Ridge Contábil,4T21,3T22,67,CORPORATIVO / OUTROS NEGÓCIOS,711.0,2320.5667962059724,1609.5667962059724,1609.5667962059724
H3,Validação,Ridge Contábil,4T21,3T22,67,E&P,39049.0,52791.97464440699,13742.97464440699,13742.97464440699
H3,Validação,Ridge Contábil,4T21,3T22,67,GÁS & ENERGIA / G&EBC,13849.0,19909.199206122772,6060.199206122772,6060.199206122772
H3,Validação,Ridge Contábil,4T21,3T22,67,REFINO / RTC,139607.0,110162.39549928503,-29444.604500714966,29444.604500714966
H3,Validação,Ridge + Brent e Câmbio,4T21,3T22,67,CORPORATIVO / OUTROS NEGÓCIOS,711.0,7596.565191609758,6885.565191609758,6885.565191609758
H3,Validação,Ridge + Brent e Câmbio,4T21,3T22,67,E&P,39049.0,48627.46637823795,9578.46637823795,9578.46637823795
H3,Validação,Ridge + Brent e Câmbio,4T21,3T22,67,GÁS & ENERGIA / G&EBC,13849.0,22997.610353065724,9148.610353065724,9148.610353065724
H3,Validação,Ridge + Brent e Câmbio,4T21,3T22,67,REFINO / RTC,139607.0,107168.3399108101,-32438.6600891899,32438.6600891899
H3,Validação,Random Forest ampliada,4T21,3T22,67,CORPORATIVO / OUTROS NEGÓCIOS,711.0,820.7583089673818,109.75830896738182,109.75830896738182
H3,Validação,Random Forest ampliada,4T21,3T22,67,E&P,39049.0,37318.042184437545,-1730.957815562455,1730.957815562455
H3,Validação,Random Forest ampliada,4T21,3T22,67,GÁS & ENERGIA / G&EBC,13849.0,13968.48885695011,119.48885695011086,119.48885695011086
H3,Validação,Random Forest ampliada,4T21,3T22,67,REFINO / RTC,139607.0,87082.5893197279,-52524.41068027211,52524.41068027211
H3,Validação,Random Forest grade original,4T21,3T22,67,CORPORATIVO / OUTROS NEGÓCIOS,711.0,820.7583089673818,109.75830896738182,109.75830896738182
H3,Validação,Random Forest grade original,4T21,3T22,67,E&P,39049.0,37318.042184437545,-1730.957815562455,1730.957815562455
H3,Validação,Random Forest grade original,4T21,3T22,67,GÁS & ENERGIA / G&EBC,13849.0,13968.48885695011,119.48885695011086,119.48885695011086
H3,Validação,Random Forest grade original,4T21,3T22,67,REFINO / RTC,139607.0,87082.5893197279,-52524.41068027211,52524.41068027211
H3,Validação,Gradient Boosting,4T21,3T22,67,CORPORATIVO / OUTROS NEGÓCIOS,711.0,2129.0271227217836,1418.0271227217836,1418.0271227217836
H3,Validação,Gradient Boosting,4T21,3T22,67,E&P,39049.0,35039.252983799015,-4009.747016200985,4009.747016200985
H3,Validação,Gradient Boosting,4T21,3T22,67,GÁS & ENERGIA / G&EBC,13849.0,15963.415537195318,2114.4155371953184,2114.4155371953184
H3,Validação,Gradient Boosting,4T21,3T22,67,REFINO / RTC,139607.0,93130.98653861391,-46476.01346138609,46476.01346138609
H3,Validação,Baseline Último,1T22,4T22,68,CORPORATIVO / OUTROS NEGÓCIOS,600.0,649.0,49.0,49.0
H3,Validação,Baseline Último,1T22,4T22,68,E&P,37757.0,40112.0,2355.0,2355.0
H3,Validação,Baseline Último,1T22,4T22,68,GÁS & ENERGIA / G&EBC,13772.0,15272.0,1500.0,1500.0
H3,Validação,Baseline Último,1T22,4T22,68,REFINO / RTC,127264.0,112165.0,-15099.0,15099.0
H3,Validação,Baseline Sazonal,1T22,4T22,68,CORPORATIVO / OUTROS NEGÓCIOS,600.0,824.0,224.0,224.0
H3,Validação,Baseline Sazonal,1T22,4T22,68,E&P,37757.0,36464.0,-1293.0,1293.0
H3,Validação,Baseline Sazonal,1T22,4T22,68,GÁS & ENERGIA / G&EBC,13772.0,21435.0,7663.0,7663.0
H3,Validação,Baseline Sazonal,1T22,4T22,68,REFINO / RTC,127264.0,104838.0,-22426.0,22426.0
H3,Validação,Ridge Contábil,1T22,4T22,68,CORPORATIVO / OUTROS NEGÓCIOS,600.0,1548.9467471321732,948.9467471321732,948.9467471321732
H3,Validação,Ridge Contábil,1T22,4T22,68,E&P,37757.0,62082.407030482354,24325.407030482354,24325.407030482354
H3,Validação,Ridge Contábil,1T22,4T22,68,GÁS & ENERGIA / G&EBC,13772.0,18296.63399470283,4524.633994702828,4524.633994702828
H3,Validação,Ridge Contábil,1T22,4T22,68,REFINO / RTC,127264.0,124007.78245870899,-3256.2175412910146,3256.2175412910146
H3,Validação,Ridge + Brent e Câmbio,1T22,4T22,68,CORPORATIVO / OUTROS NEGÓCIOS,600.0,6398.558747508951,5798.558747508951,5798.558747508951
H3,Validação,Ridge + Brent e Câmbio,1T22,4T22,68,E&P,37757.0,58487.61786350879,20730.617863508793,20730.617863508793
H3,Validação,Ridge + Brent e Câmbio,1T22,4T22,68,GÁS & ENERGIA / G&EBC,13772.0,22196.586125093505,8424.586125093505,8424.586125093505
H3,Validação,Ridge + Brent e Câmbio,1T22,4T22,68,REFINO / RTC,127264.0,119625.85038215015,-7638.149617849849,7638.149617849849
H3,Validação,Random Forest ampliada,1T22,4T22,68,CORPORATIVO / OUTROS NEGÓCIOS,600.0,727.1006451706068,127.10064517060675,127.10064517060675
H3,Validação,Random Forest ampliada,1T22,4T22,68,E&P,37757.0,47123.27685333333,9366.27685333333,9366.27685333333
H3,Validação,Random Forest ampliada,1T22,4T22,68,GÁS & ENERGIA / G&EBC,13772.0,17359.20977244129,3587.209772441289,3587.209772441289
H3,Validação,Random Forest ampliada,1T22,4T22,68,REFINO / RTC,127264.0,93227.81968253969,-34036.18031746031,34036.18031746031
H3,Validação,Random Forest grade original,1T22,4T22,68,CORPORATIVO / OUTROS NEGÓCIOS,600.0,727.1006451706068,127.10064517060675,127.10064517060675
H3,Validação,Random Forest grade original,1T22,4T22,68,E&P,37757.0,47123.27685333333,9366.27685333333,9366.27685333333
H3,Validação,Random Forest grade original,1T22,4T22,68,GÁS & ENERGIA / G&EBC,13772.0,17359.20977244129,3587.209772441289,3587.209772441289
H3,Validação,Random Forest grade original,1T22,4T22,68,REFINO / RTC,127264.0,93227.81968253969,-34036.18031746031,34036.18031746031
H3,Validação,Gradient Boosting,1T22,4T22,68,CORPORATIVO / OUTROS NEGÓCIOS,600.0,1724.4749483158248,1124.4749483158248,1124.4749483158248
H3,Validação,Gradient Boosting,1T22,4T22,68,E&P,37757.0,39530.96359310774,1773.9635931077428,1773.9635931077428
H3,Validação,Gradient Boosting,1T22,4T22,68,GÁS & ENERGIA / G&EBC,13772.0,17963.324825708307,4191.324825708307,4191.324825708307
H3,Validação,Gradient Boosting,1T22,4T22,68,REFINO / RTC,127264.0,107609.68266510006,-19654.31733489994,19654.31733489994
H3,Teste,Baseline Último,2T22,1T23,69,CORPORATIVO / OUTROS NEGÓCIOS,398.0,729.0,331.0,331.0
H3,Teste,Baseline Último,2T22,1T23,69,E&P,33143.0,40228.0,7085.0,7085.0
H3,Teste,Baseline Último,2T22,1T23,69,GÁS & ENERGIA / G&EBC,7621.0,11677.0,4056.0,4056.0
H3,Teste,Baseline Último,2T22,1T23,69,REFINO / RTC,113603.0,131897.0,18294.0,18294.0
H3,Teste,Baseline Sazonal,2T22,1T23,69,CORPORATIVO / OUTROS NEGÓCIOS,398.0,649.0,251.0,251.0
H3,Teste,Baseline Sazonal,2T22,1T23,69,E&P,33143.0,40112.0,6969.0,6969.0
H3,Teste,Baseline Sazonal,2T22,1T23,69,GÁS & ENERGIA / G&EBC,7621.0,15272.0,7651.0,7651.0
H3,Teste,Baseline Sazonal,2T22,1T23,69,REFINO / RTC,113603.0,112165.0,-1438.0,1438.0
H3,Teste,Ridge Contábil,2T22,1T23,69,CORPORATIVO / OUTROS NEGÓCIOS,398.0,504.8998872059965,106.89988720599649,106.89988720599649
H3,Teste,Ridge Contábil,2T22,1T23,69,E&P,33143.0,56627.511542853914,23484.511542853914,23484.511542853914
H3,Teste,Ridge Contábil,2T22,1T23,69,GÁS & ENERGIA / G&EBC,7621.0,14326.99129511509,6705.991295115091,6705.991295115091
H3,Teste,Ridge Contábil,2T22,1T23,69,REFINO / RTC,113603.0,142124.8205942479,28521.820594247896,28521.820594247896
H3,Teste,Ridge + Brent e Câmbio,2T22,1T23,69,CORPORATIVO / OUTROS NEGÓCIOS,398.0,1407.0098129217768,1009.0098129217768,1009.0098129217768
H3,Teste,Ridge + Brent e Câmbio,2T22,1T23,69,E&P,33143.0,52253.38675266357,19110.386752663573,19110.386752663573
H3,Teste,Ridge + Brent e Câmbio,2T22,1T23,69,GÁS & ENERGIA / G&EBC,7621.0,14510.552617963787,6889.552617963787,6889.552617963787
H3,Teste,Ridge + Brent e Câmbio,2T22,1T23,69,REFINO / RTC,113603.0,131727.12174316347,18124.121743163472,18124.121743163472
H3,Teste,Random Forest ampliada,2T22,1T23,69,CORPORATIVO / OUTROS NEGÓCIOS,398.0,703.0132153846155,305.0132153846155,305.0132153846155
H3,Teste,Random Forest ampliada,2T22,1T23,69,E&P,33143.0,59412.15666530613,26269.15666530613,26269.15666530613
H3,Teste,Random Forest ampliada,2T22,1T23,69,GÁS & ENERGIA / G&EBC,7621.0,15171.430155431342,7550.430155431342,7550.430155431342
H3,Teste,Random Forest ampliada,2T22,1T23,69,REFINO / RTC,113603.0,113908.8157142857,305.8157142856944,305.8157142856944
H3,Teste,Random Forest grade original,2T22,1T23,69,CORPORATIVO / OUTROS NEGÓCIOS,398.0,703.0132153846155,305.0132153846155,305.0132153846155
H3,Teste,Random Forest grade original,2T22,1T23,69,E&P,33143.0,59412.15666530613,26269.15666530613,26269.15666530613
H3,Teste,Random Forest grade original,2T22,1T23,69,GÁS & ENERGIA / G&EBC,7621.0,15171.430155431342,7550.430155431342,7550.430155431342
H3,Teste,Random Forest grade original,2T22,1T23,69,REFINO / RTC,113603.0,113908.8157142857,305.8157142856944,305.8157142856944
H3,Teste,Gradient Boosting,2T22,1T23,69,CORPORATIVO / OUTROS NEGÓCIOS,398.0,1944.1871773849316,1546.1871773849316,1546.1871773849316
H3,Teste,Gradient Boosting,2T22,1T23,69,E&P,33143.0,40703.92151841929,7560.921518419287,7560.921518419287
H3,Teste,Gradient Boosting,2T22,1T23,69,GÁS & ENERGIA / G&EBC,7621.0,14553.307632135324,6932.307632135324,6932.307632135324
H3,Teste,Gradient Boosting,2T22,1T23,69,REFINO / RTC,113603.0,110724.65741284385,-2878.3425871561485,2878.3425871561485
H3,Teste,Baseline Último,3T22,2T23,70,CORPORATIVO / OUTROS NEGÓCIOS,431.0,711.0,280.0,280.0
H3,Teste,Baseline Último,3T22,2T23,70,E&P,30276.0,39049.0,8773.0,8773.0
H3,Teste,Baseline Último,3T22,2T23,70,GÁS & ENERGIA / G&EBC,8051.0,13849.0,5798.0,5798.0
H3,Teste,Baseline Último,3T22,2T23,70,REFINO / RTC,95709.0,139607.0,43898.0,43898.0
H3,Teste,Baseline Sazonal,3T22,2T23,70,CORPORATIVO / OUTROS NEGÓCIOS,431.0,729.0,298.0,298.0
H3,Teste,Baseline Sazonal,3T22,2T23,70,E&P,30276.0,40228.0,9952.0,9952.0
H3,Teste,Baseline Sazonal,3T22,2T23,70,GÁS & ENERGIA / G&EBC,8051.0,11677.0,3626.0,3626.0
H3,Teste,Baseline Sazonal,3T22,2T23,70,REFINO / RTC,95709.0,131897.0,36188.0,36188.0
H3,Teste,Ridge Contábil,3T22,2T23,70,CORPORATIVO / OUTROS NEGÓCIOS,431.0,0.0,-431.0,431.0
H3,Teste,Ridge Contábil,3T22,2T23,70,E&P,30276.0,41830.18996877807,11554.189968778068,11554.189968778068
H3,Teste,Ridge Contábil,3T22,2T23,70,GÁS & ENERGIA / G&EBC,8051.0,13321.088381777048,5270.088381777048,5270.088381777048
H3,Teste,Ridge Contábil,3T22,2T23,70,REFINO / RTC,95709.0,135736.99027281426,40027.99027281426,40027.99027281426
H3,Teste,Ridge + Brent e Câmbio,3T22,2T23,70,CORPORATIVO / OUTROS NEGÓCIOS,431.0,0.0,-431.0,431.0
H3,Teste,Ridge + Brent e Câmbio,3T22,2T23,70,E&P,30276.0,41441.72197267039,11165.721972670392,11165.721972670392
H3,Teste,Ridge + Brent e Câmbio,3T22,2T23,70,GÁS & ENERGIA / G&EBC,8051.0,11692.616925128264,3641.6169251282645,3641.6169251282645
H3,Teste,Ridge + Brent e Câmbio,3T22,2T23,70,REFINO / RTC,95709.0,132862.58476884133,37153.584768841334,37153.584768841334
H3,Teste,Random Forest ampliada,3T22,2T23,70,CORPORATIVO / OUTROS NEGÓCIOS,431.0,462.5533672927127,31.55336729271272,31.55336729271272
H3,Teste,Random Forest ampliada,3T22,2T23,70,E&P,30276.0,44374.59728979592,14098.597289795922,14098.597289795922
H3,Teste,Random Forest ampliada,3T22,2T23,70,GÁS & ENERGIA / G&EBC,8051.0,13510.17976310705,5459.179763107049,5459.179763107049
H3,Teste,Random Forest ampliada,3T22,2T23,70,REFINO / RTC,95709.0,110398.62571428575,14689.62571428575,14689.62571428575
H3,Teste,Random Forest grade original,3T22,2T23,70,CORPORATIVO / OUTROS NEGÓCIOS,431.0,462.5533672927127,31.55336729271272,31.55336729271272
H3,Teste,Random Forest grade original,3T22,2T23,70,E&P,30276.0,44374.59728979592,14098.597289795922,14098.597289795922
H3,Teste,Random Forest grade original,3T22,2T23,70,GÁS & ENERGIA / G&EBC,8051.0,13510.17976310705,5459.179763107049,5459.179763107049
H3,Teste,Random Forest grade original,3T22,2T23,70,REFINO / RTC,95709.0,110398.62571428575,14689.62571428575,14689.62571428575
H3,Teste,Gradient Boosting,3T22,2T23,70,CORPORATIVO / OUTROS NEGÓCIOS,431.0,1749.511990383679,1318.511990383679,1318.511990383679
H3,Teste,Gradient Boosting,3T22,2T23,70,E&P,30276.0,38018.2579088564,7742.257908856402,7742.257908856402
H3,Teste,Gradient Boosting,3T22,2T23,70,GÁS & ENERGIA / G&EBC,8051.0,15998.791423372237,7947.791423372237,7947.791423372237
H3,Teste,Gradient Boosting,3T22,2T23,70,REFINO / RTC,95709.0,114632.35350717686,18923.353507176857,18923.353507176857
H3,Teste,Baseline Último,4T22,3T23,71,CORPORATIVO / OUTROS NEGÓCIOS,445.0,600.0,155.0,155.0
H3,Teste,Baseline Último,4T22,3T23,71,E&P,34911.0,37757.0,2846.0,2846.0
H3,Teste,Baseline Último,4T22,3T23,71,GÁS & ENERGIA / G&EBC,5694.0,13772.0,8078.0,8078.0
H3,Teste,Baseline Último,4T22,3T23,71,REFINO / RTC,104515.0,127264.0,22749.0,22749.0
H3,Teste,Baseline Sazonal,4T22,3T23,71,CORPORATIVO / OUTROS NEGÓCIOS,445.0,711.0,266.0,266.0
H3,Teste,Baseline Sazonal,4T22,3T23,71,E&P,34911.0,39049.0,4138.0,4138.0
H3,Teste,Baseline Sazonal,4T22,3T23,71,GÁS & ENERGIA / G&EBC,5694.0,13849.0,8155.0,8155.0
H3,Teste,Baseline Sazonal,4T22,3T23,71,REFINO / RTC,104515.0,139607.0,35092.0,35092.0
H3,Teste,Ridge Contábil,4T22,3T23,71,CORPORATIVO / OUTROS NEGÓCIOS,445.0,1108.169838774087,663.1698387740871,663.1698387740871
H3,Teste,Ridge Contábil,4T22,3T23,71,E&P,34911.0,31242.172860232873,-3668.827139767127,3668.827139767127
H3,Teste,Ridge Contábil,4T22,3T23,71,GÁS & ENERGIA / G&EBC,5694.0,10815.993812473074,5121.993812473074,5121.993812473074
H3,Teste,Ridge Contábil,4T22,3T23,71,REFINO / RTC,104515.0,117104.13190477745,12589.131904777445,12589.131904777445
H3,Teste,Ridge + Brent e Câmbio,4T22,3T23,71,CORPORATIVO / OUTROS NEGÓCIOS,445.0,1952.1513433296604,1507.1513433296604,1507.1513433296604
H3,Teste,Ridge + Brent e Câmbio,4T22,3T23,71,E&P,34911.0,38546.06026674037,3635.0602667403728,3635.0602667403728
H3,Teste,Ridge + Brent e Câmbio,4T22,3T23,71,GÁS & ENERGIA / G&EBC,5694.0,13839.160857977462,8145.160857977462,8145.160857977462
H3,Teste,Ridge + Brent e Câmbio,4T22,3T23,71,REFINO / RTC,104515.0,122158.95339860032,17643.953398600323,17643.953398600323
H3,Teste,Random Forest ampliada,4T22,3T23,71,CORPORATIVO / OUTROS NEGÓCIOS,445.0,446.286783304654,1.2867833046540227,1.2867833046540227
H3,Teste,Random Forest ampliada,4T22,3T23,71,E&P,34911.0,41378.83653116883,6467.836531168832,6467.836531168832
H3,Teste,Random Forest ampliada,4T22,3T23,71,GÁS & ENERGIA / G&EBC,5694.0,17539.73961616222,11845.73961616222,11845.73961616222
H3,Teste,Random Forest ampliada,4T22,3T23,71,REFINO / RTC,104515.0,102211.40465605442,-2303.595343945577,2303.595343945577
H3,Teste,Random Forest grade original,4T22,3T23,71,CORPORATIVO / OUTROS NEGÓCIOS,445.0,446.286783304654,1.2867833046540227,1.2867833046540227
H3,Teste,Random Forest grade original,4T22,3T23,71,E&P,34911.0,41378.83653116883,6467.836531168832,6467.836531168832
H3,Teste,Random Forest grade original,4T22,3T23,71,GÁS & ENERGIA / G&EBC,5694.0,17539.73961616222,11845.73961616222,11845.73961616222
H3,Teste,Random Forest grade original,4T22,3T23,71,REFINO / RTC,104515.0,102211.40465605442,-2303.595343945577,2303.595343945577
H3,Teste,Gradient Boosting,4T22,3T23,71,CORPORATIVO / OUTROS NEGÓCIOS,445.0,1879.4351868342867,1434.4351868342867,1434.4351868342867
H3,Teste,Gradient Boosting,4T22,3T23,71,E&P,34911.0,34453.85047664358,-457.1495233564201,457.1495233564201
H3,Teste,Gradient Boosting,4T22,3T23,71,GÁS & ENERGIA / G&EBC,5694.0,18933.377224892865,13239.377224892865,13239.377224892865
H3,Teste,Gradient Boosting,4T22,3T23,71,REFINO / RTC,104515.0,111815.5910766028,7300.5910766027955,7300.5910766027955
H3,Teste,Baseline Último,1T23,4T23,72,CORPORATIVO / OUTROS NEGÓCIOS,568.0,398.0,-170.0,170.0
H3,Teste,Baseline Último,1T23,4T23,72,E&P,37600.0,33143.0,-4457.0,4457.0
H3,Teste,Baseline Último,1T23,4T23,72,GÁS & ENERGIA / G&EBC,7046.0,7621.0,575.0,575.0
H3,Teste,Baseline Último,1T23,4T23,72,REFINO / RTC,114431.0,113603.0,-828.0,828.0
H3,Teste,Baseline Sazonal,1T23,4T23,72,CORPORATIVO / OUTROS NEGÓCIOS,568.0,600.0,32.0,32.0
H3,Teste,Baseline Sazonal,1T23,4T23,72,E&P,37600.0,37757.0,157.0,157.0
H3,Teste,Baseline Sazonal,1T23,4T23,72,GÁS & ENERGIA / G&EBC,7046.0,13772.0,6726.0,6726.0
H3,Teste,Baseline Sazonal,1T23,4T23,72,REFINO / RTC,114431.0,127264.0,12833.0,12833.0
H3,Teste,Ridge Contábil,1T23,4T23,72,CORPORATIVO / OUTROS NEGÓCIOS,568.0,1453.7475623703613,885.7475623703613,885.7475623703613
H3,Teste,Ridge Contábil,1T23,4T23,72,E&P,37600.0,32977.61896859232,-4622.381031407684,4622.381031407684
H3,Teste,Ridge Contábil,1T23,4T23,72,GÁS & ENERGIA / G&EBC,7046.0,7347.332699907813,301.33269990781264,301.33269990781264
H3,Teste,Ridge Contábil,1T23,4T23,72,REFINO / RTC,114431.0,99786.33907571936,-14644.660924280644,14644.660924280644
H3,Teste,Ridge + Brent e Câmbio,1T23,4T23,72,CORPORATIVO / OUTROS NEGÓCIOS,568.0,2416.2816400063784,1848.2816400063784,1848.2816400063784
H3,Teste,Ridge + Brent e Câmbio,1T23,4T23,72,E&P,37600.0,35964.510299595895,-1635.489700404105,1635.489700404105
H3,Teste,Ridge + Brent e Câmbio,1T23,4T23,72,GÁS & ENERGIA / G&EBC,7046.0,10823.478587501695,3777.478587501695,3777.478587501695
H3,Teste,Ridge + Brent e Câmbio,1T23,4T23,72,REFINO / RTC,114431.0,107563.91069146674,-6867.089308533265,6867.089308533265
H3,Teste,Random Forest ampliada,1T23,4T23,72,CORPORATIVO / OUTROS NEGÓCIOS,568.0,591.6236118392965,23.623611839296473,23.623611839296473
H3,Teste,Random Forest ampliada,1T23,4T23,72,E&P,37600.0,41824.96250557823,4224.962505578231,4224.962505578231
H3,Teste,Random Forest ampliada,1T23,4T23,72,GÁS & ENERGIA / G&EBC,7046.0,13127.616589049478,6081.616589049478,6081.616589049478
H3,Teste,Random Forest ampliada,1T23,4T23,72,REFINO / RTC,114431.0,109738.75857142858,-4692.2414285714185,4692.2414285714185
H3,Teste,Random Forest grade original,1T23,4T23,72,CORPORATIVO / OUTROS NEGÓCIOS,568.0,591.6236118392965,23.623611839296473,23.623611839296473
H3,Teste,Random Forest grade original,1T23,4T23,72,E&P,37600.0,41824.96250557823,4224.962505578231,4224.962505578231
H3,Teste,Random Forest grade original,1T23,4T23,72,GÁS & ENERGIA / G&EBC,7046.0,13127.616589049478,6081.616589049478,6081.616589049478
H3,Teste,Random Forest grade original,1T23,4T23,72,REFINO / RTC,114431.0,109738.75857142858,-4692.2414285714185,4692.2414285714185
H3,Teste,Gradient Boosting,1T23,4T23,72,CORPORATIVO / OUTROS NEGÓCIOS,568.0,1854.6966986466098,1286.6966986466098,1286.6966986466098
H3,Teste,Gradient Boosting,1T23,4T23,72,E&P,37600.0,35298.29681496417,-2301.7031850358326,2301.7031850358326
H3,Teste,Gradient Boosting,1T23,4T23,72,GÁS & ENERGIA / G&EBC,7046.0,11128.520249037847,4082.520249037847,4082.520249037847
H3,Teste,Gradient Boosting,1T23,4T23,72,REFINO / RTC,114431.0,110460.79354259488,-3970.2064574051183,3970.2064574051183
H3,Teste,Baseline Último,2T23,1T24,73,CORPORATIVO / OUTROS NEGÓCIOS,362.0,431.0,69.0,69.0
H3,Teste,Baseline Último,2T23,1T24,73,E&P,32760.0,30276.0,-2484.0,2484.0
H3,Teste,Baseline Último,2T23,1T24,73,GÁS & ENERGIA / G&EBC,5838.0,8051.0,2213.0,2213.0
H3,Teste,Baseline Último,2T23,1T24,73,REFINO / RTC,98971.0,95709.0,-3262.0,3262.0
H3,Teste,Baseline Sazonal,2T23,1T24,73,CORPORATIVO / OUTROS NEGÓCIOS,362.0,398.0,36.0,36.0
H3,Teste,Baseline Sazonal,2T23,1T24,73,E&P,32760.0,33143.0,383.0,383.0
H3,Teste,Baseline Sazonal,2T23,1T24,73,GÁS & ENERGIA / G&EBC,5838.0,7621.0,1783.0,1783.0
H3,Teste,Baseline Sazonal,2T23,1T24,73,REFINO / RTC,98971.0,113603.0,14632.0,14632.0
H3,Teste,Ridge Contábil,2T23,1T24,73,CORPORATIVO / OUTROS NEGÓCIOS,362.0,0.0,-362.0,362.0
H3,Teste,Ridge Contábil,2T23,1T24,73,E&P,32760.0,28812.360284642913,-3947.639715357087,3947.639715357087
H3,Teste,Ridge Contábil,2T23,1T24,73,GÁS & ENERGIA / G&EBC,5838.0,7024.922469396473,1186.9224693964734,1186.9224693964734
H3,Teste,Ridge Contábil,2T23,1T24,73,REFINO / RTC,98971.0,82204.8573227879,-16766.142677212105,16766.142677212105
H3,Teste,Ridge + Brent e Câmbio,2T23,1T24,73,CORPORATIVO / OUTROS NEGÓCIOS,362.0,1528.1172960472795,1166.1172960472795,1166.1172960472795
H3,Teste,Ridge + Brent e Câmbio,2T23,1T24,73,E&P,32760.0,30671.592148356824,-2088.4078516431764,2088.4078516431764
H3,Teste,Ridge + Brent e Câmbio,2T23,1T24,73,GÁS & ENERGIA / G&EBC,5838.0,8892.522193365216,3054.5221933652156,3054.5221933652156
H3,Teste,Ridge + Brent e Câmbio,2T23,1T24,73,REFINO / RTC,98971.0,92567.1455572265,-6403.854442773503,6403.854442773503
H3,Teste,Random Forest ampliada,2T23,1T24,73,CORPORATIVO / OUTROS NEGÓCIOS,362.0,512.3571887675464,150.3571887675464,150.3571887675464
H3,Teste,Random Forest ampliada,2T23,1T24,73,E&P,32760.0,43036.955310022684,10276.955310022684,10276.955310022684
H3,Teste,Random Forest ampliada,2T23,1T24,73,GÁS & ENERGIA / G&EBC,5838.0,10606.142853217385,4768.142853217385,4768.142853217385
H3,Teste,Random Forest ampliada,2T23,1T24,73,REFINO / RTC,98971.0,100324.0441836735,1353.0441836734972,1353.0441836734972
H3,Teste,Random Forest grade original,2T23,1T24,73,CORPORATIVO / OUTROS NEGÓCIOS,362.0,512.3571887675464,150.3571887675464,150.3571887675464
H3,Teste,Random Forest grade original,2T23,1T24,73,E&P,32760.0,43036.955310022684,10276.955310022684,10276.955310022684
H3,Teste,Random Forest grade original,2T23,1T24,73,GÁS & ENERGIA / G&EBC,5838.0,10606.142853217385,4768.142853217385,4768.142853217385
H3,Teste,Random Forest grade original,2T23,1T24,73,REFINO / RTC,98971.0,100324.0441836735,1353.0441836734972,1353.0441836734972
H3,Teste,Gradient Boosting,2T23,1T24,73,CORPORATIVO / OUTROS NEGÓCIOS,362.0,1887.7417373817439,1525.7417373817439,1525.7417373817439
H3,Teste,Gradient Boosting,2T23,1T24,73,E&P,32760.0,33064.34010070717,304.3401007071734,304.3401007071734
H3,Teste,Gradient Boosting,2T23,1T24,73,GÁS & ENERGIA / G&EBC,5838.0,10474.225453600484,4636.225453600484,4636.225453600484
H3,Teste,Gradient Boosting,2T23,1T24,73,REFINO / RTC,98971.0,84895.97881192512,-14075.021188074883,14075.021188074883
H3,Teste,Baseline Último,3T23,2T24,74,CORPORATIVO / OUTROS NEGÓCIOS,382.0,445.0,63.0,63.0
H3,Teste,Baseline Último,3T23,2T24,74,E&P,32560.0,34911.0,2351.0,2351.0
H3,Teste,Baseline Último,3T23,2T24,74,GÁS & ENERGIA / G&EBC,5721.0,5694.0,-27.0,27.0
H3,Teste,Baseline Último,3T23,2T24,74,REFINO / RTC,107110.0,104515.0,-2595.0,2595.0
H3,Teste,Baseline Sazonal,3T23,2T24,74,CORPORATIVO / OUTROS NEGÓCIOS,382.0,431.0,49.0,49.0
H3,Teste,Baseline Sazonal,3T23,2T24,74,E&P,32560.0,30276.0,-2284.0,2284.0
H3,Teste,Baseline Sazonal,3T23,2T24,74,GÁS & ENERGIA / G&EBC,5721.0,8051.0,2330.0,2330.0
H3,Teste,Baseline Sazonal,3T23,2T24,74,REFINO / RTC,107110.0,95709.0,-11401.0,11401.0
H3,Teste,Ridge Contábil,3T23,2T24,74,CORPORATIVO / OUTROS NEGÓCIOS,382.0,0.0,-382.0,382.0
H3,Teste,Ridge Contábil,3T23,2T24,74,E&P,32560.0,42659.97921152192,10099.979211521917,10099.979211521917
H3,Teste,Ridge Contábil,3T23,2T24,74,GÁS & ENERGIA / G&EBC,5721.0,5756.045352710658,35.045352710658335,35.045352710658335
H3,Teste,Ridge Contábil,3T23,2T24,74,REFINO / RTC,107110.0,99187.01226605519,-7922.987733944814,7922.987733944814
H3,Teste,Ridge + Brent e Câmbio,3T23,2T24,74,CORPORATIVO / OUTROS NEGÓCIOS,382.0,479.1175808265216,97.11758082652159,97.11758082652159
H3,Teste,Ridge + Brent e Câmbio,3T23,2T24,74,E&P,32560.0,36558.25649855667,3998.2564985566714,3998.2564985566714
H3,Teste,Ridge + Brent e Câmbio,3T23,2T24,74,GÁS & ENERGIA / G&EBC,5721.0,7015.436619753893,1294.436619753893,1294.436619753893
H3,Teste,Ridge + Brent e Câmbio,3T23,2T24,74,REFINO / RTC,107110.0,96469.15354257337,-10640.846457426625,10640.846457426625
H3,Teste,Random Forest ampliada,3T23,2T24,74,CORPORATIVO / OUTROS NEGÓCIOS,382.0,464.5693445559825,82.56934455598252,82.56934455598252
H3,Teste,Random Forest ampliada,3T23,2T24,74,E&P,32560.0,37682.96936746032,5122.969367460319,5122.969367460319
H3,Teste,Random Forest ampliada,3T23,2T24,74,GÁS & ENERGIA / G&EBC,5721.0,8562.612666421228,2841.612666421228,2841.612666421228
H3,Teste,Random Forest ampliada,3T23,2T24,74,REFINO / RTC,107110.0,102563.54619047619,-4546.4538095238095,4546.4538095238095
H3,Teste,Random Forest grade original,3T23,2T24,74,CORPORATIVO / OUTROS NEGÓCIOS,382.0,464.5693445559825,82.56934455598252,82.56934455598252
H3,Teste,Random Forest grade original,3T23,2T24,74,E&P,32560.0,37682.96936746032,5122.969367460319,5122.969367460319
H3,Teste,Random Forest grade original,3T23,2T24,74,GÁS & ENERGIA / G&EBC,5721.0,8562.612666421228,2841.612666421228,2841.612666421228
H3,Teste,Random Forest grade original,3T23,2T24,74,REFINO / RTC,107110.0,102563.54619047619,-4546.4538095238095,4546.4538095238095
H3,Teste,Gradient Boosting,3T23,2T24,74,CORPORATIVO / OUTROS NEGÓCIOS,382.0,1927.6396953809294,1545.6396953809294,1545.6396953809294
H3,Teste,Gradient Boosting,3T23,2T24,74,E&P,32560.0,36891.51233339972,4331.512333399718,4331.512333399718
H3,Teste,Gradient Boosting,3T23,2T24,74,GÁS & ENERGIA / G&EBC,5721.0,9646.711326013661,3925.711326013661,3925.711326013661
H3,Teste,Gradient Boosting,3T23,2T24,74,REFINO / RTC,107110.0,107329.42024012137,219.42024012136972,219.42024012136972
H3,Teste,Baseline Último,4T23,3T24,75,CORPORATIVO / OUTROS NEGÓCIOS,425.0,568.0,143.0,143.0
H3,Teste,Baseline Último,4T23,3T24,75,E&P,33153.0,37600.0,4447.0,4447.0
H3,Teste,Baseline Último,4T23,3T24,75,GÁS & ENERGIA / G&EBC,7598.0,7046.0,-552.0,552.0
H3,Teste,Baseline Último,4T23,3T24,75,REFINO / RTC,113709.0,114431.0,722.0,722.0
H3,Teste,Baseline Sazonal,4T23,3T24,75,CORPORATIVO / OUTROS NEGÓCIOS,425.0,445.0,20.0,20.0
H3,Teste,Baseline Sazonal,4T23,3T24,75,E&P,33153.0,34911.0,1758.0,1758.0
H3,Teste,Baseline Sazonal,4T23,3T24,75,GÁS & ENERGIA / G&EBC,7598.0,5694.0,-1904.0,1904.0
H3,Teste,Baseline Sazonal,4T23,3T24,75,REFINO / RTC,113709.0,104515.0,-9194.0,9194.0
H3,Teste,Ridge Contábil,4T23,3T24,75,CORPORATIVO / OUTROS NEGÓCIOS,425.0,704.16760552083,279.16760552082997,279.16760552082997
H3,Teste,Ridge Contábil,4T23,3T24,75,E&P,33153.0,38129.46529487972,4976.465294879723,4976.465294879723
H3,Teste,Ridge Contábil,4T23,3T24,75,GÁS & ENERGIA / G&EBC,7598.0,7898.456584186117,300.45658418611674,300.45658418611674
H3,Teste,Ridge Contábil,4T23,3T24,75,REFINO / RTC,113709.0,109481.68281454203,-4227.3171854579705,4227.3171854579705
H3,Teste,Ridge + Brent e Câmbio,4T23,3T24,75,CORPORATIVO / OUTROS NEGÓCIOS,425.0,912.6760481054371,487.6760481054371,487.6760481054371
H3,Teste,Ridge + Brent e Câmbio,4T23,3T24,75,E&P,33153.0,37079.3095282666,3926.3095282666036,3926.3095282666036
H3,Teste,Ridge + Brent e Câmbio,4T23,3T24,75,GÁS & ENERGIA / G&EBC,7598.0,7867.119449658219,269.1194496582193,269.1194496582193
H3,Teste,Ridge + Brent e Câmbio,4T23,3T24,75,REFINO / RTC,113709.0,105821.72538270238,-7887.2746172976185,7887.2746172976185
H3,Teste,Random Forest ampliada,4T23,3T24,75,CORPORATIVO / OUTROS NEGÓCIOS,425.0,510.03738893156657,85.03738893156657,85.03738893156657
H3,Teste,Random Forest ampliada,4T23,3T24,75,E&P,33153.0,38040.83007267573,4887.83007267573,4887.83007267573
H3,Teste,Random Forest ampliada,4T23,3T24,75,GÁS & ENERGIA / G&EBC,7598.0,7713.048837585032,115.04883758503183,115.04883758503183
H3,Teste,Random Forest ampliada,4T23,3T24,75,REFINO / RTC,113709.0,105750.12952380955,-7958.870476190452,7958.870476190452
H3,Teste,Random Forest grade original,4T23,3T24,75,CORPORATIVO / OUTROS NEGÓCIOS,425.0,510.03738893156657,85.03738893156657,85.03738893156657
H3,Teste,Random Forest grade original,4T23,3T24,75,E&P,33153.0,38040.83007267573,4887.83007267573,4887.83007267573
H3,Teste,Random Forest grade original,4T23,3T24,75,GÁS & ENERGIA / G&EBC,7598.0,7713.048837585032,115.04883758503183,115.04883758503183
H3,Teste,Random Forest grade original,4T23,3T24,75,REFINO / RTC,113709.0,105750.12952380955,-7958.870476190452,7958.870476190452
H3,Teste,Gradient Boosting,4T23,3T24,75,CORPORATIVO / OUTROS NEGÓCIOS,425.0,1978.343496363599,1553.343496363599,1553.343496363599
H3,Teste,Gradient Boosting,4T23,3T24,75,E&P,33153.0,36891.72694072145,3738.726940721448,3738.726940721448
H3,Teste,Gradient Boosting,4T23,3T24,75,GÁS & ENERGIA / G&EBC,7598.0,9684.654594156013,2086.6545941560125,2086.6545941560125
H3,Teste,Gradient Boosting,4T23,3T24,75,REFINO / RTC,113709.0,104351.82063451577,-9357.179365484233,9357.179365484233
H3,Teste,Baseline Último,1T24,4T24,76,CORPORATIVO / OUTROS NEGÓCIOS,412.0,362.0,-50.0,50.0
H3,Teste,Baseline Último,1T24,4T24,76,E&P,35087.0,32760.0,-2327.0,2327.0
H3,Teste,Baseline Último,1T24,4T24,76,GÁS & ENERGIA / G&EBC,8078.0,5838.0,-2240.0,2240.0
H3,Teste,Baseline Último,1T24,4T24,76,REFINO / RTC,103667.0,98971.0,-4696.0,4696.0
H3,Teste,Baseline Sazonal,1T24,4T24,76,CORPORATIVO / OUTROS NEGÓCIOS,412.0,568.0,156.0,156.0
H3,Teste,Baseline Sazonal,1T24,4T24,76,E&P,35087.0,37600.0,2513.0,2513.0
H3,Teste,Baseline Sazonal,1T24,4T24,76,GÁS & ENERGIA / G&EBC,8078.0,7046.0,-1032.0,1032.0
H3,Teste,Baseline Sazonal,1T24,4T24,76,REFINO / RTC,103667.0,114431.0,10764.0,10764.0
H3,Teste,Ridge Contábil,1T24,4T24,76,CORPORATIVO / OUTROS NEGÓCIOS,412.0,1667.349465329964,1255.349465329964,1255.349465329964
H3,Teste,Ridge Contábil,1T24,4T24,76,E&P,35087.0,34697.69474644905,-389.3052535509487,389.3052535509487
H3,Teste,Ridge Contábil,1T24,4T24,76,GÁS & ENERGIA / G&EBC,8078.0,7346.871574888366,-731.128425111634,731.128425111634
H3,Teste,Ridge Contábil,1T24,4T24,76,REFINO / RTC,103667.0,95889.72530960635,-7777.2746903936495,7777.2746903936495
H3,Teste,Ridge + Brent e Câmbio,1T24,4T24,76,CORPORATIVO / OUTROS NEGÓCIOS,412.0,1147.3185035431452,735.3185035431452,735.3185035431452
H3,Teste,Ridge + Brent e Câmbio,1T24,4T24,76,E&P,35087.0,36874.08821404658,1787.0882140465765,1787.0882140465765
H3,Teste,Ridge + Brent e Câmbio,1T24,4T24,76,GÁS & ENERGIA / G&EBC,8078.0,7341.951096027593,-736.0489039724071,736.0489039724071
H3,Teste,Ridge + Brent e Câmbio,1T24,4T24,76,REFINO / RTC,103667.0,100010.62331952687,-3656.3766804731276,3656.3766804731276
H3,Teste,Random Forest ampliada,1T24,4T24,76,CORPORATIVO / OUTROS NEGÓCIOS,412.0,410.0228976506005,-1.9771023493995017,1.9771023493995017
H3,Teste,Random Forest ampliada,1T24,4T24,76,E&P,35087.0,35471.0385537415,384.0385537414986,384.0385537414986
H3,Teste,Random Forest ampliada,1T24,4T24,76,GÁS & ENERGIA / G&EBC,8078.0,8372.424569291421,294.424569291421,294.424569291421
H3,Teste,Random Forest ampliada,1T24,4T24,76,REFINO / RTC,103667.0,101041.75190476191,-2625.2480952380865,2625.2480952380865
H3,Teste,Random Forest grade original,1T24,4T24,76,CORPORATIVO / OUTROS NEGÓCIOS,412.0,410.0228976506005,-1.9771023493995017,1.9771023493995017
H3,Teste,Random Forest grade original,1T24,4T24,76,E&P,35087.0,35471.0385537415,384.0385537414986,384.0385537414986
H3,Teste,Random Forest grade original,1T24,4T24,76,GÁS & ENERGIA / G&EBC,8078.0,8372.424569291421,294.424569291421,294.424569291421
H3,Teste,Random Forest grade original,1T24,4T24,76,REFINO / RTC,103667.0,101041.75190476191,-2625.2480952380865,2625.2480952380865
H3,Teste,Gradient Boosting,1T24,4T24,76,CORPORATIVO / OUTROS NEGÓCIOS,412.0,1918.5814123336072,1506.5814123336072,1506.5814123336072
H3,Teste,Gradient Boosting,1T24,4T24,76,E&P,35087.0,33920.76248438135,-1166.2375156186536,1166.2375156186536
H3,Teste,Gradient Boosting,1T24,4T24,76,GÁS & ENERGIA / G&EBC,8078.0,9745.069725969537,1667.069725969537,1667.069725969537
H3,Teste,Gradient Boosting,1T24,4T24,76,REFINO / RTC,103667.0,104244.24333215736,577.2433321573626,577.2433321573626
H3,Teste,Baseline Último,2T24,1T25,77,CORPORATIVO / OUTROS NEGÓCIOS,401.0,382.0,-19.0,19.0
H3,Teste,Baseline Último,2T24,1T25,77,E&P,39715.0,32560.0,-7155.0,7155.0
H3,Teste,Baseline Último,2T24,1T25,77,GÁS & ENERGIA / G&EBC,6560.0,5721.0,-839.0,839.0
H3,Teste,Baseline Último,2T24,1T25,77,REFINO / RTC,109766.0,107110.0,-2656.0,2656.0
H3,Teste,Baseline Sazonal,2T24,1T25,77,CORPORATIVO / OUTROS NEGÓCIOS,401.0,362.0,-39.0,39.0
H3,Teste,Baseline Sazonal,2T24,1T25,77,E&P,39715.0,32760.0,-6955.0,6955.0
H3,Teste,Baseline Sazonal,2T24,1T25,77,GÁS & ENERGIA / G&EBC,6560.0,5838.0,-722.0,722.0
H3,Teste,Baseline Sazonal,2T24,1T25,77,REFINO / RTC,109766.0,98971.0,-10795.0,10795.0
H3,Teste,Ridge Contábil,2T24,1T25,77,CORPORATIVO / OUTROS NEGÓCIOS,401.0,0.0,-401.0,401.0
H3,Teste,Ridge Contábil,2T24,1T25,77,E&P,39715.0,33137.86426480314,-6577.135735196862,6577.135735196862
H3,Teste,Ridge Contábil,2T24,1T25,77,GÁS & ENERGIA / G&EBC,6560.0,5775.518660138494,-784.4813398615061,784.4813398615061
H3,Teste,Ridge Contábil,2T24,1T25,77,REFINO / RTC,109766.0,101944.1716998458,-7821.8283001542,7821.8283001542
H3,Teste,Ridge + Brent e Câmbio,2T24,1T25,77,CORPORATIVO / OUTROS NEGÓCIOS,401.0,0.0,-401.0,401.0
H3,Teste,Ridge + Brent e Câmbio,2T24,1T25,77,E&P,39715.0,33611.72949279596,-6103.270507204041,6103.270507204041
H3,Teste,Ridge + Brent e Câmbio,2T24,1T25,77,GÁS & ENERGIA / G&EBC,6560.0,5744.41570911772,-815.5842908822797,815.5842908822797
H3,Teste,Ridge + Brent e Câmbio,2T24,1T25,77,REFINO / RTC,109766.0,99133.01983556237,-10632.980164437628,10632.980164437628
H3,Teste,Random Forest ampliada,2T24,1T25,77,CORPORATIVO / OUTROS NEGÓCIOS,401.0,429.41491877944964,28.414918779449636,28.414918779449636
H3,Teste,Random Forest ampliada,2T24,1T25,77,E&P,39715.0,34190.36546802721,-5524.634531972792,5524.634531972792
H3,Teste,Random Forest ampliada,2T24,1T25,77,GÁS & ENERGIA / G&EBC,6560.0,9224.050322384252,2664.0503223842516,2664.0503223842516
H3,Teste,Random Forest ampliada,2T24,1T25,77,REFINO / RTC,109766.0,104184.12047619048,-5581.879523809519,5581.879523809519
H3,Teste,Random Forest grade original,2T24,1T25,77,CORPORATIVO / OUTROS NEGÓCIOS,401.0,429.41491877944964,28.414918779449636,28.414918779449636
H3,Teste,Random Forest grade original,2T24,1T25,77,E&P,39715.0,34190.36546802721,-5524.634531972792,5524.634531972792
H3,Teste,Random Forest grade original,2T24,1T25,77,GÁS & ENERGIA / G&EBC,6560.0,9224.050322384252,2664.0503223842516,2664.0503223842516
H3,Teste,Random Forest grade original,2T24,1T25,77,REFINO / RTC,109766.0,104184.12047619048,-5581.879523809519,5581.879523809519
H3,Teste,Gradient Boosting,2T24,1T25,77,CORPORATIVO / OUTROS NEGÓCIOS,401.0,1917.1163504680712,1516.1163504680712,1516.1163504680712
H3,Teste,Gradient Boosting,2T24,1T25,77,E&P,39715.0,34315.763145597164,-5399.236854402836,5399.236854402836
H3,Teste,Gradient Boosting,2T24,1T25,77,GÁS & ENERGIA / G&EBC,6560.0,9628.38138096631,3068.3813809663097,3068.3813809663097
H3,Teste,Gradient Boosting,2T24,1T25,77,REFINO / RTC,109766.0,107582.41614480817,-2183.5838551918278,2183.5838551918278
H3,Teste,Baseline Último,3T24,2T25,78,CORPORATIVO / OUTROS NEGÓCIOS,394.0,425.0,31.0,31.0
H3,Teste,Baseline Último,3T24,2T25,78,E&P,37410.0,33153.0,-4257.0,4257.0
H3,Teste,Baseline Último,3T24,2T25,78,GÁS & ENERGIA / G&EBC,6475.0,7598.0,1123.0,1123.0
H3,Teste,Baseline Último,3T24,2T25,78,REFINO / RTC,105290.0,113709.0,8419.0,8419.0
H3,Teste,Baseline Sazonal,3T24,2T25,78,CORPORATIVO / OUTROS NEGÓCIOS,394.0,382.0,-12.0,12.0
H3,Teste,Baseline Sazonal,3T24,2T25,78,E&P,37410.0,32560.0,-4850.0,4850.0
H3,Teste,Baseline Sazonal,3T24,2T25,78,GÁS & ENERGIA / G&EBC,6475.0,5721.0,-754.0,754.0
H3,Teste,Baseline Sazonal,3T24,2T25,78,REFINO / RTC,105290.0,107110.0,1820.0,1820.0
H3,Teste,Ridge Contábil,3T24,2T25,78,CORPORATIVO / OUTROS NEGÓCIOS,394.0,137.31515198053603,-256.68484801946397,256.68484801946397
H3,Teste,Ridge Contábil,3T24,2T25,78,E&P,37410.0,35677.997228131135,-1732.0027718688652,1732.0027718688652
H3,Teste,Ridge Contábil,3T24,2T25,78,GÁS & ENERGIA / G&EBC,6475.0,6856.442917871609,381.4429178716091,381.4429178716091
H3,Teste,Ridge Contábil,3T24,2T25,78,REFINO / RTC,105290.0,107815.26517791642,2525.2651779164153,2525.2651779164153
H3,Teste,Ridge + Brent e Câmbio,3T24,2T25,78,CORPORATIVO / OUTROS NEGÓCIOS,394.0,700.1062467757838,306.1062467757838,306.1062467757838
H3,Teste,Ridge + Brent e Câmbio,3T24,2T25,78,E&P,37410.0,35690.77983170614,-1719.2201682938612,1719.2201682938612
H3,Teste,Ridge + Brent e Câmbio,3T24,2T25,78,GÁS & ENERGIA / G&EBC,6475.0,7202.0507172557645,727.0507172557645,727.0507172557645
H3,Teste,Ridge + Brent e Câmbio,3T24,2T25,78,REFINO / RTC,105290.0,105877.79988457337,587.7998845733673,587.7998845733673
H3,Teste,Random Forest ampliada,3T24,2T25,78,CORPORATIVO / OUTROS NEGÓCIOS,394.0,612.2607576488995,218.26075764889947,218.26075764889947
H3,Teste,Random Forest ampliada,3T24,2T25,78,E&P,37410.0,35330.69821565193,-2079.30178434807,2079.30178434807
H3,Teste,Random Forest ampliada,3T24,2T25,78,GÁS & ENERGIA / G&EBC,6475.0,9242.2130087391,2767.2130087390997,2767.2130087390997
H3,Teste,Random Forest ampliada,3T24,2T25,78,REFINO / RTC,105290.0,104276.63380952382,-1013.366190476183,1013.366190476183
H3,Teste,Random Forest grade original,3T24,2T25,78,CORPORATIVO / OUTROS NEGÓCIOS,394.0,612.2607576488995,218.26075764889947,218.26075764889947
H3,Teste,Random Forest grade original,3T24,2T25,78,E&P,37410.0,35330.69821565193,-2079.30178434807,2079.30178434807
H3,Teste,Random Forest grade original,3T24,2T25,78,GÁS & ENERGIA / G&EBC,6475.0,9242.2130087391,2767.2130087390997,2767.2130087390997
H3,Teste,Random Forest grade original,3T24,2T25,78,REFINO / RTC,105290.0,104276.63380952382,-1013.366190476183,1013.366190476183
H3,Teste,Gradient Boosting,3T24,2T25,78,CORPORATIVO / OUTROS NEGÓCIOS,394.0,1820.8848208444067,1426.8848208444067,1426.8848208444067
H3,Teste,Gradient Boosting,3T24,2T25,78,E&P,37410.0,34973.711043125884,-2436.2889568741157,2436.2889568741157
H3,Teste,Gradient Boosting,3T24,2T25,78,GÁS & ENERGIA / G&EBC,6475.0,9382.837364721201,2907.837364721201,2907.837364721201
H3,Teste,Gradient Boosting,3T24,2T25,78,REFINO / RTC,105290.0,106734.42319397036,1444.4231939703604,1444.4231939703604
H3,Teste,Baseline Último,4T24,3T25,79,CORPORATIVO / OUTROS NEGÓCIOS,431.0,412.0,-19.0,19.0
H3,Teste,Baseline Último,4T24,3T25,79,E&P,39100.0,35087.0,-4013.0,4013.0
H3,Teste,Baseline Último,4T24,3T25,79,GÁS & ENERGIA / G&EBC,7371.0,8078.0,707.0,707.0
H3,Teste,Baseline Último,4T24,3T25,79,REFINO / RTC,111526.0,103667.0,-7859.0,7859.0
H3,Teste,Baseline Sazonal,4T24,3T25,79,CORPORATIVO / OUTROS NEGÓCIOS,431.0,425.0,-6.0,6.0
H3,Teste,Baseline Sazonal,4T24,3T25,79,E&P,39100.0,33153.0,-5947.0,5947.0
H3,Teste,Baseline Sazonal,4T24,3T25,79,GÁS & ENERGIA / G&EBC,7371.0,7598.0,227.0,227.0
H3,Teste,Baseline Sazonal,4T24,3T25,79,REFINO / RTC,111526.0,113709.0,2183.0,2183.0
H3,Teste,Ridge Contábil,4T24,3T25,79,CORPORATIVO / OUTROS NEGÓCIOS,431.0,335.38435775367907,-95.61564224632093,95.61564224632093
H3,Teste,Ridge Contábil,4T24,3T25,79,E&P,39100.0,31081.830398728936,-8018.169601271064,8018.169601271064
H3,Teste,Ridge Contábil,4T24,3T25,79,GÁS & ENERGIA / G&EBC,7371.0,9223.887431728293,1852.8874317282934,1852.8874317282934
H3,Teste,Ridge Contábil,4T24,3T25,79,REFINO / RTC,111526.0,100285.11575775525,-11240.884242244749,11240.884242244749
H3,Teste,Ridge + Brent e Câmbio,4T24,3T25,79,CORPORATIVO / OUTROS NEGÓCIOS,431.0,2298.0892091064306,1867.0892091064306,1867.0892091064306
H3,Teste,Ridge + Brent e Câmbio,4T24,3T25,79,E&P,39100.0,33428.374278337025,-5671.625721662975,5671.625721662975
H3,Teste,Ridge + Brent e Câmbio,4T24,3T25,79,GÁS & ENERGIA / G&EBC,7371.0,10369.511945625147,2998.511945625147,2998.511945625147
H3,Teste,Ridge + Brent e Câmbio,4T24,3T25,79,REFINO / RTC,111526.0,104617.70036761435,-6908.29963238565,6908.29963238565
H3,Teste,Random Forest ampliada,4T24,3T25,79,CORPORATIVO / OUTROS NEGÓCIOS,431.0,447.187771360191,16.187771360190993,16.187771360190993
H3,Teste,Random Forest ampliada,4T24,3T25,79,E&P,39100.0,36010.022862375714,-3089.977137624286,3089.977137624286
H3,Teste,Random Forest ampliada,4T24,3T25,79,GÁS & ENERGIA / G&EBC,7371.0,9141.420321322401,1770.420321322401,1770.420321322401
H3,Teste,Random Forest ampliada,4T24,3T25,79,REFINO / RTC,111526.0,102649.95544217688,-8876.044557823116,8876.044557823116
H3,Teste,Random Forest grade original,4T24,3T25,79,CORPORATIVO / OUTROS NEGÓCIOS,431.0,447.187771360191,16.187771360190993,16.187771360190993
H3,Teste,Random Forest grade original,4T24,3T25,79,E&P,39100.0,36010.022862375714,-3089.977137624286,3089.977137624286
H3,Teste,Random Forest grade original,4T24,3T25,79,GÁS & ENERGIA / G&EBC,7371.0,9141.420321322401,1770.420321322401,1770.420321322401
H3,Teste,Random Forest grade original,4T24,3T25,79,REFINO / RTC,111526.0,102649.95544217688,-8876.044557823116,8876.044557823116
H3,Teste,Gradient Boosting,4T24,3T25,79,CORPORATIVO / OUTROS NEGÓCIOS,431.0,1973.1536501319192,1542.1536501319192,1542.1536501319192
H3,Teste,Gradient Boosting,4T24,3T25,79,E&P,39100.0,35546.49490234628,-3553.505097653717,3553.505097653717
H3,Teste,Gradient Boosting,4T24,3T25,79,GÁS & ENERGIA / G&EBC,7371.0,9337.062848583102,1966.062848583102,1966.062848583102
H3,Teste,Gradient Boosting,4T24,3T25,79,REFINO / RTC,111526.0,102329.77244899911,-9196.227551000891,9196.227551000891
H3,Teste,Baseline Último,1T25,4T25,80,CORPORATIVO / OUTROS NEGÓCIOS,462.0,401.0,-61.0,61.0
H3,Teste,Baseline Último,1T25,4T25,80,E&P,40164.0,39715.0,-449.0,449.0
H3,Teste,Baseline Último,1T25,4T25,80,GÁS & ENERGIA / G&EBC,6561.0,6560.0,-1.0,1.0
H3,Teste,Baseline Último,1T25,4T25,80,REFINO / RTC,107319.0,109766.0,2447.0,2447.0
H3,Teste,Baseline Sazonal,1T25,4T25,80,CORPORATIVO / OUTROS NEGÓCIOS,462.0,412.0,-50.0,50.0
H3,Teste,Baseline Sazonal,1T25,4T25,80,E&P,40164.0,35087.0,-5077.0,5077.0
H3,Teste,Baseline Sazonal,1T25,4T25,80,GÁS & ENERGIA / G&EBC,6561.0,8078.0,1517.0,1517.0
H3,Teste,Baseline Sazonal,1T25,4T25,80,REFINO / RTC,107319.0,103667.0,-3652.0,3652.0
H3,Teste,Ridge Contábil,1T25,4T25,80,CORPORATIVO / OUTROS NEGÓCIOS,462.0,1949.6540446176768,1487.6540446176768,1487.6540446176768
H3,Teste,Ridge Contábil,1T25,4T25,80,E&P,40164.0,48165.044654337005,8001.044654337005,8001.044654337005
H3,Teste,Ridge Contábil,1T25,4T25,80,GÁS & ENERGIA / G&EBC,6561.0,7525.702983696399,964.7029836963993,964.7029836963993
H3,Teste,Ridge Contábil,1T25,4T25,80,REFINO / RTC,107319.0,107502.6092511749,183.60925117490115,183.60925117490115
H3,Teste,Ridge + Brent e Câmbio,1T25,4T25,80,CORPORATIVO / OUTROS NEGÓCIOS,462.0,3309.006776937782,2847.006776937782,2847.006776937782
H3,Teste,Ridge + Brent e Câmbio,1T25,4T25,80,E&P,40164.0,44403.27301654931,4239.273016549312,4239.273016549312
H3,Teste,Ridge + Brent e Câmbio,1T25,4T25,80,GÁS & ENERGIA / G&EBC,6561.0,9820.074113135408,3259.074113135408,3259.074113135408
H3,Teste,Ridge + Brent e Câmbio,1T25,4T25,80,REFINO / RTC,107319.0,106088.5153965499,-1230.4846034500952,1230.4846034500952
H3,Teste,Random Forest ampliada,1T25,4T25,80,CORPORATIVO / OUTROS NEGÓCIOS,462.0,420.9278552696917,-41.07214473030831,41.07214473030831
H3,Teste,Random Forest ampliada,1T25,4T25,80,E&P,40164.0,34575.426938775505,-5588.573061224495,5588.573061224495
H3,Teste,Random Forest ampliada,1T25,4T25,80,GÁS & ENERGIA / G&EBC,6561.0,9150.902318919796,2589.902318919796,2589.902318919796
H3,Teste,Random Forest ampliada,1T25,4T25,80,REFINO / RTC,107319.0,105113.40201814056,-2205.597981859435,2205.597981859435
H3,Teste,Random Forest grade original,1T25,4T25,80,CORPORATIVO / OUTROS NEGÓCIOS,462.0,420.9278552696917,-41.07214473030831,41.07214473030831
H3,Teste,Random Forest grade original,1T25,4T25,80,E&P,40164.0,34575.426938775505,-5588.573061224495,5588.573061224495
H3,Teste,Random Forest grade original,1T25,4T25,80,GÁS & ENERGIA / G&EBC,6561.0,9150.902318919796,2589.902318919796,2589.902318919796
H3,Teste,Random Forest grade original,1T25,4T25,80,REFINO / RTC,107319.0,105113.40201814056,-2205.597981859435,2205.597981859435
H3,Teste,Gradient Boosting,1T25,4T25,80,CORPORATIVO / OUTROS NEGÓCIOS,462.0,1898.1004606536455,1436.1004606536455,1436.1004606536455
H3,Teste,Gradient Boosting,1T25,4T25,80,E&P,40164.0,37521.62239943016,-2642.3776005698383,2642.3776005698383
H3,Teste,Gradient Boosting,1T25,4T25,80,GÁS & ENERGIA / G&EBC,6561.0,8826.814120562,2265.8141205619995,2265.8141205619995
H3,Teste,Gradient Boosting,1T25,4T25,80,REFINO / RTC,107319.0,105955.68682402231,-1363.313175977688,1363.313175977688
H3,Teste,Baseline Último,2T25,1T26,81,CORPORATIVO / OUTROS NEGÓCIOS,428.0,394.0,-34.0,34.0
H3,Teste,Baseline Último,2T25,1T26,81,E&P,42781.0,37410.0,-5371.0,5371.0
H3,Teste,Baseline Último,2T25,1T26,81,GÁS & ENERGIA / G&EBC,6386.0,6475.0,89.0,89.0
H3,Teste,Baseline Último,2T25,1T26,81,REFINO / RTC,93428.0,105290.0,11862.0,11862.0
H3,Teste,Baseline Sazonal,2T25,1T26,81,CORPORATIVO / OUTROS NEGÓCIOS,428.0,401.0,-27.0,27.0
H3,Teste,Baseline Sazonal,2T25,1T26,81,E&P,42781.0,39715.0,-3066.0,3066.0
H3,Teste,Baseline Sazonal,2T25,1T26,81,GÁS & ENERGIA / G&EBC,6386.0,6560.0,174.0,174.0
H3,Teste,Baseline Sazonal,2T25,1T26,81,REFINO / RTC,93428.0,109766.0,16338.0,16338.0
H3,Teste,Ridge Contábil,2T25,1T26,81,CORPORATIVO / OUTROS NEGÓCIOS,428.0,33.38662593309709,-394.6133740669029,394.6133740669029
H3,Teste,Ridge Contábil,2T25,1T26,81,E&P,42781.0,35966.23120042678,-6814.768799573219,6814.768799573219
H3,Teste,Ridge Contábil,2T25,1T26,81,GÁS & ENERGIA / G&EBC,6386.0,7140.346919263744,754.346919263744,754.346919263744
H3,Teste,Ridge Contábil,2T25,1T26,81,REFINO / RTC,93428.0,101384.64030180586,7956.640301805863,7956.640301805863
H3,Teste,Ridge + Brent e Câmbio,2T25,1T26,81,CORPORATIVO / OUTROS NEGÓCIOS,428.0,1074.0311835306165,646.0311835306165,646.0311835306165
H3,Teste,Ridge + Brent e Câmbio,2T25,1T26,81,E&P,42781.0,38513.698639983995,-4267.301360016005,4267.301360016005
H3,Teste,Ridge + Brent e Câmbio,2T25,1T26,81,GÁS & ENERGIA / G&EBC,6386.0,7865.475142518837,1479.475142518837,1479.475142518837
H3,Teste,Ridge + Brent e Câmbio,2T25,1T26,81,REFINO / RTC,93428.0,103584.73955002087,10156.739550020866,10156.739550020866
H3,Teste,Random Forest ampliada,2T25,1T26,81,CORPORATIVO / OUTROS NEGÓCIOS,428.0,449.19511303812624,21.195113038126237,21.195113038126237
H3,Teste,Random Forest ampliada,2T25,1T26,81,E&P,42781.0,37147.37986666667,-5633.62013333333,5633.62013333333
H3,Teste,Random Forest ampliada,2T25,1T26,81,GÁS & ENERGIA / G&EBC,6386.0,8355.957215576866,1969.9572155768656,1969.9572155768656
H3,Teste,Random Forest ampliada,2T25,1T26,81,REFINO / RTC,93428.0,103421.84020408163,9993.840204081629,9993.840204081629
H3,Teste,Random Forest grade original,2T25,1T26,81,CORPORATIVO / OUTROS NEGÓCIOS,428.0,449.19511303812624,21.195113038126237,21.195113038126237
H3,Teste,Random Forest grade original,2T25,1T26,81,E&P,42781.0,37147.37986666667,-5633.62013333333,5633.62013333333
H3,Teste,Random Forest grade original,2T25,1T26,81,GÁS & ENERGIA / G&EBC,6386.0,8355.957215576866,1969.9572155768656,1969.9572155768656
H3,Teste,Random Forest grade original,2T25,1T26,81,REFINO / RTC,93428.0,103421.84020408163,9993.840204081629,9993.840204081629
H3,Teste,Gradient Boosting,2T25,1T26,81,CORPORATIVO / OUTROS NEGÓCIOS,428.0,1950.5462998553621,1522.5462998553621,1522.5462998553621
H3,Teste,Gradient Boosting,2T25,1T26,81,E&P,42781.0,36319.90508226215,-6461.09491773785,6461.09491773785
H3,Teste,Gradient Boosting,2T25,1T26,81,GÁS & ENERGIA / G&EBC,6386.0,8723.55847371502,2337.55847371502,2337.55847371502
H3,Teste,Gradient Boosting,2T25,1T26,81,REFINO / RTC,93428.0,104796.25445557544,11368.254455575443,11368.254455575443
H3,Teste,Baseline Último,3T25,2T26,82,CORPORATIVO / OUTROS NEGÓCIOS,442.0,431.0,-11.0,11.0
H3,Teste,Baseline Último,3T25,2T26,82,E&P,47184.0,39100.0,-8084.0,8084.0
H3,Teste,Baseline Último,3T25,2T26,82,GÁS & ENERGIA / G&EBC,6665.0,7371.0,706.0,706.0
H3,Teste,Baseline Último,3T25,2T26,82,REFINO / RTC,137063.0,111526.0,-25537.0,25537.0
H3,Teste,Baseline Sazonal,3T25,2T26,82,CORPORATIVO / OUTROS NEGÓCIOS,442.0,394.0,-48.0,48.0
H3,Teste,Baseline Sazonal,3T25,2T26,82,E&P,47184.0,37410.0,-9774.0,9774.0
H3,Teste,Baseline Sazonal,3T25,2T26,82,GÁS & ENERGIA / G&EBC,6665.0,6475.0,-190.0,190.0
H3,Teste,Baseline Sazonal,3T25,2T26,82,REFINO / RTC,137063.0,105290.0,-31773.0,31773.0
H3,Teste,Ridge Contábil,3T25,2T26,82,CORPORATIVO / OUTROS NEGÓCIOS,442.0,0.0,-442.0,442.0
H3,Teste,Ridge Contábil,3T25,2T26,82,E&P,47184.0,41671.420179543886,-5512.579820456114,5512.579820456114
H3,Teste,Ridge Contábil,3T25,2T26,82,GÁS & ENERGIA / G&EBC,6665.0,6322.763712712611,-342.23628728738913,342.23628728738913
H3,Teste,Ridge Contábil,3T25,2T26,82,REFINO / RTC,137063.0,106749.04233285255,-30313.95766714745,30313.95766714745
H3,Teste,Ridge + Brent e Câmbio,3T25,2T26,82,CORPORATIVO / OUTROS NEGÓCIOS,442.0,1354.931903103232,912.9319031032319,912.9319031032319
H3,Teste,Ridge + Brent e Câmbio,3T25,2T26,82,E&P,47184.0,41357.07428505711,-5826.925714942889,5826.925714942889
H3,Teste,Ridge + Brent e Câmbio,3T25,2T26,82,GÁS & ENERGIA / G&EBC,6665.0,8224.82383899239,1559.82383899239,1559.82383899239
H3,Teste,Ridge + Brent e Câmbio,3T25,2T26,82,REFINO / RTC,137063.0,106458.3730336864,-30604.626966313604,30604.626966313604
H3,Teste,Random Forest ampliada,3T25,2T26,82,CORPORATIVO / OUTROS NEGÓCIOS,442.0,401.24089650672124,-40.75910349327876,40.75910349327876
H3,Teste,Random Forest ampliada,3T25,2T26,82,E&P,47184.0,36762.11267907172,-10421.887320928283,10421.887320928283
H3,Teste,Random Forest ampliada,3T25,2T26,82,GÁS & ENERGIA / G&EBC,6665.0,8551.624567153158,1886.6245671531578,1886.6245671531578
H3,Teste,Random Forest ampliada,3T25,2T26,82,REFINO / RTC,137063.0,103730.15523809526,-33332.84476190474,33332.84476190474
H3,Teste,Random Forest grade original,3T25,2T26,82,CORPORATIVO / OUTROS NEGÓCIOS,442.0,401.24089650672124,-40.75910349327876,40.75910349327876
H3,Teste,Random Forest grade original,3T25,2T26,82,E&P,47184.0,36762.11267907172,-10421.887320928283,10421.887320928283
H3,Teste,Random Forest grade original,3T25,2T26,82,GÁS & ENERGIA / G&EBC,6665.0,8551.624567153158,1886.6245671531578,1886.6245671531578
H3,Teste,Random Forest grade original,3T25,2T26,82,REFINO / RTC,137063.0,103730.15523809526,-33332.84476190474,33332.84476190474
H3,Teste,Gradient Boosting,3T25,2T26,82,CORPORATIVO / OUTROS NEGÓCIOS,442.0,1981.1315890741596,1539.1315890741596,1539.1315890741596
H3,Teste,Gradient Boosting,3T25,2T26,82,E&P,47184.0,37110.87501548869,-10073.124984511313,10073.124984511313
H3,Teste,Gradient Boosting,3T25,2T26,82,GÁS & ENERGIA / G&EBC,6665.0,9043.480629068777,2378.4806290687775,2378.4806290687775
H3,Teste,Gradient Boosting,3T25,2T26,82,REFINO / RTC,137063.0,104841.85047507835,-32221.149524921653,32221.149524921653
H4,Validação,Baseline Último,1T18,1T19,53,REFINO / RTC,56167.0,49157.0,-7010.0,7010.0
H4,Validação,Baseline Último,1T18,1T19,53,BIOCOMBUSTÍVEIS,233.0,207.0,-26.0,26.0
H4,Validação,Baseline Último,1T18,1T19,53,CORPORATIVO / OUTROS NEGÓCIOS,0.0,0.0,0.0,0.0
H4,Validação,Baseline Último,1T18,1T19,53,DISTRIBUIÇÃO,21621.0,21845.0,224.0,224.0
H4,Validação,Baseline Último,1T18,1T19,53,E&P,25640.0,24088.0,-1552.0,1552.0
H4,Validação,Baseline Último,1T18,1T19,53,GÁS & ENERGIA / G&EBC,8682.0,5833.0,-2849.0,2849.0
H4,Validação,Baseline Sazonal,1T18,1T19,53,REFINO / RTC,56167.0,49157.0,-7010.0,7010.0
H4,Validação,Baseline Sazonal,1T18,1T19,53,BIOCOMBUSTÍVEIS,233.0,207.0,-26.0,26.0
H4,Validação,Baseline Sazonal,1T18,1T19,53,CORPORATIVO / OUTROS NEGÓCIOS,0.0,0.0,0.0,0.0
H4,Validação,Baseline Sazonal,1T18,1T19,53,DISTRIBUIÇÃO,21621.0,21845.0,224.0,224.0
H4,Validação,Baseline Sazonal,1T18,1T19,53,E&P,25640.0,24088.0,-1552.0,1552.0
H4,Validação,Baseline Sazonal,1T18,1T19,53,GÁS & ENERGIA / G&EBC,8682.0,5833.0,-2849.0,2849.0
H4,Validação,Ridge Contábil,1T18,1T19,53,REFINO / RTC,56167.0,51616.9818247105,-4550.0181752895005,4550.0181752895005
H4,Validação,Ridge Contábil,1T18,1T19,53,BIOCOMBUSTÍVEIS,233.0,0.0,-233.0,233.0
H4,Validação,Ridge Contábil,1T18,1T19,53,CORPORATIVO / OUTROS NEGÓCIOS,0.0,0.0,0.0,0.0
H4,Validação,Ridge Contábil,1T18,1T19,53,DISTRIBUIÇÃO,21621.0,21100.461481887447,-520.538518112553,520.538518112553
H4,Validação,Ridge Contábil,1T18,1T19,53,E&P,25640.0,20911.936092326243,-4728.063907673757,4728.063907673757
H4,Validação,Ridge Contábil,1T18,1T19,53,GÁS & ENERGIA / G&EBC,8682.0,5221.358557371677,-3460.6414426283227,3460.6414426283227
H4,Validação,Ridge + Brent e Câmbio,1T18,1T19,53,REFINO / RTC,56167.0,49720.276395879875,-6446.723604120125,6446.723604120125
H4,Validação,Ridge + Brent e Câmbio,1T18,1T19,53,BIOCOMBUSTÍVEIS,233.0,2501.582857094809,2268.582857094809,2268.582857094809
H4,Validação,Ridge + Brent e Câmbio,1T18,1T19,53,CORPORATIVO / OUTROS NEGÓCIOS,0.0,0.0,0.0,0.0
H4,Validação,Ridge + Brent e Câmbio,1T18,1T19,53,DISTRIBUIÇÃO,21621.0,21118.87858565177,-502.1214143482284,502.1214143482284
H4,Validação,Ridge + Brent e Câmbio,1T18,1T19,53,E&P,25640.0,23029.243145403758,-2610.756854596242,2610.756854596242
H4,Validação,Ridge + Brent e Câmbio,1T18,1T19,53,GÁS & ENERGIA / G&EBC,8682.0,6827.192749642887,-1854.807250357113,1854.807250357113
H4,Validação,Random Forest ampliada,1T18,1T19,53,REFINO / RTC,56167.0,56174.056432979785,7.056432979785313,7.056432979785313
H4,Validação,Random Forest ampliada,1T18,1T19,53,BIOCOMBUSTÍVEIS,233.0,417.4143186004387,184.41431860043872,184.41431860043872
H4,Validação,Random Forest ampliada,1T18,1T19,53,CORPORATIVO / OUTROS NEGÓCIOS,0.0,3.6738765012531327,3.6738765012531327,3.6738765012531327
H4,Validação,Random Forest ampliada,1T18,1T19,53,DISTRIBUIÇÃO,21621.0,22880.764873269018,1259.7648732690177,1259.7648732690177
H4,Validação,Random Forest ampliada,1T18,1T19,53,E&P,25640.0,26723.479514100734,1083.4795141007344,1083.4795141007344
H4,Validação,Random Forest ampliada,1T18,1T19,53,GÁS & ENERGIA / G&EBC,8682.0,7658.240382807162,-1023.759617192838,1023.759617192838
H4,Validação,Random Forest grade original,1T18,1T19,53,REFINO / RTC,56167.0,54404.896391295806,-1762.103608704194,1762.103608704194
H4,Validação,Random Forest grade original,1T18,1T19,53,BIOCOMBUSTÍVEIS,233.0,356.2715680173561,123.27156801735612,123.27156801735612
H4,Validação,Random Forest grade original,1T18,1T19,53,CORPORATIVO / OUTROS NEGÓCIOS,0.0,55.02735650472586,55.02735650472586,55.02735650472586
H4,Validação,Random Forest grade original,1T18,1T19,53,DISTRIBUIÇÃO,21621.0,21823.28697569089,202.28697569089127,202.28697569089127
H4,Validação,Random Forest grade original,1T18,1T19,53,E&P,25640.0,29469.64112126778,3829.6411212677813,3829.6411212677813
H4,Validação,Random Forest grade original,1T18,1T19,53,GÁS & ENERGIA / G&EBC,8682.0,7845.222957644084,-836.7770423559159,836.7770423559159
H4,Validação,Gradient Boosting,1T18,1T19,53,REFINO / RTC,56167.0,55366.016332053216,-800.9836679467844,800.9836679467844
H4,Validação,Gradient Boosting,1T18,1T19,53,BIOCOMBUSTÍVEIS,233.0,1480.9257518150603,1247.9257518150603,1247.9257518150603
H4,Validação,Gradient Boosting,1T18,1T19,53,CORPORATIVO / OUTROS NEGÓCIOS,0.0,1418.4095039666786,1418.4095039666786,1418.4095039666786
H4,Validação,Gradient Boosting,1T18,1T19,53,DISTRIBUIÇÃO,21621.0,21541.444464989094,-79.55553501090617,79.55553501090617
H4,Validação,Gradient Boosting,1T18,1T19,53,E&P,25640.0,22973.651242131597,-2666.3487578684035,2666.3487578684035
H4,Validação,Gradient Boosting,1T18,1T19,53,GÁS & ENERGIA / G&EBC,8682.0,7894.129262737279,-787.8707372627214,787.8707372627214
H4,Validação,Baseline Último,2T18,2T19,54,REFINO / RTC,59321.0,56246.0,-3075.0,3075.0
H4,Validação,Baseline Último,2T18,2T19,54,BIOCOMBUSTÍVEIS,234.0,197.0,-37.0,37.0
H4,Validação,Baseline Último,2T18,2T19,54,CORPORATIVO / OUTROS NEGÓCIOS,0.0,0.0,0.0,0.0
H4,Validação,Baseline Último,2T18,2T19,54,DISTRIBUIÇÃO,19727.0,23301.0,3574.0,3574.0
H4,Validação,Baseline Último,2T18,2T19,54,E&P,26771.0,27415.0,644.0,644.0
H4,Validação,Baseline Último,2T18,2T19,54,GÁS & ENERGIA / G&EBC,6272.0,7642.0,1370.0,1370.0
H4,Validação,Baseline Sazonal,2T18,2T19,54,REFINO / RTC,59321.0,56246.0,-3075.0,3075.0
H4,Validação,Baseline Sazonal,2T18,2T19,54,BIOCOMBUSTÍVEIS,234.0,197.0,-37.0,37.0
H4,Validação,Baseline Sazonal,2T18,2T19,54,CORPORATIVO / OUTROS NEGÓCIOS,0.0,0.0,0.0,0.0
H4,Validação,Baseline Sazonal,2T18,2T19,54,DISTRIBUIÇÃO,19727.0,23301.0,3574.0,3574.0
H4,Validação,Baseline Sazonal,2T18,2T19,54,E&P,26771.0,27415.0,644.0,644.0
H4,Validação,Baseline Sazonal,2T18,2T19,54,GÁS & ENERGIA / G&EBC,6272.0,7642.0,1370.0,1370.0
H4,Validação,Ridge Contábil,2T18,2T19,54,REFINO / RTC,59321.0,54583.65784993804,-4737.342150061959,4737.342150061959
H4,Validação,Ridge Contábil,2T18,2T19,54,BIOCOMBUSTÍVEIS,234.0,0.0,-234.0,234.0
H4,Validação,Ridge Contábil,2T18,2T19,54,CORPORATIVO / OUTROS NEGÓCIOS,0.0,0.0,0.0,0.0
H4,Validação,Ridge Contábil,2T18,2T19,54,DISTRIBUIÇÃO,19727.0,21829.994482472688,2102.994482472688,2102.994482472688
H4,Validação,Ridge Contábil,2T18,2T19,54,E&P,26771.0,21318.573106104206,-5452.426893895794,5452.426893895794
H4,Validação,Ridge Contábil,2T18,2T19,54,GÁS & ENERGIA / G&EBC,6272.0,9134.679109555085,2862.6791095550852,2862.6791095550852
H4,Validação,Ridge + Brent e Câmbio,2T18,2T19,54,REFINO / RTC,59321.0,52220.92002249465,-7100.079977505353,7100.079977505353
H4,Validação,Ridge + Brent e Câmbio,2T18,2T19,54,BIOCOMBUSTÍVEIS,234.0,2742.1234849002412,2508.1234849002412,2508.1234849002412
H4,Validação,Ridge + Brent e Câmbio,2T18,2T19,54,CORPORATIVO / OUTROS NEGÓCIOS,0.0,128.32136363856443,128.32136363856443,128.32136363856443
H4,Validação,Ridge + Brent e Câmbio,2T18,2T19,54,DISTRIBUIÇÃO,19727.0,21579.49229285078,1852.4922928507804,1852.4922928507804
H4,Validação,Ridge + Brent e Câmbio,2T18,2T19,54,E&P,26771.0,24537.05304720364,-2233.9469527963593,2233.9469527963593
H4,Validação,Ridge + Brent e Câmbio,2T18,2T19,54,GÁS & ENERGIA / G&EBC,6272.0,8284.20293980572,2012.2029398057202,2012.2029398057202
H4,Validação,Random Forest ampliada,2T18,2T19,54,REFINO / RTC,59321.0,55601.7729328864,-3719.2270671135993,3719.2270671135993
H4,Validação,Random Forest ampliada,2T18,2T19,54,BIOCOMBUSTÍVEIS,234.0,373.0388403723502,139.0388403723502,139.0388403723502
H4,Validação,Random Forest ampliada,2T18,2T19,54,CORPORATIVO / OUTROS NEGÓCIOS,0.0,207.50400000000002,207.50400000000002,207.50400000000002
H4,Validação,Random Forest ampliada,2T18,2T19,54,DISTRIBUIÇÃO,19727.0,22797.645263711867,3070.6452637118673,3070.6452637118673
H4,Validação,Random Forest ampliada,2T18,2T19,54,E&P,26771.0,27213.610298265638,442.61029826563754,442.61029826563754
H4,Validação,Random Forest ampliada,2T18,2T19,54,GÁS & ENERGIA / G&EBC,6272.0,8125.024396598409,1853.024396598409,1853.024396598409
H4,Validação,Random Forest grade original,2T18,2T19,54,REFINO / RTC,59321.0,53743.618800744065,-5577.381199255935,5577.381199255935
H4,Validação,Random Forest grade original,2T18,2T19,54,BIOCOMBUSTÍVEIS,234.0,460.59299425548073,226.59299425548073,226.59299425548073
H4,Validação,Random Forest grade original,2T18,2T19,54,CORPORATIVO / OUTROS NEGÓCIOS,0.0,27.90244944449718,27.90244944449718,27.90244944449718
H4,Validação,Random Forest grade original,2T18,2T19,54,DISTRIBUIÇÃO,19727.0,22135.625039458875,2408.625039458875,2408.625039458875
H4,Validação,Random Forest grade original,2T18,2T19,54,E&P,26771.0,26494.325729041982,-276.6742709580176,276.6742709580176
H4,Validação,Random Forest grade original,2T18,2T19,54,GÁS & ENERGIA / G&EBC,6272.0,8001.404204288479,1729.4042042884794,1729.4042042884794
H4,Validação,Gradient Boosting,2T18,2T19,54,REFINO / RTC,59321.0,53562.85792070411,-5758.142079295889,5758.142079295889
H4,Validação,Gradient Boosting,2T18,2T19,54,BIOCOMBUSTÍVEIS,234.0,1416.1449907057022,1182.1449907057022,1182.1449907057022
H4,Validação,Gradient Boosting,2T18,2T19,54,CORPORATIVO / OUTROS NEGÓCIOS,0.0,1416.1449907057022,1416.1449907057022,1416.1449907057022
H4,Validação,Gradient Boosting,2T18,2T19,54,DISTRIBUIÇÃO,19727.0,23009.805276012183,3282.8052760121827,3282.8052760121827
H4,Validação,Gradient Boosting,2T18,2T19,54,E&P,26771.0,24328.427249318087,-2442.572750681913,2442.572750681913
H4,Validação,Gradient Boosting,2T18,2T19,54,GÁS & ENERGIA / G&EBC,6272.0,8576.487209628662,2304.4872096286617,2304.4872096286617
H4,Validação,Baseline Último,3T18,3T19,55,REFINO / RTC,63048.0,68601.0,5553.0,5553.0
H4,Validação,Baseline Último,3T18,3T19,55,BIOCOMBUSTÍVEIS,193.0,220.0,27.0,27.0
H4,Validação,Baseline Último,3T18,3T19,55,CORPORATIVO / OUTROS NEGÓCIOS,0.0,0.0,0.0,0.0
H4,Validação,Baseline Último,3T18,3T19,55,DISTRIBUIÇÃO,877.0,26030.0,25153.0,25153.0
H4,Validação,Baseline Último,3T18,3T19,55,E&P,26978.0,28159.0,1181.0,1181.0
H4,Validação,Baseline Último,3T18,3T19,55,GÁS & ENERGIA / G&EBC,8077.0,11270.0,3193.0,3193.0
H4,Validação,Baseline Sazonal,3T18,3T19,55,REFINO / RTC,63048.0,68601.0,5553.0,5553.0
H4,Validação,Baseline Sazonal,3T18,3T19,55,BIOCOMBUSTÍVEIS,193.0,220.0,27.0,27.0
H4,Validação,Baseline Sazonal,3T18,3T19,55,CORPORATIVO / OUTROS NEGÓCIOS,0.0,0.0,0.0,0.0
H4,Validação,Baseline Sazonal,3T18,3T19,55,DISTRIBUIÇÃO,877.0,26030.0,25153.0,25153.0
H4,Validação,Baseline Sazonal,3T18,3T19,55,E&P,26978.0,28159.0,1181.0,1181.0
H4,Validação,Baseline Sazonal,3T18,3T19,55,GÁS & ENERGIA / G&EBC,8077.0,11270.0,3193.0,3193.0
H4,Validação,Ridge Contábil,3T18,3T19,55,REFINO / RTC,63048.0,62673.361326458304,-374.63867354169633,374.63867354169633
H4,Validação,Ridge Contábil,3T18,3T19,55,BIOCOMBUSTÍVEIS,193.0,698.7912875390284,505.7912875390284,505.7912875390284
H4,Validação,Ridge Contábil,3T18,3T19,55,CORPORATIVO / OUTROS NEGÓCIOS,0.0,0.0,0.0,0.0
H4,Validação,Ridge Contábil,3T18,3T19,55,DISTRIBUIÇÃO,877.0,24695.25869155467,23818.25869155467,23818.25869155467
H4,Validação,Ridge Contábil,3T18,3T19,55,E&P,26978.0,22054.90859009913,-4923.09140990087,4923.09140990087
H4,Validação,Ridge Contábil,3T18,3T19,55,GÁS & ENERGIA / G&EBC,8077.0,9680.235604013706,1603.2356040137056,1603.2356040137056
H4,Validação,Ridge + Brent e Câmbio,3T18,3T19,55,REFINO / RTC,63048.0,58540.17328641582,-4507.826713584182,4507.826713584182
H4,Validação,Ridge + Brent e Câmbio,3T18,3T19,55,BIOCOMBUSTÍVEIS,193.0,2837.4062308780303,2644.4062308780303,2644.4062308780303
H4,Validação,Ridge + Brent e Câmbio,3T18,3T19,55,CORPORATIVO / OUTROS NEGÓCIOS,0.0,102.05591534173072,102.05591534173072,102.05591534173072
H4,Validação,Ridge + Brent e Câmbio,3T18,3T19,55,DISTRIBUIÇÃO,877.0,23460.270589347318,22583.270589347318,22583.270589347318
H4,Validação,Ridge + Brent e Câmbio,3T18,3T19,55,E&P,26978.0,26365.526202285706,-612.473797714294,612.473797714294
H4,Validação,Ridge + Brent e Câmbio,3T18,3T19,55,GÁS & ENERGIA / G&EBC,8077.0,9527.153260321382,1450.1532603213818,1450.1532603213818
H4,Validação,Random Forest ampliada,3T18,3T19,55,REFINO / RTC,63048.0,55034.51623543369,-8013.4837645663065,8013.4837645663065
H4,Validação,Random Forest ampliada,3T18,3T19,55,BIOCOMBUSTÍVEIS,193.0,321.0117588257318,128.01175882573182,128.01175882573182
H4,Validação,Random Forest ampliada,3T18,3T19,55,CORPORATIVO / OUTROS NEGÓCIOS,0.0,0.5935820895522388,0.5935820895522388,0.5935820895522388
H4,Validação,Random Forest ampliada,3T18,3T19,55,DISTRIBUIÇÃO,877.0,25328.59938410175,24451.59938410175,24451.59938410175
H4,Validação,Random Forest ampliada,3T18,3T19,55,E&P,26978.0,31755.057095338198,4777.0570953381975,4777.0570953381975
H4,Validação,Random Forest ampliada,3T18,3T19,55,GÁS & ENERGIA / G&EBC,8077.0,9536.200838873452,1459.200838873452,1459.200838873452
H4,Validação,Random Forest grade original,3T18,3T19,55,REFINO / RTC,63048.0,53859.62187247106,-9188.378127528937,9188.378127528937
H4,Validação,Random Forest grade original,3T18,3T19,55,BIOCOMBUSTÍVEIS,193.0,565.8080985686566,372.80809856865665,372.80809856865665
H4,Validação,Random Forest grade original,3T18,3T19,55,CORPORATIVO / OUTROS NEGÓCIOS,0.0,23.463738503706487,23.463738503706487,23.463738503706487
H4,Validação,Random Forest grade original,3T18,3T19,55,DISTRIBUIÇÃO,877.0,25214.177701477445,24337.177701477445,24337.177701477445
H4,Validação,Random Forest grade original,3T18,3T19,55,E&P,26978.0,29044.55713688153,2066.557136881529,2066.557136881529
H4,Validação,Random Forest grade original,3T18,3T19,55,GÁS & ENERGIA / G&EBC,8077.0,10023.712126731392,1946.7121267313923,1946.7121267313923
H4,Validação,Gradient Boosting,3T18,3T19,55,REFINO / RTC,63048.0,49475.94728752195,-13572.05271247805,13572.05271247805
H4,Validação,Gradient Boosting,3T18,3T19,55,BIOCOMBUSTÍVEIS,193.0,1450.653953243706,1257.653953243706,1257.653953243706
H4,Validação,Gradient Boosting,3T18,3T19,55,CORPORATIVO / OUTROS NEGÓCIOS,0.0,1360.1173517352986,1360.1173517352986,1360.1173517352986
H4,Validação,Gradient Boosting,3T18,3T19,55,DISTRIBUIÇÃO,877.0,23239.96100966582,22362.96100966582,22362.96100966582
H4,Validação,Gradient Boosting,3T18,3T19,55,E&P,26978.0,25088.26841094764,-1889.7315890523605,1889.7315890523605
H4,Validação,Gradient Boosting,3T18,3T19,55,GÁS & ENERGIA / G&EBC,8077.0,11108.691783118189,3031.691783118189,3031.691783118189
H4,Validação,Baseline Último,4T18,4T19,56,CORPORATIVO / OUTROS NEGÓCIOS,4588.0,0.0,-4588.0,4588.0
H4,Validação,Baseline Último,4T18,4T19,56,E&P,28305.0,25937.0,-2368.0,2368.0
H4,Validação,Baseline Último,4T18,4T19,56,GÁS & ENERGIA / G&EBC,7307.0,8543.0,1236.0,1236.0
H4,Validação,Baseline Último,4T18,4T19,56,REFINO / RTC,64454.0,71932.0,7478.0,7478.0
H4,Validação,Baseline Sazonal,4T18,4T19,56,CORPORATIVO / OUTROS NEGÓCIOS,4588.0,0.0,-4588.0,4588.0
H4,Validação,Baseline Sazonal,4T18,4T19,56,E&P,28305.0,25937.0,-2368.0,2368.0
H4,Validação,Baseline Sazonal,4T18,4T19,56,GÁS & ENERGIA / G&EBC,7307.0,8543.0,1236.0,1236.0
H4,Validação,Baseline Sazonal,4T18,4T19,56,REFINO / RTC,64454.0,71932.0,7478.0,7478.0
H4,Validação,Ridge Contábil,4T18,4T19,56,CORPORATIVO / OUTROS NEGÓCIOS,4588.0,488.9018508335539,-4099.098149166446,4099.098149166446
H4,Validação,Ridge Contábil,4T18,4T19,56,E&P,28305.0,21475.405009749797,-6829.594990250203,6829.594990250203
H4,Validação,Ridge Contábil,4T18,4T19,56,GÁS & ENERGIA / G&EBC,7307.0,8830.331021109447,1523.3310211094467,1523.3310211094467
H4,Validação,Ridge Contábil,4T18,4T19,56,REFINO / RTC,64454.0,67364.86975985751,2910.869759857509,2910.869759857509
H4,Validação,Ridge + Brent e Câmbio,4T18,4T19,56,CORPORATIVO / OUTROS NEGÓCIOS,4588.0,0.0,-4588.0,4588.0
H4,Validação,Ridge + Brent e Câmbio,4T18,4T19,56,E&P,28305.0,26141.99725965604,-2163.00274034396,2163.00274034396
H4,Validação,Ridge + Brent e Câmbio,4T18,4T19,56,GÁS & ENERGIA / G&EBC,7307.0,8690.286494979682,1383.2864949796822,1383.2864949796822
H4,Validação,Ridge + Brent e Câmbio,4T18,4T19,56,REFINO / RTC,64454.0,62219.064627401676,-2234.9353725983237,2234.9353725983237
H4,Validação,Random Forest ampliada,4T18,4T19,56,CORPORATIVO / OUTROS NEGÓCIOS,4588.0,97.17139288531001,-4490.82860711469,4490.82860711469
H4,Validação,Random Forest ampliada,4T18,4T19,56,E&P,28305.0,30629.36677441759,2324.366774417591,2324.366774417591
H4,Validação,Random Forest ampliada,4T18,4T19,56,GÁS & ENERGIA / G&EBC,7307.0,10008.766102195554,2701.7661021955537,2701.7661021955537
H4,Validação,Random Forest ampliada,4T18,4T19,56,REFINO / RTC,64454.0,52516.43501768347,-11937.56498231653,11937.56498231653
H4,Validação,Random Forest grade original,4T18,4T19,56,CORPORATIVO / OUTROS NEGÓCIOS,4588.0,45.94572114831462,-4542.054278851685,4542.054278851685
H4,Validação,Random Forest grade original,4T18,4T19,56,E&P,28305.0,29967.01969981628,1662.0196998162792,1662.0196998162792
H4,Validação,Random Forest grade original,4T18,4T19,56,GÁS & ENERGIA / G&EBC,7307.0,10003.025687693114,2696.0256876931144,2696.0256876931144
H4,Validação,Random Forest grade original,4T18,4T19,56,REFINO / RTC,64454.0,52827.184430796355,-11626.815569203645,11626.815569203645
H4,Validação,Gradient Boosting,4T18,4T19,56,CORPORATIVO / OUTROS NEGÓCIOS,4588.0,1360.0745912501707,-3227.9254087498293,3227.9254087498293
H4,Validação,Gradient Boosting,4T18,4T19,56,E&P,28305.0,26508.378406530526,-1796.6215934694737,1796.6215934694737
H4,Validação,Gradient Boosting,4T18,4T19,56,GÁS & ENERGIA / G&EBC,7307.0,10385.525916927425,3078.525916927425,3078.525916927425
H4,Validação,Gradient Boosting,4T18,4T19,56,REFINO / RTC,64454.0,54822.567799970435,-9631.432200029565,9631.432200029565
H4,Validação,Baseline Último,1T19,1T20,57,CORPORATIVO / OUTROS NEGÓCIOS,830.0,0.0,-830.0,830.0
H4,Validação,Baseline Último,1T19,1T20,57,E&P,26224.0,25640.0,-584.0,584.0
H4,Validação,Baseline Último,1T19,1T20,57,GÁS & ENERGIA / G&EBC,5905.0,8682.0,2777.0,2777.0
H4,Validação,Baseline Último,1T19,1T20,57,REFINO / RTC,68162.0,56167.0,-11995.0,11995.0
H4,Validação,Baseline Sazonal,1T19,1T20,57,CORPORATIVO / OUTROS NEGÓCIOS,830.0,0.0,-830.0,830.0
H4,Validação,Baseline Sazonal,1T19,1T20,57,E&P,26224.0,25640.0,-584.0,584.0
H4,Validação,Baseline Sazonal,1T19,1T20,57,GÁS & ENERGIA / G&EBC,5905.0,8682.0,2777.0,2777.0
H4,Validação,Baseline Sazonal,1T19,1T20,57,REFINO / RTC,68162.0,56167.0,-11995.0,11995.0
H4,Validação,Ridge Contábil,1T19,1T20,57,CORPORATIVO / OUTROS NEGÓCIOS,830.0,0.0,-830.0,830.0
H4,Validação,Ridge Contábil,1T19,1T20,57,E&P,26224.0,23784.365901666835,-2439.6340983331647,2439.6340983331647
H4,Validação,Ridge Contábil,1T19,1T20,57,GÁS & ENERGIA / G&EBC,5905.0,7766.796139553184,1861.7961395531838,1861.7961395531838
H4,Validação,Ridge Contábil,1T19,1T20,57,REFINO / RTC,68162.0,58413.168181281944,-9748.831818718056,9748.831818718056
H4,Validação,Ridge + Brent e Câmbio,1T19,1T20,57,CORPORATIVO / OUTROS NEGÓCIOS,830.0,0.0,-830.0,830.0
H4,Validação,Ridge + Brent e Câmbio,1T19,1T20,57,E&P,26224.0,25916.31325913538,-307.68674086462124,307.68674086462124
H4,Validação,Ridge + Brent e Câmbio,1T19,1T20,57,GÁS & ENERGIA / G&EBC,5905.0,7564.122567451919,1659.1225674519192,1659.1225674519192
H4,Validação,Ridge + Brent e Câmbio,1T19,1T20,57,REFINO / RTC,68162.0,57707.026446104435,-10454.973553895565,10454.973553895565
H4,Validação,Random Forest ampliada,1T19,1T20,57,CORPORATIVO / OUTROS NEGÓCIOS,830.0,8.264671189878765,-821.7353288101212,821.7353288101212
H4,Validação,Random Forest ampliada,1T19,1T20,57,E&P,26224.0,30187.855487933244,3963.855487933244,3963.855487933244
H4,Validação,Random Forest ampliada,1T19,1T20,57,GÁS & ENERGIA / G&EBC,5905.0,8436.021265108318,2531.0212651083184,2531.0212651083184
H4,Validação,Random Forest ampliada,1T19,1T20,57,REFINO / RTC,68162.0,54961.20560369914,-13200.794396300858,13200.794396300858
H4,Validação,Random Forest grade original,1T19,1T20,57,CORPORATIVO / OUTROS NEGÓCIOS,830.0,152.23344529163782,-677.7665547083622,677.7665547083622
H4,Validação,Random Forest grade original,1T19,1T20,57,E&P,26224.0,32787.587988489795,6563.587988489795,6563.587988489795
H4,Validação,Random Forest grade original,1T19,1T20,57,GÁS & ENERGIA / G&EBC,5905.0,9161.520754733798,3256.5207547337977,3256.5207547337977
H4,Validação,Random Forest grade original,1T19,1T20,57,REFINO / RTC,68162.0,57396.946514001545,-10765.053485998455,10765.053485998455
H4,Validação,Gradient Boosting,1T19,1T20,57,CORPORATIVO / OUTROS NEGÓCIOS,830.0,1413.0309059341655,583.0309059341655,583.0309059341655
H4,Validação,Gradient Boosting,1T19,1T20,57,E&P,26224.0,27162.297695245114,938.2976952451136,938.2976952451136
H4,Validação,Gradient Boosting,1T19,1T20,57,GÁS & ENERGIA / G&EBC,5905.0,8723.552199093883,2818.5521990938832,2818.5521990938832
H4,Validação,Gradient Boosting,1T19,1T20,57,REFINO / RTC,68162.0,52810.04800332128,-15351.95199667872,15351.95199667872
H4,Validação,Baseline Último,2T19,2T20,58,CORPORATIVO / OUTROS NEGÓCIOS,1098.0,0.0,-1098.0,1098.0
H4,Validação,Baseline Último,2T19,2T20,58,E&P,18890.0,26771.0,7881.0,7881.0
H4,Validação,Baseline Último,2T19,2T20,58,GÁS & ENERGIA / G&EBC,3312.0,6272.0,2960.0,2960.0
H4,Validação,Baseline Último,2T19,2T20,58,REFINO / RTC,39835.0,59321.0,19486.0,19486.0
H4,Validação,Baseline Sazonal,2T19,2T20,58,CORPORATIVO / OUTROS NEGÓCIOS,1098.0,0.0,-1098.0,1098.0
H4,Validação,Baseline Sazonal,2T19,2T20,58,E&P,18890.0,26771.0,7881.0,7881.0
H4,Validação,Baseline Sazonal,2T19,2T20,58,GÁS & ENERGIA / G&EBC,3312.0,6272.0,2960.0,2960.0
H4,Validação,Baseline Sazonal,2T19,2T20,58,REFINO / RTC,39835.0,59321.0,19486.0,19486.0
H4,Validação,Ridge Contábil,2T19,2T20,58,CORPORATIVO / OUTROS NEGÓCIOS,1098.0,0.0,-1098.0,1098.0
H4,Validação,Ridge Contábil,2T19,2T20,58,E&P,18890.0,26419.697015207425,7529.697015207425,7529.697015207425
H4,Validação,Ridge Contábil,2T19,2T20,58,GÁS & ENERGIA / G&EBC,3312.0,4998.1848910711105,1686.1848910711105,1686.1848910711105
H4,Validação,Ridge Contábil,2T19,2T20,58,REFINO / RTC,39835.0,59706.79416561495,19871.79416561495,19871.79416561495
H4,Validação,Ridge + Brent e Câmbio,2T19,2T20,58,CORPORATIVO / OUTROS NEGÓCIOS,1098.0,0.0,-1098.0,1098.0
H4,Validação,Ridge + Brent e Câmbio,2T19,2T20,58,E&P,18890.0,28369.71754551965,9479.717545519648,9479.717545519648
H4,Validação,Ridge + Brent e Câmbio,2T19,2T20,58,GÁS & ENERGIA / G&EBC,3312.0,3646.949673196379,334.9496731963791,334.9496731963791
H4,Validação,Ridge + Brent e Câmbio,2T19,2T20,58,REFINO / RTC,39835.0,58033.437159414796,18198.437159414796,18198.437159414796
H4,Validação,Random Forest ampliada,2T19,2T20,58,CORPORATIVO / OUTROS NEGÓCIOS,1098.0,336.34645977507205,-761.653540224928,761.653540224928
H4,Validação,Random Forest ampliada,2T19,2T20,58,E&P,18890.0,31436.002737521965,12546.002737521965,12546.002737521965
H4,Validação,Random Forest ampliada,2T19,2T20,58,GÁS & ENERGIA / G&EBC,3312.0,7718.437101293315,4406.437101293315,4406.437101293315
H4,Validação,Random Forest ampliada,2T19,2T20,58,REFINO / RTC,39835.0,53712.33686639007,13877.33686639007,13877.33686639007
H4,Validação,Random Forest grade original,2T19,2T20,58,CORPORATIVO / OUTROS NEGÓCIOS,1098.0,245.8383576031117,-852.1616423968883,852.1616423968883
H4,Validação,Random Forest grade original,2T19,2T20,58,E&P,18890.0,29332.191816696282,10442.191816696282,10442.191816696282
H4,Validação,Random Forest grade original,2T19,2T20,58,GÁS & ENERGIA / G&EBC,3312.0,7962.438515038702,4650.438515038702,4650.438515038702
H4,Validação,Random Forest grade original,2T19,2T20,58,REFINO / RTC,39835.0,55430.07463493698,15595.07463493698,15595.07463493698
H4,Validação,Gradient Boosting,2T19,2T20,58,CORPORATIVO / OUTROS NEGÓCIOS,1098.0,1439.893489544619,341.8934895446189,341.8934895446189
H4,Validação,Gradient Boosting,2T19,2T20,58,E&P,18890.0,26626.578739347166,7736.5787393471655,7736.5787393471655
H4,Validação,Gradient Boosting,2T19,2T20,58,GÁS & ENERGIA / G&EBC,3312.0,7976.625922924278,4664.625922924278,4664.625922924278
H4,Validação,Gradient Boosting,2T19,2T20,58,REFINO / RTC,39835.0,50569.74705446128,10734.74705446128,10734.74705446128
H4,Validação,Baseline Último,3T19,3T20,59,CORPORATIVO / OUTROS NEGÓCIOS,1090.0,0.0,-1090.0,1090.0
H4,Validação,Baseline Último,3T19,3T20,59,E&P,25101.0,26978.0,1877.0,1877.0
H4,Validação,Baseline Último,3T19,3T20,59,GÁS & ENERGIA / G&EBC,4101.0,8077.0,3976.0,3976.0
H4,Validação,Baseline Último,3T19,3T20,59,REFINO / RTC,55670.0,63048.0,7378.0,7378.0
H4,Validação,Baseline Sazonal,3T19,3T20,59,CORPORATIVO / OUTROS NEGÓCIOS,1090.0,0.0,-1090.0,1090.0
H4,Validação,Baseline Sazonal,3T19,3T20,59,E&P,25101.0,26978.0,1877.0,1877.0
H4,Validação,Baseline Sazonal,3T19,3T20,59,GÁS & ENERGIA / G&EBC,4101.0,8077.0,3976.0,3976.0
H4,Validação,Baseline Sazonal,3T19,3T20,59,REFINO / RTC,55670.0,63048.0,7378.0,7378.0
H4,Validação,Ridge Contábil,3T19,3T20,59,CORPORATIVO / OUTROS NEGÓCIOS,1090.0,424.5834831641969,-665.4165168358031,665.4165168358031
H4,Validação,Ridge Contábil,3T19,3T20,59,E&P,25101.0,26510.086235364055,1409.086235364055,1409.086235364055
H4,Validação,Ridge Contábil,3T19,3T20,59,GÁS & ENERGIA / G&EBC,4101.0,15925.550105764964,11824.550105764964,11824.550105764964
H4,Validação,Ridge Contábil,3T19,3T20,59,REFINO / RTC,55670.0,61096.43389385185,5426.433893851849,5426.433893851849
H4,Validação,Ridge + Brent e Câmbio,3T19,3T20,59,CORPORATIVO / OUTROS NEGÓCIOS,1090.0,0.0,-1090.0,1090.0
H4,Validação,Ridge + Brent e Câmbio,3T19,3T20,59,E&P,25101.0,29227.86140320719,4126.861403207189,4126.861403207189
H4,Validação,Ridge + Brent e Câmbio,3T19,3T20,59,GÁS & ENERGIA / G&EBC,4101.0,5788.871440554296,1687.871440554296,1687.871440554296
H4,Validação,Ridge + Brent e Câmbio,3T19,3T20,59,REFINO / RTC,55670.0,61801.74751535541,6131.747515355411,6131.747515355411
H4,Validação,Random Forest ampliada,3T19,3T20,59,CORPORATIVO / OUTROS NEGÓCIOS,1090.0,135.39069679816743,-954.6093032018325,954.6093032018325
H4,Validação,Random Forest ampliada,3T19,3T20,59,E&P,25101.0,29594.188060529912,4493.188060529912,4493.188060529912
H4,Validação,Random Forest ampliada,3T19,3T20,59,GÁS & ENERGIA / G&EBC,4101.0,9681.463089904068,5580.463089904068,5580.463089904068
H4,Validação,Random Forest ampliada,3T19,3T20,59,REFINO / RTC,55670.0,51460.87639700883,-4209.123602991167,4209.123602991167
H4,Validação,Random Forest grade original,3T19,3T20,59,CORPORATIVO / OUTROS NEGÓCIOS,1090.0,109.94273484974548,-980.0572651502546,980.0572651502546
H4,Validação,Random Forest grade original,3T19,3T20,59,E&P,25101.0,27569.236426710468,2468.2364267104676,2468.2364267104676
H4,Validação,Random Forest grade original,3T19,3T20,59,GÁS & ENERGIA / G&EBC,4101.0,9004.350687491657,4903.350687491657,4903.350687491657
H4,Validação,Random Forest grade original,3T19,3T20,59,REFINO / RTC,55670.0,52989.75686791993,-2680.243132080068,2680.243132080068
H4,Validação,Gradient Boosting,3T19,3T20,59,CORPORATIVO / OUTROS NEGÓCIOS,1090.0,1350.4117491797358,260.4117491797358,260.4117491797358
H4,Validação,Gradient Boosting,3T19,3T20,59,E&P,25101.0,25528.63465340363,427.6346534036311,427.6346534036311
H4,Validação,Gradient Boosting,3T19,3T20,59,GÁS & ENERGIA / G&EBC,4101.0,11357.061090164681,7256.061090164681,7256.061090164681
H4,Validação,Gradient Boosting,3T19,3T20,59,REFINO / RTC,55670.0,48727.89616026115,-6942.1038397388475,6942.1038397388475
H4,Validação,Baseline Último,4T19,4T20,60,CORPORATIVO / OUTROS NEGÓCIOS,1189.0,4588.0,3399.0,3399.0
H4,Validação,Baseline Último,4T19,4T20,60,E&P,21842.0,28305.0,6463.0,6463.0
H4,Validação,Baseline Último,4T19,4T20,60,GÁS & ENERGIA / G&EBC,6813.0,7307.0,494.0,494.0
H4,Validação,Baseline Último,4T19,4T20,60,REFINO / RTC,58548.0,64454.0,5906.0,5906.0
H4,Validação,Baseline Sazonal,4T19,4T20,60,CORPORATIVO / OUTROS NEGÓCIOS,1189.0,4588.0,3399.0,3399.0
H4,Validação,Baseline Sazonal,4T19,4T20,60,E&P,21842.0,28305.0,6463.0,6463.0
H4,Validação,Baseline Sazonal,4T19,4T20,60,GÁS & ENERGIA / G&EBC,6813.0,7307.0,494.0,494.0
H4,Validação,Baseline Sazonal,4T19,4T20,60,REFINO / RTC,58548.0,64454.0,5906.0,5906.0
H4,Validação,Ridge Contábil,4T19,4T20,60,CORPORATIVO / OUTROS NEGÓCIOS,1189.0,2081.9224342167145,892.9224342167145,892.9224342167145
H4,Validação,Ridge Contábil,4T19,4T20,60,E&P,21842.0,25696.78279323803,3854.7827932380314,3854.7827932380314
H4,Validação,Ridge Contábil,4T19,4T20,60,GÁS & ENERGIA / G&EBC,6813.0,7183.305965535972,370.30596553597206,370.30596553597206
H4,Validação,Ridge Contábil,4T19,4T20,60,REFINO / RTC,58548.0,59584.309070499585,1036.3090704995848,1036.3090704995848
H4,Validação,Ridge + Brent e Câmbio,4T19,4T20,60,CORPORATIVO / OUTROS NEGÓCIOS,1189.0,916.9282143362725,-272.0717856637275,272.0717856637275
H4,Validação,Ridge + Brent e Câmbio,4T19,4T20,60,E&P,21842.0,28817.019154374102,6975.019154374102,6975.019154374102
H4,Validação,Ridge + Brent e Câmbio,4T19,4T20,60,GÁS & ENERGIA / G&EBC,6813.0,7683.012752989682,870.0127529896818,870.0127529896818
H4,Validação,Ridge + Brent e Câmbio,4T19,4T20,60,REFINO / RTC,58548.0,61984.11564657443,3436.115646574428,3436.115646574428
H4,Validação,Random Forest ampliada,4T19,4T20,60,CORPORATIVO / OUTROS NEGÓCIOS,1189.0,1914.2893169495358,725.2893169495358,725.2893169495358
H4,Validação,Random Forest ampliada,4T19,4T20,60,E&P,21842.0,29943.695217833323,8101.695217833323,8101.695217833323
H4,Validação,Random Forest ampliada,4T19,4T20,60,GÁS & ENERGIA / G&EBC,6813.0,7400.123395806498,587.1233958064977,587.1233958064977
H4,Validação,Random Forest ampliada,4T19,4T20,60,REFINO / RTC,58548.0,53629.05855107105,-4918.941448928948,4918.941448928948
H4,Validação,Random Forest grade original,4T19,4T20,60,CORPORATIVO / OUTROS NEGÓCIOS,1189.0,2632.5970449684264,1443.5970449684264,1443.5970449684264
H4,Validação,Random Forest grade original,4T19,4T20,60,E&P,21842.0,27843.317756211938,6001.317756211938,6001.317756211938
H4,Validação,Random Forest grade original,4T19,4T20,60,GÁS & ENERGIA / G&EBC,6813.0,7875.805950458426,1062.8059504584262,1062.8059504584262
H4,Validação,Random Forest grade original,4T19,4T20,60,REFINO / RTC,58548.0,53332.75132485743,-5215.248675142568,5215.248675142568
H4,Validação,Gradient Boosting,4T19,4T20,60,CORPORATIVO / OUTROS NEGÓCIOS,1189.0,3480.006923604593,2291.006923604593,2291.006923604593
H4,Validação,Gradient Boosting,4T19,4T20,60,E&P,21842.0,24643.767950168578,2801.767950168578,2801.767950168578
H4,Validação,Gradient Boosting,4T19,4T20,60,GÁS & ENERGIA / G&EBC,6813.0,7057.638434297102,244.63843429710232,244.63843429710232
H4,Validação,Gradient Boosting,4T19,4T20,60,REFINO / RTC,58548.0,51573.16116424707,-6974.838835752933,6974.838835752933
H4,Validação,Baseline Último,1T20,1T21,61,CORPORATIVO / OUTROS NEGÓCIOS,823.0,830.0,7.0,7.0
H4,Validação,Baseline Último,1T20,1T21,61,E&P,28636.0,26224.0,-2412.0,2412.0
H4,Validação,Baseline Último,1T20,1T21,61,GÁS & ENERGIA / G&EBC,7271.0,5905.0,-1366.0,1366.0
H4,Validação,Baseline Último,1T20,1T21,61,REFINO / RTC,64975.0,68162.0,3187.0,3187.0
H4,Validação,Baseline Sazonal,1T20,1T21,61,CORPORATIVO / OUTROS NEGÓCIOS,823.0,830.0,7.0,7.0
H4,Validação,Baseline Sazonal,1T20,1T21,61,E&P,28636.0,26224.0,-2412.0,2412.0
H4,Validação,Baseline Sazonal,1T20,1T21,61,GÁS & ENERGIA / G&EBC,7271.0,5905.0,-1366.0,1366.0
H4,Validação,Baseline Sazonal,1T20,1T21,61,REFINO / RTC,64975.0,68162.0,3187.0,3187.0
H4,Validação,Ridge Contábil,1T20,1T21,61,CORPORATIVO / OUTROS NEGÓCIOS,823.0,1452.476880054057,629.4768800540569,629.4768800540569
H4,Validação,Ridge Contábil,1T20,1T21,61,E&P,28636.0,18515.1022144389,-10120.897785561101,10120.897785561101
H4,Validação,Ridge Contábil,1T20,1T21,61,GÁS & ENERGIA / G&EBC,7271.0,5563.140516555224,-1707.8594834447758,1707.8594834447758
H4,Validação,Ridge Contábil,1T20,1T21,61,REFINO / RTC,64975.0,63103.07409129839,-1871.9259087016108,1871.9259087016108
H4,Validação,Ridge + Brent e Câmbio,1T20,1T21,61,CORPORATIVO / OUTROS NEGÓCIOS,823.0,159.30742032254057,-663.6925796774594,663.6925796774594
H4,Validação,Ridge + Brent e Câmbio,1T20,1T21,61,E&P,28636.0,25459.507068567676,-3176.4929314323235,3176.4929314323235
H4,Validação,Ridge + Brent e Câmbio,1T20,1T21,61,GÁS & ENERGIA / G&EBC,7271.0,5991.155003892169,-1279.8449961078313,1279.8449961078313
H4,Validação,Ridge + Brent e Câmbio,1T20,1T21,61,REFINO / RTC,64975.0,59393.114108676884,-5581.885891323116,5581.885891323116
H4,Validação,Random Forest ampliada,1T20,1T21,61,CORPORATIVO / OUTROS NEGÓCIOS,823.0,2154.9370834341967,1331.9370834341967,1331.9370834341967
H4,Validação,Random Forest ampliada,1T20,1T21,61,E&P,28636.0,25820.117705470097,-2815.8822945299034,2815.8822945299034
H4,Validação,Random Forest ampliada,1T20,1T21,61,GÁS & ENERGIA / G&EBC,7271.0,7286.464382543019,15.464382543019383,15.464382543019383
H4,Validação,Random Forest ampliada,1T20,1T21,61,REFINO / RTC,64975.0,54381.89709047617,-10593.102909523826,10593.102909523826
H4,Validação,Random Forest grade original,1T20,1T21,61,CORPORATIVO / OUTROS NEGÓCIOS,823.0,2829.082301293699,2006.082301293699,2006.082301293699
H4,Validação,Random Forest grade original,1T20,1T21,61,E&P,28636.0,28037.184461436216,-598.8155385637838,598.8155385637838
H4,Validação,Random Forest grade original,1T20,1T21,61,GÁS & ENERGIA / G&EBC,7271.0,7956.791017269381,685.791017269381,685.791017269381
H4,Validação,Random Forest grade original,1T20,1T21,61,REFINO / RTC,64975.0,56274.75011370635,-8700.249886293648,8700.249886293648
H4,Validação,Gradient Boosting,1T20,1T21,61,CORPORATIVO / OUTROS NEGÓCIOS,823.0,1733.0757018723784,910.0757018723784,910.0757018723784
H4,Validação,Gradient Boosting,1T20,1T21,61,E&P,28636.0,25057.314389781674,-3578.6856102183265,3578.6856102183265
H4,Validação,Gradient Boosting,1T20,1T21,61,GÁS & ENERGIA / G&EBC,7271.0,7496.343205287566,225.34320528756598,225.34320528756598
H4,Validação,Gradient Boosting,1T20,1T21,61,REFINO / RTC,64975.0,54496.84629459577,-10478.153705404227,10478.153705404227
H4,Validação,Baseline Último,2T20,2T21,62,CORPORATIVO / OUTROS NEGÓCIOS,609.0,1098.0,489.0,489.0
H4,Validação,Baseline Último,2T20,2T21,62,E&P,29667.0,18890.0,-10777.0,10777.0
H4,Validação,Baseline Último,2T20,2T21,62,GÁS & ENERGIA / G&EBC,8748.0,3312.0,-5436.0,5436.0
H4,Validação,Baseline Último,2T20,2T21,62,REFINO / RTC,88246.0,39835.0,-48411.0,48411.0
H4,Validação,Baseline Sazonal,2T20,2T21,62,CORPORATIVO / OUTROS NEGÓCIOS,609.0,1098.0,489.0,489.0
H4,Validação,Baseline Sazonal,2T20,2T21,62,E&P,29667.0,18890.0,-10777.0,10777.0
H4,Validação,Baseline Sazonal,2T20,2T21,62,GÁS & ENERGIA / G&EBC,8748.0,3312.0,-5436.0,5436.0
H4,Validação,Baseline Sazonal,2T20,2T21,62,REFINO / RTC,88246.0,39835.0,-48411.0,48411.0
H4,Validação,Ridge Contábil,2T20,2T21,62,CORPORATIVO / OUTROS NEGÓCIOS,609.0,254.39920144624375,-354.60079855375625,354.60079855375625
H4,Validação,Ridge Contábil,2T20,2T21,62,E&P,29667.0,19045.121248913452,-10621.878751086548,10621.878751086548
H4,Validação,Ridge Contábil,2T20,2T21,62,GÁS & ENERGIA / G&EBC,8748.0,8218.501206325713,-529.4987936742873,529.4987936742873
H4,Validação,Ridge Contábil,2T20,2T21,62,REFINO / RTC,88246.0,52425.79393136762,-35820.20606863238,35820.20606863238
H4,Validação,Ridge + Brent e Câmbio,2T20,2T21,62,CORPORATIVO / OUTROS NEGÓCIOS,609.0,0.0,-609.0,609.0
H4,Validação,Ridge + Brent e Câmbio,2T20,2T21,62,E&P,29667.0,20255.777866783013,-9411.222133216987,9411.222133216987
H4,Validação,Ridge + Brent e Câmbio,2T20,2T21,62,GÁS & ENERGIA / G&EBC,8748.0,6336.187680834575,-2411.812319165425,2411.812319165425
H4,Validação,Ridge + Brent e Câmbio,2T20,2T21,62,REFINO / RTC,88246.0,52377.862601945395,-35868.137398054605,35868.137398054605
H4,Validação,Random Forest ampliada,2T20,2T21,62,CORPORATIVO / OUTROS NEGÓCIOS,609.0,1625.3218204282987,1016.3218204282987,1016.3218204282987
H4,Validação,Random Forest ampliada,2T20,2T21,62,E&P,29667.0,24731.090642629493,-4935.909357370507,4935.909357370507
H4,Validação,Random Forest ampliada,2T20,2T21,62,GÁS & ENERGIA / G&EBC,8748.0,6612.179274709599,-2135.8207252904012,2135.8207252904012
H4,Validação,Random Forest ampliada,2T20,2T21,62,REFINO / RTC,88246.0,51883.005037507086,-36362.994962492914,36362.994962492914
H4,Validação,Random Forest grade original,2T20,2T21,62,CORPORATIVO / OUTROS NEGÓCIOS,609.0,1648.861154891604,1039.861154891604,1039.861154891604
H4,Validação,Random Forest grade original,2T20,2T21,62,E&P,29667.0,24653.25765576651,-5013.742344233491,5013.742344233491
H4,Validação,Random Forest grade original,2T20,2T21,62,GÁS & ENERGIA / G&EBC,8748.0,6821.798256272121,-1926.2017437278791,1926.2017437278791
H4,Validação,Random Forest grade original,2T20,2T21,62,REFINO / RTC,88246.0,52395.17587124085,-35850.82412875915,35850.82412875915
H4,Validação,Gradient Boosting,2T20,2T21,62,CORPORATIVO / OUTROS NEGÓCIOS,609.0,2214.144703674856,1605.144703674856,1605.144703674856
H4,Validação,Gradient Boosting,2T20,2T21,62,E&P,29667.0,23520.464981403704,-6146.535018596296,6146.535018596296
H4,Validação,Gradient Boosting,2T20,2T21,62,GÁS & ENERGIA / G&EBC,8748.0,6625.23072487415,-2122.76927512585,2122.76927512585
H4,Validação,Gradient Boosting,2T20,2T21,62,REFINO / RTC,88246.0,44482.327445574,-43763.672554426,43763.672554426
H4,Validação,Baseline Último,3T20,3T21,63,CORPORATIVO / OUTROS NEGÓCIOS,474.0,1090.0,616.0,616.0
H4,Validação,Baseline Último,3T20,3T21,63,E&P,32983.0,25101.0,-7882.0,7882.0
H4,Validação,Baseline Último,3T20,3T21,63,GÁS & ENERGIA / G&EBC,13938.0,4101.0,-9837.0,9837.0
H4,Validação,Baseline Último,3T20,3T21,63,REFINO / RTC,95546.0,55670.0,-39876.0,39876.0
H4,Validação,Baseline Sazonal,3T20,3T21,63,CORPORATIVO / OUTROS NEGÓCIOS,474.0,1090.0,616.0,616.0
H4,Validação,Baseline Sazonal,3T20,3T21,63,E&P,32983.0,25101.0,-7882.0,7882.0
H4,Validação,Baseline Sazonal,3T20,3T21,63,GÁS & ENERGIA / G&EBC,13938.0,4101.0,-9837.0,9837.0
H4,Validação,Baseline Sazonal,3T20,3T21,63,REFINO / RTC,95546.0,55670.0,-39876.0,39876.0
H4,Validação,Ridge Contábil,3T20,3T21,63,CORPORATIVO / OUTROS NEGÓCIOS,474.0,1529.9284857444945,1055.9284857444945,1055.9284857444945
H4,Validação,Ridge Contábil,3T20,3T21,63,E&P,32983.0,18767.975451655657,-14215.024548344343,14215.024548344343
H4,Validação,Ridge Contábil,3T20,3T21,63,GÁS & ENERGIA / G&EBC,13938.0,5469.883533619472,-8468.116466380528,8468.116466380528
H4,Validação,Ridge Contábil,3T20,3T21,63,REFINO / RTC,95546.0,47253.54536498569,-48292.45463501431,48292.45463501431
H4,Validação,Ridge + Brent e Câmbio,3T20,3T21,63,CORPORATIVO / OUTROS NEGÓCIOS,474.0,0.0,-474.0,474.0
H4,Validação,Ridge + Brent e Câmbio,3T20,3T21,63,E&P,32983.0,24059.498528624994,-8923.501471375006,8923.501471375006
H4,Validação,Ridge + Brent e Câmbio,3T20,3T21,63,GÁS & ENERGIA / G&EBC,13938.0,5289.947117606309,-8648.052882393691,8648.052882393691
H4,Validação,Ridge + Brent e Câmbio,3T20,3T21,63,REFINO / RTC,95546.0,52073.5075745825,-43472.4924254175,43472.4924254175
H4,Validação,Random Forest ampliada,3T20,3T21,63,CORPORATIVO / OUTROS NEGÓCIOS,474.0,1491.0269568263216,1017.0269568263216,1017.0269568263216
H4,Validação,Random Forest ampliada,3T20,3T21,63,E&P,32983.0,25319.836028417594,-7663.163971582406,7663.163971582406
H4,Validação,Random Forest ampliada,3T20,3T21,63,GÁS & ENERGIA / G&EBC,13938.0,6416.306312092814,-7521.693687907186,7521.693687907186
H4,Validação,Random Forest ampliada,3T20,3T21,63,REFINO / RTC,95546.0,52159.64531608212,-43386.35468391788,43386.35468391788
H4,Validação,Random Forest grade original,3T20,3T21,63,CORPORATIVO / OUTROS NEGÓCIOS,474.0,1381.7102859640165,907.7102859640165,907.7102859640165
H4,Validação,Random Forest grade original,3T20,3T21,63,E&P,32983.0,26588.015880056348,-6394.984119943652,6394.984119943652
H4,Validação,Random Forest grade original,3T20,3T21,63,GÁS & ENERGIA / G&EBC,13938.0,6368.670368119522,-7569.329631880478,7569.329631880478
H4,Validação,Random Forest grade original,3T20,3T21,63,REFINO / RTC,95546.0,52594.01130569595,-42951.98869430405,42951.98869430405
H4,Validação,Gradient Boosting,3T20,3T21,63,CORPORATIVO / OUTROS NEGÓCIOS,474.0,1858.2300002278162,1384.2300002278162,1384.2300002278162
H4,Validação,Gradient Boosting,3T20,3T21,63,E&P,32983.0,22690.46192483104,-10292.538075168959,10292.538075168959
H4,Validação,Gradient Boosting,3T20,3T21,63,GÁS & ENERGIA / G&EBC,13938.0,6598.07036290497,-7339.92963709503,7339.92963709503
H4,Validação,Gradient Boosting,3T20,3T21,63,REFINO / RTC,95546.0,50067.2937754425,-45478.7062245575,45478.7062245575
H4,Validação,Baseline Último,4T20,4T21,64,CORPORATIVO / OUTROS NEGÓCIOS,824.0,1189.0,365.0,365.0
H4,Validação,Baseline Último,4T20,4T21,64,E&P,36464.0,21842.0,-14622.0,14622.0
H4,Validação,Baseline Último,4T20,4T21,64,GÁS & ENERGIA / G&EBC,21435.0,6813.0,-14622.0,14622.0
H4,Validação,Baseline Último,4T20,4T21,64,REFINO / RTC,104838.0,58548.0,-46290.0,46290.0
H4,Validação,Baseline Sazonal,4T20,4T21,64,CORPORATIVO / OUTROS NEGÓCIOS,824.0,1189.0,365.0,365.0
H4,Validação,Baseline Sazonal,4T20,4T21,64,E&P,36464.0,21842.0,-14622.0,14622.0
H4,Validação,Baseline Sazonal,4T20,4T21,64,GÁS & ENERGIA / G&EBC,21435.0,6813.0,-14622.0,14622.0
H4,Validação,Baseline Sazonal,4T20,4T21,64,REFINO / RTC,104838.0,58548.0,-46290.0,46290.0
H4,Validação,Ridge Contábil,4T20,4T21,64,CORPORATIVO / OUTROS NEGÓCIOS,824.0,709.000834092567,-114.99916590743305,114.99916590743305
H4,Validação,Ridge Contábil,4T20,4T21,64,E&P,36464.0,23662.771656411926,-12801.228343588074,12801.228343588074
H4,Validação,Ridge Contábil,4T20,4T21,64,GÁS & ENERGIA / G&EBC,21435.0,6899.914951433875,-14535.085048566125,14535.085048566125
H4,Validação,Ridge Contábil,4T20,4T21,64,REFINO / RTC,104838.0,61151.85354732278,-43686.14645267722,43686.14645267722
H4,Validação,Ridge + Brent e Câmbio,4T20,4T21,64,CORPORATIVO / OUTROS NEGÓCIOS,824.0,1895.7299699489322,1071.7299699489322,1071.7299699489322
H4,Validação,Ridge + Brent e Câmbio,4T20,4T21,64,E&P,36464.0,25834.75599780847,-10629.244002191532,10629.244002191532
H4,Validação,Ridge + Brent e Câmbio,4T20,4T21,64,GÁS & ENERGIA / G&EBC,21435.0,7810.025720145246,-13624.974279854754,13624.974279854754
H4,Validação,Ridge + Brent e Câmbio,4T20,4T21,64,REFINO / RTC,104838.0,60952.73061744502,-43885.26938255498,43885.26938255498
H4,Validação,Random Forest ampliada,4T20,4T21,64,CORPORATIVO / OUTROS NEGÓCIOS,824.0,3399.0615001016554,2575.0615001016554,2575.0615001016554
H4,Validação,Random Forest ampliada,4T20,4T21,64,E&P,36464.0,25701.660277077965,-10762.339722922035,10762.339722922035
H4,Validação,Random Forest ampliada,4T20,4T21,64,GÁS & ENERGIA / G&EBC,21435.0,7596.441864935119,-13838.55813506488,13838.55813506488
H4,Validação,Random Forest ampliada,4T20,4T21,64,REFINO / RTC,104838.0,55291.10622518288,-49546.89377481712,49546.89377481712
H4,Validação,Random Forest grade original,4T20,4T21,64,CORPORATIVO / OUTROS NEGÓCIOS,824.0,3353.8613448393417,2529.8613448393417,2529.8613448393417
H4,Validação,Random Forest grade original,4T20,4T21,64,E&P,36464.0,26306.39768132391,-10157.60231867609,10157.60231867609
H4,Validação,Random Forest grade original,4T20,4T21,64,GÁS & ENERGIA / G&EBC,21435.0,7456.969079790181,-13978.030920209818,13978.030920209818
H4,Validação,Random Forest grade original,4T20,4T21,64,REFINO / RTC,104838.0,55856.649591931346,-48981.350408068654,48981.350408068654
H4,Validação,Gradient Boosting,4T20,4T21,64,CORPORATIVO / OUTROS NEGÓCIOS,824.0,4380.829935563258,3556.829935563258,3556.829935563258
H4,Validação,Gradient Boosting,4T20,4T21,64,E&P,36464.0,25004.00191461506,-11459.998085384941,11459.998085384941
H4,Validação,Gradient Boosting,4T20,4T21,64,GÁS & ENERGIA / G&EBC,21435.0,7867.910806132002,-13567.089193867998,13567.089193867998
H4,Validação,Gradient Boosting,4T20,4T21,64,REFINO / RTC,104838.0,53916.7073798269,-50921.2926201731,50921.2926201731
H4,Validação,Baseline Último,1T21,1T22,65,CORPORATIVO / OUTROS NEGÓCIOS,649.0,823.0,174.0,174.0
H4,Validação,Baseline Último,1T21,1T22,65,E&P,40112.0,28636.0,-11476.0,11476.0
H4,Validação,Baseline Último,1T21,1T22,65,GÁS & ENERGIA / G&EBC,15272.0,7271.0,-8001.0,8001.0
H4,Validação,Baseline Último,1T21,1T22,65,REFINO / RTC,112165.0,64975.0,-47190.0,47190.0
H4,Validação,Baseline Sazonal,1T21,1T22,65,CORPORATIVO / OUTROS NEGÓCIOS,649.0,823.0,174.0,174.0
H4,Validação,Baseline Sazonal,1T21,1T22,65,E&P,40112.0,28636.0,-11476.0,11476.0
H4,Validação,Baseline Sazonal,1T21,1T22,65,GÁS & ENERGIA / G&EBC,15272.0,7271.0,-8001.0,8001.0
H4,Validação,Baseline Sazonal,1T21,1T22,65,REFINO / RTC,112165.0,64975.0,-47190.0,47190.0
H4,Validação,Ridge Contábil,1T21,1T22,65,CORPORATIVO / OUTROS NEGÓCIOS,649.0,0.0,-649.0,649.0
H4,Validação,Ridge Contábil,1T21,1T22,65,E&P,40112.0,18434.32498051336,-21677.67501948664,21677.67501948664
H4,Validação,Ridge Contábil,1T21,1T22,65,GÁS & ENERGIA / G&EBC,15272.0,7157.252701500638,-8114.747298499362,8114.747298499362
H4,Validação,Ridge Contábil,1T21,1T22,65,REFINO / RTC,112165.0,61726.88765652869,-50438.11234347131,50438.11234347131
H4,Validação,Ridge + Brent e Câmbio,1T21,1T22,65,CORPORATIVO / OUTROS NEGÓCIOS,649.0,1663.9576472937624,1014.9576472937624,1014.9576472937624
H4,Validação,Ridge + Brent e Câmbio,1T21,1T22,65,E&P,40112.0,23108.351599558795,-17003.648400441205,17003.648400441205
H4,Validação,Ridge + Brent e Câmbio,1T21,1T22,65,GÁS & ENERGIA / G&EBC,15272.0,9545.295614081992,-5726.7043859180085,5726.7043859180085
H4,Validação,Ridge + Brent e Câmbio,1T21,1T22,65,REFINO / RTC,112165.0,65085.03115277481,-47079.96884722519,47079.96884722519
H4,Validação,Random Forest ampliada,1T21,1T22,65,CORPORATIVO / OUTROS NEGÓCIOS,649.0,1989.5282019973706,1340.5282019973706,1340.5282019973706
H4,Validação,Random Forest ampliada,1T21,1T22,65,E&P,40112.0,29020.850454738957,-11091.149545261043,11091.149545261043
H4,Validação,Random Forest ampliada,1T21,1T22,65,GÁS & ENERGIA / G&EBC,15272.0,8474.45070718197,-6797.54929281803,6797.54929281803
H4,Validação,Random Forest ampliada,1T21,1T22,65,REFINO / RTC,112165.0,57473.66113983649,-54691.33886016351,54691.33886016351
H4,Validação,Random Forest grade original,1T21,1T22,65,CORPORATIVO / OUTROS NEGÓCIOS,649.0,1674.8507702131808,1025.8507702131808,1025.8507702131808
H4,Validação,Random Forest grade original,1T21,1T22,65,E&P,40112.0,28772.891856879014,-11339.108143120986,11339.108143120986
H4,Validação,Random Forest grade original,1T21,1T22,65,GÁS & ENERGIA / G&EBC,15272.0,9217.295978521193,-6054.704021478807,6054.704021478807
H4,Validação,Random Forest grade original,1T21,1T22,65,REFINO / RTC,112165.0,58630.64284382032,-53534.35715617968,53534.35715617968
H4,Validação,Gradient Boosting,1T21,1T22,65,CORPORATIVO / OUTROS NEGÓCIOS,649.0,2048.1543822623125,1399.1543822623125,1399.1543822623125
H4,Validação,Gradient Boosting,1T21,1T22,65,E&P,40112.0,25629.176377098374,-14482.823622901626,14482.823622901626
H4,Validação,Gradient Boosting,1T21,1T22,65,GÁS & ENERGIA / G&EBC,15272.0,8695.096862966662,-6576.903137033338,6576.903137033338
H4,Validação,Gradient Boosting,1T21,1T22,65,REFINO / RTC,112165.0,61726.92678845438,-50438.07321154562,50438.07321154562
H4,Validação,Baseline Último,2T21,2T22,66,CORPORATIVO / OUTROS NEGÓCIOS,729.0,609.0,-120.0,120.0
H4,Validação,Baseline Último,2T21,2T22,66,E&P,40228.0,29667.0,-10561.0,10561.0
H4,Validação,Baseline Último,2T21,2T22,66,GÁS & ENERGIA / G&EBC,11677.0,8748.0,-2929.0,2929.0
H4,Validação,Baseline Último,2T21,2T22,66,REFINO / RTC,131897.0,88246.0,-43651.0,43651.0
H4,Validação,Baseline Sazonal,2T21,2T22,66,CORPORATIVO / OUTROS NEGÓCIOS,729.0,609.0,-120.0,120.0
H4,Validação,Baseline Sazonal,2T21,2T22,66,E&P,40228.0,29667.0,-10561.0,10561.0
H4,Validação,Baseline Sazonal,2T21,2T22,66,GÁS & ENERGIA / G&EBC,11677.0,8748.0,-2929.0,2929.0
H4,Validação,Baseline Sazonal,2T21,2T22,66,REFINO / RTC,131897.0,88246.0,-43651.0,43651.0
H4,Validação,Ridge Contábil,2T21,2T22,66,CORPORATIVO / OUTROS NEGÓCIOS,729.0,540.6753366464618,-188.3246633535382,188.3246633535382
H4,Validação,Ridge Contábil,2T21,2T22,66,E&P,40228.0,20051.344815468103,-20176.655184531897,20176.655184531897
H4,Validação,Ridge Contábil,2T21,2T22,66,GÁS & ENERGIA / G&EBC,11677.0,7485.185082066915,-4191.814917933085,4191.814917933085
H4,Validação,Ridge Contábil,2T21,2T22,66,REFINO / RTC,131897.0,67457.65412382656,-64439.34587617344,64439.34587617344
H4,Validação,Ridge + Brent e Câmbio,2T21,2T22,66,CORPORATIVO / OUTROS NEGÓCIOS,729.0,5523.922956220498,4794.922956220498,4794.922956220498
H4,Validação,Ridge + Brent e Câmbio,2T21,2T22,66,E&P,40228.0,34268.4892169987,-5959.5107830013,5959.5107830013
H4,Validação,Ridge + Brent e Câmbio,2T21,2T22,66,GÁS & ENERGIA / G&EBC,11677.0,12267.177564776357,590.177564776357,590.177564776357
H4,Validação,Ridge + Brent e Câmbio,2T21,2T22,66,REFINO / RTC,131897.0,71000.17498569022,-60896.82501430978,60896.82501430978
H4,Validação,Random Forest ampliada,2T21,2T22,66,CORPORATIVO / OUTROS NEGÓCIOS,729.0,1444.5021349933293,715.5021349933293,715.5021349933293
H4,Validação,Random Forest ampliada,2T21,2T22,66,E&P,40228.0,27345.848913123013,-12882.151086876987,12882.151086876987
H4,Validação,Random Forest ampliada,2T21,2T22,66,GÁS & ENERGIA / G&EBC,11677.0,9471.829214932215,-2205.170785067785,2205.170785067785
H4,Validação,Random Forest ampliada,2T21,2T22,66,REFINO / RTC,131897.0,65159.63971186244,-66737.36028813757,66737.36028813757
H4,Validação,Random Forest grade original,2T21,2T22,66,CORPORATIVO / OUTROS NEGÓCIOS,729.0,1581.6488140084596,852.6488140084596,852.6488140084596
H4,Validação,Random Forest grade original,2T21,2T22,66,E&P,40228.0,28934.213548198815,-11293.786451801185,11293.786451801185
H4,Validação,Random Forest grade original,2T21,2T22,66,GÁS & ENERGIA / G&EBC,11677.0,9810.979363156022,-1866.0206368439776,1866.0206368439776
H4,Validação,Random Forest grade original,2T21,2T22,66,REFINO / RTC,131897.0,64817.37067632748,-67079.62932367252,67079.62932367252
H4,Validação,Gradient Boosting,2T21,2T22,66,CORPORATIVO / OUTROS NEGÓCIOS,729.0,1960.1933643289126,1231.1933643289126,1231.1933643289126
H4,Validação,Gradient Boosting,2T21,2T22,66,E&P,40228.0,21677.88965543951,-18550.11034456049,18550.11034456049
H4,Validação,Gradient Boosting,2T21,2T22,66,GÁS & ENERGIA / G&EBC,11677.0,9226.80923475075,-2450.19076524925,2450.19076524925
H4,Validação,Gradient Boosting,2T21,2T22,66,REFINO / RTC,131897.0,66439.02405857162,-65457.975941428376,65457.975941428376
H4,Validação,Baseline Último,3T21,3T22,67,CORPORATIVO / OUTROS NEGÓCIOS,711.0,474.0,-237.0,237.0
H4,Validação,Baseline Último,3T21,3T22,67,E&P,39049.0,32983.0,-6066.0,6066.0
H4,Validação,Baseline Último,3T21,3T22,67,GÁS & ENERGIA / G&EBC,13849.0,13938.0,89.0,89.0
H4,Validação,Baseline Último,3T21,3T22,67,REFINO / RTC,139607.0,95546.0,-44061.0,44061.0
H4,Validação,Baseline Sazonal,3T21,3T22,67,CORPORATIVO / OUTROS NEGÓCIOS,711.0,474.0,-237.0,237.0
H4,Validação,Baseline Sazonal,3T21,3T22,67,E&P,39049.0,32983.0,-6066.0,6066.0
H4,Validação,Baseline Sazonal,3T21,3T22,67,GÁS & ENERGIA / G&EBC,13849.0,13938.0,89.0,89.0
H4,Validação,Baseline Sazonal,3T21,3T22,67,REFINO / RTC,139607.0,95546.0,-44061.0,44061.0
H4,Validação,Ridge Contábil,3T21,3T22,67,CORPORATIVO / OUTROS NEGÓCIOS,711.0,95.23535304961479,-615.7646469503852,615.7646469503852
H4,Validação,Ridge Contábil,3T21,3T22,67,E&P,39049.0,44180.03324232563,5131.033242325633,5131.033242325633
H4,Validação,Ridge Contábil,3T21,3T22,67,GÁS & ENERGIA / G&EBC,13849.0,14205.538020730814,356.5380207308135,356.5380207308135
H4,Validação,Ridge Contábil,3T21,3T22,67,REFINO / RTC,139607.0,96013.70570512682,-43593.29429487318,43593.29429487318
H4,Validação,Ridge + Brent e Câmbio,3T21,3T22,67,CORPORATIVO / OUTROS NEGÓCIOS,711.0,7187.0670478035645,6476.0670478035645,6476.0670478035645
H4,Validação,Ridge + Brent e Câmbio,3T21,3T22,67,E&P,39049.0,42638.73709844088,3589.737098440877,3589.737098440877
H4,Validação,Ridge + Brent e Câmbio,3T21,3T22,67,GÁS & ENERGIA / G&EBC,13849.0,16837.149854130006,2988.149854130006,2988.149854130006
H4,Validação,Ridge + Brent e Câmbio,3T21,3T22,67,REFINO / RTC,139607.0,89798.26104915081,-49808.73895084919,49808.73895084919
H4,Validação,Random Forest ampliada,3T21,3T22,67,CORPORATIVO / OUTROS NEGÓCIOS,711.0,734.8817374390799,23.88173743907987,23.88173743907987
H4,Validação,Random Forest ampliada,3T21,3T22,67,E&P,39049.0,37517.93453728363,-1531.0654627163676,1531.0654627163676
H4,Validação,Random Forest ampliada,3T21,3T22,67,GÁS & ENERGIA / G&EBC,13849.0,12261.203389426439,-1587.7966105735613,1587.7966105735613
H4,Validação,Random Forest ampliada,3T21,3T22,67,REFINO / RTC,139607.0,73973.62206853864,-65633.37793146136,65633.37793146136
H4,Validação,Random Forest grade original,3T21,3T22,67,CORPORATIVO / OUTROS NEGÓCIOS,711.0,1101.0900530847384,390.09005308473843,390.09005308473843
H4,Validação,Random Forest grade original,3T21,3T22,67,E&P,39049.0,32893.16539898974,-6155.834601010261,6155.834601010261
H4,Validação,Random Forest grade original,3T21,3T22,67,GÁS & ENERGIA / G&EBC,13849.0,10842.015174036873,-3006.984825963127,3006.984825963127
H4,Validação,Random Forest grade original,3T21,3T22,67,REFINO / RTC,139607.0,68741.33233488693,-70865.66766511307,70865.66766511307
H4,Validação,Gradient Boosting,3T21,3T22,67,CORPORATIVO / OUTROS NEGÓCIOS,711.0,1812.6919606191866,1101.6919606191866,1101.6919606191866
H4,Validação,Gradient Boosting,3T21,3T22,67,E&P,39049.0,34402.99804906614,-4646.00195093386,4646.00195093386
H4,Validação,Gradient Boosting,3T21,3T22,67,GÁS & ENERGIA / G&EBC,13849.0,11806.091159670388,-2042.9088403296118,2042.9088403296118
H4,Validação,Gradient Boosting,3T21,3T22,67,REFINO / RTC,139607.0,83462.59225511424,-56144.40774488576,56144.40774488576
H4,Validação,Baseline Último,4T21,4T22,68,CORPORATIVO / OUTROS NEGÓCIOS,600.0,824.0,224.0,224.0
H4,Validação,Baseline Último,4T21,4T22,68,E&P,37757.0,36464.0,-1293.0,1293.0
H4,Validação,Baseline Último,4T21,4T22,68,GÁS & ENERGIA / G&EBC,13772.0,21435.0,7663.0,7663.0
H4,Validação,Baseline Último,4T21,4T22,68,REFINO / RTC,127264.0,104838.0,-22426.0,22426.0
H4,Validação,Baseline Sazonal,4T21,4T22,68,CORPORATIVO / OUTROS NEGÓCIOS,600.0,824.0,224.0,224.0
H4,Validação,Baseline Sazonal,4T21,4T22,68,E&P,37757.0,36464.0,-1293.0,1293.0
H4,Validação,Baseline Sazonal,4T21,4T22,68,GÁS & ENERGIA / G&EBC,13772.0,21435.0,7663.0,7663.0
H4,Validação,Baseline Sazonal,4T21,4T22,68,REFINO / RTC,127264.0,104838.0,-22426.0,22426.0
H4,Validação,Ridge Contábil,4T21,4T22,68,CORPORATIVO / OUTROS NEGÓCIOS,600.0,1905.040576234569,1305.040576234569,1305.040576234569
H4,Validação,Ridge Contábil,4T21,4T22,68,E&P,37757.0,55164.57872359931,17407.578723599312,17407.578723599312
H4,Validação,Ridge Contábil,4T21,4T22,68,GÁS & ENERGIA / G&EBC,13772.0,21285.462998591807,7513.462998591807,7513.462998591807
H4,Validação,Ridge Contábil,4T21,4T22,68,REFINO / RTC,127264.0,113804.9061502614,-13459.093849738594,13459.093849738594
H4,Validação,Ridge + Brent e Câmbio,4T21,4T22,68,CORPORATIVO / OUTROS NEGÓCIOS,600.0,8893.486694077808,8293.486694077808,8293.486694077808
H4,Validação,Ridge + Brent e Câmbio,4T21,4T22,68,E&P,37757.0,49533.21412626367,11776.214126263672,11776.214126263672
H4,Validação,Ridge + Brent e Câmbio,4T21,4T22,68,GÁS & ENERGIA / G&EBC,13772.0,22611.384996528763,8839.384996528763,8839.384996528763
H4,Validação,Ridge + Brent e Câmbio,4T21,4T22,68,REFINO / RTC,127264.0,100212.2484844063,-27051.7515155937,27051.7515155937
H4,Validação,Random Forest ampliada,4T21,4T22,68,CORPORATIVO / OUTROS NEGÓCIOS,600.0,1687.0576447856388,1087.0576447856388,1087.0576447856388
H4,Validação,Random Forest ampliada,4T21,4T22,68,E&P,37757.0,43994.743988112976,6237.743988112976,6237.743988112976
H4,Validação,Random Forest ampliada,4T21,4T22,68,GÁS & ENERGIA / G&EBC,13772.0,16177.397080632674,2405.3970806326743,2405.3970806326743
H4,Validação,Random Forest ampliada,4T21,4T22,68,REFINO / RTC,127264.0,89823.64513371213,-37440.354866287875,37440.354866287875
H4,Validação,Random Forest grade original,4T21,4T22,68,CORPORATIVO / OUTROS NEGÓCIOS,600.0,1344.9391171569505,744.9391171569505,744.9391171569505
H4,Validação,Random Forest grade original,4T21,4T22,68,E&P,37757.0,46543.68603576851,8786.686035768507,8786.686035768507
H4,Validação,Random Forest grade original,4T21,4T22,68,GÁS & ENERGIA / G&EBC,13772.0,17403.557671141192,3631.5576711411923,3631.5576711411923
H4,Validação,Random Forest grade original,4T21,4T22,68,REFINO / RTC,127264.0,87957.33429149659,-39306.66570850341,39306.66570850341
H4,Validação,Gradient Boosting,4T21,4T22,68,CORPORATIVO / OUTROS NEGÓCIOS,600.0,1973.464919949543,1373.464919949543,1373.464919949543
H4,Validação,Gradient Boosting,4T21,4T22,68,E&P,37757.0,36134.15350437025,-1622.8464956297466,1622.8464956297466
H4,Validação,Gradient Boosting,4T21,4T22,68,GÁS & ENERGIA / G&EBC,13772.0,17091.607530120793,3319.607530120793,3319.607530120793
H4,Validação,Gradient Boosting,4T21,4T22,68,REFINO / RTC,127264.0,98150.2304951945,-29113.769504805503,29113.769504805503
H4,Teste,Baseline Último,1T22,1T23,69,CORPORATIVO / OUTROS NEGÓCIOS,398.0,649.0,251.0,251.0
H4,Teste,Baseline Último,1T22,1T23,69,E&P,33143.0,40112.0,6969.0,6969.0
H4,Teste,Baseline Último,1T22,1T23,69,GÁS & ENERGIA / G&EBC,7621.0,15272.0,7651.0,7651.0
H4,Teste,Baseline Último,1T22,1T23,69,REFINO / RTC,113603.0,112165.0,-1438.0,1438.0
H4,Teste,Baseline Sazonal,1T22,1T23,69,CORPORATIVO / OUTROS NEGÓCIOS,398.0,649.0,251.0,251.0
H4,Teste,Baseline Sazonal,1T22,1T23,69,E&P,33143.0,40112.0,6969.0,6969.0
H4,Teste,Baseline Sazonal,1T22,1T23,69,GÁS & ENERGIA / G&EBC,7621.0,15272.0,7651.0,7651.0
H4,Teste,Baseline Sazonal,1T22,1T23,69,REFINO / RTC,113603.0,112165.0,-1438.0,1438.0
H4,Teste,Ridge Contábil,1T22,1T23,69,CORPORATIVO / OUTROS NEGÓCIOS,398.0,429.9740615949813,31.974061594981322,31.974061594981322
H4,Teste,Ridge Contábil,1T22,1T23,69,E&P,33143.0,62767.850880861326,29624.850880861326,29624.850880861326
H4,Teste,Ridge Contábil,1T22,1T23,69,GÁS & ENERGIA / G&EBC,7621.0,18097.65088329189,10476.650883291892,10476.650883291892
H4,Teste,Ridge Contábil,1T22,1T23,69,REFINO / RTC,113603.0,124321.18441783324,10718.18441783324,10718.18441783324
H4,Teste,Ridge + Brent e Câmbio,1T22,1T23,69,CORPORATIVO / OUTROS NEGÓCIOS,398.0,8157.132309048575,7759.132309048575,7759.132309048575
H4,Teste,Ridge + Brent e Câmbio,1T22,1T23,69,E&P,33143.0,56967.90880262335,23824.90880262335,23824.90880262335
H4,Teste,Ridge + Brent e Câmbio,1T22,1T23,69,GÁS & ENERGIA / G&EBC,7621.0,22236.73595078293,14615.735950782931,14615.735950782931
H4,Teste,Ridge + Brent e Câmbio,1T22,1T23,69,REFINO / RTC,113603.0,109608.38053414723,-3994.6194658527675,3994.6194658527675
H4,Teste,Random Forest ampliada,1T22,1T23,69,CORPORATIVO / OUTROS NEGÓCIOS,398.0,635.9276280929823,237.92762809298233,237.92762809298233
H4,Teste,Random Forest ampliada,1T22,1T23,69,E&P,33143.0,46745.71557019232,13602.715570192318,13602.715570192318
H4,Teste,Random Forest ampliada,1T22,1T23,69,GÁS & ENERGIA / G&EBC,7621.0,15907.445410328626,8286.445410328626,8286.445410328626
H4,Teste,Random Forest ampliada,1T22,1T23,69,REFINO / RTC,113603.0,93675.05448367968,-19927.945516320324,19927.945516320324
H4,Teste,Random Forest grade original,1T22,1T23,69,CORPORATIVO / OUTROS NEGÓCIOS,398.0,959.8396940021337,561.8396940021337,561.8396940021337
H4,Teste,Random Forest grade original,1T22,1T23,69,E&P,33143.0,46967.1711238064,13824.171123806402,13824.171123806402
H4,Teste,Random Forest grade original,1T22,1T23,69,GÁS & ENERGIA / G&EBC,7621.0,15574.652767280852,7953.652767280852,7953.652767280852
H4,Teste,Random Forest grade original,1T22,1T23,69,REFINO / RTC,113603.0,89124.44647277026,-24478.553527229742,24478.553527229742
H4,Teste,Gradient Boosting,1T22,1T23,69,CORPORATIVO / OUTROS NEGÓCIOS,398.0,1816.0867300466273,1418.0867300466273,1418.0867300466273
H4,Teste,Gradient Boosting,1T22,1T23,69,E&P,33143.0,39131.60232291642,5988.60232291642,5988.60232291642
H4,Teste,Gradient Boosting,1T22,1T23,69,GÁS & ENERGIA / G&EBC,7621.0,17535.072715280534,9914.072715280534,9914.072715280534
H4,Teste,Gradient Boosting,1T22,1T23,69,REFINO / RTC,113603.0,114600.42256263514,997.4225626351399,997.4225626351399
H4,Teste,Baseline Último,2T22,2T23,70,CORPORATIVO / OUTROS NEGÓCIOS,431.0,729.0,298.0,298.0
H4,Teste,Baseline Último,2T22,2T23,70,E&P,30276.0,40228.0,9952.0,9952.0
H4,Teste,Baseline Último,2T22,2T23,70,GÁS & ENERGIA / G&EBC,8051.0,11677.0,3626.0,3626.0
H4,Teste,Baseline Último,2T22,2T23,70,REFINO / RTC,95709.0,131897.0,36188.0,36188.0
H4,Teste,Baseline Sazonal,2T22,2T23,70,CORPORATIVO / OUTROS NEGÓCIOS,431.0,729.0,298.0,298.0
H4,Teste,Baseline Sazonal,2T22,2T23,70,E&P,30276.0,40228.0,9952.0,9952.0
H4,Teste,Baseline Sazonal,2T22,2T23,70,GÁS & ENERGIA / G&EBC,8051.0,11677.0,3626.0,3626.0
H4,Teste,Baseline Sazonal,2T22,2T23,70,REFINO / RTC,95709.0,131897.0,36188.0,36188.0
H4,Teste,Ridge Contábil,2T22,2T23,70,CORPORATIVO / OUTROS NEGÓCIOS,431.0,496.414541771901,65.41454177190099,65.41454177190099
H4,Teste,Ridge Contábil,2T22,2T23,70,E&P,30276.0,56681.815059055894,26405.815059055894,26405.815059055894
H4,Teste,Ridge Contábil,2T22,2T23,70,GÁS & ENERGIA / G&EBC,8051.0,14269.851932475969,6218.851932475969,6218.851932475969
H4,Teste,Ridge Contábil,2T22,2T23,70,REFINO / RTC,95709.0,137988.18064112013,42279.180641120125,42279.180641120125
H4,Teste,Ridge + Brent e Câmbio,2T22,2T23,70,CORPORATIVO / OUTROS NEGÓCIOS,431.0,5439.297528078496,5008.297528078496,5008.297528078496
H4,Teste,Ridge + Brent e Câmbio,2T22,2T23,70,E&P,30276.0,54511.87443590364,24235.874435903643,24235.874435903643
H4,Teste,Ridge + Brent e Câmbio,2T22,2T23,70,GÁS & ENERGIA / G&EBC,8051.0,17633.756457998774,9582.756457998774,9582.756457998774
H4,Teste,Ridge + Brent e Câmbio,2T22,2T23,70,REFINO / RTC,95709.0,122072.06763880944,26363.067638809443,26363.067638809443
H4,Teste,Random Forest ampliada,2T22,2T23,70,CORPORATIVO / OUTROS NEGÓCIOS,431.0,516.8017715521545,85.80177155215449,85.80177155215449
H4,Teste,Random Forest ampliada,2T22,2T23,70,E&P,30276.0,51149.04004177778,20873.04004177778,20873.04004177778
H4,Teste,Random Forest ampliada,2T22,2T23,70,GÁS & ENERGIA / G&EBC,8051.0,13365.319790682175,5314.319790682175,5314.319790682175
H4,Teste,Random Forest ampliada,2T22,2T23,70,REFINO / RTC,95709.0,105740.78895238093,10031.788952380928,10031.788952380928
H4,Teste,Random Forest grade original,2T22,2T23,70,CORPORATIVO / OUTROS NEGÓCIOS,431.0,449.4902204082499,18.49022040824991,18.49022040824991
H4,Teste,Random Forest grade original,2T22,2T23,70,E&P,30276.0,42487.43869353741,12211.438693537413,12211.438693537413
H4,Teste,Random Forest grade original,2T22,2T23,70,GÁS & ENERGIA / G&EBC,8051.0,12756.428503036093,4705.428503036093,4705.428503036093
H4,Teste,Random Forest grade original,2T22,2T23,70,REFINO / RTC,95709.0,89846.09374686718,-5862.906253132824,5862.906253132824
H4,Teste,Gradient Boosting,2T22,2T23,70,CORPORATIVO / OUTROS NEGÓCIOS,431.0,1889.6563815062325,1458.6563815062325,1458.6563815062325
H4,Teste,Gradient Boosting,2T22,2T23,70,E&P,30276.0,37663.096157245476,7387.096157245476,7387.096157245476
H4,Teste,Gradient Boosting,2T22,2T23,70,GÁS & ENERGIA / G&EBC,8051.0,13632.025703352601,5581.025703352601,5581.025703352601
H4,Teste,Gradient Boosting,2T22,2T23,70,REFINO / RTC,95709.0,114039.03390480782,18330.033904807817,18330.033904807817
H4,Teste,Baseline Último,3T22,3T23,71,CORPORATIVO / OUTROS NEGÓCIOS,445.0,711.0,266.0,266.0
H4,Teste,Baseline Último,3T22,3T23,71,E&P,34911.0,39049.0,4138.0,4138.0
H4,Teste,Baseline Último,3T22,3T23,71,GÁS & ENERGIA / G&EBC,5694.0,13849.0,8155.0,8155.0
H4,Teste,Baseline Último,3T22,3T23,71,REFINO / RTC,104515.0,139607.0,35092.0,35092.0
H4,Teste,Baseline Sazonal,3T22,3T23,71,CORPORATIVO / OUTROS NEGÓCIOS,445.0,711.0,266.0,266.0
H4,Teste,Baseline Sazonal,3T22,3T23,71,E&P,34911.0,39049.0,4138.0,4138.0
H4,Teste,Baseline Sazonal,3T22,3T23,71,GÁS & ENERGIA / G&EBC,5694.0,13849.0,8155.0,8155.0
H4,Teste,Baseline Sazonal,3T22,3T23,71,REFINO / RTC,104515.0,139607.0,35092.0,35092.0
H4,Teste,Ridge Contábil,3T22,3T23,71,CORPORATIVO / OUTROS NEGÓCIOS,445.0,1315.2805755010559,870.2805755010559,870.2805755010559
H4,Teste,Ridge Contábil,3T22,3T23,71,E&P,34911.0,44666.99692103016,9755.996921030157,9755.996921030157
H4,Teste,Ridge Contábil,3T22,3T23,71,GÁS & ENERGIA / G&EBC,5694.0,13985.27260788194,8291.27260788194,8291.27260788194
H4,Teste,Ridge Contábil,3T22,3T23,71,REFINO / RTC,104515.0,132845.31070101334,28330.31070101334,28330.31070101334
H4,Teste,Ridge + Brent e Câmbio,3T22,3T23,71,CORPORATIVO / OUTROS NEGÓCIOS,445.0,3791.2375675445437,3346.2375675445437,3346.2375675445437
H4,Teste,Ridge + Brent e Câmbio,3T22,3T23,71,E&P,34911.0,49057.319636458065,14146.319636458065,14146.319636458065
H4,Teste,Ridge + Brent e Câmbio,3T22,3T23,71,GÁS & ENERGIA / G&EBC,5694.0,16719.607892257176,11025.607892257176,11025.607892257176
H4,Teste,Ridge + Brent e Câmbio,3T22,3T23,71,REFINO / RTC,104515.0,126006.59830363208,21491.598303632083,21491.598303632083
H4,Teste,Random Forest ampliada,3T22,3T23,71,CORPORATIVO / OUTROS NEGÓCIOS,445.0,526.629835626814,81.62983562681404,81.62983562681404
H4,Teste,Random Forest ampliada,3T22,3T23,71,E&P,34911.0,46316.0586544762,11405.058654476197,11405.058654476197
H4,Teste,Random Forest ampliada,3T22,3T23,71,GÁS & ENERGIA / G&EBC,5694.0,15742.59966008251,10048.59966008251,10048.59966008251
H4,Teste,Random Forest ampliada,3T22,3T23,71,REFINO / RTC,104515.0,105983.0188333333,1468.0188333333062,1468.0188333333062
H4,Teste,Random Forest grade original,3T22,3T23,71,CORPORATIVO / OUTROS NEGÓCIOS,445.0,453.3926055967745,8.392605596774501,8.392605596774501
H4,Teste,Random Forest grade original,3T22,3T23,71,E&P,34911.0,49382.18764559888,14471.187645598882,14471.187645598882
H4,Teste,Random Forest grade original,3T22,3T23,71,GÁS & ENERGIA / G&EBC,5694.0,15127.211652975746,9433.211652975746,9433.211652975746
H4,Teste,Random Forest grade original,3T22,3T23,71,REFINO / RTC,104515.0,96753.81009070294,-7761.189909297056,7761.189909297056
H4,Teste,Gradient Boosting,3T22,3T23,71,CORPORATIVO / OUTROS NEGÓCIOS,445.0,1996.1286354714703,1551.1286354714703,1551.1286354714703
H4,Teste,Gradient Boosting,3T22,3T23,71,E&P,34911.0,37430.628108444405,2519.6281084444054,2519.6281084444054
H4,Teste,Gradient Boosting,3T22,3T23,71,GÁS & ENERGIA / G&EBC,5694.0,16274.055125769575,10580.055125769575,10580.055125769575
H4,Teste,Gradient Boosting,3T22,3T23,71,REFINO / RTC,104515.0,116984.02889829429,12469.028898294288,12469.028898294288
H4,Teste,Baseline Último,4T22,4T23,72,CORPORATIVO / OUTROS NEGÓCIOS,568.0,600.0,32.0,32.0
H4,Teste,Baseline Último,4T22,4T23,72,E&P,37600.0,37757.0,157.0,157.0
H4,Teste,Baseline Último,4T22,4T23,72,GÁS & ENERGIA / G&EBC,7046.0,13772.0,6726.0,6726.0
H4,Teste,Baseline Último,4T22,4T23,72,REFINO / RTC,114431.0,127264.0,12833.0,12833.0
H4,Teste,Baseline Sazonal,4T22,4T23,72,CORPORATIVO / OUTROS NEGÓCIOS,568.0,600.0,32.0,32.0
H4,Teste,Baseline Sazonal,4T22,4T23,72,E&P,37600.0,37757.0,157.0,157.0
H4,Teste,Baseline Sazonal,4T22,4T23,72,GÁS & ENERGIA / G&EBC,7046.0,13772.0,6726.0,6726.0
H4,Teste,Baseline Sazonal,4T22,4T23,72,REFINO / RTC,114431.0,127264.0,12833.0,12833.0
H4,Teste,Ridge Contábil,4T22,4T23,72,CORPORATIVO / OUTROS NEGÓCIOS,568.0,808.3258451915244,240.32584519152442,240.32584519152442
H4,Teste,Ridge Contábil,4T22,4T23,72,E&P,37600.0,35809.8597661207,-1790.1402338792977,1790.1402338792977
H4,Teste,Ridge Contábil,4T22,4T23,72,GÁS & ENERGIA / G&EBC,7046.0,10908.199291761874,3862.1992917618736,3862.1992917618736
H4,Teste,Ridge Contábil,4T22,4T23,72,REFINO / RTC,114431.0,114603.31018618963,172.31018618962844,172.31018618962844
H4,Teste,Ridge + Brent e Câmbio,4T22,4T23,72,CORPORATIVO / OUTROS NEGÓCIOS,568.0,3117.96706690443,2549.96706690443,2549.96706690443
H4,Teste,Ridge + Brent e Câmbio,4T22,4T23,72,E&P,37600.0,46220.06251316574,8620.062513165743,8620.062513165743
H4,Teste,Ridge + Brent e Câmbio,4T22,4T23,72,GÁS & ENERGIA / G&EBC,7046.0,17527.11887912888,10481.11887912888,10481.11887912888
H4,Teste,Ridge + Brent e Câmbio,4T22,4T23,72,REFINO / RTC,114431.0,121167.2428503601,6736.242850360097,6736.242850360097
H4,Teste,Random Forest ampliada,4T22,4T23,72,CORPORATIVO / OUTROS NEGÓCIOS,568.0,417.0205594023205,-150.9794405976795,150.9794405976795
H4,Teste,Random Forest ampliada,4T22,4T23,72,E&P,37600.0,42343.18866742857,4743.188667428571,4743.188667428571
H4,Teste,Random Forest ampliada,4T22,4T23,72,GÁS & ENERGIA / G&EBC,7046.0,16664.679340237817,9618.679340237817,9618.679340237817
H4,Teste,Random Forest ampliada,4T22,4T23,72,REFINO / RTC,114431.0,101656.64243057488,-12774.35756942512,12774.35756942512
H4,Teste,Random Forest grade original,4T22,4T23,72,CORPORATIVO / OUTROS NEGÓCIOS,568.0,511.3643350142625,-56.63566498573749,56.63566498573749
H4,Teste,Random Forest grade original,4T22,4T23,72,E&P,37600.0,46270.5527476298,8670.552747629801,8670.552747629801
H4,Teste,Random Forest grade original,4T22,4T23,72,GÁS & ENERGIA / G&EBC,7046.0,17781.573167991428,10735.573167991428,10735.573167991428
H4,Teste,Random Forest grade original,4T22,4T23,72,REFINO / RTC,114431.0,98650.45024861906,-15780.549751380939,15780.549751380939
H4,Teste,Gradient Boosting,4T22,4T23,72,CORPORATIVO / OUTROS NEGÓCIOS,568.0,1867.9314655977082,1299.9314655977082,1299.9314655977082
H4,Teste,Gradient Boosting,4T22,4T23,72,E&P,37600.0,32353.31179331836,-5246.68820668164,5246.68820668164
H4,Teste,Gradient Boosting,4T22,4T23,72,GÁS & ENERGIA / G&EBC,7046.0,19562.877326150796,12516.877326150796,12516.877326150796
H4,Teste,Gradient Boosting,4T22,4T23,72,REFINO / RTC,114431.0,103135.48528989313,-11295.514710106872,11295.514710106872
H4,Teste,Baseline Último,1T23,1T24,73,CORPORATIVO / OUTROS NEGÓCIOS,362.0,398.0,36.0,36.0
H4,Teste,Baseline Último,1T23,1T24,73,E&P,32760.0,33143.0,383.0,383.0
H4,Teste,Baseline Último,1T23,1T24,73,GÁS & ENERGIA / G&EBC,5838.0,7621.0,1783.0,1783.0
H4,Teste,Baseline Último,1T23,1T24,73,REFINO / RTC,98971.0,113603.0,14632.0,14632.0
H4,Teste,Baseline Sazonal,1T23,1T24,73,CORPORATIVO / OUTROS NEGÓCIOS,362.0,398.0,36.0,36.0
H4,Teste,Baseline Sazonal,1T23,1T24,73,E&P,32760.0,33143.0,383.0,383.0
H4,Teste,Baseline Sazonal,1T23,1T24,73,GÁS & ENERGIA / G&EBC,5838.0,7621.0,1783.0,1783.0
H4,Teste,Baseline Sazonal,1T23,1T24,73,REFINO / RTC,98971.0,113603.0,14632.0,14632.0
H4,Teste,Ridge Contábil,1T23,1T24,73,CORPORATIVO / OUTROS NEGÓCIOS,362.0,208.19245965603113,-153.80754034396887,153.80754034396887
H4,Teste,Ridge Contábil,1T23,1T24,73,E&P,32760.0,34930.92712667235,2170.9271266723517,2170.9271266723517
H4,Teste,Ridge Contábil,1T23,1T24,73,GÁS & ENERGIA / G&EBC,5838.0,7125.950569032011,1287.9505690320111,1287.9505690320111
H4,Teste,Ridge Contábil,1T23,1T24,73,REFINO / RTC,98971.0,101310.18178310416,2339.1817831041553,2339.1817831041553
H4,Teste,Ridge + Brent e Câmbio,1T23,1T24,73,CORPORATIVO / OUTROS NEGÓCIOS,362.0,1332.7486240615617,970.7486240615617,970.7486240615617
H4,Teste,Ridge + Brent e Câmbio,1T23,1T24,73,E&P,32760.0,42669.474282397685,9909.474282397685,9909.474282397685
H4,Teste,Ridge + Brent e Câmbio,1T23,1T24,73,GÁS & ENERGIA / G&EBC,5838.0,12361.22447820923,6523.224478209229,6523.224478209229
H4,Teste,Ridge + Brent e Câmbio,1T23,1T24,73,REFINO / RTC,98971.0,112159.22604690981,13188.226046909811,13188.226046909811
H4,Teste,Random Forest ampliada,1T23,1T24,73,CORPORATIVO / OUTROS NEGÓCIOS,362.0,380.7503752665858,18.75037526658582,18.75037526658582
H4,Teste,Random Forest ampliada,1T23,1T24,73,E&P,32760.0,42352.726919833345,9592.726919833345,9592.726919833345
H4,Teste,Random Forest ampliada,1T23,1T24,73,GÁS & ENERGIA / G&EBC,5838.0,10832.165661977086,4994.165661977086,4994.165661977086
H4,Teste,Random Forest ampliada,1T23,1T24,73,REFINO / RTC,98971.0,107536.32934632039,8565.329346320388,8565.329346320388
H4,Teste,Random Forest grade original,1T23,1T24,73,CORPORATIVO / OUTROS NEGÓCIOS,362.0,379.39892042545875,17.398920425458755,17.398920425458755
H4,Teste,Random Forest grade original,1T23,1T24,73,E&P,32760.0,45654.76715626545,12894.76715626545,12894.76715626545
H4,Teste,Random Forest grade original,1T23,1T24,73,GÁS & ENERGIA / G&EBC,5838.0,12656.137235567197,6818.137235567197,6818.137235567197
H4,Teste,Random Forest grade original,1T23,1T24,73,REFINO / RTC,98971.0,104813.15815192746,5842.158151927462,5842.158151927462
H4,Teste,Gradient Boosting,1T23,1T24,73,CORPORATIVO / OUTROS NEGÓCIOS,362.0,1990.210104095166,1628.210104095166,1628.210104095166
H4,Teste,Gradient Boosting,1T23,1T24,73,E&P,32760.0,36320.60182893588,3560.6018289358835,3560.6018289358835
H4,Teste,Gradient Boosting,1T23,1T24,73,GÁS & ENERGIA / G&EBC,5838.0,12365.938408513986,6527.938408513986,6527.938408513986
H4,Teste,Gradient Boosting,1T23,1T24,73,REFINO / RTC,98971.0,108260.83818715466,9289.838187154659,9289.838187154659
H4,Teste,Baseline Último,2T23,2T24,74,CORPORATIVO / OUTROS NEGÓCIOS,382.0,431.0,49.0,49.0
H4,Teste,Baseline Último,2T23,2T24,74,E&P,32560.0,30276.0,-2284.0,2284.0
H4,Teste,Baseline Último,2T23,2T24,74,GÁS & ENERGIA / G&EBC,5721.0,8051.0,2330.0,2330.0
H4,Teste,Baseline Último,2T23,2T24,74,REFINO / RTC,107110.0,95709.0,-11401.0,11401.0
H4,Teste,Baseline Sazonal,2T23,2T24,74,CORPORATIVO / OUTROS NEGÓCIOS,382.0,431.0,49.0,49.0
H4,Teste,Baseline Sazonal,2T23,2T24,74,E&P,32560.0,30276.0,-2284.0,2284.0
H4,Teste,Baseline Sazonal,2T23,2T24,74,GÁS & ENERGIA / G&EBC,5721.0,8051.0,2330.0,2330.0
H4,Teste,Baseline Sazonal,2T23,2T24,74,REFINO / RTC,107110.0,95709.0,-11401.0,11401.0
H4,Teste,Ridge Contábil,2T23,2T24,74,CORPORATIVO / OUTROS NEGÓCIOS,382.0,0.0,-382.0,382.0
H4,Teste,Ridge Contábil,2T23,2T24,74,E&P,32560.0,31054.870115697307,-1505.1298843026925,1505.1298843026925
H4,Teste,Ridge Contábil,2T23,2T24,74,GÁS & ENERGIA / G&EBC,5721.0,7538.653190263267,1817.6531902632669,1817.6531902632669
H4,Teste,Ridge Contábil,2T23,2T24,74,REFINO / RTC,107110.0,82268.03999901935,-24841.960000980645,24841.960000980645
H4,Teste,Ridge + Brent e Câmbio,2T23,2T24,74,CORPORATIVO / OUTROS NEGÓCIOS,382.0,552.4707534108311,170.4707534108311,170.4707534108311
H4,Teste,Ridge + Brent e Câmbio,2T23,2T24,74,E&P,32560.0,37491.586886313955,4931.586886313955,4931.586886313955
H4,Teste,Ridge + Brent e Câmbio,2T23,2T24,74,GÁS & ENERGIA / G&EBC,5721.0,9256.397726857225,3535.3977268572253,3535.3977268572253
H4,Teste,Ridge + Brent e Câmbio,2T23,2T24,74,REFINO / RTC,107110.0,104037.74275227558,-3072.257247724425,3072.257247724425
H4,Teste,Random Forest ampliada,2T23,2T24,74,CORPORATIVO / OUTROS NEGÓCIOS,382.0,411.3777444956015,29.37774449560152,29.37774449560152
H4,Teste,Random Forest ampliada,2T23,2T24,74,E&P,32560.0,40064.20099234633,7504.2009923463265,7504.2009923463265
H4,Teste,Random Forest ampliada,2T23,2T24,74,GÁS & ENERGIA / G&EBC,5721.0,9662.241813006636,3941.241813006636,3941.241813006636
H4,Teste,Random Forest ampliada,2T23,2T24,74,REFINO / RTC,107110.0,102474.53484888528,-4635.465151114724,4635.465151114724
H4,Teste,Random Forest grade original,2T23,2T24,74,CORPORATIVO / OUTROS NEGÓCIOS,382.0,381.23796634555555,-0.7620336544444513,0.7620336544444513
H4,Teste,Random Forest grade original,2T23,2T24,74,E&P,32560.0,36876.13167029954,4316.131670299539,4316.131670299539
H4,Teste,Random Forest grade original,2T23,2T24,74,GÁS & ENERGIA / G&EBC,5721.0,11441.985981183927,5720.985981183927,5720.985981183927
H4,Teste,Random Forest grade original,2T23,2T24,74,REFINO / RTC,107110.0,101337.60239229024,-5772.397607709761,5772.397607709761
H4,Teste,Gradient Boosting,2T23,2T24,74,CORPORATIVO / OUTROS NEGÓCIOS,382.0,1916.9661501952482,1534.9661501952482,1534.9661501952482
H4,Teste,Gradient Boosting,2T23,2T24,74,E&P,32560.0,33110.24282017872,550.2428201787188,550.2428201787188
H4,Teste,Gradient Boosting,2T23,2T24,74,GÁS & ENERGIA / G&EBC,5721.0,11603.491159793643,5882.4911597936425,5882.4911597936425
H4,Teste,Gradient Boosting,2T23,2T24,74,REFINO / RTC,107110.0,91404.35336417718,-15705.64663582282,15705.64663582282
H4,Teste,Baseline Último,3T23,3T24,75,CORPORATIVO / OUTROS NEGÓCIOS,425.0,445.0,20.0,20.0
H4,Teste,Baseline Último,3T23,3T24,75,E&P,33153.0,34911.0,1758.0,1758.0
H4,Teste,Baseline Último,3T23,3T24,75,GÁS & ENERGIA / G&EBC,7598.0,5694.0,-1904.0,1904.0
H4,Teste,Baseline Último,3T23,3T24,75,REFINO / RTC,113709.0,104515.0,-9194.0,9194.0
H4,Teste,Baseline Sazonal,3T23,3T24,75,CORPORATIVO / OUTROS NEGÓCIOS,425.0,445.0,20.0,20.0
H4,Teste,Baseline Sazonal,3T23,3T24,75,E&P,33153.0,34911.0,1758.0,1758.0
H4,Teste,Baseline Sazonal,3T23,3T24,75,GÁS & ENERGIA / G&EBC,7598.0,5694.0,-1904.0,1904.0
H4,Teste,Baseline Sazonal,3T23,3T24,75,REFINO / RTC,113709.0,104515.0,-9194.0,9194.0
H4,Teste,Ridge Contábil,3T23,3T24,75,CORPORATIVO / OUTROS NEGÓCIOS,425.0,608.7936177572556,183.79361775725556,183.79361775725556
H4,Teste,Ridge Contábil,3T23,3T24,75,E&P,33153.0,40922.87163820387,7769.871638203869,7769.871638203869
H4,Teste,Ridge Contábil,3T23,3T24,75,GÁS & ENERGIA / G&EBC,7598.0,7246.525404697633,-351.47459530236665,351.47459530236665
H4,Teste,Ridge Contábil,3T23,3T24,75,REFINO / RTC,113709.0,96939.32175037019,-16769.67824962981,16769.67824962981
H4,Teste,Ridge + Brent e Câmbio,3T23,3T24,75,CORPORATIVO / OUTROS NEGÓCIOS,425.0,1314.9756441682584,889.9756441682584,889.9756441682584
H4,Teste,Ridge + Brent e Câmbio,3T23,3T24,75,E&P,33153.0,39101.9672194498,5948.967219449798,5948.967219449798
H4,Teste,Ridge + Brent e Câmbio,3T23,3T24,75,GÁS & ENERGIA / G&EBC,7598.0,9772.314105518126,2174.314105518126,2174.314105518126
H4,Teste,Ridge + Brent e Câmbio,3T23,3T24,75,REFINO / RTC,113709.0,103836.70166541086,-9872.29833458914,9872.29833458914
H4,Teste,Random Forest ampliada,3T23,3T24,75,CORPORATIVO / OUTROS NEGÓCIOS,425.0,326.17401929252054,-98.82598070747946,98.82598070747946
H4,Teste,Random Forest ampliada,3T23,3T24,75,E&P,33153.0,37547.276654642854,4394.276654642854,4394.276654642854
H4,Teste,Random Forest ampliada,3T23,3T24,75,GÁS & ENERGIA / G&EBC,7598.0,10035.535959065128,2437.535959065128,2437.535959065128
H4,Teste,Random Forest ampliada,3T23,3T24,75,REFINO / RTC,113709.0,103560.76445488725,-10148.235545112751,10148.235545112751
H4,Teste,Random Forest grade original,3T23,3T24,75,CORPORATIVO / OUTROS NEGÓCIOS,425.0,353.56531334866213,-71.43468665133787,71.43468665133787
H4,Teste,Random Forest grade original,3T23,3T24,75,E&P,33153.0,39223.073037313465,6070.073037313465,6070.073037313465
H4,Teste,Random Forest grade original,3T23,3T24,75,GÁS & ENERGIA / G&EBC,7598.0,10811.22341061703,3213.223410617031,3213.223410617031
H4,Teste,Random Forest grade original,3T23,3T24,75,REFINO / RTC,113709.0,100247.29542123452,-13461.704578765479,13461.704578765479
H4,Teste,Gradient Boosting,3T23,3T24,75,CORPORATIVO / OUTROS NEGÓCIOS,425.0,1970.5141546619154,1545.5141546619154,1545.5141546619154
H4,Teste,Gradient Boosting,3T23,3T24,75,E&P,33153.0,38111.412317402705,4958.4123174027045,4958.4123174027045
H4,Teste,Gradient Boosting,3T23,3T24,75,GÁS & ENERGIA / G&EBC,7598.0,10682.870179584606,3084.8701795846064,3084.8701795846064
H4,Teste,Gradient Boosting,3T23,3T24,75,REFINO / RTC,113709.0,104386.6551066624,-9322.344893337606,9322.344893337606
H4,Teste,Baseline Último,4T23,4T24,76,CORPORATIVO / OUTROS NEGÓCIOS,412.0,568.0,156.0,156.0
H4,Teste,Baseline Último,4T23,4T24,76,E&P,35087.0,37600.0,2513.0,2513.0
H4,Teste,Baseline Último,4T23,4T24,76,GÁS & ENERGIA / G&EBC,8078.0,7046.0,-1032.0,1032.0
H4,Teste,Baseline Último,4T23,4T24,76,REFINO / RTC,103667.0,114431.0,10764.0,10764.0
H4,Teste,Baseline Sazonal,4T23,4T24,76,CORPORATIVO / OUTROS NEGÓCIOS,412.0,568.0,156.0,156.0
H4,Teste,Baseline Sazonal,4T23,4T24,76,E&P,35087.0,37600.0,2513.0,2513.0
H4,Teste,Baseline Sazonal,4T23,4T24,76,GÁS & ENERGIA / G&EBC,8078.0,7046.0,-1032.0,1032.0
H4,Teste,Baseline Sazonal,4T23,4T24,76,REFINO / RTC,103667.0,114431.0,10764.0,10764.0
H4,Teste,Ridge Contábil,4T23,4T24,76,CORPORATIVO / OUTROS NEGÓCIOS,412.0,696.5611893089263,284.56118930892626,284.56118930892626
H4,Teste,Ridge Contábil,4T23,4T24,76,E&P,35087.0,38906.78248877684,3819.7824887768365,3819.7824887768365
H4,Teste,Ridge Contábil,4T23,4T24,76,GÁS & ENERGIA / G&EBC,8078.0,8176.086630735117,98.08663073511707,98.08663073511707
H4,Teste,Ridge Contábil,4T23,4T24,76,REFINO / RTC,103667.0,109029.93091580691,5362.930915806908,5362.930915806908
H4,Teste,Ridge + Brent e Câmbio,4T23,4T24,76,CORPORATIVO / OUTROS NEGÓCIOS,412.0,1356.6778946985942,944.6778946985942,944.6778946985942
H4,Teste,Ridge + Brent e Câmbio,4T23,4T24,76,E&P,35087.0,40427.02715599578,5340.027155995776,5340.027155995776
H4,Teste,Ridge + Brent e Câmbio,4T23,4T24,76,GÁS & ENERGIA / G&EBC,8078.0,9707.866051123634,1629.866051123634,1629.866051123634
H4,Teste,Ridge + Brent e Câmbio,4T23,4T24,76,REFINO / RTC,103667.0,107659.76353128305,3992.7635312830535,3992.7635312830535
H4,Teste,Random Forest ampliada,4T23,4T24,76,CORPORATIVO / OUTROS NEGÓCIOS,412.0,420.7756818247142,8.775681824714184,8.775681824714184
H4,Teste,Random Forest ampliada,4T23,4T24,76,E&P,35087.0,37798.03455728205,2711.0345572820515,2711.0345572820515
H4,Teste,Random Forest ampliada,4T23,4T24,76,GÁS & ENERGIA / G&EBC,8078.0,9193.76494877197,1115.76494877197,1115.76494877197
H4,Teste,Random Forest ampliada,4T23,4T24,76,REFINO / RTC,103667.0,106845.10547619042,3178.1054761904234,3178.1054761904234
H4,Teste,Random Forest grade original,4T23,4T24,76,CORPORATIVO / OUTROS NEGÓCIOS,412.0,437.3697983493526,25.369798349352607,25.369798349352607
H4,Teste,Random Forest grade original,4T23,4T24,76,E&P,35087.0,38269.05681661424,3182.0568166142402,3182.0568166142402
H4,Teste,Random Forest grade original,4T23,4T24,76,GÁS & ENERGIA / G&EBC,8078.0,10626.232801977854,2548.2328019778543,2548.2328019778543
H4,Teste,Random Forest grade original,4T23,4T24,76,REFINO / RTC,103667.0,108276.42663265305,4609.426632653049,4609.426632653049
H4,Teste,Gradient Boosting,4T23,4T24,76,CORPORATIVO / OUTROS NEGÓCIOS,412.0,1999.1337167267318,1587.1337167267318,1587.1337167267318
H4,Teste,Gradient Boosting,4T23,4T24,76,E&P,35087.0,40418.7027468896,5331.702746889598,5331.702746889598
H4,Teste,Gradient Boosting,4T23,4T24,76,GÁS & ENERGIA / G&EBC,8078.0,10156.130475483998,2078.1304754839985,2078.1304754839985
H4,Teste,Gradient Boosting,4T23,4T24,76,REFINO / RTC,103667.0,106084.38362526774,2417.383625267743,2417.383625267743
H4,Teste,Baseline Último,1T24,1T25,77,CORPORATIVO / OUTROS NEGÓCIOS,401.0,362.0,-39.0,39.0
H4,Teste,Baseline Último,1T24,1T25,77,E&P,39715.0,32760.0,-6955.0,6955.0
H4,Teste,Baseline Último,1T24,1T25,77,GÁS & ENERGIA / G&EBC,6560.0,5838.0,-722.0,722.0
H4,Teste,Baseline Último,1T24,1T25,77,REFINO / RTC,109766.0,98971.0,-10795.0,10795.0
H4,Teste,Baseline Sazonal,1T24,1T25,77,CORPORATIVO / OUTROS NEGÓCIOS,401.0,362.0,-39.0,39.0
H4,Teste,Baseline Sazonal,1T24,1T25,77,E&P,39715.0,32760.0,-6955.0,6955.0
H4,Teste,Baseline Sazonal,1T24,1T25,77,GÁS & ENERGIA / G&EBC,6560.0,5838.0,-722.0,722.0
H4,Teste,Baseline Sazonal,1T24,1T25,77,REFINO / RTC,109766.0,98971.0,-10795.0,10795.0
H4,Teste,Ridge Contábil,1T24,1T25,77,CORPORATIVO / OUTROS NEGÓCIOS,401.0,112.09077831330069,-288.9092216866993,288.9092216866993
H4,Teste,Ridge Contábil,1T24,1T25,77,E&P,39715.0,33700.326427341795,-6014.673572658205,6014.673572658205
H4,Teste,Ridge Contábil,1T24,1T25,77,GÁS & ENERGIA / G&EBC,6560.0,6683.685378410744,123.6853784107443,123.6853784107443
H4,Teste,Ridge Contábil,1T24,1T25,77,REFINO / RTC,109766.0,95364.1402222522,-14401.859777747799,14401.859777747799
H4,Teste,Ridge + Brent e Câmbio,1T24,1T25,77,CORPORATIVO / OUTROS NEGÓCIOS,401.0,892.4330755222545,491.4330755222545,491.4330755222545
H4,Teste,Ridge + Brent e Câmbio,1T24,1T25,77,E&P,39715.0,37691.085261677894,-2023.9147383221061,2023.9147383221061
H4,Teste,Ridge + Brent e Câmbio,1T24,1T25,77,GÁS & ENERGIA / G&EBC,6560.0,8043.34914150562,1483.3491415056196,1483.3491415056196
H4,Teste,Ridge + Brent e Câmbio,1T24,1T25,77,REFINO / RTC,109766.0,101687.60267181505,-8078.397328184947,8078.397328184947
H4,Teste,Random Forest ampliada,1T24,1T25,77,CORPORATIVO / OUTROS NEGÓCIOS,401.0,403.32231899375824,2.3223189937582447,2.3223189937582447
H4,Teste,Random Forest ampliada,1T24,1T25,77,E&P,39715.0,36145.675137555554,-3569.324862444446,3569.324862444446
H4,Teste,Random Forest ampliada,1T24,1T25,77,GÁS & ENERGIA / G&EBC,6560.0,9370.601105707565,2810.601105707565,2810.601105707565
H4,Teste,Random Forest ampliada,1T24,1T25,77,REFINO / RTC,109766.0,104591.71773129253,-5174.282268707466,5174.282268707466
H4,Teste,Random Forest grade original,1T24,1T25,77,CORPORATIVO / OUTROS NEGÓCIOS,401.0,379.78155137455576,-21.21844862544424,21.21844862544424
H4,Teste,Random Forest grade original,1T24,1T25,77,E&P,39715.0,41044.963158309634,1329.9631583096343,1329.9631583096343
H4,Teste,Random Forest grade original,1T24,1T25,77,GÁS & ENERGIA / G&EBC,6560.0,9627.52850110399,3067.5285011039905,3067.5285011039905
H4,Teste,Random Forest grade original,1T24,1T25,77,REFINO / RTC,109766.0,104963.95851062662,-4802.041489373383,4802.041489373383
H4,Teste,Gradient Boosting,1T24,1T25,77,CORPORATIVO / OUTROS NEGÓCIOS,401.0,1953.8674119328482,1552.8674119328482,1552.8674119328482
H4,Teste,Gradient Boosting,1T24,1T25,77,E&P,39715.0,33063.14736699719,-6651.852633002811,6651.852633002811
H4,Teste,Gradient Boosting,1T24,1T25,77,GÁS & ENERGIA / G&EBC,6560.0,9834.970278357756,3274.970278357756,3274.970278357756
H4,Teste,Gradient Boosting,1T24,1T25,77,REFINO / RTC,109766.0,104058.1533932926,-5707.846606707404,5707.846606707404
H4,Teste,Baseline Último,2T24,2T25,78,CORPORATIVO / OUTROS NEGÓCIOS,394.0,382.0,-12.0,12.0
H4,Teste,Baseline Último,2T24,2T25,78,E&P,37410.0,32560.0,-4850.0,4850.0
H4,Teste,Baseline Último,2T24,2T25,78,GÁS & ENERGIA / G&EBC,6475.0,5721.0,-754.0,754.0
H4,Teste,Baseline Último,2T24,2T25,78,REFINO / RTC,105290.0,107110.0,1820.0,1820.0
H4,Teste,Baseline Sazonal,2T24,2T25,78,CORPORATIVO / OUTROS NEGÓCIOS,394.0,382.0,-12.0,12.0
H4,Teste,Baseline Sazonal,2T24,2T25,78,E&P,37410.0,32560.0,-4850.0,4850.0
H4,Teste,Baseline Sazonal,2T24,2T25,78,GÁS & ENERGIA / G&EBC,6475.0,5721.0,-754.0,754.0
H4,Teste,Baseline Sazonal,2T24,2T25,78,REFINO / RTC,105290.0,107110.0,1820.0,1820.0
H4,Teste,Ridge Contábil,2T24,2T25,78,CORPORATIVO / OUTROS NEGÓCIOS,394.0,0.0,-394.0,394.0
H4,Teste,Ridge Contábil,2T24,2T25,78,E&P,37410.0,33708.21688410811,-3701.7831158918925,3701.7831158918925
H4,Teste,Ridge Contábil,2T24,2T25,78,GÁS & ENERGIA / G&EBC,6475.0,6451.1108640079365,-23.88913599206353,23.88913599206353
H4,Teste,Ridge Contábil,2T24,2T25,78,REFINO / RTC,105290.0,101362.12985772104,-3927.87014227896,3927.87014227896
H4,Teste,Ridge + Brent e Câmbio,2T24,2T25,78,CORPORATIVO / OUTROS NEGÓCIOS,394.0,1291.1259768991367,897.1259768991367,897.1259768991367
H4,Teste,Ridge + Brent e Câmbio,2T24,2T25,78,E&P,37410.0,36542.23862332333,-867.7613766766735,867.7613766766735
H4,Teste,Ridge + Brent e Câmbio,2T24,2T25,78,GÁS & ENERGIA / G&EBC,6475.0,8388.436602756334,1913.4366027563337,1913.4366027563337
H4,Teste,Ridge + Brent e Câmbio,2T24,2T25,78,REFINO / RTC,105290.0,97212.51903921625,-8077.480960783752,8077.480960783752
H4,Teste,Random Forest ampliada,2T24,2T25,78,CORPORATIVO / OUTROS NEGÓCIOS,394.0,333.3788037133565,-60.62119628664351,60.62119628664351
H4,Teste,Random Forest ampliada,2T24,2T25,78,E&P,37410.0,34978.46465071368,-2431.5353492863214,2431.5353492863214
H4,Teste,Random Forest ampliada,2T24,2T25,78,GÁS & ENERGIA / G&EBC,6475.0,8621.754610418388,2146.7546104183875,2146.7546104183875
H4,Teste,Random Forest ampliada,2T24,2T25,78,REFINO / RTC,105290.0,103481.53603081316,-1808.463969186836,1808.463969186836
H4,Teste,Random Forest grade original,2T24,2T25,78,CORPORATIVO / OUTROS NEGÓCIOS,394.0,337.3990138931077,-56.60098610689232,56.60098610689232
H4,Teste,Random Forest grade original,2T24,2T25,78,E&P,37410.0,35601.92232225185,-1808.0776777481515,1808.0776777481515
H4,Teste,Random Forest grade original,2T24,2T25,78,GÁS & ENERGIA / G&EBC,6475.0,8467.299312467272,1992.299312467272,1992.299312467272
H4,Teste,Random Forest grade original,2T24,2T25,78,REFINO / RTC,105290.0,107286.05911564628,1996.059115646276,1996.059115646276
H4,Teste,Gradient Boosting,2T24,2T25,78,CORPORATIVO / OUTROS NEGÓCIOS,394.0,1933.3814223576833,1539.3814223576833,1539.3814223576833
H4,Teste,Gradient Boosting,2T24,2T25,78,E&P,37410.0,33779.14624429098,-3630.8537557090167,3630.8537557090167
H4,Teste,Gradient Boosting,2T24,2T25,78,GÁS & ENERGIA / G&EBC,6475.0,9645.05071867723,3170.05071867723,3170.05071867723
H4,Teste,Gradient Boosting,2T24,2T25,78,REFINO / RTC,105290.0,104485.06659942272,-804.9334005772835,804.9334005772835
H4,Teste,Baseline Último,3T24,3T25,79,CORPORATIVO / OUTROS NEGÓCIOS,431.0,425.0,-6.0,6.0
H4,Teste,Baseline Último,3T24,3T25,79,E&P,39100.0,33153.0,-5947.0,5947.0
H4,Teste,Baseline Último,3T24,3T25,79,GÁS & ENERGIA / G&EBC,7371.0,7598.0,227.0,227.0
H4,Teste,Baseline Último,3T24,3T25,79,REFINO / RTC,111526.0,113709.0,2183.0,2183.0
H4,Teste,Baseline Sazonal,3T24,3T25,79,CORPORATIVO / OUTROS NEGÓCIOS,431.0,425.0,-6.0,6.0
H4,Teste,Baseline Sazonal,3T24,3T25,79,E&P,39100.0,33153.0,-5947.0,5947.0
H4,Teste,Baseline Sazonal,3T24,3T25,79,GÁS & ENERGIA / G&EBC,7371.0,7598.0,227.0,227.0
H4,Teste,Baseline Sazonal,3T24,3T25,79,REFINO / RTC,111526.0,113709.0,2183.0,2183.0
H4,Teste,Ridge Contábil,3T24,3T25,79,CORPORATIVO / OUTROS NEGÓCIOS,431.0,1004.3839912009244,573.3839912009244,573.3839912009244
H4,Teste,Ridge Contábil,3T24,3T25,79,E&P,39100.0,37057.0700329157,-2042.929967084303,2042.929967084303
H4,Teste,Ridge Contábil,3T24,3T25,79,GÁS & ENERGIA / G&EBC,7371.0,8529.00012179176,1158.0001217917597,1158.0001217917597
H4,Teste,Ridge Contábil,3T24,3T25,79,REFINO / RTC,111526.0,107533.19473684265,-3992.805263157352,3992.805263157352
H4,Teste,Ridge + Brent e Câmbio,3T24,3T25,79,CORPORATIVO / OUTROS NEGÓCIOS,431.0,2220.794562343279,1789.7945623432788,1789.7945623432788
H4,Teste,Ridge + Brent e Câmbio,3T24,3T25,79,E&P,39100.0,39117.13062723579,17.130627235790598,17.130627235790598
H4,Teste,Ridge + Brent e Câmbio,3T24,3T25,79,GÁS & ENERGIA / G&EBC,7371.0,9139.710275098907,1768.710275098907,1768.710275098907
H4,Teste,Ridge + Brent e Câmbio,3T24,3T25,79,REFINO / RTC,111526.0,103730.95124907795,-7795.048750922055,7795.048750922055
H4,Teste,Random Forest ampliada,3T24,3T25,79,CORPORATIVO / OUTROS NEGÓCIOS,431.0,352.0194226317865,-78.98057736821352,78.98057736821352
H4,Teste,Random Forest ampliada,3T24,3T25,79,E&P,39100.0,36727.145908236096,-2372.854091763904,2372.854091763904
H4,Teste,Random Forest ampliada,3T24,3T25,79,GÁS & ENERGIA / G&EBC,7371.0,9335.439389304152,1964.4393893041524,1964.4393893041524
H4,Teste,Random Forest ampliada,3T24,3T25,79,REFINO / RTC,111526.0,103800.71771320346,-7725.282286796544,7725.282286796544
H4,Teste,Random Forest grade original,3T24,3T25,79,CORPORATIVO / OUTROS NEGÓCIOS,431.0,455.0336054626736,24.03360546267362,24.03360546267362
H4,Teste,Random Forest grade original,3T24,3T25,79,E&P,39100.0,37048.35091640529,-2051.6490835947116,2051.6490835947116
H4,Teste,Random Forest grade original,3T24,3T25,79,GÁS & ENERGIA / G&EBC,7371.0,8844.58596381972,1473.5859638197198,1473.5859638197198
H4,Teste,Random Forest grade original,3T24,3T25,79,REFINO / RTC,111526.0,96828.97762250132,-14697.02237749868,14697.02237749868
H4,Teste,Gradient Boosting,3T24,3T25,79,CORPORATIVO / OUTROS NEGÓCIOS,431.0,1960.9438309729792,1529.9438309729792,1529.9438309729792
H4,Teste,Gradient Boosting,3T24,3T25,79,E&P,39100.0,34969.51877974174,-4130.481220258262,4130.481220258262
H4,Teste,Gradient Boosting,3T24,3T25,79,GÁS & ENERGIA / G&EBC,7371.0,9520.84955200765,2149.8495520076503,2149.8495520076503
H4,Teste,Gradient Boosting,3T24,3T25,79,REFINO / RTC,111526.0,105066.59490619697,-6459.405093803027,6459.405093803027
H4,Teste,Baseline Último,4T24,4T25,80,CORPORATIVO / OUTROS NEGÓCIOS,462.0,412.0,-50.0,50.0
H4,Teste,Baseline Último,4T24,4T25,80,E&P,40164.0,35087.0,-5077.0,5077.0
H4,Teste,Baseline Último,4T24,4T25,80,GÁS & ENERGIA / G&EBC,6561.0,8078.0,1517.0,1517.0
H4,Teste,Baseline Último,4T24,4T25,80,REFINO / RTC,107319.0,103667.0,-3652.0,3652.0
H4,Teste,Baseline Sazonal,4T24,4T25,80,CORPORATIVO / OUTROS NEGÓCIOS,462.0,412.0,-50.0,50.0
H4,Teste,Baseline Sazonal,4T24,4T25,80,E&P,40164.0,35087.0,-5077.0,5077.0
H4,Teste,Baseline Sazonal,4T24,4T25,80,GÁS & ENERGIA / G&EBC,6561.0,8078.0,1517.0,1517.0
H4,Teste,Baseline Sazonal,4T24,4T25,80,REFINO / RTC,107319.0,103667.0,-3652.0,3652.0
H4,Teste,Ridge Contábil,4T24,4T25,80,CORPORATIVO / OUTROS NEGÓCIOS,462.0,578.0020813603332,116.00208136033325,116.00208136033325
H4,Teste,Ridge Contábil,4T24,4T25,80,E&P,40164.0,36766.11073407184,-3397.889265928163,3397.889265928163
H4,Teste,Ridge Contábil,4T24,4T25,80,GÁS & ENERGIA / G&EBC,6561.0,9242.368836319998,2681.368836319998,2681.368836319998
H4,Teste,Ridge Contábil,4T24,4T25,80,REFINO / RTC,107319.0,100819.66013442188,-6499.33986557812,6499.33986557812
H4,Teste,Ridge + Brent e Câmbio,4T24,4T25,80,CORPORATIVO / OUTROS NEGÓCIOS,462.0,2676.4710625310945,2214.4710625310945,2214.4710625310945
H4,Teste,Ridge + Brent e Câmbio,4T24,4T25,80,E&P,40164.0,39781.71811677556,-382.2818832244375,382.2818832244375
H4,Teste,Ridge + Brent e Câmbio,4T24,4T25,80,GÁS & ENERGIA / G&EBC,6561.0,10469.276056624769,3908.276056624769,3908.276056624769
H4,Teste,Ridge + Brent e Câmbio,4T24,4T25,80,REFINO / RTC,107319.0,104944.01670784273,-2374.983292157267,2374.983292157267
H4,Teste,Random Forest ampliada,4T24,4T25,80,CORPORATIVO / OUTROS NEGÓCIOS,462.0,486.4476761332152,24.447676133215225,24.447676133215225
H4,Teste,Random Forest ampliada,4T24,4T25,80,E&P,40164.0,35169.271327222224,-4994.7286727777755,4994.7286727777755
H4,Teste,Random Forest ampliada,4T24,4T25,80,GÁS & ENERGIA / G&EBC,6561.0,9585.682405533498,3024.6824055334982,3024.6824055334982
H4,Teste,Random Forest ampliada,4T24,4T25,80,REFINO / RTC,107319.0,103123.86940476194,-4195.130595238064,4195.130595238064
H4,Teste,Random Forest grade original,4T24,4T25,80,CORPORATIVO / OUTROS NEGÓCIOS,462.0,335.106754268843,-126.89324573115698,126.89324573115698
H4,Teste,Random Forest grade original,4T24,4T25,80,E&P,40164.0,37139.677692925216,-3024.3223070747845,3024.3223070747845
H4,Teste,Random Forest grade original,4T24,4T25,80,GÁS & ENERGIA / G&EBC,6561.0,9417.951891686645,2856.9518916866455,2856.9518916866455
H4,Teste,Random Forest grade original,4T24,4T25,80,REFINO / RTC,107319.0,103605.50004535148,-3713.4999546485196,3713.4999546485196
H4,Teste,Gradient Boosting,4T24,4T25,80,CORPORATIVO / OUTROS NEGÓCIOS,462.0,1955.2065772895835,1493.2065772895835,1493.2065772895835
H4,Teste,Gradient Boosting,4T24,4T25,80,E&P,40164.0,35623.03292903639,-4540.967070963612,4540.967070963612
H4,Teste,Gradient Boosting,4T24,4T25,80,GÁS & ENERGIA / G&EBC,6561.0,9604.601123550754,3043.601123550754,3043.601123550754
H4,Teste,Gradient Boosting,4T24,4T25,80,REFINO / RTC,107319.0,105599.5104233488,-1719.4895766512054,1719.4895766512054
H4,Teste,Baseline Último,1T25,1T26,81,CORPORATIVO / OUTROS NEGÓCIOS,428.0,401.0,-27.0,27.0
H4,Teste,Baseline Último,1T25,1T26,81,E&P,42781.0,39715.0,-3066.0,3066.0
H4,Teste,Baseline Último,1T25,1T26,81,GÁS & ENERGIA / G&EBC,6386.0,6560.0,174.0,174.0
H4,Teste,Baseline Último,1T25,1T26,81,REFINO / RTC,93428.0,109766.0,16338.0,16338.0
H4,Teste,Baseline Sazonal,1T25,1T26,81,CORPORATIVO / OUTROS NEGÓCIOS,428.0,401.0,-27.0,27.0
H4,Teste,Baseline Sazonal,1T25,1T26,81,E&P,42781.0,39715.0,-3066.0,3066.0
H4,Teste,Baseline Sazonal,1T25,1T26,81,GÁS & ENERGIA / G&EBC,6386.0,6560.0,174.0,174.0
H4,Teste,Baseline Sazonal,1T25,1T26,81,REFINO / RTC,93428.0,109766.0,16338.0,16338.0
H4,Teste,Ridge Contábil,1T25,1T26,81,CORPORATIVO / OUTROS NEGÓCIOS,428.0,519.3394412030575,91.3394412030575,91.3394412030575
H4,Teste,Ridge Contábil,1T25,1T26,81,E&P,42781.0,42964.20931403572,183.2093140357174,183.2093140357174
H4,Teste,Ridge Contábil,1T25,1T26,81,GÁS & ENERGIA / G&EBC,6386.0,7101.8282002163505,715.8282002163505,715.8282002163505
H4,Teste,Ridge Contábil,1T25,1T26,81,REFINO / RTC,93428.0,104845.4581901328,11417.458190132806,11417.458190132806
H4,Teste,Ridge + Brent e Câmbio,1T25,1T26,81,CORPORATIVO / OUTROS NEGÓCIOS,428.0,2258.5736157404717,1830.5736157404717,1830.5736157404717
H4,Teste,Ridge + Brent e Câmbio,1T25,1T26,81,E&P,42781.0,40270.08865376137,-2510.9113462386304,2510.9113462386304
H4,Teste,Ridge + Brent e Câmbio,1T25,1T26,81,GÁS & ENERGIA / G&EBC,6386.0,9296.920284497037,2910.920284497037,2910.920284497037
H4,Teste,Ridge + Brent e Câmbio,1T25,1T26,81,REFINO / RTC,93428.0,100651.61944464914,7223.619444649143,7223.619444649143
H4,Teste,Random Forest ampliada,1T25,1T26,81,CORPORATIVO / OUTROS NEGÓCIOS,428.0,401.19260445545495,-26.807395544545045,26.807395544545045
H4,Teste,Random Forest ampliada,1T25,1T26,81,E&P,42781.0,35482.20086412635,-7298.799135873647,7298.799135873647
H4,Teste,Random Forest ampliada,1T25,1T26,81,GÁS & ENERGIA / G&EBC,6386.0,8594.059256638538,2208.0592566385385,2208.0592566385385
H4,Teste,Random Forest ampliada,1T25,1T26,81,REFINO / RTC,93428.0,104078.42706655843,10650.427066558434,10650.427066558434
H4,Teste,Random Forest grade original,1T25,1T26,81,CORPORATIVO / OUTROS NEGÓCIOS,428.0,424.0571109089505,-3.9428890910494943,3.9428890910494943
H4,Teste,Random Forest grade original,1T25,1T26,81,E&P,42781.0,34594.32821742635,-8186.671782573649,8186.671782573649
H4,Teste,Random Forest grade original,1T25,1T26,81,GÁS & ENERGIA / G&EBC,6386.0,8356.98192091493,1970.98192091493,1970.98192091493
H4,Teste,Random Forest grade original,1T25,1T26,81,REFINO / RTC,93428.0,106038.01827149041,12610.018271490408,12610.018271490408
H4,Teste,Gradient Boosting,1T25,1T26,81,CORPORATIVO / OUTROS NEGÓCIOS,428.0,2016.4812464565728,1588.4812464565728,1588.4812464565728
H4,Teste,Gradient Boosting,1T25,1T26,81,E&P,42781.0,35783.56459888491,-6997.435401115094,6997.435401115094
H4,Teste,Gradient Boosting,1T25,1T26,81,GÁS & ENERGIA / G&EBC,6386.0,8721.56746949852,2335.567469498519,2335.567469498519
H4,Teste,Gradient Boosting,1T25,1T26,81,REFINO / RTC,93428.0,107566.95251637982,14138.952516379824,14138.952516379824
H4,Teste,Baseline Último,2T25,2T26,82,CORPORATIVO / OUTROS NEGÓCIOS,442.0,394.0,-48.0,48.0
H4,Teste,Baseline Último,2T25,2T26,82,E&P,47184.0,37410.0,-9774.0,9774.0
H4,Teste,Baseline Último,2T25,2T26,82,GÁS & ENERGIA / G&EBC,6665.0,6475.0,-190.0,190.0
H4,Teste,Baseline Último,2T25,2T26,82,REFINO / RTC,137063.0,105290.0,-31773.0,31773.0
H4,Teste,Baseline Sazonal,2T25,2T26,82,CORPORATIVO / OUTROS NEGÓCIOS,442.0,394.0,-48.0,48.0
H4,Teste,Baseline Sazonal,2T25,2T26,82,E&P,47184.0,37410.0,-9774.0,9774.0
H4,Teste,Baseline Sazonal,2T25,2T26,82,GÁS & ENERGIA / G&EBC,6665.0,6475.0,-190.0,190.0
H4,Teste,Baseline Sazonal,2T25,2T26,82,REFINO / RTC,137063.0,105290.0,-31773.0,31773.0
H4,Teste,Ridge Contábil,2T25,2T26,82,CORPORATIVO / OUTROS NEGÓCIOS,442.0,950.8025176432202,508.8025176432202,508.8025176432202
H4,Teste,Ridge Contábil,2T25,2T26,82,E&P,47184.0,38510.8046478211,-8673.195352178896,8673.195352178896
H4,Teste,Ridge Contábil,2T25,2T26,82,GÁS & ENERGIA / G&EBC,6665.0,7442.016434482874,777.0164344828736,777.0164344828736
H4,Teste,Ridge Contábil,2T25,2T26,82,REFINO / RTC,137063.0,100651.7027648537,-36411.297235146296,36411.297235146296
H4,Teste,Ridge + Brent e Câmbio,2T25,2T26,82,CORPORATIVO / OUTROS NEGÓCIOS,442.0,2218.5876190114977,1776.5876190114977,1776.5876190114977
H4,Teste,Ridge + Brent e Câmbio,2T25,2T26,82,E&P,47184.0,40841.14274257042,-6342.857257429583,6342.857257429583
H4,Teste,Ridge + Brent e Câmbio,2T25,2T26,82,GÁS & ENERGIA / G&EBC,6665.0,8457.909012137838,1792.9090121378376,1792.9090121378376
H4,Teste,Ridge + Brent e Câmbio,2T25,2T26,82,REFINO / RTC,137063.0,101603.72894652456,-35459.271053475444,35459.271053475444
H4,Teste,Random Forest ampliada,2T25,2T26,82,CORPORATIVO / OUTROS NEGÓCIOS,442.0,668.419517365057,226.419517365057,226.419517365057
H4,Teste,Random Forest ampliada,2T25,2T26,82,E&P,47184.0,38031.8495602432,-9152.150439756799,9152.150439756799
H4,Teste,Random Forest ampliada,2T25,2T26,82,GÁS & ENERGIA / G&EBC,6665.0,8956.466966865519,2291.4669668655188,2291.4669668655188
H4,Teste,Random Forest ampliada,2T25,2T26,82,REFINO / RTC,137063.0,101823.53535531135,-35239.46464468865,35239.46464468865
H4,Teste,Random Forest grade original,2T25,2T26,82,CORPORATIVO / OUTROS NEGÓCIOS,442.0,503.8750899208161,61.875089920816094,61.875089920816094
H4,Teste,Random Forest grade original,2T25,2T26,82,E&P,47184.0,38705.605694192964,-8478.394305807036,8478.394305807036
H4,Teste,Random Forest grade original,2T25,2T26,82,GÁS & ENERGIA / G&EBC,6665.0,8837.838760686565,2172.8387606865654,2172.8387606865654
H4,Teste,Random Forest grade original,2T25,2T26,82,REFINO / RTC,137063.0,99323.64562389992,-37739.35437610008,37739.35437610008
H4,Teste,Gradient Boosting,2T25,2T26,82,CORPORATIVO / OUTROS NEGÓCIOS,442.0,1964.6306626181292,1522.6306626181292,1522.6306626181292
H4,Teste,Gradient Boosting,2T25,2T26,82,E&P,47184.0,36410.90725836893,-10773.092741631073,10773.092741631073
H4,Teste,Gradient Boosting,2T25,2T26,82,GÁS & ENERGIA / G&EBC,6665.0,8606.535950892852,1941.5359508928523,1941.5359508928523
H4,Teste,Gradient Boosting,2T25,2T26,82,REFINO / RTC,137063.0,107737.36832965471,-29325.63167034529,29325.63167034529
