Horizonte,Bloco,Target_QID,Target_Periodo,Modelo,Alpha,N_Treino,Feature,Beta_Padronizado,Importancia_Normalizada,Rank_Importancia
H1,Validação,53,1T19,Ridge Contábil,0.1,296,Custo_t,15801.974207457164,0.4883856174879385,1
H1,Validação,53,1T19,Ridge Contábil,0.1,296,Custo_t_1,-1083.0792799713163,0.03347432010663324,9
H1,Validação,53,1T19,Ridge Contábil,0.1,296,Custo_t_4,3111.8238476529023,0.09617595823137437,2
H1,Validação,53,1T19,Ridge Contábil,0.1,296,Receita_t,1285.6545394700004,0.03973523674269226,7
H1,Validação,53,1T19,Ridge Contábil,0.1,296,Receita_t_1,-1384.459329577479,0.04278895887854001,5
H1,Validação,53,1T19,Ridge Contábil,0.1,296,Receita_t_4,-1444.1289328570672,0.044633144653075045,4
H1,Validação,53,1T19,Ridge Contábil,0.1,296,Despesas_t,-1308.3292558752926,0.040436035593998866,6
H1,Validação,53,1T19,Ridge Contábil,0.1,296,Despesas_t_1,372.763004387546,0.011520844654243136,14
H1,Validação,53,1T19,Ridge Contábil,0.1,296,Despesas_t_4,301.39484653073225,0.009315096094836679,16
H1,Validação,53,1T19,Ridge Contábil,0.1,296,EBIT_t,-551.0634298295747,0.017031508210241943,12
H1,Validação,53,1T19,Ridge Contábil,0.1,296,EBIT_t_1,102.67073490284952,0.003173205423902381,20
H1,Validação,53,1T19,Ridge Contábil,0.1,296,EBIT_t_4,1266.9640558210115,0.03915757706053989,8
H1,Validação,53,1T19,Ridge Contábil,0.1,296,Trimestre_Sin,137.9842023804576,0.0042646253562012805,19
H1,Validação,53,1T19,Ridge Contábil,0.1,296,Trimestre_Cos,-518.4879399050569,0.016024709910682014,13
H1,Validação,53,1T19,Ridge Contábil,0.1,296,Segmento=CORPORATIVO / OUTROS NEGÓCIOS,351.33485582069386,0.010858573001850063,15
H1,Validação,53,1T19,Ridge Contábil,0.1,296,Segmento=DISTRIBUIÇÃO,595.4516488980063,0.018403398044658674,11
H1,Validação,53,1T19,Ridge Contábil,0.1,296,Segmento=E&P,639.9263192696284,0.019777959796681205,10
H1,Validação,53,1T19,Ridge Contábil,0.1,296,Segmento=GÁS & ENERGIA / G&EBC,255.55477436790363,0.007898334388038695,17
H1,Validação,53,1T19,Ridge Contábil,0.1,296,Segmento=INTERNACIONAL,188.25821769793706,0.005818425260699185,18
H1,Validação,53,1T19,Ridge Contábil,0.1,296,Segmento=REFINO / RTC,1654.2239344519348,0.05112647110317247,3
H1,Validação,53,1T19,Ridge + Brent e Câmbio,10.0,296,Custo_t,5609.252626226526,0.17931800495892009,1
H1,Validação,53,1T19,Ridge + Brent e Câmbio,10.0,296,Custo_t_1,2031.699203241434,0.06494987337501468,4
H1,Validação,53,1T19,Ridge + Brent e Câmbio,10.0,296,Custo_t_4,1585.2165762643967,0.050676603965824275,8
H1,Validação,53,1T19,Ridge + Brent e Câmbio,10.0,296,Receita_t,3862.83570193192,0.12348810754499762,2
H1,Validação,53,1T19,Ridge + Brent e Câmbio,10.0,296,Receita_t_1,1508.1329527567052,0.04821237521674359,9
H1,Validação,53,1T19,Ridge + Brent e Câmbio,10.0,296,Receita_t_4,1590.0834289481022,0.050832188741876366,7
H1,Validação,53,1T19,Ridge + Brent e Câmbio,10.0,296,Despesas_t,-1962.564214094651,0.06273974857715947,5
H1,Validação,53,1T19,Ridge + Brent e Câmbio,10.0,296,Despesas_t_1,-391.88193847007807,0.012527780805829372,21
H1,Validação,53,1T19,Ridge + Brent e Câmbio,10.0,296,Despesas_t_4,-151.47011634081963,0.004842234943410517,26
H1,Validação,53,1T19,Ridge + Brent e Câmbio,10.0,296,EBIT_t,-1919.4641139799398,0.0613619136887888,6
H1,Validação,53,1T19,Ridge + Brent e Câmbio,10.0,296,EBIT_t_1,-654.1422019831446,0.020911783161736912,14
H1,Validação,53,1T19,Ridge + Brent e Câmbio,10.0,296,EBIT_t_4,450.54860667787244,0.014403251675410376,19
H1,Validação,53,1T19,Ridge + Brent e Câmbio,10.0,296,Trimestre_Sin,-41.950085192174264,0.0013410709208114095,29
H1,Validação,53,1T19,Ridge + Brent e Câmbio,10.0,296,Trimestre_Cos,-451.99331525434275,0.014449436484143794,18
H1,Validação,53,1T19,Ridge + Brent e Câmbio,10.0,296,Brent_t,568.1387525055361,0.01816240316273253,16
H1,Validação,53,1T19,Ridge + Brent e Câmbio,10.0,296,Brent_t_1,-986.0782274207422,0.031523197876268186,10
H1,Validação,53,1T19,Ridge + Brent e Câmbio,10.0,296,Brent_t_4,-104.22051732232732,0.0033317478258415635,28
H1,Validação,53,1T19,Ridge + Brent e Câmbio,10.0,296,USD_BRL_t,260.2134530900285,0.008318569403240687,24
H1,Validação,53,1T19,Ridge + Brent e Câmbio,10.0,296,USD_BRL_t_1,-466.13563650270595,0.014901541782430323,17
H1,Validação,53,1T19,Ridge + Brent e Câmbio,10.0,296,USD_BRL_t_4,113.98671142703304,0.003643955986106847,27
H1,Validação,53,1T19,Ridge + Brent e Câmbio,10.0,296,Brent_BRL_t,755.7583901364537,0.024160275134800308,13
H1,Validação,53,1T19,Ridge + Brent e Câmbio,10.0,296,Brent_Var_AA,575.8796728151857,0.018409866858694845,15
H1,Validação,53,1T19,Ridge + Brent e Câmbio,10.0,296,USD_BRL_Var_AA,417.2066285278544,0.013337366895093888,20
H1,Validação,53,1T19,Ridge + Brent e Câmbio,10.0,296,Segmento=CORPORATIVO / OUTROS NEGÓCIOS,264.9489536297839,0.008469955080772931,23
H1,Validação,53,1T19,Ridge + Brent e Câmbio,10.0,296,Segmento=DISTRIBUIÇÃO,782.0041027399623,0.024999304705474575,12
H1,Validação,53,1T19,Ridge + Brent e Câmbio,10.0,296,Segmento=E&P,919.1728049722694,0.029384348429855434,11
H1,Validação,53,1T19,Ridge + Brent e Câmbio,10.0,296,Segmento=GÁS & ENERGIA / G&EBC,284.0569440756318,0.009080804146386968,22
H1,Validação,53,1T19,Ridge + Brent e Câmbio,10.0,296,Segmento=INTERNACIONAL,240.95081298661333,0.007702776458306101,25
H1,Validação,53,1T19,Ridge + Brent e Câmbio,10.0,296,Segmento=REFINO / RTC,2331.047401354376,0.07451951219332748,3
H1,Validação,54,2T19,Ridge Contábil,0.1,302,Custo_t,14782.420714505864,0.43255403803567877,1
H1,Validação,54,2T19,Ridge Contábil,0.1,302,Custo_t_1,-594.948441167384,0.017409012746975306,11
H1,Validação,54,2T19,Ridge Contábil,0.1,302,Custo_t_4,3766.040962694058,0.110199557791137,2
H1,Validação,54,2T19,Ridge Contábil,0.1,302,Receita_t,2381.2299591962856,0.06967807602249794,4
H1,Validação,54,2T19,Ridge Contábil,0.1,302,Receita_t_1,-2645.3529743552003,0.07740668008211837,3
H1,Validação,54,2T19,Ridge Contábil,0.1,302,Receita_t_4,-1593.3845977961682,0.04662463308490861,6
H1,Validação,54,2T19,Ridge Contábil,0.1,302,Despesas_t,-1175.9217567144688,0.034409094024885845,8
H1,Validação,54,2T19,Ridge Contábil,0.1,302,Despesas_t_1,276.4785094623077,0.008090142880364127,16
H1,Validação,54,2T19,Ridge Contábil,0.1,302,Despesas_t_4,242.05924692105455,0.007082987740758368,17
H1,Validação,54,2T19,Ridge Contábil,0.1,302,EBIT_t,-315.4673359170597,0.009231009768608352,14
H1,Validação,54,2T19,Ridge Contábil,0.1,302,EBIT_t_1,-121.56530550648851,0.0035571686665819714,20
H1,Validação,54,2T19,Ridge Contábil,0.1,302,EBIT_t_4,1237.7537098027653,0.03621838233459618,7
H1,Validação,54,2T19,Ridge Contábil,0.1,302,Trimestre_Sin,130.37603018032948,0.0038149826342192667,19
H1,Validação,54,2T19,Ridge Contábil,0.1,302,Trimestre_Cos,-527.7685792370635,0.0154432372414707,12
H1,Validação,54,2T19,Ridge Contábil,0.1,302,Segmento=CORPORATIVO / OUTROS NEGÓCIOS,351.60188681146303,0.010288356613475389,13
H1,Validação,54,2T19,Ridge Contábil,0.1,302,Segmento=DISTRIBUIÇÃO,713.9544494864964,0.020891292844606824,10
H1,Validação,54,2T19,Ridge Contábil,0.1,302,Segmento=E&P,878.5922861787294,0.025708823237636538,9
H1,Validação,54,2T19,Ridge Contábil,0.1,302,Segmento=GÁS & ENERGIA / G&EBC,300.9797993592736,0.00880708444810178,15
H1,Validação,54,2T19,Ridge Contábil,0.1,302,Segmento=INTERNACIONAL,221.1647146092587,0.0064715848792862045,18
H1,Validação,54,2T19,Ridge Contábil,0.1,302,Segmento=REFINO / RTC,1917.6762633821427,0.05611385492209254,5
H1,Validação,54,2T19,Ridge + Brent e Câmbio,10.0,302,Custo_t,5472.8498594135945,0.17179288792938757,1
H1,Validação,54,2T19,Ridge + Brent e Câmbio,10.0,302,Custo_t_1,1913.1240578846937,0.06005300991509673,4
H1,Validação,54,2T19,Ridge + Brent e Câmbio,10.0,302,Custo_t_4,1818.4275859604495,0.05708048539743471,5
H1,Validação,54,2T19,Ridge + Brent e Câmbio,10.0,302,Receita_t,3884.263636457529,0.12192712841160282,2
H1,Validação,54,2T19,Ridge + Brent e Câmbio,10.0,302,Receita_t_1,1313.076417771547,0.041217500146280145,9
H1,Validação,54,2T19,Ridge + Brent e Câmbio,10.0,302,Receita_t_4,1734.6220339744264,0.05444982711700858,7
H1,Validação,54,2T19,Ridge + Brent e Câmbio,10.0,302,Despesas_t,-1800.890045092837,0.05652998157032084,6
H1,Validação,54,2T19,Ridge + Brent e Câmbio,10.0,302,Despesas_t_1,-441.4663170246714,0.013857638245779513,20
H1,Validação,54,2T19,Ridge + Brent e Câmbio,10.0,302,Despesas_t_4,-230.97290979077454,0.007250245160327249,26
H1,Validação,54,2T19,Ridge + Brent e Câmbio,10.0,302,EBIT_t,-1667.0557482250451,0.052328919791991606,8
H1,Validação,54,2T19,Ridge + Brent e Câmbio,10.0,302,EBIT_t_1,-820.2325275248162,0.025747118648748627,12
H1,Validação,54,2T19,Ridge + Brent e Câmbio,10.0,302,EBIT_t_4,337.7500403745654,0.010601981842131314,21
H1,Validação,54,2T19,Ridge + Brent e Câmbio,10.0,302,Trimestre_Sin,-47.39287262771876,0.001487663404831245,29
H1,Validação,54,2T19,Ridge + Brent e Câmbio,10.0,302,Trimestre_Cos,-512.079867210314,0.01607419927430334,18
H1,Validação,54,2T19,Ridge + Brent e Câmbio,10.0,302,Brent_t,657.6051153095834,0.020642240291290574,16
H1,Validação,54,2T19,Ridge + Brent e Câmbio,10.0,302,Brent_t_1,-988.8201463193466,0.031039088033224728,11
H1,Validação,54,2T19,Ridge + Brent e Câmbio,10.0,302,Brent_t_4,-119.9134556072735,0.003764086238348444,28
H1,Validação,54,2T19,Ridge + Brent e Câmbio,10.0,302,USD_BRL_t,316.56453710799934,0.00993696838810047,22
H1,Validação,54,2T19,Ridge + Brent e Câmbio,10.0,302,USD_BRL_t_1,-726.6580565055423,0.022809813766317903,14
H1,Validação,54,2T19,Ridge + Brent e Câmbio,10.0,302,USD_BRL_t_4,261.2729098556016,0.008201362886760733,24
H1,Validação,54,2T19,Ridge + Brent e Câmbio,10.0,302,Brent_BRL_t,704.3771442732454,0.02211041539866423,15
H1,Validação,54,2T19,Ridge + Brent e Câmbio,10.0,302,Brent_Var_AA,565.23204330742,0.017742647352729447,17
H1,Validação,54,2T19,Ridge + Brent e Câmbio,10.0,302,USD_BRL_Var_AA,506.86602956271463,0.015910536785895147,19
H1,Validação,54,2T19,Ridge + Brent e Câmbio,10.0,302,Segmento=CORPORATIVO / OUTROS NEGÓCIOS,231.77683742977686,0.007275480468135466,25
H1,Validação,54,2T19,Ridge + Brent e Câmbio,10.0,302,Segmento=DISTRIBUIÇÃO,817.9316532349378,0.02567489414978109,13
H1,Validação,54,2T19,Ridge + Brent e Câmbio,10.0,302,Segmento=E&P,1020.7265868761402,0.032040631965107085,10
H1,Validação,54,2T19,Ridge + Brent e Câmbio,10.0,302,Segmento=GÁS & ENERGIA / G&EBC,282.39347026538553,0.008864337782964563,23
H1,Validação,54,2T19,Ridge + Brent e Câmbio,10.0,302,Segmento=INTERNACIONAL,229.46047366571645,0.007202769754203043,27
H1,Validação,54,2T19,Ridge + Brent e Câmbio,10.0,302,Segmento=REFINO / RTC,2433.45274626811,0.0763861398832328,3
H1,Validação,55,3T19,Ridge Contábil,0.1,308,Custo_t,14478.102913980907,0.43442433104077505,1
H1,Validação,55,3T19,Ridge Contábil,0.1,308,Custo_t_1,-38.97534120925547,0.0011694789457233643,20
H1,Validação,55,3T19,Ridge Contábil,0.1,308,Custo_t_4,3776.892224431122,0.11332796069761096,2
H1,Validação,55,3T19,Ridge Contábil,0.1,308,Receita_t,2355.4953977966557,0.07067807975513786,4
H1,Validação,55,3T19,Ridge Contábil,0.1,308,Receita_t_1,-2651.1048985413677,0.07954802358502383,3
H1,Validação,55,3T19,Ridge Contábil,0.1,308,Receita_t_4,-1740.026904444942,0.05221057126389766,6
H1,Validação,55,3T19,Ridge Contábil,0.1,308,Despesas_t,-1141.2459574821007,0.03424378280619841,8
H1,Validação,55,3T19,Ridge Contábil,0.1,308,Despesas_t_1,231.8690487397269,0.00695737259130451,16
H1,Validação,55,3T19,Ridge Contábil,0.1,308,Despesas_t_4,293.6510087495621,0.008811178079987885,13
H1,Validação,55,3T19,Ridge Contábil,0.1,308,EBIT_t,-249.43762108826044,0.007484528347497059,15
H1,Validação,55,3T19,Ridge Contábil,0.1,308,EBIT_t_1,-177.82427374849323,0.005335726070257626,18
H1,Validação,55,3T19,Ridge Contábil,0.1,308,EBIT_t_4,1333.149557644665,0.040001967674772154,7
H1,Validação,55,3T19,Ridge Contábil,0.1,308,Trimestre_Sin,116.68898288260561,0.0035013242846652724,19
H1,Validação,55,3T19,Ridge Contábil,0.1,308,Trimestre_Cos,-528.3918745187719,0.015854721297327932,11
H1,Validação,55,3T19,Ridge Contábil,0.1,308,Segmento=CORPORATIVO / OUTROS NEGÓCIOS,367.9285178623576,0.011039920160315372,12
H1,Validação,55,3T19,Ridge Contábil,0.1,308,Segmento=DISTRIBUIÇÃO,667.0021373438408,0.020013806991146195,10
H1,Validação,55,3T19,Ridge Contábil,0.1,308,Segmento=E&P,823.3730631801982,0.024705812238953056,9
H1,Validação,55,3T19,Ridge Contábil,0.1,308,Segmento=GÁS & ENERGIA / G&EBC,278.4640398995874,0.008355483793078492,14
H1,Validação,55,3T19,Ridge Contábil,0.1,308,Segmento=INTERNACIONAL,210.68908113802317,0.00632185471223554,17
H1,Validação,55,3T19,Ridge Contábil,0.1,308,Segmento=REFINO / RTC,1866.7866741103796,0.056014075664091834,5
H1,Validação,55,3T19,Ridge + Brent e Câmbio,10.0,308,Custo_t,5509.07806802082,0.1726262390402293,1
H1,Validação,55,3T19,Ridge + Brent e Câmbio,10.0,308,Custo_t_1,1911.7206136755613,0.05990351480952078,4
H1,Validação,55,3T19,Ridge + Brent e Câmbio,10.0,308,Custo_t_4,1829.3955493705514,0.05732386971205632,5
H1,Validação,55,3T19,Ridge + Brent e Câmbio,10.0,308,Receita_t,3910.527287861019,0.1225358599084359,2
H1,Validação,55,3T19,Ridge + Brent e Câmbio,10.0,308,Receita_t_1,1330.5649701405862,0.041693078906860095,9
H1,Validação,55,3T19,Ridge + Brent e Câmbio,10.0,308,Receita_t_4,1734.1832874950862,0.05434040596818896,7
H1,Validação,55,3T19,Ridge + Brent e Câmbio,10.0,308,Despesas_t,-1786.2469085094838,0.05597181270731331,6
H1,Validação,55,3T19,Ridge + Brent e Câmbio,10.0,308,Despesas_t_1,-409.64167892001467,0.012836068306342265,20
H1,Validação,55,3T19,Ridge + Brent e Câmbio,10.0,308,Despesas_t_4,-224.99755044633363,0.0070502687468301925,26
H1,Validação,55,3T19,Ridge + Brent e Câmbio,10.0,308,EBIT_t,-1678.0951715270428,0.05258289220728958,8
H1,Validação,55,3T19,Ridge + Brent e Câmbio,10.0,308,EBIT_t_1,-799.3081911442735,0.025046217382948727,12
H1,Validação,55,3T19,Ridge + Brent e Câmbio,10.0,308,EBIT_t_4,347.0815999208218,0.010875756432313928,21
H1,Validação,55,3T19,Ridge + Brent e Câmbio,10.0,308,Trimestre_Sin,-73.63845431640688,0.002307451312256303,29
H1,Validação,55,3T19,Ridge + Brent e Câmbio,10.0,308,Trimestre_Cos,-505.9869266509151,0.015855034013459137,19
H1,Validação,55,3T19,Ridge + Brent e Câmbio,10.0,308,Brent_t,659.223115488337,0.020656669901941985,16
H1,Validação,55,3T19,Ridge + Brent e Câmbio,10.0,308,Brent_t_1,-1005.6527041534108,0.03151199564703348,10
H1,Validação,55,3T19,Ridge + Brent e Câmbio,10.0,308,Brent_t_4,-97.25131322638155,0.0030473571506357006,28
H1,Validação,55,3T19,Ridge + Brent e Câmbio,10.0,308,USD_BRL_t,288.066046139235,0.009026511791304204,23
H1,Validação,55,3T19,Ridge + Brent e Câmbio,10.0,308,USD_BRL_t_1,-784.8785106307646,0.024594065235739457,14
H1,Validação,55,3T19,Ridge + Brent e Câmbio,10.0,308,USD_BRL_t_4,295.6481841082963,0.009264097090572505,22
H1,Validação,55,3T19,Ridge + Brent e Câmbio,10.0,308,Brent_BRL_t,680.562033025547,0.0213253220855117,15
H1,Validação,55,3T19,Ridge + Brent e Câmbio,10.0,308,Brent_Var_AA,596.6384416060879,0.018695587350477383,17
H1,Validação,55,3T19,Ridge + Brent e Câmbio,10.0,308,USD_BRL_Var_AA,541.8059379542821,0.016977418036900848,18
H1,Validação,55,3T19,Ridge + Brent e Câmbio,10.0,308,Segmento=CORPORATIVO / OUTROS NEGÓCIOS,227.29883867417072,0.0071223793117584895,25
H1,Validação,55,3T19,Ridge + Brent e Câmbio,10.0,308,Segmento=DISTRIBUIÇÃO,788.2618092469947,0.024700080454340207,13
H1,Validação,55,3T19,Ridge + Brent e Câmbio,10.0,308,Segmento=E&P,1000.3905553678024,0.03134710690468607,11
H1,Validação,55,3T19,Ridge + Brent e Câmbio,10.0,308,Segmento=GÁS & ENERGIA / G&EBC,265.2785601243315,0.008312468904388309,24
H1,Validação,55,3T19,Ridge + Brent e Câmbio,10.0,308,Segmento=INTERNACIONAL,218.84292140539506,0.006857414252683099,27
H1,Validação,55,3T19,Ridge + Brent e Câmbio,10.0,308,Segmento=REFINO / RTC,2413.0643935673015,0.07561305642798176,3
H1,Validação,56,4T19,Ridge Contábil,0.1,314,Custo_t,11895.628971687038,0.3155086766030516,1
H1,Validação,56,4T19,Ridge Contábil,0.1,314,Custo_t_1,807.0883647399612,0.021406466397607612,10
H1,Validação,56,4T19,Ridge Contábil,0.1,314,Custo_t_4,3677.928430970843,0.09754997694180588,4
H1,Validação,56,4T19,Ridge Contábil,0.1,314,Receita_t,6578.572935780772,0.1744839928889008,2
H1,Validação,56,4T19,Ridge Contábil,0.1,314,Receita_t_1,-4462.285136557572,0.11835352980592163,3
H1,Validação,56,4T19,Ridge Contábil,0.1,314,Receita_t_4,-2121.072407685488,0.056257365618994117,5
H1,Validação,56,4T19,Ridge Contábil,0.1,314,Despesas_t,-916.2989951389469,0.02430306829652194,9
H1,Validação,56,4T19,Ridge Contábil,0.1,314,Despesas_t_1,-78.09260608166304,0.0020712561610615396,19
H1,Validação,56,4T19,Ridge Contábil,0.1,314,Despesas_t_4,276.0954282965597,0.007322900151419758,16
H1,Validação,56,4T19,Ridge Contábil,0.1,314,EBIT_t,53.60341294126098,0.0014217274192695026,20
H1,Validação,56,4T19,Ridge Contábil,0.1,314,EBIT_t_1,-919.7802669579512,0.02439540233511072,8
H1,Validação,56,4T19,Ridge Contábil,0.1,314,EBIT_t_4,1448.0892314696362,0.038407781388571635,7
H1,Validação,56,4T19,Ridge Contábil,0.1,314,Trimestre_Sin,118.24659904909092,0.0031362635861951686,18
H1,Validação,56,4T19,Ridge Contábil,0.1,314,Trimestre_Cos,-495.4605538314301,0.013141138145820961,13
H1,Validação,56,4T19,Ridge Contábil,0.1,314,Segmento=CORPORATIVO / OUTROS NEGÓCIOS,334.69490608651364,0.00887713858060609,14
H1,Validação,56,4T19,Ridge Contábil,0.1,314,Segmento=DISTRIBUIÇÃO,626.425729654158,0.016614737516082317,11
H1,Validação,56,4T19,Ridge Contábil,0.1,314,Segmento=E&P,520.4878215203646,0.013804938279997993,12
H1,Validação,56,4T19,Ridge Contábil,0.1,314,Segmento=GÁS & ENERGIA / G&EBC,291.06293998122004,0.007719884608055696,15
H1,Validação,56,4T19,Ridge Contábil,0.1,314,Segmento=INTERNACIONAL,197.99206648499862,0.005251358715311888,17
H1,Validação,56,4T19,Ridge Contábil,0.1,314,Segmento=REFINO / RTC,1884.1101129146284,0.04997239655969324,6
H1,Validação,56,4T19,Ridge + Brent e Câmbio,10.0,314,Custo_t,5524.262805667447,0.18106898623881232,1
H1,Validação,56,4T19,Ridge + Brent e Câmbio,10.0,314,Custo_t_1,1808.4693784703895,0.05927627423293897,4
H1,Validação,56,4T19,Ridge + Brent e Câmbio,10.0,314,Custo_t_4,1582.281961353844,0.05186252008003169,5
H1,Validação,56,4T19,Ridge + Brent e Câmbio,10.0,314,Receita_t,5091.665724641494,0.16688973415274602,2
H1,Validação,56,4T19,Ridge + Brent e Câmbio,10.0,314,Receita_t_1,927.9447353929831,0.03041528226189265,9
H1,Validação,56,4T19,Ridge + Brent e Câmbio,10.0,314,Receita_t_4,1461.3352486502042,0.04789824476791264,7
H1,Validação,56,4T19,Ridge + Brent e Câmbio,10.0,314,Despesas_t,-1165.9816548848542,0.03821742803518653,8
H1,Validação,56,4T19,Ridge + Brent e Câmbio,10.0,314,Despesas_t_1,-701.2614290383474,0.022985274327297855,13
H1,Validação,56,4T19,Ridge + Brent e Câmbio,10.0,314,Despesas_t_4,-278.92571199667793,0.009142359385104484,23
H1,Validação,56,4T19,Ridge + Brent e Câmbio,10.0,314,EBIT_t,-750.0522250536826,0.02458449222895488,11
H1,Validação,56,4T19,Ridge + Brent e Câmbio,10.0,314,EBIT_t_1,-1490.3442880675805,0.04884907523051795,6
H1,Validação,56,4T19,Ridge + Brent e Câmbio,10.0,314,EBIT_t_4,334.680522029817,0.010969837056927214,22
H1,Validação,56,4T19,Ridge + Brent e Câmbio,10.0,314,Trimestre_Sin,-76.08043137321495,0.002493691387605003,28
H1,Validação,56,4T19,Ridge + Brent e Câmbio,10.0,314,Trimestre_Cos,-477.3375296754013,0.015645711587687804,20
H1,Validação,56,4T19,Ridge + Brent e Câmbio,10.0,314,Brent_t,617.0201599215219,0.020224094829681318,16
H1,Validação,56,4T19,Ridge + Brent e Câmbio,10.0,314,Brent_t_1,-915.5294018015784,0.030008344368766704,10
H1,Validação,56,4T19,Ridge + Brent e Câmbio,10.0,314,Brent_t_4,-54.42276267848177,0.0017838171016046657,29
H1,Validação,56,4T19,Ridge + Brent e Câmbio,10.0,314,USD_BRL_t,152.27819859694637,0.004991228697145633,27
H1,Validação,56,4T19,Ridge + Brent e Câmbio,10.0,314,USD_BRL_t_1,-736.3501258144349,0.024135377965953334,12
H1,Validação,56,4T19,Ridge + Brent e Câmbio,10.0,314,USD_BRL_t_4,344.92691801406875,0.011305683594055482,21
H1,Validação,56,4T19,Ridge + Brent e Câmbio,10.0,314,Brent_BRL_t,549.0993342269107,0.01799785116864311,19
H1,Validação,56,4T19,Ridge + Brent e Câmbio,10.0,314,Brent_Var_AA,612.1980282704073,0.0200660396247983,17
H1,Validação,56,4T19,Ridge + Brent e Câmbio,10.0,314,USD_BRL_Var_AA,589.4185367804762,0.019319395307499362,18
H1,Validação,56,4T19,Ridge + Brent e Câmbio,10.0,314,Segmento=CORPORATIVO / OUTROS NEGÓCIOS,189.7561687624003,0.006219645646676928,25
H1,Validação,56,4T19,Ridge + Brent e Câmbio,10.0,314,Segmento=DISTRIBUIÇÃO,676.3404183618924,0.022168437348687252,14
H1,Validação,56,4T19,Ridge + Brent e Câmbio,10.0,314,Segmento=E&P,620.6815683487309,0.020344104962334825,15
H1,Validação,56,4T19,Ridge + Brent e Câmbio,10.0,314,Segmento=GÁS & ENERGIA / G&EBC,278.8201530301841,0.009138899474574549,24
H1,Validação,56,4T19,Ridge + Brent e Câmbio,10.0,314,Segmento=INTERNACIONAL,181.4724212002071,0.005948128916552186,26
H1,Validação,56,4T19,Ridge + Brent e Câmbio,10.0,314,Segmento=REFINO / RTC,2320.222895016664,0.07605004001941039,3
H1,Validação,57,1T20,Ridge Contábil,0.1,318,Custo_t,11947.389001474792,0.302273870351581,1
H1,Validação,57,1T20,Ridge Contábil,0.1,318,Custo_t_1,1919.0358275266813,0.048552398089510125,6
H1,Validação,57,1T20,Ridge Contábil,0.1,318,Custo_t_4,3627.140324897644,0.0917681465113225,4
H1,Validação,57,1T20,Ridge Contábil,0.1,318,Receita_t,6628.304551124737,0.1676988394945667,2
H1,Validação,57,1T20,Ridge Contábil,0.1,318,Receita_t_1,-5650.364115672181,0.14295654305129657,3
H1,Validação,57,1T20,Ridge Contábil,0.1,318,Receita_t_4,-2031.8116582897403,0.051405673130831435,5
H1,Validação,57,1T20,Ridge Contábil,0.1,318,Despesas_t,-916.8881742577524,0.023197649049367518,9
H1,Validação,57,1T20,Ridge Contábil,0.1,318,Despesas_t_1,162.1520397719098,0.004102513498238679,18
H1,Validação,57,1T20,Ridge Contábil,0.1,318,Despesas_t_4,278.31508964052045,0.007041486580248001,16
H1,Validação,57,1T20,Ridge Contábil,0.1,318,EBIT_t,38.11518453249542,0.0009643298921948485,20
H1,Validação,57,1T20,Ridge Contábil,0.1,318,EBIT_t_1,-523.7399664886264,0.013250837208764374,11
H1,Validação,57,1T20,Ridge Contábil,0.1,318,EBIT_t_4,1447.5584003443535,0.03662382468487621,8
H1,Validação,57,1T20,Ridge Contábil,0.1,318,Trimestre_Sin,88.0732927519355,0.0022282906391889574,19
H1,Validação,57,1T20,Ridge Contábil,0.1,318,Trimestre_Cos,-494.5404018973888,0.012512076179012614,12
H1,Validação,57,1T20,Ridge Contábil,0.1,318,Segmento=CORPORATIVO / OUTROS NEGÓCIOS,369.6453847021719,0.009352180721472453,14
H1,Validação,57,1T20,Ridge Contábil,0.1,318,Segmento=DISTRIBUIÇÃO,605.5311318773462,0.015320187434120117,10
H1,Validação,57,1T20,Ridge Contábil,0.1,318,Segmento=E&P,478.2374874300597,0.012099605717605351,13
H1,Validação,57,1T20,Ridge Contábil,0.1,318,Segmento=GÁS & ENERGIA / G&EBC,281.3905853295034,0.007119297889902664,15
H1,Validação,57,1T20,Ridge Contábil,0.1,318,Segmento=INTERNACIONAL,189.6393422997733,0.0047979535914336405,17
H1,Validação,57,1T20,Ridge Contábil,0.1,318,Segmento=REFINO / RTC,1847.1752678167916,0.046734296284466535,7
H1,Validação,57,1T20,Ridge + Brent e Câmbio,10.0,318,Custo_t,5652.345080902883,0.1875525205679771,1
H1,Validação,57,1T20,Ridge + Brent e Câmbio,10.0,318,Custo_t_1,2027.0469200830298,0.0672601820535697,4
H1,Validação,57,1T20,Ridge + Brent e Câmbio,10.0,318,Custo_t_4,1553.5851208349204,0.051550073670121876,5
H1,Validação,57,1T20,Ridge + Brent e Câmbio,10.0,318,Receita_t,5075.325231016074,0.16840621479311105,2
H1,Validação,57,1T20,Ridge + Brent e Câmbio,10.0,318,Receita_t_1,674.6893268026929,0.022387112257120676,13
H1,Validação,57,1T20,Ridge + Brent e Câmbio,10.0,318,Receita_t_4,1379.8033796312473,0.04578375842840729,6
H1,Validação,57,1T20,Ridge + Brent e Câmbio,10.0,318,Despesas_t,-1249.7653192854468,0.041468918191560004,7
H1,Validação,57,1T20,Ridge + Brent e Câmbio,10.0,318,Despesas_t_1,-348.4297275258708,0.011561373678171111,21
H1,Validação,57,1T20,Ridge + Brent e Câmbio,10.0,318,Despesas_t_4,-347.6061272993773,0.011534045499121834,22
H1,Validação,57,1T20,Ridge + Brent e Câmbio,10.0,318,EBIT_t,-969.8153969267236,0.0321797978672218,8
H1,Validação,57,1T20,Ridge + Brent e Câmbio,10.0,318,EBIT_t_1,-957.422907595394,0.031768598165693426,9
H1,Validação,57,1T20,Ridge + Brent e Câmbio,10.0,318,EBIT_t_4,207.85810563947476,0.0068970154997934335,26
H1,Validação,57,1T20,Ridge + Brent e Câmbio,10.0,318,Trimestre_Sin,-108.87104908543981,0.0036124899277367793,28
H1,Validação,57,1T20,Ridge + Brent e Câmbio,10.0,318,Trimestre_Cos,-484.4250246648542,0.01607388315852525,18
H1,Validação,57,1T20,Ridge + Brent e Câmbio,10.0,318,Brent_t,662.1596217873184,0.021971359552009594,14
H1,Validação,57,1T20,Ridge + Brent e Câmbio,10.0,318,Brent_t_1,-897.4874173700895,0.029779856837565313,10
H1,Validação,57,1T20,Ridge + Brent e Câmbio,10.0,318,Brent_t_4,44.34299419077292,0.001471361038820751,29
H1,Validação,57,1T20,Ridge + Brent e Câmbio,10.0,318,USD_BRL_t,216.58343091594588,0.007186533695330823,24
H1,Validação,57,1T20,Ridge + Brent e Câmbio,10.0,318,USD_BRL_t_1,-745.8739156457425,0.024749114023116258,11
H1,Validação,57,1T20,Ridge + Brent e Câmbio,10.0,318,USD_BRL_t_4,478.7626527411488,0.015885997933634724,19
H1,Validação,57,1T20,Ridge + Brent e Câmbio,10.0,318,Brent_BRL_t,560.7067085655408,0.018605013491859064,16
H1,Validação,57,1T20,Ridge + Brent e Câmbio,10.0,318,Brent_Var_AA,517.6274501257311,0.017175584929211042,17
H1,Validação,57,1T20,Ridge + Brent e Câmbio,10.0,318,USD_BRL_Var_AA,458.8883781789606,0.015226542391687695,20
H1,Validação,57,1T20,Ridge + Brent e Câmbio,10.0,318,Segmento=CORPORATIVO / OUTROS NEGÓCIOS,212.44899376865237,0.007049347430690923,25
H1,Validação,57,1T20,Ridge + Brent e Câmbio,10.0,318,Segmento=DISTRIBUIÇÃO,724.0466835061658,0.024024856684577038,12
H1,Validação,57,1T20,Ridge + Brent e Câmbio,10.0,318,Segmento=E&P,596.9040328749313,0.019806090091902432,15
H1,Validação,57,1T20,Ridge + Brent e Câmbio,10.0,318,Segmento=GÁS & ENERGIA / G&EBC,324.24434994627654,0.010758869857010819,23
H1,Validação,57,1T20,Ridge + Brent e Câmbio,10.0,318,Segmento=INTERNACIONAL,207.7225778973027,0.006892518504424708,27
H1,Validação,57,1T20,Ridge + Brent e Câmbio,10.0,318,Segmento=REFINO / RTC,2452.610729102529,0.08138096978002729,3
H1,Validação,58,2T20,Ridge Contábil,0.1,322,Custo_t,11867.37457140703,0.29840191352314865,1
H1,Validação,58,2T20,Ridge Contábil,0.1,322,Custo_t_1,1991.5215898402842,0.05007627000017622,6
H1,Validação,58,2T20,Ridge Contábil,0.1,322,Custo_t_4,3868.8525948197143,0.09728124872832121,4
H1,Validação,58,2T20,Ridge Contábil,0.1,322,Receita_t,6686.180638012926,0.16812219792502353,2
H1,Validação,58,2T20,Ridge Contábil,0.1,322,Receita_t_1,-5659.321643718669,0.14230210713981015,3
H1,Validação,58,2T20,Ridge Contábil,0.1,322,Receita_t_4,-2097.083865559155,0.05273060478002421,5
H1,Validação,58,2T20,Ridge Contábil,0.1,322,Despesas_t,-931.2283563478088,0.023415484342317883,9
H1,Validação,58,2T20,Ridge Contábil,0.1,322,Despesas_t_1,143.69867122242593,0.0036132640969148864,18
H1,Validação,58,2T20,Ridge Contábil,0.1,322,Despesas_t_4,253.88006951202868,0.006383745460458423,16
H1,Validação,58,2T20,Ridge Contábil,0.1,322,EBIT_t,9.197879841545499,0.0002312781928773111,20
H1,Validação,58,2T20,Ridge Contábil,0.1,322,EBIT_t_1,-506.3520203079753,0.012732084157877695,12
H1,Validação,58,2T20,Ridge Contábil,0.1,322,EBIT_t_4,1410.686861849127,0.03547133836762648,8
H1,Validação,58,2T20,Ridge Contábil,0.1,322,Trimestre_Sin,89.22923943139455,0.0022436450141799513,19
H1,Validação,58,2T20,Ridge Contábil,0.1,322,Trimestre_Cos,-509.61648280680595,0.012814168181636637,11
H1,Validação,58,2T20,Ridge Contábil,0.1,322,Segmento=CORPORATIVO / OUTROS NEGÓCIOS,354.9259601713331,0.00892451696345248,14
H1,Validação,58,2T20,Ridge Contábil,0.1,322,Segmento=DISTRIBUIÇÃO,586.4805926428432,0.014746895367276282,10
H1,Validação,58,2T20,Ridge Contábil,0.1,322,Segmento=E&P,499.65916621076616,0.012563794157631949,13
H1,Validação,58,2T20,Ridge Contábil,0.1,322,Segmento=GÁS & ENERGIA / G&EBC,283.79449577080806,0.007135935591801731,15
H1,Validação,58,2T20,Ridge Contábil,0.1,322,Segmento=INTERNACIONAL,188.36102774649103,0.004736286933098441,17
H1,Validação,58,2T20,Ridge Contábil,0.1,322,Segmento=REFINO / RTC,1832.3212668735935,0.04607322107634577,7
H1,Validação,58,2T20,Ridge + Brent e Câmbio,10.0,322,Custo_t,5661.83396196283,0.1877392370869731,1
H1,Validação,58,2T20,Ridge + Brent e Câmbio,10.0,322,Custo_t_1,2068.9963595936833,0.06860529656916718,4
H1,Validação,58,2T20,Ridge + Brent e Câmbio,10.0,322,Custo_t_4,1656.7207120982691,0.05493475870982417,5
H1,Validação,58,2T20,Ridge + Brent e Câmbio,10.0,322,Receita_t,5072.217730375479,0.168188310260795,2
H1,Validação,58,2T20,Ridge + Brent e Câmbio,10.0,322,Receita_t_1,703.7008067223736,0.023333826721005715,12
H1,Validação,58,2T20,Ridge + Brent e Câmbio,10.0,322,Receita_t_4,1451.479813715862,0.0481292306882995,6
H1,Validação,58,2T20,Ridge + Brent e Câmbio,10.0,322,Despesas_t,-1245.9716332932248,0.041314839933134645,7
H1,Validação,58,2T20,Ridge + Brent e Câmbio,10.0,322,Despesas_t_1,-353.8385087164825,0.011732836413909098,22
H1,Validação,58,2T20,Ridge + Brent e Câmbio,10.0,322,Despesas_t_4,-368.7102349163329,0.012225964002899423,21
H1,Validação,58,2T20,Ridge + Brent e Câmbio,10.0,322,EBIT_t,-971.0402119073015,0.03219846251037877,8
H1,Validação,58,2T20,Ridge + Brent e Câmbio,10.0,322,EBIT_t_1,-947.273420476745,0.03141038583396012,9
H1,Validação,58,2T20,Ridge + Brent e Câmbio,10.0,322,EBIT_t_4,165.63198291462012,0.005492146593930352,27
H1,Validação,58,2T20,Ridge + Brent e Câmbio,10.0,322,Trimestre_Sin,-107.73579851030424,0.0035723825098305058,28
H1,Validação,58,2T20,Ridge + Brent e Câmbio,10.0,322,Trimestre_Cos,-497.84130697377503,0.016507786662333723,18
H1,Validação,58,2T20,Ridge + Brent e Câmbio,10.0,322,Brent_t,648.9207787335693,0.02151739043352126,14
H1,Validação,58,2T20,Ridge + Brent e Câmbio,10.0,322,Brent_t_1,-884.2406699812907,0.02932029972952628,10
H1,Validação,58,2T20,Ridge + Brent e Câmbio,10.0,322,Brent_t_4,24.664062762839627,0.0008178290563920872,29
H1,Validação,58,2T20,Ridge + Brent e Câmbio,10.0,322,USD_BRL_t,194.88525957618012,0.006462148165794088,26
H1,Validação,58,2T20,Ridge + Brent e Câmbio,10.0,322,USD_BRL_t_1,-737.6327147795523,0.024458965779190246,11
H1,Validação,58,2T20,Ridge + Brent e Câmbio,10.0,322,USD_BRL_t_4,459.335715549985,0.015230990061435365,20
H1,Validação,58,2T20,Ridge + Brent e Câmbio,10.0,322,Brent_BRL_t,556.4300108230203,0.018450513813371313,16
H1,Validação,58,2T20,Ridge + Brent e Câmbio,10.0,322,Brent_Var_AA,532.7475770037839,0.017665234328410082,17
H1,Validação,58,2T20,Ridge + Brent e Câmbio,10.0,322,USD_BRL_Var_AA,468.4111878585681,0.015531921218877266,19
H1,Validação,58,2T20,Ridge + Brent e Câmbio,10.0,322,Segmento=CORPORATIVO / OUTROS NEGÓCIOS,199.500029315201,0.006615168080534838,24
H1,Validação,58,2T20,Ridge + Brent e Câmbio,10.0,322,Segmento=DISTRIBUIÇÃO,690.3782684120823,0.022892068238641292,13
H1,Validação,58,2T20,Ridge + Brent e Câmbio,10.0,322,Segmento=E&P,579.4021097681727,0.019212239494347347,15
H1,Validação,58,2T20,Ridge + Brent e Câmbio,10.0,322,Segmento=GÁS & ENERGIA / G&EBC,305.85985377427426,0.010141925035047924,23
H1,Validação,58,2T20,Ridge + Brent e Câmbio,10.0,322,Segmento=INTERNACIONAL,196.1499311857315,0.006504083073235354,25
H1,Validação,58,2T20,Ridge + Brent e Câmbio,10.0,322,Segmento=REFINO / RTC,2406.4176548379114,0.07979375899523392,3
H1,Validação,59,3T20,Ridge Contábil,0.1,326,Custo_t,10245.12674688079,0.23497852332313757,1
H1,Validação,59,3T20,Ridge Contábil,0.1,326,Custo_t_1,3295.018810375472,0.07557336024366113,5
H1,Validação,59,3T20,Ridge Contábil,0.1,326,Custo_t_4,4461.790817578357,0.10233402119798063,4
H1,Validação,59,3T20,Ridge Contábil,0.1,326,Receita_t,7418.363278526986,0.17014489832383756,2
H1,Validação,59,3T20,Ridge Contábil,0.1,326,Receita_t_1,-6901.484145131014,0.158289945378633,3
H1,Validação,59,3T20,Ridge Contábil,0.1,326,Receita_t_4,-2613.225155771816,0.05993598745872914,6
H1,Validação,59,3T20,Ridge Contábil,0.1,326,Despesas_t,-780.1949281602748,0.017894268821917577,11
H1,Validação,59,3T20,Ridge Contábil,0.1,326,Despesas_t_1,87.95063007885456,0.0020172038562198224,18
H1,Validação,59,3T20,Ridge Contábil,0.1,326,Despesas_t_4,328.33065717672827,0.007530473257306657,14
H1,Validação,59,3T20,Ridge Contábil,0.1,326,EBIT_t,-14.993713195778897,0.0003438903854408081,19
H1,Validação,59,3T20,Ridge Contábil,0.1,326,EBIT_t_1,-451.56661799958493,0.010356968703376108,13
H1,Validação,59,3T20,Ridge Contábil,0.1,326,EBIT_t_4,1566.5869190868652,0.03593067123512655,8
H1,Validação,59,3T20,Ridge Contábil,0.1,326,Trimestre_Sin,0.09906610787926147,2.272144436663685e-06,20
H1,Validação,59,3T20,Ridge Contábil,0.1,326,Trimestre_Cos,-529.0955438287797,0.012135144118504061,12
H1,Validação,59,3T20,Ridge Contábil,0.1,326,Segmento=CORPORATIVO / OUTROS NEGÓCIOS,270.9920635704498,0.006215376002982216,16
H1,Validação,59,3T20,Ridge Contábil,0.1,326,Segmento=DISTRIBUIÇÃO,860.1162488029496,0.01972731533960643,9
H1,Validação,59,3T20,Ridge Contábil,0.1,326,Segmento=E&P,826.326554499146,0.01895232712645764,10
H1,Validação,59,3T20,Ridge Contábil,0.1,326,Segmento=GÁS & ENERGIA / G&EBC,308.20508483970985,0.007068880405834577,15
H1,Validação,59,3T20,Ridge Contábil,0.1,326,Segmento=INTERNACIONAL,247.9450808190993,0.005686778738373951,17
H1,Validação,59,3T20,Ridge Contábil,0.1,326,Segmento=REFINO / RTC,2392.856600386383,0.0548816939384379,7
H1,Validação,59,3T20,Ridge + Brent e Câmbio,10.0,326,Custo_t,5310.581221625214,0.17470167683501342,1
H1,Validação,59,3T20,Ridge + Brent e Câmbio,10.0,326,Custo_t_1,2161.438208319254,0.07110462369561132,4
H1,Validação,59,3T20,Ridge + Brent e Câmbio,10.0,326,Custo_t_4,1785.7390998394774,0.05874528645968632,5
H1,Validação,59,3T20,Ridge + Brent e Câmbio,10.0,326,Receita_t,4995.838938619779,0.16434763039127925,2
H1,Validação,59,3T20,Ridge + Brent e Câmbio,10.0,326,Receita_t_1,500.198486898452,0.01645498124680846,17
H1,Validação,59,3T20,Ridge + Brent e Câmbio,10.0,326,Receita_t_4,1570.3603658585612,0.05165999307826747,6
H1,Validação,59,3T20,Ridge + Brent e Câmbio,10.0,326,Despesas_t,-1268.8532778913066,0.04174134356566264,7
H1,Validação,59,3T20,Ridge + Brent e Câmbio,10.0,326,Despesas_t_1,-404.51710858085454,0.013307360198117669,21
H1,Validação,59,3T20,Ridge + Brent e Câmbio,10.0,326,Despesas_t_4,-315.02474030902266,0.010363338414332407,23
H1,Validação,59,3T20,Ridge + Brent e Câmbio,10.0,326,EBIT_t,-822.9553456843958,0.027072682414864404,10
H1,Validação,59,3T20,Ridge + Brent e Câmbio,10.0,326,EBIT_t_1,-1093.1306922986432,0.035960614662428295,8
H1,Validação,59,3T20,Ridge + Brent e Câmbio,10.0,326,EBIT_t_4,179.46386435352872,0.005903805388792813,26
H1,Validação,59,3T20,Ridge + Brent e Câmbio,10.0,326,Trimestre_Sin,-203.82585699913403,0.0067052395046855,25
H1,Validação,59,3T20,Ridge + Brent e Câmbio,10.0,326,Trimestre_Cos,-484.98886807855007,0.015954631887488222,18
H1,Validação,59,3T20,Ridge + Brent e Câmbio,10.0,326,Brent_t,464.04340084145736,0.015265590877530166,19
H1,Validação,59,3T20,Ridge + Brent e Câmbio,10.0,326,Brent_t_1,-968.1210210198743,0.031848183596679305,9
H1,Validação,59,3T20,Ridge + Brent e Câmbio,10.0,326,Brent_t_4,15.576693537553979,0.0005124249808052077,29
H1,Validação,59,3T20,Ridge + Brent e Câmbio,10.0,326,USD_BRL_t,-334.05245591774803,0.010989291334447386,22
H1,Validação,59,3T20,Ridge + Brent e Câmbio,10.0,326,USD_BRL_t_1,-673.2665623133244,0.022148384985454933,13
H1,Validação,59,3T20,Ridge + Brent e Câmbio,10.0,326,USD_BRL_t_4,443.9811358733062,0.014605604487194583,20
H1,Validação,59,3T20,Ridge + Brent e Câmbio,10.0,326,Brent_BRL_t,760.9238856904987,0.025032039474816987,11
H1,Validação,59,3T20,Ridge + Brent e Câmbio,10.0,326,Brent_Var_AA,664.5529649914733,0.021861734617093447,14
H1,Validação,59,3T20,Ridge + Brent e Câmbio,10.0,326,USD_BRL_Var_AA,607.1930076292102,0.01997476964731458,15
H1,Validação,59,3T20,Ridge + Brent e Câmbio,10.0,326,Segmento=CORPORATIVO / OUTROS NEGÓCIOS,82.61150658816321,0.002717662742460059,28
H1,Validação,59,3T20,Ridge + Brent e Câmbio,10.0,326,Segmento=DISTRIBUIÇÃO,760.4098475947557,0.025015129213296516,12
H1,Validação,59,3T20,Ridge + Brent e Câmbio,10.0,326,Segmento=E&P,597.7662049194786,0.019664657030285637,16
H1,Validação,59,3T20,Ridge + Brent e Câmbio,10.0,326,Segmento=GÁS & ENERGIA / G&EBC,250.06537242126507,0.008226376371473235,24
H1,Validação,59,3T20,Ridge + Brent e Câmbio,10.0,326,Segmento=INTERNACIONAL,145.70736720063408,0.0047933211667132046,27
H1,Validação,59,3T20,Ridge + Brent e Câmbio,10.0,326,Segmento=REFINO / RTC,2532.810490079007,0.08332162173139669,3
H1,Validação,60,4T20,Ridge Contábil,0.1,330,Custo_t,8041.678317506735,0.21095961910007863,1
H1,Validação,60,4T20,Ridge Contábil,0.1,330,Custo_t_1,5337.9334604704645,0.1400315164498584,4
H1,Validação,60,4T20,Ridge Contábil,0.1,330,Custo_t_4,1103.8740734879711,0.028958240417365413,7
H1,Validação,60,4T20,Ridge Contábil,0.1,330,Receita_t,7374.041873667692,0.19344532365966075,2
H1,Validação,60,4T20,Ridge Contábil,0.1,330,Receita_t_1,-6944.9523497587315,0.18218889695994994,3
H1,Validação,60,4T20,Ridge Contábil,0.1,330,Receita_t_4,1452.9710505593337,0.038116200037764246,6
H1,Validação,60,4T20,Ridge Contábil,0.1,330,Despesas_t,-890.5410235079885,0.023361814250049066,8
H1,Validação,60,4T20,Ridge Contábil,0.1,330,Despesas_t_1,92.66021413229124,0.002430781574105599,19
H1,Validação,60,4T20,Ridge Contábil,0.1,330,Despesas_t_4,-302.6059533254603,0.007938347460626563,15
H1,Validação,60,4T20,Ridge Contábil,0.1,330,EBIT_t,-180.88070059413855,0.004745094517996787,18
H1,Validação,60,4T20,Ridge Contábil,0.1,330,EBIT_t_1,-491.6661955066768,0.012898018203820855,12
H1,Validação,60,4T20,Ridge Contábil,0.1,330,EBIT_t_4,474.8621572034269,0.012457193119823236,13
H1,Validação,60,4T20,Ridge Contábil,0.1,330,Trimestre_Sin,-83.62590461680414,0.002193781980367773,20
H1,Validação,60,4T20,Ridge Contábil,0.1,330,Trimestre_Cos,-613.8695909796526,0.01610381440006912,11
H1,Validação,60,4T20,Ridge Contábil,0.1,330,Segmento=CORPORATIVO / OUTROS NEGÓCIOS,270.803483685099,0.007104064290263125,16
H1,Validação,60,4T20,Ridge Contábil,0.1,330,Segmento=DISTRIBUIÇÃO,805.9524124023831,0.021142777318393254,9
H1,Validação,60,4T20,Ridge Contábil,0.1,330,Segmento=E&P,766.0645982258887,0.020096389020680686,10
H1,Validação,60,4T20,Ridge Contábil,0.1,330,Segmento=GÁS & ENERGIA / G&EBC,310.6818641827485,0.008150205111613518,14
H1,Validação,60,4T20,Ridge Contábil,0.1,330,Segmento=INTERNACIONAL,234.57296909211502,0.006153618965722283,17
H1,Validação,60,4T20,Ridge Contábil,0.1,330,Segmento=REFINO / RTC,2345.2765834828906,0.06152430316179083,5
H1,Validação,60,4T20,Ridge + Brent e Câmbio,10.0,330,Custo_t,5023.467221206804,0.162737255445619,1
H1,Validação,60,4T20,Ridge + Brent e Câmbio,10.0,330,Custo_t_1,2420.124144189619,0.07840090195084055,4
H1,Validação,60,4T20,Ridge + Brent e Câmbio,10.0,330,Custo_t_4,1871.9585323410074,0.06064285491406084,5
H1,Validação,60,4T20,Ridge + Brent e Câmbio,10.0,330,Receita_t,4825.245407601442,0.15631577950179068,2
H1,Validação,60,4T20,Ridge + Brent e Câmbio,10.0,330,Receita_t_1,598.0378824531134,0.01937367944436376,16
H1,Validação,60,4T20,Ridge + Brent e Câmbio,10.0,330,Receita_t_4,1603.414546513092,0.05194326371625793,6
H1,Validação,60,4T20,Ridge + Brent e Câmbio,10.0,330,Despesas_t,-1288.242420956589,0.04173313504466968,7
H1,Validação,60,4T20,Ridge + Brent e Câmbio,10.0,330,Despesas_t_1,-592.9325269595028,0.019208289385163807,17
H1,Validação,60,4T20,Ridge + Brent e Câmbio,10.0,330,Despesas_t_4,-292.74613196074733,0.009483629525140634,22
H1,Validação,60,4T20,Ridge + Brent e Câmbio,10.0,330,EBIT_t,-829.6436718925339,0.02687664280790943,10
H1,Validação,60,4T20,Ridge + Brent e Câmbio,10.0,330,EBIT_t_1,-1203.2725767597028,0.03898050252387436,8
H1,Validação,60,4T20,Ridge + Brent e Câmbio,10.0,330,EBIT_t_4,253.6191296033811,0.008216094434920145,24
H1,Validação,60,4T20,Ridge + Brent e Câmbio,10.0,330,Trimestre_Sin,-227.86392625801975,0.0073817441900983945,25
H1,Validação,60,4T20,Ridge + Brent e Câmbio,10.0,330,Trimestre_Cos,-529.5042493824088,0.017153504640682198,19
H1,Validação,60,4T20,Ridge + Brent e Câmbio,10.0,330,Brent_t,697.4772029275067,0.022595056510200877,14
H1,Validação,60,4T20,Ridge + Brent e Câmbio,10.0,330,Brent_t_1,-882.044653441844,0.028574193830834715,9
H1,Validação,60,4T20,Ridge + Brent e Câmbio,10.0,330,Brent_t_4,92.51651353833716,0.00299710993097901,29
H1,Validação,60,4T20,Ridge + Brent e Câmbio,10.0,330,USD_BRL_t,150.35417863624008,0.004870784519653728,27
H1,Validação,60,4T20,Ridge + Brent e Câmbio,10.0,330,USD_BRL_t_1,-739.2070800944706,0.023946912784203415,12
H1,Validação,60,4T20,Ridge + Brent e Câmbio,10.0,330,USD_BRL_t_4,450.89127118719364,0.014606805368934536,21
H1,Validação,60,4T20,Ridge + Brent e Câmbio,10.0,330,Brent_BRL_t,473.49176980216424,0.015338957676164933,20
H1,Validação,60,4T20,Ridge + Brent e Câmbio,10.0,330,Brent_Var_AA,724.8572333706057,0.02348204368700921,13
H1,Validação,60,4T20,Ridge + Brent e Câmbio,10.0,330,USD_BRL_Var_AA,574.5386941954117,0.018612413722132255,18
H1,Validação,60,4T20,Ridge + Brent e Câmbio,10.0,330,Segmento=CORPORATIVO / OUTROS NEGÓCIOS,104.03010159099442,0.003370097279659428,28
H1,Validação,60,4T20,Ridge + Brent e Câmbio,10.0,330,Segmento=DISTRIBUIÇÃO,769.0948038658269,0.02491513770215139,11
H1,Validação,60,4T20,Ridge + Brent e Câmbio,10.0,330,Segmento=E&P,616.9053050605997,0.019984897242205254,15
H1,Validação,60,4T20,Ridge + Brent e Câmbio,10.0,330,Segmento=GÁS & ENERGIA / G&EBC,263.82450600781624,0.008546701737349855,23
H1,Validação,60,4T20,Ridge + Brent e Câmbio,10.0,330,Segmento=INTERNACIONAL,166.3290679291415,0.005388297529114522,26
H1,Validação,60,4T20,Ridge + Brent e Câmbio,10.0,330,Segmento=REFINO / RTC,2602.940534102903,0.08432331295401553,3
H1,Validação,61,1T21,Ridge Contábil,0.1,334,Custo_t,8146.859311926838,0.2365876496260803,1
H1,Validação,61,1T21,Ridge Contábil,0.1,334,Custo_t_1,4033.7055604670904,0.11714022315783057,4
H1,Validação,61,1T21,Ridge Contábil,0.1,334,Custo_t_4,1530.823435031617,0.04445564905686263,6
H1,Validação,61,1T21,Ridge Contábil,0.1,334,Receita_t,6852.38530327121,0.19899567074391994,2
H1,Validação,61,1T21,Ridge Contábil,0.1,334,Receita_t_1,-4750.093930856816,0.13794439250464072,3
H1,Validação,61,1T21,Ridge Contábil,0.1,334,Receita_t_4,544.3082977675184,0.015806903729424105,11
H1,Validação,61,1T21,Ridge Contábil,0.1,334,Despesas_t,-1063.4194212554373,0.030882072686983193,7
H1,Validação,61,1T21,Ridge Contábil,0.1,334,Despesas_t_1,64.7077264586405,0.0018791350543006116,20
H1,Validação,61,1T21,Ridge Contábil,0.1,334,Despesas_t_4,-294.54013761709746,0.008553548823085054,16
H1,Validação,61,1T21,Ridge Contábil,0.1,334,EBIT_t,-453.4856185184398,0.013169381293652374,13
H1,Validação,61,1T21,Ridge Contábil,0.1,334,EBIT_t_1,-487.6639540674572,0.014161932136384559,12
H1,Validação,61,1T21,Ridge Contábil,0.1,334,EBIT_t_4,397.9178156735477,0.011555672824339298,14
H1,Validação,61,1T21,Ridge Contábil,0.1,334,Trimestre_Sin,-89.66789014920177,0.0026039869555954985,19
H1,Validação,61,1T21,Ridge Contábil,0.1,334,Trimestre_Cos,-635.4412342213841,0.018453436143157854,10
H1,Validação,61,1T21,Ridge Contábil,0.1,334,Segmento=CORPORATIVO / OUTROS NEGÓCIOS,263.07917296378656,0.007639911383513807,17
H1,Validação,61,1T21,Ridge Contábil,0.1,334,Segmento=DISTRIBUIÇÃO,855.9523553961427,0.024857156384008434,8
H1,Validação,61,1T21,Ridge Contábil,0.1,334,Segmento=E&P,832.2606663268655,0.0241691414302745,9
H1,Validação,61,1T21,Ridge Contábil,0.1,334,Segmento=GÁS & ENERGIA / G&EBC,360.553694313388,0.010470605645137812,15
H1,Validação,61,1T21,Ridge Contábil,0.1,334,Segmento=INTERNACIONAL,251.91103959560442,0.007315584876436335,18
H1,Validação,61,1T21,Ridge Contábil,0.1,334,Segmento=REFINO / RTC,2526.069567479705,0.07335794554437246,5
H1,Validação,61,1T21,Ridge + Brent e Câmbio,10.0,334,Custo_t,5038.8614289462375,0.16290227459497594,1
H1,Validação,61,1T21,Ridge + Brent e Câmbio,10.0,334,Custo_t_1,2356.006739986915,0.07616777367605151,4
H1,Validação,61,1T21,Ridge + Brent e Câmbio,10.0,334,Custo_t_4,1911.4727623755996,0.06179635324530959,5
H1,Validação,61,1T21,Ridge + Brent e Câmbio,10.0,334,Receita_t,4769.860750951859,0.15420570237706538,2
H1,Validação,61,1T21,Ridge + Brent e Câmbio,10.0,334,Receita_t_1,714.7778584928885,0.023108184382631045,14
H1,Validação,61,1T21,Ridge + Brent e Câmbio,10.0,334,Receita_t_4,1564.2126214042748,0.050569716506416174,6
H1,Validação,61,1T21,Ridge + Brent e Câmbio,10.0,334,Despesas_t,-1316.1641691425637,0.04255051263407504,7
H1,Validação,61,1T21,Ridge + Brent e Câmbio,10.0,334,Despesas_t_1,-524.0367025709901,0.016941678596213684,19
H1,Validação,61,1T21,Ridge + Brent e Câmbio,10.0,334,Despesas_t_4,-310.5604860990674,0.01004016687068123,22
H1,Validação,61,1T21,Ridge + Brent e Câmbio,10.0,334,EBIT_t,-905.8203100995362,0.029284430812458313,9
H1,Validação,61,1T21,Ridge + Brent e Câmbio,10.0,334,EBIT_t_1,-1117.4816231035745,0.03612726819116506,8
H1,Validação,61,1T21,Ridge + Brent e Câmbio,10.0,334,EBIT_t_4,202.65969037289048,0.006551822270961215,25
H1,Validação,61,1T21,Ridge + Brent e Câmbio,10.0,334,Trimestre_Sin,-229.10974446361055,0.007406930917090332,24
H1,Validação,61,1T21,Ridge + Brent e Câmbio,10.0,334,Trimestre_Cos,-531.2258753007834,0.01717409867893551,18
H1,Validação,61,1T21,Ridge + Brent e Câmbio,10.0,334,Brent_t,692.3246548258961,0.022382290646342638,15
H1,Validação,61,1T21,Ridge + Brent e Câmbio,10.0,334,Brent_t_1,-893.0482125170269,0.02887151932900542,10
H1,Validação,61,1T21,Ridge + Brent e Câmbio,10.0,334,Brent_t_4,102.39837173130151,0.00331045572597525,28
H1,Validação,61,1T21,Ridge + Brent e Câmbio,10.0,334,USD_BRL_t,136.20720825321249,0.00440346779794659,27
H1,Validação,61,1T21,Ridge + Brent e Câmbio,10.0,334,USD_BRL_t_1,-743.3933269715109,0.024033299107356323,12
H1,Validação,61,1T21,Ridge + Brent e Câmbio,10.0,334,USD_BRL_t_4,443.341253761365,0.014332860642809586,21
H1,Validação,61,1T21,Ridge + Brent e Câmbio,10.0,334,Brent_BRL_t,481.1201098903936,0.01555422020623424,20
H1,Validação,61,1T21,Ridge + Brent e Câmbio,10.0,334,Brent_Var_AA,734.321445025326,0.023740012573338725,13
H1,Validação,61,1T21,Ridge + Brent e Câmbio,10.0,334,USD_BRL_Var_AA,572.9827423904966,0.0185240640877475,17
H1,Validação,61,1T21,Ridge + Brent e Câmbio,10.0,334,Segmento=CORPORATIVO / OUTROS NEGÓCIOS,97.77706811161288,0.003161052754320459,29
H1,Validação,61,1T21,Ridge + Brent e Câmbio,10.0,334,Segmento=DISTRIBUIÇÃO,782.8514149239783,0.025308946864149227,11
H1,Validação,61,1T21,Ridge + Brent e Câmbio,10.0,334,Segmento=E&P,629.7986580910026,0.02036087623892912,16
H1,Validação,61,1T21,Ridge + Brent e Câmbio,10.0,334,Segmento=GÁS & ENERGIA / G&EBC,276.83032344007364,0.008949698260442486,23
H1,Validação,61,1T21,Ridge + Brent e Câmbio,10.0,334,Segmento=INTERNACIONAL,169.42160797489979,0.005477262213662666,26
H1,Validação,61,1T21,Ridge + Brent e Câmbio,10.0,334,Segmento=REFINO / RTC,2683.738066635437,0.08676305979770979,3
H1,Validação,62,2T21,Ridge Contábil,0.1,338,Custo_t,9368.020006003508,0.2681050187664863,1
H1,Validação,62,2T21,Ridge Contábil,0.1,338,Custo_t_1,4590.492129010065,0.13137610483399198,4
H1,Validação,62,2T21,Ridge Contábil,0.1,338,Custo_t_4,1344.4821885726685,0.038477973164818075,6
H1,Validação,62,2T21,Ridge Contábil,0.1,338,Receita_t,5798.035593584726,0.1659350044759294,2
H1,Validação,62,2T21,Ridge Contábil,0.1,338,Receita_t_1,-5624.35971925521,0.1609645439606273,3
H1,Validação,62,2T21,Ridge Contábil,0.1,338,Receita_t_4,985.1606067697468,0.028194485365823318,7
H1,Validação,62,2T21,Ridge Contábil,0.1,338,Despesas_t,-479.8633510520378,0.013733293978525627,12
H1,Validação,62,2T21,Ridge Contábil,0.1,338,Despesas_t_1,58.62660843467898,0.0016778452591392945,20
H1,Validação,62,2T21,Ridge Contábil,0.1,338,Despesas_t_4,-291.73071989619785,0.00834909298682185,15
H1,Validação,62,2T21,Ridge Contábil,0.1,338,EBIT_t,438.4941111927368,0.012549340397969086,14
H1,Validação,62,2T21,Ridge Contábil,0.1,338,EBIT_t_1,-526.5461974829669,0.015069318603837745,11
H1,Validação,62,2T21,Ridge Contábil,0.1,338,EBIT_t_4,449.89803636671235,0.012875711346240007,13
H1,Validação,62,2T21,Ridge Contábil,0.1,338,Trimestre_Sin,-69.16680528527813,0.0019794970140054645,19
H1,Validação,62,2T21,Ridge Contábil,0.1,338,Trimestre_Cos,-537.7521441683158,0.015390023570783413,9
H1,Validação,62,2T21,Ridge Contábil,0.1,338,Segmento=CORPORATIVO / OUTROS NEGÓCIOS,268.506217022498,0.0076844268380726714,17
H1,Validação,62,2T21,Ridge Contábil,0.1,338,Segmento=DISTRIBUIÇÃO,746.5053773305563,0.021364369212515617,8
H1,Validação,62,2T21,Ridge Contábil,0.1,338,Segmento=E&P,529.6106585029803,0.015157020954895207,10
H1,Validação,62,2T21,Ridge Contábil,0.1,338,Segmento=GÁS & ENERGIA / G&EBC,281.7165377946525,0.00806249534094308,16
H1,Validação,62,2T21,Ridge Contábil,0.1,338,Segmento=INTERNACIONAL,216.75328958722292,0.006203300669217025,18
H1,Validação,62,2T21,Ridge Contábil,0.1,338,Segmento=REFINO / RTC,2335.885977364454,0.06685113325935767,5
H1,Validação,62,2T21,Ridge + Brent e Câmbio,10.0,338,Custo_t,5365.221165352311,0.18252167506736713,1
H1,Validação,62,2T21,Ridge + Brent e Câmbio,10.0,338,Custo_t_1,2483.8325986108175,0.08449852718338183,4
H1,Validação,62,2T21,Ridge + Brent e Câmbio,10.0,338,Custo_t_4,1949.920836778614,0.06633516241156188,5
H1,Validação,62,2T21,Ridge + Brent e Câmbio,10.0,338,Receita_t,4419.40668331169,0.15034562150971434,2
H1,Validação,62,2T21,Ridge + Brent e Câmbio,10.0,338,Receita_t_1,572.2106401728734,0.019466270134432594,14
H1,Validação,62,2T21,Ridge + Brent e Câmbio,10.0,338,Receita_t_4,1655.8322535517343,0.05633044141787771,6
H1,Validação,62,2T21,Ridge + Brent e Câmbio,10.0,338,Despesas_t,-847.8046677893424,0.02884181720115208,8
H1,Validação,62,2T21,Ridge + Brent e Câmbio,10.0,338,Despesas_t_1,-650.7311463246914,0.02213749166813543,13
H1,Validação,62,2T21,Ridge + Brent e Câmbio,10.0,338,Despesas_t_4,-331.89204773099146,0.01129077266834745,19
H1,Validação,62,2T21,Ridge + Brent e Câmbio,10.0,338,EBIT_t,-211.0348963298225,0.007179283311661585,27
H1,Validação,62,2T21,Ridge + Brent e Câmbio,10.0,338,EBIT_t_1,-1301.3498946011125,0.044271159620637844,7
H1,Validação,62,2T21,Ridge + Brent e Câmbio,10.0,338,EBIT_t_4,222.509258857232,0.007569634390263484,25
H1,Validação,62,2T21,Ridge + Brent e Câmbio,10.0,338,Trimestre_Sin,-226.4044727607872,0.00770214728106729,24
H1,Validação,62,2T21,Ridge + Brent e Câmbio,10.0,338,Trimestre_Cos,-429.26332679262185,0.014603286432468075,16
H1,Validação,62,2T21,Ridge + Brent e Câmbio,10.0,338,Brent_t,835.6042807101959,0.028426767193421437,9
H1,Validação,62,2T21,Ridge + Brent e Câmbio,10.0,338,Brent_t_1,-801.7157166060633,0.027273898132615822,11
H1,Validação,62,2T21,Ridge + Brent e Câmbio,10.0,338,Brent_t_4,214.3661155553908,0.007292609434542378,26
H1,Validação,62,2T21,Ridge + Brent e Câmbio,10.0,338,USD_BRL_t,292.9561145367895,0.009966195073520532,21
H1,Validação,62,2T21,Ridge + Brent e Câmbio,10.0,338,USD_BRL_t_1,-369.4479971451965,0.012568404024924693,18
H1,Validação,62,2T21,Ridge + Brent e Câmbio,10.0,338,USD_BRL_t_4,296.31336865161046,0.010080406888053194,20
H1,Validação,62,2T21,Ridge + Brent e Câmbio,10.0,338,Brent_BRL_t,246.0701867478302,0.008371163328623856,22
H1,Validação,62,2T21,Ridge + Brent e Câmbio,10.0,338,Brent_Var_AA,833.0884116266328,0.028341178803822968,10
H1,Validação,62,2T21,Ridge + Brent e Câmbio,10.0,338,USD_BRL_Var_AA,513.3035223183731,0.017462284559033082,15
H1,Validação,62,2T21,Ridge + Brent e Câmbio,10.0,338,Segmento=CORPORATIVO / OUTROS NEGÓCIOS,125.2067791890999,0.004259461141129645,29
H1,Validação,62,2T21,Ridge + Brent e Câmbio,10.0,338,Segmento=DISTRIBUIÇÃO,754.7774778736871,0.02567708680012666,12
H1,Validação,62,2T21,Ridge + Brent e Câmbio,10.0,338,Segmento=E&P,387.5784194723818,0.013185190351312668,17
H1,Validação,62,2T21,Ridge + Brent e Câmbio,10.0,338,Segmento=GÁS & ENERGIA / G&EBC,238.0620601210885,0.008098731560945087,23
H1,Validação,62,2T21,Ridge + Brent e Câmbio,10.0,338,Segmento=INTERNACIONAL,170.6666254007892,0.005805978427769324,28
H1,Validação,62,2T21,Ridge + Brent e Câmbio,10.0,338,Segmento=REFINO / RTC,2648.4100058172953,0.09009735398208994,3
H1,Validação,63,3T21,Ridge Contábil,0.1,342,Custo_t,9723.692648892089,0.26266553840415713,1
H1,Validação,63,3T21,Ridge Contábil,0.1,342,Custo_t_1,5040.1714058978,0.13614985415342443,4
H1,Validação,63,3T21,Ridge Contábil,0.1,342,Custo_t_4,2095.6893595939305,0.0566107335805521,5
H1,Validação,63,3T21,Ridge Contábil,0.1,342,Receita_t,6547.2223588398865,0.17685973302872335,3
H1,Validação,63,3T21,Ridge Contábil,0.1,342,Receita_t_1,-6893.381580843934,0.1862105117610825,2
H1,Validação,63,3T21,Ridge Contábil,0.1,342,Receita_t_4,554.4817718368267,0.014978183535182554,9
H1,Validação,63,3T21,Ridge Contábil,0.1,342,Despesas_t,-501.3022919660573,0.013541649368926255,11
H1,Validação,63,3T21,Ridge Contábil,0.1,342,Despesas_t_1,368.13926064513987,0.009944524225175057,12
H1,Validação,63,3T21,Ridge Contábil,0.1,342,Despesas_t_4,-318.87201966268367,0.008613671138223705,14
H1,Validação,63,3T21,Ridge Contábil,0.1,342,EBIT_t,572.5639052711601,0.015466635143591438,7
H1,Validação,63,3T21,Ridge Contábil,0.1,342,EBIT_t_1,-26.994065229784308,0.000729189098557749,20
H1,Validação,63,3T21,Ridge Contábil,0.1,342,EBIT_t_4,367.0921816928852,0.009916239542937907,13
H1,Validação,63,3T21,Ridge Contábil,0.1,342,Trimestre_Sin,114.1787229818845,0.00308430313763084,19
H1,Validação,63,3T21,Ridge Contábil,0.1,342,Trimestre_Cos,-565.6733585895194,0.015280501210796023,8
H1,Validação,63,3T21,Ridge Contábil,0.1,342,Segmento=CORPORATIVO / OUTROS NEGÓCIOS,266.3245473120322,0.007194209353987439,15
H1,Validação,63,3T21,Ridge Contábil,0.1,342,Segmento=DISTRIBUIÇÃO,553.8511022172113,0.014961147293790214,10
H1,Validação,63,3T21,Ridge Contábil,0.1,342,Segmento=E&P,242.9154105765057,0.006561859718284567,16
H1,Validação,63,3T21,Ridge Contábil,0.1,342,Segmento=GÁS & ENERGIA / G&EBC,201.5163367361996,0.005443548968207903,17
H1,Validação,63,3T21,Ridge Contábil,0.1,342,Segmento=INTERNACIONAL,162.7547451850037,0.0043964843722946465,18
H1,Validação,63,3T21,Ridge Contábil,0.1,342,Segmento=REFINO / RTC,1902.4763893785826,0.05139148296447436,6
H1,Validação,63,3T21,Ridge + Brent e Câmbio,10.0,342,Custo_t,5545.6197715142325,0.19383063033566184,1
H1,Validação,63,3T21,Ridge + Brent e Câmbio,10.0,342,Custo_t_1,2490.1004678783074,0.08703404906467091,4
H1,Validação,63,3T21,Ridge + Brent e Câmbio,10.0,342,Custo_t_4,2117.9487738653734,0.07402659446031114,5
H1,Validação,63,3T21,Ridge + Brent e Câmbio,10.0,342,Receita_t,4693.955416828266,0.16406323814062845,2
H1,Validação,63,3T21,Ridge + Brent e Câmbio,10.0,342,Receita_t_1,277.406455023299,0.00969591682295694,19
H1,Validação,63,3T21,Ridge + Brent e Câmbio,10.0,342,Receita_t_4,1619.2159875955633,0.056594874595870724,6
H1,Validação,63,3T21,Ridge + Brent e Câmbio,10.0,342,Despesas_t,-948.1907410663543,0.0331411846811752,7
H1,Validação,63,3T21,Ridge + Brent e Câmbio,10.0,342,Despesas_t_1,-417.5567804492387,0.014594454234157872,15
H1,Validação,63,3T21,Ridge + Brent e Câmbio,10.0,342,Despesas_t_4,-304.5960830355809,0.01064624932921417,18
H1,Validação,63,3T21,Ridge + Brent e Câmbio,10.0,342,EBIT_t,-185.54697104581305,0.00648524201738818,25
H1,Validação,63,3T21,Ridge + Brent e Câmbio,10.0,342,EBIT_t_1,-892.0740181901156,0.03117979168713244,9
H1,Validação,63,3T21,Ridge + Brent e Câmbio,10.0,342,EBIT_t_4,-95.09305210565593,0.0033236945534670832,27
H1,Validação,63,3T21,Ridge + Brent e Câmbio,10.0,342,Trimestre_Sin,-67.18343030019798,0.002348196807521779,28
H1,Validação,63,3T21,Ridge + Brent e Câmbio,10.0,342,Trimestre_Cos,-460.8272709451121,0.01610684541734537,14
H1,Validação,63,3T21,Ridge + Brent e Câmbio,10.0,342,Brent_t,786.4202212079024,0.027486977734828846,11
H1,Validação,63,3T21,Ridge + Brent e Câmbio,10.0,342,Brent_t_1,-867.350590589713,0.030315657874630607,10
H1,Validação,63,3T21,Ridge + Brent e Câmbio,10.0,342,Brent_t_4,273.26100537379773,0.00955102497106422,21
H1,Validação,63,3T21,Ridge + Brent e Câmbio,10.0,342,USD_BRL_t,530.9349255853789,0.018557249781539154,13
H1,Validação,63,3T21,Ridge + Brent e Câmbio,10.0,342,USD_BRL_t_1,-217.01082101601773,0.007584967228236206,22
H1,Validação,63,3T21,Ridge + Brent e Câmbio,10.0,342,USD_BRL_t_4,4.5219387472740955,0.00015805090753347217,29
H1,Validação,63,3T21,Ridge + Brent e Câmbio,10.0,342,Brent_BRL_t,402.77944876427927,0.014077956595807751,16
H1,Validação,63,3T21,Ridge + Brent e Câmbio,10.0,342,Brent_Var_AA,926.1991074421051,0.03237253259482142,8
H1,Validação,63,3T21,Ridge + Brent e Câmbio,10.0,342,USD_BRL_Var_AA,399.9309434188722,0.013978395571185971,17
H1,Validação,63,3T21,Ridge + Brent e Câmbio,10.0,342,Segmento=CORPORATIVO / OUTROS NEGÓCIOS,101.8142824486294,0.003558615151648303,26
H1,Validação,63,3T21,Ridge + Brent e Câmbio,10.0,342,Segmento=DISTRIBUIÇÃO,715.2712994762245,0.025000178979206946,12
H1,Validação,63,3T21,Ridge + Brent e Câmbio,10.0,342,Segmento=E&P,275.5335396259141,0.009630454640730668,20
H1,Validação,63,3T21,Ridge + Brent e Câmbio,10.0,342,Segmento=GÁS & ENERGIA / G&EBC,205.47158648790898,0.007181647636499458,23
H1,Validação,63,3T21,Ridge + Brent e Câmbio,10.0,342,Segmento=INTERNACIONAL,193.62872099688093,0.006767715528334092,24
H1,Validação,63,3T21,Ridge + Brent e Câmbio,10.0,342,Segmento=REFINO / RTC,2595.203499587486,0.09070761265643092,3
H1,Validação,64,4T21,Ridge Contábil,0.1,346,Custo_t,11230.578697403134,0.31753902466612666,1
H1,Validação,64,4T21,Ridge Contábil,0.1,346,Custo_t_1,3772.074611647105,0.10665353277184596,4
H1,Validação,64,4T21,Ridge Contábil,0.1,346,Custo_t_4,1330.409870192378,0.03761667710718784,6
H1,Validação,64,4T21,Ridge Contábil,0.1,346,Receita_t,7050.21573755807,0.19934134200115877,2
H1,Validação,64,4T21,Ridge Contábil,0.1,346,Receita_t_1,-5954.253115509944,0.1683535441812509,3
H1,Validação,64,4T21,Ridge Contábil,0.1,346,Receita_t_4,248.8732319500821,0.007036766801448025,14
H1,Validação,64,4T21,Ridge Contábil,0.1,346,Despesas_t,-442.48375300218777,0.012511007949342042,10
H1,Validação,64,4T21,Ridge Contábil,0.1,346,Despesas_t_1,318.6631768269212,0.009010042767433514,12
H1,Validação,64,4T21,Ridge Contábil,0.1,346,Despesas_t_4,-322.32532159807846,0.00911358808866334,11
H1,Validação,64,4T21,Ridge Contábil,0.1,346,EBIT_t,695.6553656694346,0.01966930932682111,7
H1,Validação,64,4T21,Ridge Contábil,0.1,346,EBIT_t_1,-239.2620173403721,0.00676501449061387,15
H1,Validação,64,4T21,Ridge Contábil,0.1,346,EBIT_t_4,275.2829735410127,0.007783489104227283,13
H1,Validação,64,4T21,Ridge Contábil,0.1,346,Trimestre_Sin,119.11613616242305,0.0033679494813352285,19
H1,Validação,64,4T21,Ridge Contábil,0.1,346,Trimestre_Cos,-640.1186797686214,0.01809903716638373,8
H1,Validação,64,4T21,Ridge Contábil,0.1,346,Segmento=CORPORATIVO / OUTROS NEGÓCIOS,224.2460407713152,0.006340445224628468,16
H1,Validação,64,4T21,Ridge Contábil,0.1,346,Segmento=DISTRIBUIÇÃO,457.1004964308332,0.01292428909692888,9
H1,Validação,64,4T21,Ridge Contábil,0.1,346,Segmento=E&P,-31.21091953734226,0.0008824732202902672,20
H1,Validação,64,4T21,Ridge Contábil,0.1,346,Segmento=GÁS & ENERGIA / G&EBC,182.75474718966402,0.005167299543444653,17
H1,Validação,64,4T21,Ridge Contábil,0.1,346,Segmento=INTERNACIONAL,126.71959987139167,0.0035829336344482352,18
H1,Validação,64,4T21,Ridge Contábil,0.1,346,Segmento=REFINO / RTC,1706.2098085173789,0.04824223337642127,5
H1,Validação,64,4T21,Ridge + Brent e Câmbio,10.0,346,Custo_t,6405.472763010154,0.22094215396768374,1
H1,Validação,64,4T21,Ridge + Brent e Câmbio,10.0,346,Custo_t_1,2388.2623242955083,0.08237765449833043,4
H1,Validação,64,4T21,Ridge + Brent e Câmbio,10.0,346,Custo_t_4,1536.5620570714384,0.05300019891659641,5
H1,Validação,64,4T21,Ridge + Brent e Câmbio,10.0,346,Receita_t,5255.150619647173,0.1812644187692745,2
H1,Validação,64,4T21,Ridge + Brent e Câmbio,10.0,346,Receita_t_1,366.955950109109,0.012657307435066507,18
H1,Validação,64,4T21,Ridge + Brent e Câmbio,10.0,346,Receita_t_4,1246.383368606056,0.04299114777593864,6
H1,Validação,64,4T21,Ridge + Brent e Câmbio,10.0,346,Despesas_t,-915.0643250031885,0.03156305404227172,9
H1,Validação,64,4T21,Ridge + Brent e Câmbio,10.0,346,Despesas_t_1,-397.94655498672336,0.013726257573136226,16
H1,Validação,64,4T21,Ridge + Brent e Câmbio,10.0,346,Despesas_t_4,-281.99227837881267,0.009726679621066839,20
H1,Validação,64,4T21,Ridge + Brent e Câmbio,10.0,346,EBIT_t,-136.5624046237804,0.004710408262575354,24
H1,Validação,64,4T21,Ridge + Brent e Câmbio,10.0,346,EBIT_t_1,-941.887075256337,0.032488243553729874,8
H1,Validação,64,4T21,Ridge + Brent e Câmbio,10.0,346,EBIT_t_4,-121.89429068350975,0.004204465171641995,27
H1,Validação,64,4T21,Ridge + Brent e Câmbio,10.0,346,Trimestre_Sin,-74.47229899800008,0.0025687518720805824,28
H1,Validação,64,4T21,Ridge + Brent e Câmbio,10.0,346,Trimestre_Cos,-485.3802811332079,0.01674208427304507,14
H1,Validação,64,4T21,Ridge + Brent e Câmbio,10.0,346,Brent_t,724.2630448952453,0.024981799642084447,11
H1,Validação,64,4T21,Ridge + Brent e Câmbio,10.0,346,Brent_t_1,-893.9517219205477,0.03083482301647132,10
H1,Validação,64,4T21,Ridge + Brent e Câmbio,10.0,346,Brent_t_4,471.3320828359839,0.01625752375643845,15
H1,Validação,64,4T21,Ridge + Brent e Câmbio,10.0,346,USD_BRL_t,538.015016497989,0.01855759926081761,13
H1,Validação,64,4T21,Ridge + Brent e Câmbio,10.0,346,USD_BRL_t_1,-196.94554078472336,0.006793186639803703,21
H1,Validação,64,4T21,Ridge + Brent e Câmbio,10.0,346,USD_BRL_t_4,125.55096483568624,0.00433059379530976,26
H1,Validação,64,4T21,Ridge + Brent e Câmbio,10.0,346,Brent_BRL_t,311.8855139963048,0.010757778512710306,19
H1,Validação,64,4T21,Ridge + Brent e Câmbio,10.0,346,Brent_Var_AA,1080.3282525157467,0.037263455787579385,7
H1,Validação,64,4T21,Ridge + Brent e Câmbio,10.0,346,USD_BRL_Var_AA,378.7408868380325,0.013063801912772727,17
H1,Validação,64,4T21,Ridge + Brent e Câmbio,10.0,346,Segmento=CORPORATIVO / OUTROS NEGÓCIOS,56.89977513371828,0.001962627793988582,29
H1,Validação,64,4T21,Ridge + Brent e Câmbio,10.0,346,Segmento=DISTRIBUIÇÃO,657.7237863486585,0.02268667988268251,12
H1,Validação,64,4T21,Ridge + Brent e Câmbio,10.0,346,Segmento=E&P,131.20912405363734,0.004525759075275565,25
H1,Validação,64,4T21,Ridge + Brent e Câmbio,10.0,346,Segmento=GÁS & ENERGIA / G&EBC,186.5979091175035,0.0064362687176446835,22
H1,Validação,64,4T21,Ridge + Brent e Câmbio,10.0,346,Segmento=INTERNACIONAL,184.59982282967871,0.006367349294429801,23
H1,Validação,64,4T21,Ridge + Brent e Câmbio,10.0,346,Segmento=REFINO / RTC,2499.5980817340987,0.0862179271795534,3
H1,Validação,65,1T22,Ridge Contábil,0.1,350,Custo_t,11961.720667349553,0.3464456189373954,1
H1,Validação,65,1T22,Ridge Contábil,0.1,350,Custo_t_1,3635.3396190241174,0.10528982571865311,4
H1,Validação,65,1T22,Ridge Contábil,0.1,350,Custo_t_4,400.4231705282929,0.011597399488621143,11
H1,Validação,65,1T22,Ridge Contábil,0.1,350,Receita_t,7457.075166541364,0.21597821027428674,2
H1,Validação,65,1T22,Ridge Contábil,0.1,350,Receita_t_1,-5214.423972839933,0.15102462186761678,3
H1,Validação,65,1T22,Ridge Contábil,0.1,350,Receita_t_4,469.4595998730766,0.013596891799026423,9
H1,Validação,65,1T22,Ridge Contábil,0.1,350,Despesas_t,-515.2293130160646,0.014922513508425777,8
H1,Validação,65,1T22,Ridge Contábil,0.1,350,Despesas_t_1,271.54521550962505,0.007864725558548384,14
H1,Validação,65,1T22,Ridge Contábil,0.1,350,Despesas_t_4,-336.1945304256345,0.00973715449605828,12
H1,Validação,65,1T22,Ridge Contábil,0.1,350,EBIT_t,671.9557328925432,0.019461758575914867,6
H1,Validação,65,1T22,Ridge Contábil,0.1,350,EBIT_t_1,-334.7751260462166,0.009696044488357453,13
H1,Validação,65,1T22,Ridge Contábil,0.1,350,EBIT_t_4,223.8167996049249,0.006482374218900431,17
H1,Validação,65,1T22,Ridge Contábil,0.1,350,Trimestre_Sin,24.519022792028245,0.0007101409791411323,20
H1,Validação,65,1T22,Ridge Contábil,0.1,350,Trimestre_Cos,-643.7533057666022,0.018644935679535665,7
H1,Validação,65,1T22,Ridge Contábil,0.1,350,Segmento=CORPORATIVO / OUTROS NEGÓCIOS,228.49418043198187,0.006617844536315452,16
H1,Validação,65,1T22,Ridge Contábil,0.1,350,Segmento=DISTRIBUIÇÃO,263.01556113631085,0.00761768238885199,15
H1,Validação,65,1T22,Ridge Contábil,0.1,350,Segmento=E&P,-421.60405454477893,0.01221085842791592,10
H1,Validação,65,1T22,Ridge Contábil,0.1,350,Segmento=GÁS & ENERGIA / G&EBC,163.73469855424878,0.0047422248487201625,18
H1,Validação,65,1T22,Ridge Contábil,0.1,350,Segmento=INTERNACIONAL,68.2020017412172,0.0019753249020854125,19
H1,Validação,65,1T22,Ridge Contábil,0.1,350,Segmento=REFINO / RTC,1221.6974278032858,0.035383849305629725,5
H1,Validação,65,1T22,Ridge + Brent e Câmbio,10.0,350,Custo_t,6795.730585892246,0.22785847653840544,1
H1,Validação,65,1T22,Ridge + Brent e Câmbio,10.0,350,Custo_t_1,2690.6594924888013,0.09021687441742537,3
H1,Validação,65,1T22,Ridge + Brent e Câmbio,10.0,350,Custo_t_4,1137.3208478536262,0.0381339713886362,5
H1,Validação,65,1T22,Ridge + Brent e Câmbio,10.0,350,Receita_t,5585.903510531483,0.18729339662795397,2
H1,Validação,65,1T22,Ridge + Brent e Câmbio,10.0,350,Receita_t_1,778.0548099454846,0.02608790643137008,11
H1,Validação,65,1T22,Ridge + Brent e Câmbio,10.0,350,Receita_t_4,970.6132530408977,0.0325443238737292,8
H1,Validação,65,1T22,Ridge + Brent e Câmbio,10.0,350,Despesas_t,-954.4511151369758,0.032002413026345634,10
H1,Validação,65,1T22,Ridge + Brent e Câmbio,10.0,350,Despesas_t_1,-388.643528214336,0.013031081961852443,18
H1,Validação,65,1T22,Ridge + Brent e Câmbio,10.0,350,Despesas_t_4,-270.8380092378386,0.009081103995167563,21
H1,Validação,65,1T22,Ridge + Brent e Câmbio,10.0,350,EBIT_t,-155.51577968217094,0.005214389856717554,25
H1,Validação,65,1T22,Ridge + Brent e Câmbio,10.0,350,EBIT_t_1,-964.5071537744756,0.032339588494824156,9
H1,Validação,65,1T22,Ridge + Brent e Câmbio,10.0,350,EBIT_t_4,-66.17396891360998,0.002218790099545311,29
H1,Validação,65,1T22,Ridge + Brent e Câmbio,10.0,350,Trimestre_Sin,-154.53608143278026,0.005181540916084604,26
H1,Validação,65,1T22,Ridge + Brent e Câmbio,10.0,350,Trimestre_Cos,-463.40552772735856,0.015537825732326047,15
H1,Validação,65,1T22,Ridge + Brent e Câmbio,10.0,350,Brent_t,684.7959718477287,0.022960970113910625,12
H1,Validação,65,1T22,Ridge + Brent e Câmbio,10.0,350,Brent_t_1,-997.8546205170009,0.03345771742479399,7
H1,Validação,65,1T22,Ridge + Brent e Câmbio,10.0,350,Brent_t_4,594.811310957809,0.019943815816362783,13
H1,Validação,65,1T22,Ridge + Brent e Câmbio,10.0,350,USD_BRL_t,420.8976404614322,0.014112551096897198,16
H1,Validação,65,1T22,Ridge + Brent e Câmbio,10.0,350,USD_BRL_t_1,-231.03049307935854,0.007746371861218742,22
H1,Validação,65,1T22,Ridge + Brent e Câmbio,10.0,350,USD_BRL_t_4,338.8660250532229,0.011362059640731732,19
H1,Validação,65,1T22,Ridge + Brent e Câmbio,10.0,350,Brent_BRL_t,409.5050904730715,0.01373056286893176,17
H1,Validação,65,1T22,Ridge + Brent e Câmbio,10.0,350,Brent_Var_AA,1095.520864310774,0.036732432518161065,6
H1,Validação,65,1T22,Ridge + Brent e Câmbio,10.0,350,USD_BRL_Var_AA,326.3756604779032,0.010943262072527672,20
H1,Validação,65,1T22,Ridge + Brent e Câmbio,10.0,350,Segmento=CORPORATIVO / OUTROS NEGÓCIOS,72.580503592416,0.0024335989730509306,27
H1,Validação,65,1T22,Ridge + Brent e Câmbio,10.0,350,Segmento=DISTRIBUIÇÃO,564.2902755634407,0.018920456143780583,14
H1,Validação,65,1T22,Ridge + Brent e Câmbio,10.0,350,Segmento=E&P,-72.08802941187665,0.002417086485527492,28
H1,Validação,65,1T22,Ridge + Brent e Câmbio,10.0,350,Segmento=GÁS & ENERGIA / G&EBC,201.86155768029334,0.006768347629935076,23
H1,Validação,65,1T22,Ridge + Brent e Câmbio,10.0,350,Segmento=INTERNACIONAL,186.85266136618708,0.006265104570865788,24
H1,Validação,65,1T22,Ridge + Brent e Câmbio,10.0,350,Segmento=REFINO / RTC,2250.664012541348,0.07546397942292081,4
H1,Validação,66,2T22,Ridge Contábil,0.1,354,Custo_t,12457.584988626255,0.3516016764144583,1
H1,Validação,66,2T22,Ridge Contábil,0.1,354,Custo_t_1,3706.1874663374574,0.10460307735891286,4
H1,Validação,66,2T22,Ridge Contábil,0.1,354,Custo_t_4,-212.20515935218054,0.005989257937244196,15
H1,Validação,66,2T22,Ridge Contábil,0.1,354,Receita_t,7832.880930056472,0.22107447540411254,2
H1,Validação,66,2T22,Ridge Contábil,0.1,354,Receita_t_1,-5061.197247217026,0.14284674263996194,3
H1,Validação,66,2T22,Ridge Contábil,0.1,354,Receita_t_4,863.0263350715016,0.02435797198879296,6
H1,Validação,66,2T22,Ridge Contábil,0.1,354,Despesas_t,-528.0127333700304,0.014902580427151911,10
H1,Validação,66,2T22,Ridge Contábil,0.1,354,Despesas_t_1,215.19899220785854,0.006073755586822514,14
H1,Validação,66,2T22,Ridge Contábil,0.1,354,Despesas_t_4,-479.39107113650687,0.01353028732483934,11
H1,Validação,66,2T22,Ridge Contábil,0.1,354,EBIT_t,746.72927583785,0.021075615013026294,7
H1,Validação,66,2T22,Ridge Contábil,0.1,354,EBIT_t_1,-477.9666046611834,0.013490083320517699,12
H1,Validação,66,2T22,Ridge Contábil,0.1,354,EBIT_t_4,45.11554686601123,0.0012733368405615708,19
H1,Validação,66,2T22,Ridge Contábil,0.1,354,Trimestre_Sin,23.784355814856497,0.0006712873630464142,20
H1,Validação,66,2T22,Ridge Contábil,0.1,354,Trimestre_Cos,-641.857204576655,0.018115715795147563,8
H1,Validação,66,2T22,Ridge Contábil,0.1,354,Segmento=CORPORATIVO / OUTROS NEGÓCIOS,242.32937051985274,0.0068394807658973345,13
H1,Validação,66,2T22,Ridge Contábil,0.1,354,Segmento=DISTRIBUIÇÃO,179.5385673660886,0.0050672791977418455,16
H1,Validação,66,2T22,Ridge Contábil,0.1,354,Segmento=E&P,-529.4533681703233,0.014943240764717052,9
H1,Validação,66,2T22,Ridge Contábil,0.1,354,Segmento=GÁS & ENERGIA / G&EBC,129.7264429334126,0.003661386605214101,17
H1,Validação,66,2T22,Ridge Contábil,0.1,354,Segmento=INTERNACIONAL,46.87492987461702,0.001322993496795158,18
H1,Validação,66,2T22,Ridge Contábil,0.1,354,Segmento=REFINO / RTC,1011.8995682870631,0.028559755755038347,5
H1,Validação,66,2T22,Ridge + Brent e Câmbio,10.0,354,Custo_t,7172.893803395813,0.23414387204641113,1
H1,Validação,66,2T22,Ridge + Brent e Câmbio,10.0,354,Custo_t_1,3022.233773900749,0.09865439771540285,3
H1,Validação,66,2T22,Ridge + Brent e Câmbio,10.0,354,Custo_t_4,952.0259344986765,0.03107686307673925,10
H1,Validação,66,2T22,Ridge + Brent e Câmbio,10.0,354,Receita_t,5905.414985321066,0.19276972008833654,2
H1,Validação,66,2T22,Ridge + Brent e Câmbio,10.0,354,Receita_t_1,1045.1450897278542,0.034116539972098875,7
H1,Validação,66,2T22,Ridge + Brent e Câmbio,10.0,354,Receita_t_4,775.5962532734416,0.025317691138848096,11
H1,Validação,66,2T22,Ridge + Brent e Câmbio,10.0,354,Despesas_t,-961.7413037112723,0.031394000654423826,8
H1,Validação,66,2T22,Ridge + Brent e Câmbio,10.0,354,Despesas_t_1,-344.76687330027687,0.011254181768262646,19
H1,Validação,66,2T22,Ridge + Brent e Câmbio,10.0,354,Despesas_t_4,-365.6366714936085,0.011935431971005153,18
H1,Validação,66,2T22,Ridge + Brent e Câmbio,10.0,354,EBIT_t,-73.4321662557106,0.002397036985508973,29
H1,Validação,66,2T22,Ridge + Brent e Câmbio,10.0,354,EBIT_t_1,-953.7725288034741,0.031133876935389423,9
H1,Validação,66,2T22,Ridge + Brent e Câmbio,10.0,354,EBIT_t_4,-116.28069801967219,0.003795736229315968,27
H1,Validação,66,2T22,Ridge + Brent e Câmbio,10.0,354,Trimestre_Sin,-164.57119500943412,0.005372076860885818,24
H1,Validação,66,2T22,Ridge + Brent e Câmbio,10.0,354,Trimestre_Cos,-457.76299024804746,0.014942699829945727,15
H1,Validação,66,2T22,Ridge + Brent e Câmbio,10.0,354,Brent_t,755.145994293576,0.02465013590198808,12
H1,Validação,66,2T22,Ridge + Brent e Câmbio,10.0,354,Brent_t_1,-1089.9682727247236,0.03557969750823349,5
H1,Validação,66,2T22,Ridge + Brent e Câmbio,10.0,354,Brent_t_4,587.9064904954641,0.019190957772253044,13
H1,Validação,66,2T22,Ridge + Brent e Câmbio,10.0,354,USD_BRL_t,465.10184625985386,0.01518226118552887,14
H1,Validação,66,2T22,Ridge + Brent e Câmbio,10.0,354,USD_BRL_t_1,-294.2110922864786,0.009603895754646064,22
H1,Validação,66,2T22,Ridge + Brent e Câmbio,10.0,354,USD_BRL_t_4,331.5140075473952,0.010821570135057938,20
H1,Validação,66,2T22,Ridge + Brent e Câmbio,10.0,354,Brent_BRL_t,369.7321420103151,0.012069119900997873,17
H1,Validação,66,2T22,Ridge + Brent e Câmbio,10.0,354,Brent_Var_AA,1047.200637128477,0.03418363894787472,6
H1,Validação,66,2T22,Ridge + Brent e Câmbio,10.0,354,USD_BRL_Var_AA,303.72679095505634,0.009914515511825915,21
H1,Validação,66,2T22,Ridge + Brent e Câmbio,10.0,354,Segmento=CORPORATIVO / OUTROS NEGÓCIOS,102.95093178721189,0.003360614343409312,28
H1,Validação,66,2T22,Ridge + Brent e Câmbio,10.0,354,Segmento=DISTRIBUIÇÃO,444.5628347429101,0.014511808810741681,16
H1,Validação,66,2T22,Ridge + Brent e Câmbio,10.0,354,Segmento=E&P,-278.5681130867377,0.009093263948214634,23
H1,Validação,66,2T22,Ridge + Brent e Câmbio,10.0,354,Segmento=GÁS & ENERGIA / G&EBC,149.05064814474875,0.004865441597799283,26
H1,Validação,66,2T22,Ridge + Brent e Câmbio,10.0,354,Segmento=INTERNACIONAL,156.88983760218656,0.0051213352752437925,25
H1,Validação,66,2T22,Ridge + Brent e Câmbio,10.0,354,Segmento=REFINO / RTC,1946.7531323680823,0.06354761813361108,4
H1,Validação,67,3T22,Ridge Contábil,0.1,358,Custo_t,13967.401277450848,0.36507183521316516,1
H1,Validação,67,3T22,Ridge Contábil,0.1,358,Custo_t_1,4748.4297367056615,0.12411170295211009,4
H1,Validação,67,3T22,Ridge Contábil,0.1,358,Custo_t_4,-522.2034073919721,0.013649049848587788,10
H1,Validação,67,3T22,Ridge Contábil,0.1,358,Receita_t,7653.4142647648505,0.20004050401237236,2
H1,Validação,67,3T22,Ridge Contábil,0.1,358,Receita_t_1,-5936.832118039593,0.1551734752680305,3
H1,Validação,67,3T22,Ridge Contábil,0.1,358,Receita_t_4,719.1290748000484,0.018796178750605318,6
H1,Validação,67,3T22,Ridge Contábil,0.1,358,Despesas_t,-499.3981747054987,0.013052979900862082,11
H1,Validação,67,3T22,Ridge Contábil,0.1,358,Despesas_t_1,235.04167596898196,0.006143383031180069,15
H1,Validação,67,3T22,Ridge Contábil,0.1,358,Despesas_t_4,-425.7992685361051,0.011129294369730423,13
H1,Validação,67,3T22,Ridge Contábil,0.1,358,EBIT_t,818.6405709928889,0.021397152533650984,5
H1,Validação,67,3T22,Ridge Contábil,0.1,358,EBIT_t_1,-440.5137387578886,0.011513892659802342,12
H1,Validação,67,3T22,Ridge Contábil,0.1,358,EBIT_t_4,110.59852504098274,0.0028907601139637165,16
H1,Validação,67,3T22,Ridge Contábil,0.1,358,Trimestre_Sin,35.08718022862296,0.000917088370561676,18
H1,Validação,67,3T22,Ridge Contábil,0.1,358,Trimestre_Cos,-654.5097400181093,0.017107196049350678,7
H1,Validação,67,3T22,Ridge Contábil,0.1,358,Segmento=CORPORATIVO / OUTROS NEGÓCIOS,241.0116279597927,0.006299422174477133,14
H1,Validação,67,3T22,Ridge Contábil,0.1,358,Segmento=DISTRIBUIÇÃO,20.48952034736656,0.0005355432014348041,19
H1,Validação,67,3T22,Ridge Contábil,0.1,358,Segmento=E&P,-525.7234382405677,0.013741054373722925,9
H1,Validação,67,3T22,Ridge Contábil,0.1,358,Segmento=GÁS & ENERGIA / G&EBC,70.15993454175845,0.001833799684909599,17
H1,Validação,67,3T22,Ridge Contábil,0.1,358,Segmento=INTERNACIONAL,15.788955874715937,0.0004126825729985917,20
H1,Validação,67,3T22,Ridge Contábil,0.1,358,Segmento=REFINO / RTC,619.1508129884688,0.01618300491848377,8
H1,Validação,67,3T22,Ridge + Brent e Câmbio,10.0,358,Custo_t,8053.943221076322,0.25546413097572435,1
H1,Validação,67,3T22,Ridge + Brent e Câmbio,10.0,358,Custo_t_1,3580.3385497639665,0.11356525010268254,3
H1,Validação,67,3T22,Ridge + Brent e Câmbio,10.0,358,Custo_t_4,747.0246594490677,0.02369497775253612,11
H1,Validação,67,3T22,Ridge + Brent e Câmbio,10.0,358,Receita_t,6080.00608429131,0.19285254787815911,2
H1,Validação,67,3T22,Ridge + Brent e Câmbio,10.0,358,Receita_t_1,1240.3655397432417,0.03934332487886555,5
H1,Validação,67,3T22,Ridge + Brent e Câmbio,10.0,358,Receita_t_4,492.52763927336804,0.015622551822718354,14
H1,Validação,67,3T22,Ridge + Brent e Câmbio,10.0,358,Despesas_t,-1002.4955030702083,0.03179829252194271,9
H1,Validação,67,3T22,Ridge + Brent e Câmbio,10.0,358,Despesas_t_1,-379.1577879080648,0.01202655793961102,17
H1,Validação,67,3T22,Ridge + Brent e Câmbio,10.0,358,Despesas_t_4,-309.5499313979303,0.009818656780597384,18
H1,Validação,67,3T22,Ridge + Brent e Câmbio,10.0,358,EBIT_t,-173.94083331167607,0.00551725317691305,24
H1,Validação,67,3T22,Ridge + Brent e Câmbio,10.0,358,EBIT_t_1,-1007.3522675958093,0.03195234490284844,8
H1,Validação,67,3T22,Ridge + Brent e Câmbio,10.0,358,EBIT_t_4,-69.37158899743663,0.002200406957334736,29
H1,Validação,67,3T22,Ridge + Brent e Câmbio,10.0,358,Trimestre_Sin,-195.72673470475766,0.0062082831747831664,23
H1,Validação,67,3T22,Ridge + Brent e Câmbio,10.0,358,Trimestre_Cos,-463.46559665909234,0.014700728902312513,15
H1,Validação,67,3T22,Ridge + Brent e Câmbio,10.0,358,Brent_t,846.6572823257225,0.02685523859885175,10
H1,Validação,67,3T22,Ridge + Brent e Câmbio,10.0,358,Brent_t_1,-1191.765178831107,0.03780176335741918,6
H1,Validação,67,3T22,Ridge + Brent e Câmbio,10.0,358,Brent_t_4,630.9094307600852,0.020011902869110976,12
H1,Validação,67,3T22,Ridge + Brent e Câmbio,10.0,358,USD_BRL_t,570.2726753306827,0.018088557297165197,13
H1,Validação,67,3T22,Ridge + Brent e Câmbio,10.0,358,USD_BRL_t_1,-284.9023781101645,0.00903685765332523,19
H1,Validação,67,3T22,Ridge + Brent e Câmbio,10.0,358,USD_BRL_t_4,262.48137941511067,0.008325682916923956,21
H1,Validação,67,3T22,Ridge + Brent e Câmbio,10.0,358,Brent_BRL_t,151.69582702454366,0.004811660767865452,25
H1,Validação,67,3T22,Ridge + Brent e Câmbio,10.0,358,Brent_Var_AA,1077.1882305377267,0.034167481401094775,7
H1,Validação,67,3T22,Ridge + Brent e Câmbio,10.0,358,USD_BRL_Var_AA,277.67529804225063,0.00880762090824735,20
H1,Validação,67,3T22,Ridge + Brent e Câmbio,10.0,358,Segmento=CORPORATIVO / OUTROS NEGÓCIOS,119.8675244859482,0.0038020944690645387,26
H1,Validação,67,3T22,Ridge + Brent e Câmbio,10.0,358,Segmento=DISTRIBUIÇÃO,242.69510592512037,0.007698079391095663,22
H1,Validação,67,3T22,Ridge + Brent e Câmbio,10.0,358,Segmento=E&P,-454.9931544752168,0.014431990345268576,16
H1,Validação,67,3T22,Ridge + Brent e Câmbio,10.0,358,Segmento=GÁS & ENERGIA / G&EBC,75.77051369742392,0.0024033753285772255,28
H1,Validação,67,3T22,Ridge + Brent e Câmbio,10.0,358,Segmento=INTERNACIONAL,108.72497604817099,0.003448662445101094,27
H1,Validação,67,3T22,Ridge + Brent e Câmbio,10.0,358,Segmento=REFINO / RTC,1435.8437314403575,0.04554372448386004,4
H1,Validação,68,4T22,Ridge Contábil,0.1,362,Custo_t,14789.615413555057,0.3673308170448424,1
H1,Validação,68,4T22,Ridge Contábil,0.1,362,Custo_t_1,5367.850540667549,0.1333217172821699,4
H1,Validação,68,4T22,Ridge Contábil,0.1,362,Custo_t_4,-81.08772150921553,0.002013981984074119,17
H1,Validação,68,4T22,Ridge Contábil,0.1,362,Receita_t,8081.1455288721345,0.20071203386791336,2
H1,Validação,68,4T22,Ridge Contábil,0.1,362,Receita_t_1,-7106.07128073438,0.17649403967182695,3
H1,Validação,68,4T22,Ridge Contábil,0.1,362,Receita_t_4,262.26156769873285,0.006513810754939693,12
H1,Validação,68,4T22,Ridge Contábil,0.1,362,Despesas_t,-570.2995494673506,0.014164573831591714,8
H1,Validação,68,4T22,Ridge Contábil,0.1,362,Despesas_t_1,320.71859024376573,0.007965712325943026,11
H1,Validação,68,4T22,Ridge Contábil,0.1,362,Despesas_t_4,-336.630618653685,0.008360920601020911,10
H1,Validação,68,4T22,Ridge Contábil,0.1,362,EBIT_t,707.356243223446,0.017568661489797393,6
H1,Validação,68,4T22,Ridge Contábil,0.1,362,EBIT_t_1,-362.75098915036557,0.00900967425470049,9
H1,Validação,68,4T22,Ridge Contábil,0.1,362,EBIT_t_4,229.57804369697016,0.005702047552194832,14
H1,Validação,68,4T22,Ridge Contábil,0.1,362,Trimestre_Sin,44.121973149719075,0.0010958608451618324,19
H1,Validação,68,4T22,Ridge Contábil,0.1,362,Trimestre_Cos,-620.123733883663,0.015402060937136239,7
H1,Validação,68,4T22,Ridge Contábil,0.1,362,Segmento=CORPORATIVO / OUTROS NEGÓCIOS,218.6303390578671,0.005430138568938811,15
H1,Validação,68,4T22,Ridge Contábil,0.1,362,Segmento=DISTRIBUIÇÃO,60.998561928835564,0.0015150259804148337,18
H1,Validação,68,4T22,Ridge Contábil,0.1,362,Segmento=E&P,-231.59504422665427,0.005752143949689367,13
H1,Validação,68,4T22,Ridge Contábil,0.1,362,Segmento=GÁS & ENERGIA / G&EBC,102.52909680774367,0.002546523073665591,16
H1,Validação,68,4T22,Ridge Contábil,0.1,362,Segmento=INTERNACIONAL,35.341578265524475,0.000877781501203268,20
H1,Validação,68,4T22,Ridge Contábil,0.1,362,Segmento=REFINO / RTC,733.6803147955519,0.018222474482775298,5
H1,Validação,68,4T22,Ridge + Brent e Câmbio,10.0,362,Custo_t,8683.330918240974,0.26250051586161666,1
H1,Validação,68,4T22,Ridge + Brent e Câmbio,10.0,362,Custo_t_1,3818.1251134648114,0.11542342694820842,3
H1,Validação,68,4T22,Ridge + Brent e Câmbio,10.0,362,Custo_t_4,917.2318870728006,0.027728281438122258,10
H1,Validação,68,4T22,Ridge + Brent e Câmbio,10.0,362,Receita_t,6457.430042283321,0.19521065512761243,2
H1,Validação,68,4T22,Ridge + Brent e Câmbio,10.0,362,Receita_t_1,1154.9309747443544,0.034914018538449006,7
H1,Validação,68,4T22,Ridge + Brent e Câmbio,10.0,362,Receita_t_4,443.30273064491297,0.013401216258233544,15
H1,Validação,68,4T22,Ridge + Brent e Câmbio,10.0,362,Despesas_t,-1156.4276724327342,0.034959264299434946,6
H1,Validação,68,4T22,Ridge + Brent e Câmbio,10.0,362,Despesas_t_1,-379.2629248276845,0.011465267689535484,18
H1,Validação,68,4T22,Ridge + Brent e Câmbio,10.0,362,Despesas_t_4,-263.13748816509957,0.007954749972820488,20
H1,Validação,68,4T22,Ridge + Brent e Câmbio,10.0,362,EBIT_t,-465.909049687078,0.014084614192295317,14
H1,Validação,68,4T22,Ridge + Brent e Câmbio,10.0,362,EBIT_t_1,-1060.1370272782149,0.03204836014713419,9
H1,Validação,68,4T22,Ridge + Brent e Câmbio,10.0,362,EBIT_t_4,-42.37495891189545,0.0012810117083779985,29
H1,Validação,68,4T22,Ridge + Brent e Câmbio,10.0,362,Trimestre_Sin,-193.4220060816132,0.005847223473742452,23
H1,Validação,68,4T22,Ridge + Brent e Câmbio,10.0,362,Trimestre_Cos,-432.69893222275795,0.013080659252849697,16
H1,Validação,68,4T22,Ridge + Brent e Câmbio,10.0,362,Brent_t,901.5665374371436,0.027254711744737176,11
H1,Validação,68,4T22,Ridge + Brent e Câmbio,10.0,362,Brent_t_1,-1224.6755452343739,0.03702242439152062,5
H1,Validação,68,4T22,Ridge + Brent e Câmbio,10.0,362,Brent_t_4,708.4935047719064,0.02141803787490631,13
H1,Validação,68,4T22,Ridge + Brent e Câmbio,10.0,362,USD_BRL_t,715.2311409815711,0.02162171927290642,12
H1,Validação,68,4T22,Ridge + Brent e Câmbio,10.0,362,USD_BRL_t_1,-230.8087089653641,0.00697743823645907,21
H1,Validação,68,4T22,Ridge + Brent e Câmbio,10.0,362,USD_BRL_t_4,224.6608582206157,0.006791586285504793,22
H1,Validação,68,4T22,Ridge + Brent e Câmbio,10.0,362,Brent_BRL_t,-115.01665949224265,0.003476998945873381,26
H1,Validação,68,4T22,Ridge + Brent e Câmbio,10.0,362,Brent_Var_AA,1228.7607981264775,0.03714592319649529,4
H1,Validação,68,4T22,Ridge + Brent e Câmbio,10.0,362,USD_BRL_Var_AA,294.4910405841319,0.008902580219252864,19
H1,Validação,68,4T22,Ridge + Brent e Câmbio,10.0,362,Segmento=CORPORATIVO / OUTROS NEGÓCIOS,115.30364186162353,0.0034856745360029038,25
H1,Validação,68,4T22,Ridge + Brent e Câmbio,10.0,362,Segmento=DISTRIBUIÇÃO,134.17822889018424,0.004056260740573792,24
H1,Validação,68,4T22,Ridge + Brent e Câmbio,10.0,362,Segmento=E&P,-429.6582866705298,0.012988739339451544,17
H1,Validação,68,4T22,Ridge + Brent e Câmbio,10.0,362,Segmento=GÁS & ENERGIA / G&EBC,58.742943125893,0.0017758223219828916,28
H1,Validação,68,4T22,Ridge + Brent e Câmbio,10.0,362,Segmento=INTERNACIONAL,89.5850747118899,0.002708192115075622,27
H1,Validação,68,4T22,Ridge + Brent e Câmbio,10.0,362,Segmento=REFINO / RTC,1140.3961768849697,0.034474625870824435,8
H1,Teste,69,1T23,Ridge Contábil,0.1,366,Custo_t,15009.693353215012,0.33106796858233184,1
H1,Teste,69,1T23,Ridge Contábil,0.1,366,Custo_t_1,6247.508667574206,0.13780094999950623,4
H1,Teste,69,1T23,Ridge Contábil,0.1,366,Custo_t_4,-156.55876364236119,0.003453207911921521,16
H1,Teste,69,1T23,Ridge Contábil,0.1,366,Receita_t,9097.142142080678,0.20065515650513036,2
H1,Teste,69,1T23,Ridge Contábil,0.1,366,Receita_t_1,-9086.706917784852,0.20042498734524006,3
H1,Teste,69,1T23,Ridge Contábil,0.1,366,Receita_t_4,295.6020476989693,0.006520077868180644,12
H1,Teste,69,1T23,Ridge Contábil,0.1,366,Despesas_t,-417.4437874723352,0.009207534322223735,9
H1,Teste,69,1T23,Ridge Contábil,0.1,366,Despesas_t_1,381.4992630632385,0.008414707953440608,10
H1,Teste,69,1T23,Ridge Contábil,0.1,366,Despesas_t_4,-358.3258675989699,0.00790357366302107,11
H1,Teste,69,1T23,Ridge Contábil,0.1,366,EBIT_t,955.9602409134405,0.02108556168050555,6
H1,Teste,69,1T23,Ridge Contábil,0.1,366,EBIT_t_1,-423.8517561946956,0.009348874530696187,8
H1,Teste,69,1T23,Ridge Contábil,0.1,366,EBIT_t_4,253.13304208001287,0.005583341381491,13
H1,Teste,69,1T23,Ridge Contábil,0.1,366,Trimestre_Sin,91.0431620933438,0.002008133945061517,18
H1,Teste,69,1T23,Ridge Contábil,0.1,366,Trimestre_Cos,-610.7279190207478,0.013470791624360871,7
H1,Teste,69,1T23,Ridge Contábil,0.1,366,Segmento=CORPORATIVO / OUTROS NEGÓCIOS,194.31403614287075,0.004285973850296853,15
H1,Teste,69,1T23,Ridge Contábil,0.1,366,Segmento=DISTRIBUIÇÃO,246.95111316184511,0.005446986920364065,14
H1,Teste,69,1T23,Ridge Contábil,0.1,366,Segmento=E&P,22.63227842508247,0.0004991989020866212,20
H1,Teste,69,1T23,Ridge Contábil,0.1,366,Segmento=GÁS & ENERGIA / G&EBC,153.58052671825436,0.00338751710630558,17
H1,Teste,69,1T23,Ridge Contábil,0.1,366,Segmento=INTERNACIONAL,80.56855439305602,0.0017770961076170673,19
H1,Teste,69,1T23,Ridge Contábil,0.1,366,Segmento=REFINO / RTC,1253.9524769848856,0.027658359800218527,5
H1,Teste,69,1T23,Ridge + Brent e Câmbio,10.0,366,Custo_t,8825.197105994544,0.2559711538131186,1
H1,Teste,69,1T23,Ridge + Brent e Câmbio,10.0,366,Custo_t_1,3901.4875665350028,0.1131610163488759,3
H1,Teste,69,1T23,Ridge + Brent e Câmbio,10.0,366,Custo_t_4,920.025244227096,0.026684947709784506,11
H1,Teste,69,1T23,Ridge + Brent e Câmbio,10.0,366,Receita_t,6727.914362648068,0.19514034434348224,2
H1,Teste,69,1T23,Ridge + Brent e Câmbio,10.0,366,Receita_t_1,939.4711122440868,0.027248966984756363,10
H1,Teste,69,1T23,Ridge + Brent e Câmbio,10.0,366,Receita_t_4,508.3520012106376,0.014744537343501141,14
H1,Teste,69,1T23,Ridge + Brent e Câmbio,10.0,366,Despesas_t,-1034.9725858579202,0.03001894731473463,8
H1,Teste,69,1T23,Ridge + Brent e Câmbio,10.0,366,Despesas_t_1,-425.65183639438345,0.012345853625244851,15
H1,Teste,69,1T23,Ridge + Brent e Câmbio,10.0,366,Despesas_t_4,-333.9052492646471,0.009684782208487201,18
H1,Teste,69,1T23,Ridge + Brent e Câmbio,10.0,366,EBIT_t,-304.0830121165007,0.008819800683381736,20
H1,Teste,69,1T23,Ridge + Brent e Câmbio,10.0,366,EBIT_t_1,-1329.1109358076392,0.038550307228064476,6
H1,Teste,69,1T23,Ridge + Brent e Câmbio,10.0,366,EBIT_t_4,-186.52729029229883,0.005410146101022818,23
H1,Teste,69,1T23,Ridge + Brent e Câmbio,10.0,366,Trimestre_Sin,-142.17063198639556,0.004123599764494646,25
H1,Teste,69,1T23,Ridge + Brent e Câmbio,10.0,366,Trimestre_Cos,-410.8761690625528,0.011917291569365275,16
H1,Teste,69,1T23,Ridge + Brent e Câmbio,10.0,366,Brent_t,997.7739025296684,0.028940015050956214,9
H1,Teste,69,1T23,Ridge + Brent e Câmbio,10.0,366,Brent_t_1,-1276.1069645313298,0.03701294919273419,7
H1,Teste,69,1T23,Ridge + Brent e Câmbio,10.0,366,Brent_t_4,805.690428836319,0.023368714172438607,12
H1,Teste,69,1T23,Ridge + Brent e Câmbio,10.0,366,USD_BRL_t,696.5875636358563,0.020204231163814364,13
H1,Teste,69,1T23,Ridge + Brent e Câmbio,10.0,366,USD_BRL_t_1,-46.622287090173465,0.0013522599525592446,29
H1,Teste,69,1T23,Ridge + Brent e Câmbio,10.0,366,USD_BRL_t_4,289.41560181381186,0.008394378577389398,21
H1,Teste,69,1T23,Ridge + Brent e Câmbio,10.0,366,Brent_BRL_t,-312.76956445094635,0.009071750503538815,19
H1,Teste,69,1T23,Ridge + Brent e Câmbio,10.0,366,Brent_Var_AA,1394.405311414565,0.04044414330457083,5
H1,Teste,69,1T23,Ridge + Brent e Câmbio,10.0,366,USD_BRL_Var_AA,391.9743910274487,0.011369053396930734,17
H1,Teste,69,1T23,Ridge + Brent e Câmbio,10.0,366,Segmento=CORPORATIVO / OUTROS NEGÓCIOS,52.50823327971669,0.0015229793619190562,28
H1,Teste,69,1T23,Ridge + Brent e Câmbio,10.0,366,Segmento=DISTRIBUIÇÃO,268.85200868597695,0.007797940152699706,22
H1,Teste,69,1T23,Ridge + Brent e Câmbio,10.0,366,Segmento=E&P,-181.02927732495925,0.005250678532647097,24
H1,Teste,69,1T23,Ridge + Brent e Câmbio,10.0,366,Segmento=GÁS & ENERGIA / G&EBC,79.16524770246664,0.0022961549246914067,27
H1,Teste,69,1T23,Ridge + Brent e Câmbio,10.0,366,Segmento=INTERNACIONAL,116.97253509117097,0.0033927394948940694,26
H1,Teste,69,1T23,Ridge + Brent e Câmbio,10.0,366,Segmento=REFINO / RTC,1577.6926920457079,0.045760317179902164,4
H1,Teste,70,2T23,Ridge Contábil,0.1,370,Custo_t,16313.951021469215,0.3456944797415577,1
H1,Teste,70,2T23,Ridge Contábil,0.1,370,Custo_t_1,5196.175709318011,0.11010755494573245,4
H1,Teste,70,2T23,Ridge Contábil,0.1,370,Custo_t_4,-246.44373643911396,0.005222170836590668,15
H1,Teste,70,2T23,Ridge Contábil,0.1,370,Receita_t,9331.008049288155,0.19772512304456188,3
H1,Teste,70,2T23,Ridge Contábil,0.1,370,Receita_t_1,-9367.256553988955,0.19849323298662688,2
H1,Teste,70,2T23,Ridge Contábil,0.1,370,Receita_t_4,7.3995175306353005,0.0001567966190241227,20
H1,Teste,70,2T23,Ridge Contábil,0.1,370,Despesas_t,-326.6485466507165,0.0069217198975374825,11
H1,Teste,70,2T23,Ridge Contábil,0.1,370,Despesas_t_1,447.2446449835036,0.009477164952947491,10
H1,Teste,70,2T23,Ridge Contábil,0.1,370,Despesas_t_4,-325.4633426109766,0.0068966052889815116,12
H1,Teste,70,2T23,Ridge Contábil,0.1,370,EBIT_t,1059.782633436081,0.02245691467521826,6
H1,Teste,70,2T23,Ridge Contábil,0.1,370,EBIT_t_1,-484.9945423941672,0.010277089577491403,8
H1,Teste,70,2T23,Ridge Contábil,0.1,370,EBIT_t_4,258.3991736638743,0.005475507912695496,13
H1,Teste,70,2T23,Ridge Contábil,0.1,370,Trimestre_Sin,103.24659895667965,0.0021878071881204085,19
H1,Teste,70,2T23,Ridge Contábil,0.1,370,Trimestre_Cos,-658.4962704729671,0.013953610951346819,7
H1,Teste,70,2T23,Ridge Contábil,0.1,370,Segmento=CORPORATIVO / OUTROS NEGÓCIOS,155.62118036034877,0.0032976305317234528,17
H1,Teste,70,2T23,Ridge Contábil,0.1,370,Segmento=DISTRIBUIÇÃO,459.8311519058009,0.00974387446780021,9
H1,Teste,70,2T23,Ridge Contábil,0.1,370,Segmento=E&P,248.3381087706194,0.005262312801998972,14
H1,Teste,70,2T23,Ridge Contábil,0.1,370,Segmento=GÁS & ENERGIA / G&EBC,187.46452414511054,0.003972394612381665,16
H1,Teste,70,2T23,Ridge Contábil,0.1,370,Segmento=INTERNACIONAL,130.48479516799335,0.0027649876673297028,18
H1,Teste,70,2T23,Ridge Contábil,0.1,370,Segmento=REFINO / RTC,1883.568042796899,0.039913021300333494,5
H1,Teste,70,2T23,Ridge + Brent e Câmbio,10.0,370,Custo_t,9267.032826088875,0.26502994233966193,1
H1,Teste,70,2T23,Ridge + Brent e Câmbio,10.0,370,Custo_t_1,3704.7242519095607,0.1059522366321789,3
H1,Teste,70,2T23,Ridge + Brent e Câmbio,10.0,370,Custo_t_4,835.6569249382219,0.02389913910832543,10
H1,Teste,70,2T23,Ridge + Brent e Câmbio,10.0,370,Receita_t,6990.137170204104,0.1999124947469733,2
H1,Teste,70,2T23,Ridge + Brent e Câmbio,10.0,370,Receita_t_1,697.946454941378,0.019960726608039193,13
H1,Teste,70,2T23,Ridge + Brent e Câmbio,10.0,370,Receita_t_4,227.64466683158693,0.006510460689688769,21
H1,Teste,70,2T23,Ridge + Brent e Câmbio,10.0,370,Despesas_t,-926.30860518185,0.026491706766047007,9
H1,Teste,70,2T23,Ridge + Brent e Câmbio,10.0,370,Despesas_t_1,-335.07597971759566,0.009582912810447018,17
H1,Teste,70,2T23,Ridge + Brent e Câmbio,10.0,370,Despesas_t_4,-312.3925517139431,0.008934184384779924,18
H1,Teste,70,2T23,Ridge + Brent e Câmbio,10.0,370,EBIT_t,-186.59223158149746,0.005336392921567368,22
H1,Teste,70,2T23,Ridge + Brent e Câmbio,10.0,370,EBIT_t_1,-1384.912423397546,0.03960741982970213,6
H1,Teste,70,2T23,Ridge + Brent e Câmbio,10.0,370,EBIT_t_4,-291.9918054224055,0.008350738883420434,19
H1,Teste,70,2T23,Ridge + Brent e Câmbio,10.0,370,Trimestre_Sin,-166.139437155285,0.004751458883975123,23
H1,Teste,70,2T23,Ridge + Brent e Câmbio,10.0,370,Trimestre_Cos,-496.32551176041284,0.014194524205552207,15
H1,Teste,70,2T23,Ridge + Brent e Câmbio,10.0,370,Brent_t,960.431719935717,0.02746760134906899,8
H1,Teste,70,2T23,Ridge + Brent e Câmbio,10.0,370,Brent_t_1,-1338.4255608732963,0.038277931661745195,7
H1,Teste,70,2T23,Ridge + Brent e Câmbio,10.0,370,Brent_t_4,729.3513246997508,0.020858881495093688,12
H1,Teste,70,2T23,Ridge + Brent e Câmbio,10.0,370,USD_BRL_t,746.9278553763979,0.02136155662306441,11
H1,Teste,70,2T23,Ridge + Brent e Câmbio,10.0,370,USD_BRL_t_1,-65.26261933217816,0.0018664602320009741,26
H1,Teste,70,2T23,Ridge + Brent e Câmbio,10.0,370,USD_BRL_t_4,58.28070209703389,0.0016667828210133687,28
H1,Teste,70,2T23,Ridge + Brent e Câmbio,10.0,370,Brent_BRL_t,-232.26642206352486,0.006642639300212317,20
H1,Teste,70,2T23,Ridge + Brent e Câmbio,10.0,370,Brent_Var_AA,1525.6073903452,0.04363118662511499,5
H1,Teste,70,2T23,Ridge + Brent e Câmbio,10.0,370,USD_BRL_Var_AA,557.2130553275056,0.01593586066821809,14
H1,Teste,70,2T23,Ridge + Brent e Câmbio,10.0,370,Segmento=CORPORATIVO / OUTROS NEGÓCIOS,-31.40159978181697,0.0008980613682643576,29
H1,Teste,70,2T23,Ridge + Brent e Câmbio,10.0,370,Segmento=DISTRIBUIÇÃO,446.91694076446475,0.012781477444211682,16
H1,Teste,70,2T23,Ridge + Brent e Câmbio,10.0,370,Segmento=E&P,59.14338526518766,0.0016914548896899276,27
H1,Teste,70,2T23,Ridge + Brent e Câmbio,10.0,370,Segmento=GÁS & ENERGIA / G&EBC,73.64114780351277,0.002106079639779225,25
H1,Teste,70,2T23,Ridge + Brent e Câmbio,10.0,370,Segmento=INTERNACIONAL,140.72432833031235,0.004024606508155758,24
H1,Teste,70,2T23,Ridge + Brent e Câmbio,10.0,370,Segmento=REFINO / RTC,2177.509494736169,0.0622750805640082,4
H1,Teste,71,3T23,Ridge Contábil,0.1,374,Custo_t,17184.938082079803,0.34445278454057043,1
H1,Teste,71,3T23,Ridge Contábil,0.1,374,Custo_t_1,4433.258276563535,0.08885968344234088,4
H1,Teste,71,3T23,Ridge Contábil,0.1,374,Custo_t_4,60.82964243614907,0.001219261868716781,19
H1,Teste,71,3T23,Ridge Contábil,0.1,374,Receita_t,9709.951589793722,0.19462507498623494,2
H1,Teste,71,3T23,Ridge Contábil,0.1,374,Receita_t_1,-9375.210449541475,0.18791556475643623,3
H1,Teste,71,3T23,Ridge Contábil,0.1,374,Receita_t_4,-1151.2857184771492,0.023076229290856502,7
H1,Teste,71,3T23,Ridge Contábil,0.1,374,Despesas_t,-226.86485399633025,0.004547251220818395,16
H1,Teste,71,3T23,Ridge Contábil,0.1,374,Despesas_t_1,474.6502883359998,0.00951383198004126,12
H1,Teste,71,3T23,Ridge Contábil,0.1,374,Despesas_t_4,-244.37771793062092,0.004898276910793793,15
H1,Teste,71,3T23,Ridge Contábil,0.1,374,EBIT_t,1208.4041560535065,0.024221104225977706,6
H1,Teste,71,3T23,Ridge Contábil,0.1,374,EBIT_t_1,-607.2624989421788,0.012171894813273808,10
H1,Teste,71,3T23,Ridge Contábil,0.1,374,EBIT_t_4,339.2757441295002,0.006800401271992069,13
H1,Teste,71,3T23,Ridge Contábil,0.1,374,Trimestre_Sin,59.16108067714208,0.0011858174221134382,20
H1,Teste,71,3T23,Ridge Contábil,0.1,374,Trimestre_Cos,-635.2898959490155,0.012733672510482744,9
H1,Teste,71,3T23,Ridge Contábil,0.1,374,Segmento=CORPORATIVO / OUTROS NEGÓCIOS,112.18300997003648,0.0022485824492214307,18
H1,Teste,71,3T23,Ridge Contábil,0.1,374,Segmento=DISTRIBUIÇÃO,656.0492978909579,0.01314977140884046,8
H1,Teste,71,3T23,Ridge Contábil,0.1,374,Segmento=E&P,527.9872343097751,0.010582911162742244,11
H1,Teste,71,3T23,Ridge Contábil,0.1,374,Segmento=GÁS & ENERGIA / G&EBC,252.24012507192532,0.005055870032170126,14
H1,Teste,71,3T23,Ridge Contábil,0.1,374,Segmento=INTERNACIONAL,178.67284543028936,0.00358129653050235,17
H1,Teste,71,3T23,Ridge Contábil,0.1,374,Segmento=REFINO / RTC,2452.655205661178,0.0491607191758746,5
H1,Teste,71,3T23,Ridge + Brent e Câmbio,10.0,374,Custo_t,9643.289912938866,0.2640669160143532,1
H1,Teste,71,3T23,Ridge + Brent e Câmbio,10.0,374,Custo_t_1,3532.961781582308,0.09674481743074495,3
H1,Teste,71,3T23,Ridge + Brent e Câmbio,10.0,374,Custo_t_4,637.279612323359,0.01745093877549576,13
H1,Teste,71,3T23,Ridge + Brent e Câmbio,10.0,374,Receita_t,7300.629364893332,0.1999166984251415,2
H1,Teste,71,3T23,Ridge + Brent e Câmbio,10.0,374,Receita_t_1,608.3152305937849,0.016657792968759338,14
H1,Teste,71,3T23,Ridge + Brent e Câmbio,10.0,374,Receita_t_4,-383.67168584601484,0.010506269100905666,18
H1,Teste,71,3T23,Ridge + Brent e Câmbio,10.0,374,Despesas_t,-828.2282404668919,0.02267977829046036,9
H1,Teste,71,3T23,Ridge + Brent e Câmbio,10.0,374,Despesas_t_1,-270.74059831040086,0.007413821992407582,21
H1,Teste,71,3T23,Ridge + Brent e Câmbio,10.0,374,Despesas_t_4,-315.0672678072117,0.008627640825698583,20
H1,Teste,71,3T23,Ridge + Brent e Câmbio,10.0,374,EBIT_t,-68.28305764961924,0.0018698283067661154,29
H1,Teste,71,3T23,Ridge + Brent e Câmbio,10.0,374,EBIT_t_1,-1402.1088911525624,0.03839463234494055,6
H1,Teste,71,3T23,Ridge + Brent e Câmbio,10.0,374,EBIT_t_4,-427.5017426254227,0.011706488945685272,17
H1,Teste,71,3T23,Ridge + Brent e Câmbio,10.0,374,Trimestre_Sin,-258.1223703848752,0.007068290896283532,22
H1,Teste,71,3T23,Ridge + Brent e Câmbio,10.0,374,Trimestre_Cos,-479.39141407514586,0.01312740915408234,16
H1,Teste,71,3T23,Ridge + Brent e Câmbio,10.0,374,Brent_t,989.1600974923614,0.02708665390623528,8
H1,Teste,71,3T23,Ridge + Brent e Câmbio,10.0,374,Brent_t_1,-1349.6625002854353,0.03695846721691892,7
H1,Teste,71,3T23,Ridge + Brent e Câmbio,10.0,374,Brent_t_4,544.6915322057365,0.014915554171581134,15
H1,Teste,71,3T23,Ridge + Brent e Câmbio,10.0,374,USD_BRL_t,695.715577876619,0.019051119351552678,11
H1,Teste,71,3T23,Ridge + Brent e Câmbio,10.0,374,USD_BRL_t_1,-178.1865527650758,0.004879369373803527,24
H1,Teste,71,3T23,Ridge + Brent e Câmbio,10.0,374,USD_BRL_t_4,76.80944004212202,0.0021033103988191914,28
H1,Teste,71,3T23,Ridge + Brent e Câmbio,10.0,374,Brent_BRL_t,-91.2505828901196,0.0024987592643019967,27
H1,Teste,71,3T23,Ridge + Brent e Câmbio,10.0,374,Brent_Var_AA,1477.0145959278498,0.04044581183145084,5
H1,Teste,71,3T23,Ridge + Brent e Câmbio,10.0,374,USD_BRL_Var_AA,737.8414749429451,0.02020467335885439,10
H1,Teste,71,3T23,Ridge + Brent e Câmbio,10.0,374,Segmento=CORPORATIVO / OUTROS NEGÓCIOS,-111.83508280269605,0.0030624346757731863,25
H1,Teste,71,3T23,Ridge + Brent e Câmbio,10.0,374,Segmento=DISTRIBUIÇÃO,649.2867623617501,0.01777973642747813,12
H1,Teste,71,3T23,Ridge + Brent e Câmbio,10.0,374,Segmento=E&P,352.22269778582324,0.009645086105910953,19
H1,Teste,71,3T23,Ridge + Brent e Câmbio,10.0,374,Segmento=GÁS & ENERGIA / G&EBC,102.24748256835595,0.0027998927374183425,26
H1,Teste,71,3T23,Ridge + Brent e Câmbio,10.0,374,Segmento=INTERNACIONAL,182.36639465928022,0.004993828025196885,23
H1,Teste,71,3T23,Ridge + Brent e Câmbio,10.0,374,Segmento=REFINO / RTC,2824.4750624606418,0.07734397968297997,4
H1,Teste,72,4T23,Ridge Contábil,0.1,378,Custo_t,17037.19544168246,0.34656466433376876,1
H1,Teste,72,4T23,Ridge Contábil,0.1,378,Custo_t_1,5334.986260466368,0.10852242253794386,4
H1,Teste,72,4T23,Ridge Contábil,0.1,378,Custo_t_4,270.1790237262292,0.005495887101149517,14
H1,Teste,72,4T23,Ridge Contábil,0.1,378,Receita_t,9207.277846599507,0.18729122215313354,3
H1,Teste,72,4T23,Ridge Contábil,0.1,378,Receita_t_1,-10352.795041509686,0.21059293184481986,2
H1,Teste,72,4T23,Ridge Contábil,0.1,378,Receita_t_4,304.268825454759,0.006189329911833501,13
H1,Teste,72,4T23,Ridge Contábil,0.1,378,Despesas_t,-335.49143760049253,0.006824449355931458,12
H1,Teste,72,4T23,Ridge Contábil,0.1,378,Despesas_t_1,394.6735615970334,0.008028311400457915,11
H1,Teste,72,4T23,Ridge Contábil,0.1,378,Despesas_t_4,-180.34400034432747,0.003668494510019475,16
H1,Teste,72,4T23,Ridge Contábil,0.1,378,EBIT_t,1056.5937187769891,0.021492859475523797,6
H1,Teste,72,4T23,Ridge Contábil,0.1,378,EBIT_t_1,-504.27180719031077,0.010257720537989838,9
H1,Teste,72,4T23,Ridge Contábil,0.1,378,EBIT_t_4,571.6612982952552,0.011628533970538113,8
H1,Teste,72,4T23,Ridge Contábil,0.1,378,Trimestre_Sin,63.75826275429145,0.0012969482568642287,20
H1,Teste,72,4T23,Ridge Contábil,0.1,378,Trimestre_Cos,-704.5282391817589,0.014331266760509477,7
H1,Teste,72,4T23,Ridge Contábil,0.1,378,Segmento=CORPORATIVO / OUTROS NEGÓCIOS,158.31708928092655,0.003220430797589381,18
H1,Teste,72,4T23,Ridge Contábil,0.1,378,Segmento=DISTRIBUIÇÃO,409.9516480041787,0.008339092884739094,10
H1,Teste,72,4T23,Ridge Contábil,0.1,378,Segmento=E&P,210.42936695506086,0.004280480503635426,15
H1,Teste,72,4T23,Ridge Contábil,0.1,378,Segmento=GÁS & ENERGIA / G&EBC,166.5092277200465,0.003387072409352743,17
H1,Teste,72,4T23,Ridge Contábil,0.1,378,Segmento=INTERNACIONAL,120.03324717050073,0.002441674285942738,19
H1,Teste,72,4T23,Ridge Contábil,0.1,378,Segmento=REFINO / RTC,1776.9555178903381,0.03614620696825725,5
H1,Teste,72,4T23,Ridge + Brent e Câmbio,10.0,378,Custo_t,9542.35588453768,0.2674973093745574,1
H1,Teste,72,4T23,Ridge + Brent e Câmbio,10.0,378,Custo_t_1,3644.765621954379,0.10217235753630856,3
H1,Teste,72,4T23,Ridge + Brent e Câmbio,10.0,378,Custo_t_4,990.6979334296523,0.027771866277255898,8
H1,Teste,72,4T23,Ridge + Brent e Câmbio,10.0,378,Receita_t,7102.258604711823,0.19909497090977094,2
H1,Teste,72,4T23,Ridge + Brent e Câmbio,10.0,378,Receita_t_1,643.6540266970695,0.01804331366309206,12
H1,Teste,72,4T23,Ridge + Brent e Câmbio,10.0,378,Receita_t_4,138.18252590465244,0.003873619295835502,24
H1,Teste,72,4T23,Ridge + Brent e Câmbio,10.0,378,Despesas_t,-877.8932217077889,0.024609653796869774,10
H1,Teste,72,4T23,Ridge + Brent e Câmbio,10.0,378,Despesas_t_1,-343.9230376152354,0.009641066452266093,17
H1,Teste,72,4T23,Ridge + Brent e Câmbio,10.0,378,Despesas_t_4,-197.04576328927368,0.005523710511462482,20
H1,Teste,72,4T23,Ridge + Brent e Câmbio,10.0,378,EBIT_t,-187.32596163204158,0.005251238930814668,21
H1,Teste,72,4T23,Ridge + Brent e Câmbio,10.0,378,EBIT_t_1,-1492.3918767001426,0.04183566578108985,6
H1,Teste,72,4T23,Ridge + Brent e Câmbio,10.0,378,EBIT_t_4,-223.55907791522912,0.006266948388026734,19
H1,Teste,72,4T23,Ridge + Brent e Câmbio,10.0,378,Trimestre_Sin,-256.6949727770199,0.0071958345903963186,18
H1,Teste,72,4T23,Ridge + Brent e Câmbio,10.0,378,Trimestre_Cos,-512.8983978813685,0.014377889807914502,16
H1,Teste,72,4T23,Ridge + Brent e Câmbio,10.0,378,Brent_t,910.2494051836197,0.025516682640285584,9
H1,Teste,72,4T23,Ridge + Brent e Câmbio,10.0,378,Brent_t_1,-1332.6983333158114,0.03735903614196511,7
H1,Teste,72,4T23,Ridge + Brent e Câmbio,10.0,378,Brent_t_4,615.2960124954268,0.017248364010204277,14
H1,Teste,72,4T23,Ridge + Brent e Câmbio,10.0,378,USD_BRL_t,621.2989619842374,0.0174166424580004,13
H1,Teste,72,4T23,Ridge + Brent e Câmbio,10.0,378,USD_BRL_t_1,-59.448801453821176,0.0016665061151415965,28
H1,Teste,72,4T23,Ridge + Brent e Câmbio,10.0,378,USD_BRL_t_4,-13.258718364269676,0.00037167671496555224,29
H1,Teste,72,4T23,Ridge + Brent e Câmbio,10.0,378,Brent_BRL_t,-109.15933399905121,0.0030600229640543905,25
H1,Teste,72,4T23,Ridge + Brent e Câmbio,10.0,378,Brent_Var_AA,1633.680617867685,0.04579636045277752,5
H1,Teste,72,4T23,Ridge + Brent e Câmbio,10.0,378,USD_BRL_Var_AA,720.6021302791518,0.02020037119885583,11
H1,Teste,72,4T23,Ridge + Brent e Câmbio,10.0,378,Segmento=CORPORATIVO / OUTROS NEGÓCIOS,-77.52819846780903,0.0021733191196945563,26
H1,Teste,72,4T23,Ridge + Brent e Câmbio,10.0,378,Segmento=DISTRIBUIÇÃO,533.9618752387291,0.014968354425598258,15
H1,Teste,72,4T23,Ridge + Brent e Câmbio,10.0,378,Segmento=E&P,170.03311087134946,0.004766474884506514,22
H1,Teste,72,4T23,Ridge + Brent e Câmbio,10.0,378,Segmento=GÁS & ENERGIA / G&EBC,64.6705559437003,0.0018128856144139455,27
H1,Teste,72,4T23,Ridge + Brent e Câmbio,10.0,378,Segmento=INTERNACIONAL,152.78603263507648,0.004282993962331808,23
H1,Teste,72,4T23,Ridge + Brent e Câmbio,10.0,378,Segmento=REFINO / RTC,2504.3982629350876,0.07020486398154374,4
H1,Teste,73,1T24,Ridge Contábil,0.1,382,Custo_t,17702.865358308492,0.3512227963143629,1
H1,Teste,73,1T24,Ridge Contábil,0.1,382,Custo_t_1,4949.177826403148,0.09819111428933361,4
H1,Teste,73,1T24,Ridge Contábil,0.1,382,Custo_t_4,1361.4271445349445,0.027010556709534284,6
H1,Teste,73,1T24,Ridge Contábil,0.1,382,Receita_t,9121.734784441504,0.18097416058841087,3
H1,Teste,73,1T24,Ridge Contábil,0.1,382,Receita_t_1,-10532.304130540204,0.20895969287963345,2
H1,Teste,73,1T24,Ridge Contábil,0.1,382,Receita_t_4,-244.59740060376006,0.0048527840704023495,14
H1,Teste,73,1T24,Ridge Contábil,0.1,382,Despesas_t,-346.2524187183384,0.006869607844347658,12
H1,Teste,73,1T24,Ridge Contábil,0.1,382,Despesas_t_1,404.351463752676,0.00802228616207418,11
H1,Teste,73,1T24,Ridge Contábil,0.1,382,Despesas_t_4,-171.56577597730885,0.003403845104787691,17
H1,Teste,73,1T24,Ridge Contábil,0.1,382,EBIT_t,1101.3913772226726,0.02185147723349325,7
H1,Teste,73,1T24,Ridge Contábil,0.1,382,EBIT_t_1,-461.95706655413613,0.009165174643107996,10
H1,Teste,73,1T24,Ridge Contábil,0.1,382,EBIT_t_4,676.0321379799324,0.013412399241247814,9
H1,Teste,73,1T24,Ridge Contábil,0.1,382,Trimestre_Sin,79.62620642005952,0.0015797747038522455,20
H1,Teste,73,1T24,Ridge Contábil,0.1,382,Trimestre_Cos,-697.8591442983311,0.013845444516075108,8
H1,Teste,73,1T24,Ridge Contábil,0.1,382,Segmento=CORPORATIVO / OUTROS NEGÓCIOS,175.94000721054272,0.0034906293453253944,16
H1,Teste,73,1T24,Ridge Contábil,0.1,382,Segmento=DISTRIBUIÇÃO,331.49239629371306,0.006576770710656949,13
H1,Teste,73,1T24,Ridge Contábil,0.1,382,Segmento=E&P,224.45152316038912,0.004453092197552718,15
H1,Teste,73,1T24,Ridge Contábil,0.1,382,Segmento=GÁS & ENERGIA / G&EBC,159.0381416993568,0.003155298293113448,18
H1,Teste,73,1T24,Ridge Contábil,0.1,382,Segmento=INTERNACIONAL,107.36927743496051,0.002130194016374911,19
H1,Teste,73,1T24,Ridge Contábil,0.1,382,Segmento=REFINO / RTC,1554.086759601,0.03083290113631324,5
H1,Teste,73,1T24,Ridge + Brent e Câmbio,10.0,382,Custo_t,9700.044651496572,0.26895786553739287,1
H1,Teste,73,1T24,Ridge + Brent e Câmbio,10.0,382,Custo_t_1,3493.610363299482,0.09686903721493414,3
H1,Teste,73,1T24,Ridge + Brent e Câmbio,10.0,382,Custo_t_4,1542.8248526236532,0.04277865661120221,6
H1,Teste,73,1T24,Ridge + Brent e Câmbio,10.0,382,Receita_t,7183.075187335232,0.19916862651577819,2
H1,Teste,73,1T24,Ridge + Brent e Câmbio,10.0,382,Receita_t_1,402.6650073513352,0.011164888904620111,17
H1,Teste,73,1T24,Ridge + Brent e Câmbio,10.0,382,Receita_t_4,479.3011753286793,0.013289817284096329,15
H1,Teste,73,1T24,Ridge + Brent e Câmbio,10.0,382,Despesas_t,-899.3611590009218,0.024937025174910272,9
H1,Teste,73,1T24,Ridge + Brent e Câmbio,10.0,382,Despesas_t_1,-346.09134233513845,0.00959624332255713,18
H1,Teste,73,1T24,Ridge + Brent e Câmbio,10.0,382,Despesas_t_4,-233.3512251291786,0.00647024314693194,21
H1,Teste,73,1T24,Ridge + Brent e Câmbio,10.0,382,EBIT_t,-195.56014674609847,0.005422391498465419,22
H1,Teste,73,1T24,Ridge + Brent e Câmbio,10.0,382,EBIT_t_1,-1521.1770343982828,0.04217841700482692,7
H1,Teste,73,1T24,Ridge + Brent e Câmbio,10.0,382,EBIT_t_4,-263.74597570194453,0.007313013209472972,20
H1,Teste,73,1T24,Ridge + Brent e Câmbio,10.0,382,Trimestre_Sin,-267.485164648537,0.007416691523753863,19
H1,Teste,73,1T24,Ridge + Brent e Câmbio,10.0,382,Trimestre_Cos,-504.2751451839355,0.013982282717771273,14
H1,Teste,73,1T24,Ridge + Brent e Câmbio,10.0,382,Brent_t,887.4465766048337,0.02460666374203513,10
H1,Teste,73,1T24,Ridge + Brent e Câmbio,10.0,382,Brent_t_1,-1331.2727732154879,0.03691284900186934,8
H1,Teste,73,1T24,Ridge + Brent e Câmbio,10.0,382,Brent_t_4,593.2223661338908,0.016448565663024713,12
H1,Teste,73,1T24,Ridge + Brent e Câmbio,10.0,382,USD_BRL_t,577.9309140263953,0.016024572117885237,13
H1,Teste,73,1T24,Ridge + Brent e Câmbio,10.0,382,USD_BRL_t_1,-131.99643159913606,0.00365992938970428,24
H1,Teste,73,1T24,Ridge + Brent e Câmbio,10.0,382,USD_BRL_t_4,31.28250040473671,0.000867385134792396,29
H1,Teste,73,1T24,Ridge + Brent e Câmbio,10.0,382,Brent_BRL_t,-54.00591184313063,0.0014974482383942412,26
H1,Teste,73,1T24,Ridge + Brent e Câmbio,10.0,382,Brent_Var_AA,1670.5551279722263,0.046320296207361736,5
H1,Teste,73,1T24,Ridge + Brent e Câmbio,10.0,382,USD_BRL_Var_AA,729.6915396373953,0.020232512947379922,11
H1,Teste,73,1T24,Ridge + Brent e Câmbio,10.0,382,Segmento=CORPORATIVO / OUTROS NEGÓCIOS,-53.955520530162616,0.0014960510139004947,27
H1,Teste,73,1T24,Ridge + Brent e Câmbio,10.0,382,Segmento=DISTRIBUIÇÃO,444.316668483911,0.012319784812503997,16
H1,Teste,73,1T24,Ridge + Brent e Câmbio,10.0,382,Segmento=E&P,97.61249168481187,0.002706549130089104,25
H1,Teste,73,1T24,Ridge + Brent e Câmbio,10.0,382,Segmento=GÁS & ENERGIA / G&EBC,47.848837341439776,0.0013267280329285905,28
H1,Teste,73,1T24,Ridge + Brent e Câmbio,10.0,382,Segmento=INTERNACIONAL,136.74156524192873,0.003791500022841343,23
H1,Teste,73,1T24,Ridge + Brent e Câmbio,10.0,382,Segmento=REFINO / RTC,2244.846929469816,0.06224396487857605,4
H1,Teste,74,2T24,Ridge Contábil,0.1,386,Custo_t,17246.58732206054,0.33455254040036275,1
H1,Teste,74,2T24,Ridge Contábil,0.1,386,Custo_t_1,5639.609486328606,0.10939820413652715,4
H1,Teste,74,2T24,Ridge Contábil,0.1,386,Custo_t_4,1043.0004089720271,0.020232317846086173,7
H1,Teste,74,2T24,Ridge Contábil,0.1,386,Receita_t,9314.814733749323,0.18069052586121975,3
H1,Teste,74,2T24,Ridge Contábil,0.1,386,Receita_t_1,-10204.932735131339,0.19795720204808107,2
H1,Teste,74,2T24,Ridge Contábil,0.1,386,Receita_t_4,-808.5862834399127,0.015685108607642544,8
H1,Teste,74,2T24,Ridge Contábil,0.1,386,Despesas_t,-336.3631953752446,0.006524836444948747,15
H1,Teste,74,2T24,Ridge Contábil,0.1,386,Despesas_t_1,402.7053124501652,0.007811753293394636,13
H1,Teste,74,2T24,Ridge Contábil,0.1,386,Despesas_t_4,-128.74986712121392,0.002497514106255372,19
H1,Teste,74,2T24,Ridge Contábil,0.1,386,EBIT_t,1128.2755180119755,0.021886500428963916,6
H1,Teste,74,2T24,Ridge Contábil,0.1,386,EBIT_t_1,-498.24767117238974,0.009665101914166533,11
H1,Teste,74,2T24,Ridge Contábil,0.1,386,EBIT_t_4,685.8618257887005,0.01330447652607405,10
H1,Teste,74,2T24,Ridge Contábil,0.1,386,Trimestre_Sin,19.35750078734578,0.0003755004363051472,20
H1,Teste,74,2T24,Ridge Contábil,0.1,386,Trimestre_Cos,-766.545269825214,0.014869589128735962,9
H1,Teste,74,2T24,Ridge Contábil,0.1,386,Segmento=CORPORATIVO / OUTROS NEGÓCIOS,166.86467792413265,0.0032368723655374857,17
H1,Teste,74,2T24,Ridge Contábil,0.1,386,Segmento=DISTRIBUIÇÃO,467.16690873386045,0.009062191446303153,12
H1,Teste,74,2T24,Ridge Contábil,0.1,386,Segmento=E&P,375.81455182627553,0.007290121267764102,14
H1,Teste,74,2T24,Ridge Contábil,0.1,386,Segmento=GÁS & ENERGIA / G&EBC,202.85689807740417,0.0039350562126991675,16
H1,Teste,74,2T24,Ridge Contábil,0.1,386,Segmento=INTERNACIONAL,139.06365004631564,0.002697582804734464,18
H1,Teste,74,2T24,Ridge Contábil,0.1,386,Segmento=REFINO / RTC,1975.803361044179,0.03832700472419786,5
H1,Teste,74,2T24,Ridge + Brent e Câmbio,10.0,386,Custo_t,9639.095358165445,0.2628095233470569,1
H1,Teste,74,2T24,Ridge + Brent e Câmbio,10.0,386,Custo_t_1,3790.370029882841,0.10334427701440127,3
H1,Teste,74,2T24,Ridge + Brent e Câmbio,10.0,386,Custo_t_4,1345.829218951328,0.03669397618724849,8
H1,Teste,74,2T24,Ridge + Brent e Câmbio,10.0,386,Receita_t,7161.011944232941,0.19524468488136498,2
H1,Teste,74,2T24,Ridge + Brent e Câmbio,10.0,386,Receita_t_1,669.1994440880027,0.018245694267968748,12
H1,Teste,74,2T24,Ridge + Brent e Câmbio,10.0,386,Receita_t_4,219.11242444646953,0.005974090896342628,21
H1,Teste,74,2T24,Ridge + Brent e Câmbio,10.0,386,Despesas_t,-909.672254342985,0.024802175171283244,9
H1,Teste,74,2T24,Ridge + Brent e Câmbio,10.0,386,Despesas_t_1,-331.56702815525676,0.009040160864605025,17
H1,Teste,74,2T24,Ridge + Brent e Câmbio,10.0,386,Despesas_t_4,-227.79527479457687,0.006210828440322505,20
H1,Teste,74,2T24,Ridge + Brent e Câmbio,10.0,386,EBIT_t,-172.96819714859805,0.004715970509443588,23
H1,Teste,74,2T24,Ridge + Brent e Câmbio,10.0,386,EBIT_t_1,-1528.273481506064,0.04166831121535856,6
H1,Teste,74,2T24,Ridge + Brent e Câmbio,10.0,386,EBIT_t_4,-296.3445518886453,0.008079821553210043,19
H1,Teste,74,2T24,Ridge + Brent e Câmbio,10.0,386,Trimestre_Sin,-298.4849161041139,0.008138178492150363,18
H1,Teste,74,2T24,Ridge + Brent e Câmbio,10.0,386,Trimestre_Cos,-547.2632676225551,0.014921109623363049,15
H1,Teste,74,2T24,Ridge + Brent e Câmbio,10.0,386,Brent_t,885.3460315951461,0.024138921746803103,10
H1,Teste,74,2T24,Ridge + Brent e Câmbio,10.0,386,Brent_t_1,-1347.835093019817,0.0367486662580742,7
H1,Teste,74,2T24,Ridge + Brent e Câmbio,10.0,386,Brent_t_4,617.2736696941562,0.01682994024637238,13
H1,Teste,74,2T24,Ridge + Brent e Câmbio,10.0,386,USD_BRL_t,583.4859099788549,0.015908718420485884,14
H1,Teste,74,2T24,Ridge + Brent e Câmbio,10.0,386,USD_BRL_t_1,-31.501220969901592,0.0008588794446293155,29
H1,Teste,74,2T24,Ridge + Brent e Câmbio,10.0,386,USD_BRL_t_4,-43.76600970638202,0.0011932783858179465,27
H1,Teste,74,2T24,Ridge + Brent e Câmbio,10.0,386,Brent_BRL_t,-40.50330311861691,0.00110432083002144,28
H1,Teste,74,2T24,Ridge + Brent e Câmbio,10.0,386,Brent_Var_AA,1687.8265459588406,0.04601851870468224,5
H1,Teste,74,2T24,Ridge + Brent e Câmbio,10.0,386,USD_BRL_Var_AA,745.7344793346608,0.020332418735891495,11
H1,Teste,74,2T24,Ridge + Brent e Câmbio,10.0,386,Segmento=CORPORATIVO / OUTROS NEGÓCIOS,-71.67531398689985,0.001954224375287529,25
H1,Teste,74,2T24,Ridge + Brent e Câmbio,10.0,386,Segmento=DISTRIBUIÇÃO,527.4546760995739,0.014381029221323949,16
H1,Teste,74,2T24,Ridge + Brent e Câmbio,10.0,386,Segmento=E&P,211.55358168390615,0.005767999371187022,22
H1,Teste,74,2T24,Ridge + Brent e Câmbio,10.0,386,Segmento=GÁS & ENERGIA / G&EBC,62.413224098076775,0.0017016938899638038,26
H1,Teste,74,2T24,Ridge + Brent e Câmbio,10.0,386,Segmento=INTERNACIONAL,154.90243191672,0.004223408191812015,24
H1,Teste,74,2T24,Ridge + Brent e Câmbio,10.0,386,Segmento=REFINO / RTC,2528.857058381138,0.06894917971352846,4
H1,Teste,75,3T24,Ridge Contábil,0.1,390,Custo_t,16921.47196061162,0.325922123355964,1
H1,Teste,75,3T24,Ridge Contábil,0.1,390,Custo_t_1,6447.689631644548,0.12418805529314417,4
H1,Teste,75,3T24,Ridge Contábil,0.1,390,Custo_t_4,1132.978308185374,0.02182213797827775,6
H1,Teste,75,3T24,Ridge Contábil,0.1,390,Receita_t,9355.418048185878,0.180193408838485,3
H1,Teste,75,3T24,Ridge Contábil,0.1,390,Receita_t_1,-10507.863754020334,0.20239050566152358,2
H1,Teste,75,3T24,Ridge Contábil,0.1,390,Receita_t_4,-628.0424853428226,0.012096639161011327,10
H1,Teste,75,3T24,Ridge Contábil,0.1,390,Despesas_t,-367.643355662401,0.0070811276580498295,14
H1,Teste,75,3T24,Ridge Contábil,0.1,390,Despesas_t_1,376.1650341470471,0.007245262524847333,13
H1,Teste,75,3T24,Ridge Contábil,0.1,390,Despesas_t_4,-129.5525914015115,0.0024952944858540583,18
H1,Teste,75,3T24,Ridge Contábil,0.1,390,EBIT_t,1124.377797836616,0.021656484741884547,7
H1,Teste,75,3T24,Ridge Contábil,0.1,390,EBIT_t_1,-467.42020656210786,0.009002915737875273,11
H1,Teste,75,3T24,Ridge Contábil,0.1,390,EBIT_t_4,653.1847674001659,0.012580901166894632,9
H1,Teste,75,3T24,Ridge Contábil,0.1,390,Trimestre_Sin,45.29004172292127,0.000872325209034662,20
H1,Teste,75,3T24,Ridge Contábil,0.1,390,Trimestre_Cos,-768.6922548090863,0.014805674853690784,8
H1,Teste,75,3T24,Ridge Contábil,0.1,390,Segmento=CORPORATIVO / OUTROS NEGÓCIOS,180.83702762829077,0.003483076895626244,17
H1,Teste,75,3T24,Ridge Contábil,0.1,390,Segmento=DISTRIBUIÇÃO,395.61437241985215,0.007619873530467669,12
H1,Teste,75,3T24,Ridge Contábil,0.1,390,Segmento=E&P,321.1896472224872,0.006186389225853277,15
H1,Teste,75,3T24,Ridge Contábil,0.1,390,Segmento=GÁS & ENERGIA / G&EBC,187.66905669508563,0.0036146676594476534,16
H1,Teste,75,3T24,Ridge Contábil,0.1,390,Segmento=INTERNACIONAL,123.20937744270083,0.00237311872199799,19
H1,Teste,75,3T24,Ridge Contábil,0.1,390,Segmento=REFINO / RTC,1784.4486223896974,0.03437001730007025,5
H1,Teste,75,3T24,Ridge + Brent e Câmbio,10.0,390,Custo_t,9630.725157281084,0.2598272082527504,1
H1,Teste,75,3T24,Ridge + Brent e Câmbio,10.0,390,Custo_t_1,3988.938214402995,0.10761751199570566,3
H1,Teste,75,3T24,Ridge + Brent e Câmbio,10.0,390,Custo_t_4,1502.024562283402,0.040523101051233267,7
H1,Teste,75,3T24,Ridge + Brent e Câmbio,10.0,390,Receita_t,7126.732521709573,0.19227202363675944,2
H1,Teste,75,3T24,Ridge + Brent e Câmbio,10.0,390,Receita_t_1,743.7699390199513,0.02006615947209011,12
H1,Teste,75,3T24,Ridge + Brent e Câmbio,10.0,390,Receita_t_4,281.2412732687336,0.0075876046388488145,20
H1,Teste,75,3T24,Ridge + Brent e Câmbio,10.0,390,Despesas_t,-914.1784554765733,0.024663608612245726,9
H1,Teste,75,3T24,Ridge + Brent e Câmbio,10.0,390,Despesas_t_1,-389.72216951394904,0.010514309322020155,17
H1,Teste,75,3T24,Ridge + Brent e Câmbio,10.0,390,Despesas_t_4,-199.67290118933624,0.0053869725937023055,22
H1,Teste,75,3T24,Ridge + Brent e Câmbio,10.0,390,EBIT_t,-185.78371386527013,0.0050122563902621885,23
H1,Teste,75,3T24,Ridge + Brent e Câmbio,10.0,390,EBIT_t_1,-1572.357615596061,0.042420615578091514,6
H1,Teste,75,3T24,Ridge + Brent e Câmbio,10.0,390,EBIT_t_4,-318.43825118822275,0.008591141420391503,18
H1,Teste,75,3T24,Ridge + Brent e Câmbio,10.0,390,Trimestre_Sin,-287.1277194410323,0.007746414993261446,19
H1,Teste,75,3T24,Ridge + Brent e Câmbio,10.0,390,Trimestre_Cos,-548.8276000214901,0.014806812653960045,15
H1,Teste,75,3T24,Ridge + Brent e Câmbio,10.0,390,Brent_t,883.824911806253,0.023844700753944452,10
H1,Teste,75,3T24,Ridge + Brent e Câmbio,10.0,390,Brent_t_1,-1344.312982948485,0.0362682024118776,8
H1,Teste,75,3T24,Ridge + Brent e Câmbio,10.0,390,Brent_t_4,598.4574531504568,0.01614577581342103,13
H1,Teste,75,3T24,Ridge + Brent e Câmbio,10.0,390,USD_BRL_t,578.5679097944831,0.015609176082953414,14
H1,Teste,75,3T24,Ridge + Brent e Câmbio,10.0,390,USD_BRL_t_1,-45.11968578439795,0.0012172834135691522,27
H1,Teste,75,3T24,Ridge + Brent e Câmbio,10.0,390,USD_BRL_t_4,-37.5253155038456,0.0010123949969433528,28
H1,Teste,75,3T24,Ridge + Brent e Câmbio,10.0,390,Brent_BRL_t,-23.673808448736377,0.0006386953689873658,29
H1,Teste,75,3T24,Ridge + Brent e Câmbio,10.0,390,Brent_Var_AA,1694.242438020954,0.045708944610625434,5
H1,Teste,75,3T24,Ridge + Brent e Câmbio,10.0,390,USD_BRL_Var_AA,751.205813646656,0.020266771836540513,11
H1,Teste,75,3T24,Ridge + Brent e Câmbio,10.0,390,Segmento=CORPORATIVO / OUTROS NEGÓCIOS,-62.58343148241516,0.0016884375807007183,25
H1,Teste,75,3T24,Ridge + Brent e Câmbio,10.0,390,Segmento=DISTRIBUIÇÃO,494.3086892205218,0.013335947671411268,16
H1,Teste,75,3T24,Ridge + Brent e Câmbio,10.0,390,Segmento=E&P,203.35115620938436,0.005486208187854654,21
H1,Teste,75,3T24,Ridge + Brent e Câmbio,10.0,390,Segmento=GÁS & ENERGIA / G&EBC,58.613899351663015,0.0015813436251824093,26
H1,Teste,75,3T24,Ridge + Brent e Câmbio,10.0,390,Segmento=INTERNACIONAL,150.84716807787666,0.00406970377769282,24
H1,Teste,75,3T24,Ridge + Brent e Câmbio,10.0,390,Segmento=REFINO / RTC,2449.709227443229,0.06609067325697322,4
H1,Teste,76,4T24,Ridge Contábil,0.1,394,Custo_t,17545.3878014037,0.33535428493847935,1
H1,Teste,76,4T24,Ridge Contábil,0.1,394,Custo_t_1,6185.5435457994245,0.11822756819267546,4
H1,Teste,76,4T24,Ridge Contábil,0.1,394,Custo_t_4,1314.0520132641777,0.02511617174086753,6
H1,Teste,76,4T24,Ridge Contábil,0.1,394,Receita_t,9308.383926945182,0.1779160695156476,3
H1,Teste,76,4T24,Ridge Contábil,0.1,394,Receita_t_1,-10449.431638763359,0.19972551846079195,2
H1,Teste,76,4T24,Ridge Contábil,0.1,394,Receita_t_4,-725.5750941975474,0.013868300868466492,9
H1,Teste,76,4T24,Ridge Contábil,0.1,394,Despesas_t,-380.17783496688253,0.007266540212042396,12
H1,Teste,76,4T24,Ridge Contábil,0.1,394,Despesas_t_1,365.24541154627195,0.006981128898522336,13
H1,Teste,76,4T24,Ridge Contábil,0.1,394,Despesas_t_4,-114.85753810110819,0.0021953329271302683,18
H1,Teste,76,4T24,Ridge Contábil,0.1,394,EBIT_t,1121.715931102521,0.02143995038678434,7
H1,Teste,76,4T24,Ridge Contábil,0.1,394,EBIT_t_1,-490.7467620796002,0.009379902647116857,11
H1,Teste,76,4T24,Ridge Contábil,0.1,394,EBIT_t_4,664.7132351631151,0.012705015938686502,10
H1,Teste,76,4T24,Ridge Contábil,0.1,394,Trimestre_Sin,55.729363674380316,0.0010651848290069187,20
H1,Teste,76,4T24,Ridge Contábil,0.1,394,Trimestre_Cos,-801.579309647457,0.01532100967222832,8
H1,Teste,76,4T24,Ridge Contábil,0.1,394,Segmento=CORPORATIVO / OUTROS NEGÓCIOS,181.00576244587938,0.0034596589554963166,17
H1,Teste,76,4T24,Ridge Contábil,0.1,394,Segmento=DISTRIBUIÇÃO,351.26811040581754,0.006713973342749902,14
H1,Teste,76,4T24,Ridge Contábil,0.1,394,Segmento=E&P,298.727373223789,0.005709734419834212,15
H1,Teste,76,4T24,Ridge Contábil,0.1,394,Segmento=GÁS & ENERGIA / G&EBC,181.91323928548337,0.0034770040407169057,16
H1,Teste,76,4T24,Ridge Contábil,0.1,394,Segmento=INTERNACIONAL,113.53049857614415,0.002169968518203165,19
H1,Teste,76,4T24,Ridge Contábil,0.1,394,Segmento=REFINO / RTC,1669.3767481405785,0.03190768149455316,5
H1,Teste,76,4T24,Ridge + Brent e Câmbio,10.0,394,Custo_t,9848.58607515682,0.2620351455353784,1
H1,Teste,76,4T24,Ridge + Brent e Câmbio,10.0,394,Custo_t_1,4024.2330021459047,0.10707024057448612,3
H1,Teste,76,4T24,Ridge + Brent e Câmbio,10.0,394,Custo_t_4,1610.8998393616816,0.04286020050277466,6
H1,Teste,76,4T24,Ridge + Brent e Câmbio,10.0,394,Receita_t,7195.9645018501515,0.19145850897989908,2
H1,Teste,76,4T24,Ridge + Brent e Câmbio,10.0,394,Receita_t_1,777.4641453611389,0.02068550032701021,11
H1,Teste,76,4T24,Ridge + Brent e Câmbio,10.0,394,Receita_t_4,299.36400396158274,0.00796499007547922,19
H1,Teste,76,4T24,Ridge + Brent e Câmbio,10.0,394,Despesas_t,-945.1873287645705,0.025148005750366156,9
H1,Teste,76,4T24,Ridge + Brent e Câmbio,10.0,394,Despesas_t_1,-397.20223887554016,0.010568110556831682,17
H1,Teste,76,4T24,Ridge + Brent e Câmbio,10.0,394,Despesas_t_4,-195.28599543868924,0.005195851855819147,22
H1,Teste,76,4T24,Ridge + Brent e Câmbio,10.0,394,EBIT_t,-231.55379725339117,0.006160806485269584,21
H1,Teste,76,4T24,Ridge + Brent e Câmbio,10.0,394,EBIT_t_1,-1590.276018590101,0.04231147545370303,7
H1,Teste,76,4T24,Ridge + Brent e Câmbio,10.0,394,EBIT_t_4,-355.07908523737666,0.00944736625813198,18
H1,Teste,76,4T24,Ridge + Brent e Câmbio,10.0,394,Trimestre_Sin,-282.1098058062429,0.007505918459490045,20
H1,Teste,76,4T24,Ridge + Brent e Câmbio,10.0,394,Trimestre_Cos,-581.950621947545,0.015483594777233113,14
H1,Teste,76,4T24,Ridge + Brent e Câmbio,10.0,394,Brent_t,875.2004801466546,0.023285909615630786,10
H1,Teste,76,4T24,Ridge + Brent e Câmbio,10.0,394,Brent_t_1,-1343.4544614380457,0.03574444926780682,8
H1,Teste,76,4T24,Ridge + Brent e Câmbio,10.0,394,Brent_t_4,556.4129004005716,0.014804128655788206,15
H1,Teste,76,4T24,Ridge + Brent e Câmbio,10.0,394,USD_BRL_t,619.9420506734224,0.01649440886560201,13
H1,Teste,76,4T24,Ridge + Brent e Câmbio,10.0,394,USD_BRL_t_1,-103.36688423662868,0.002750217782307631,25
H1,Teste,76,4T24,Ridge + Brent e Câmbio,10.0,394,USD_BRL_t_4,-68.53900935991412,0.0018235743847311386,26
H1,Teste,76,4T24,Ridge + Brent e Câmbio,10.0,394,Brent_BRL_t,35.39865044612365,0.0009418296647479218,29
H1,Teste,76,4T24,Ridge + Brent e Câmbio,10.0,394,Brent_Var_AA,1656.3793663001961,0.044070245718328516,5
H1,Teste,76,4T24,Ridge + Brent e Câmbio,10.0,394,USD_BRL_Var_AA,736.1589027128447,0.019586517672431792,12
H1,Teste,76,4T24,Ridge + Brent e Câmbio,10.0,394,Segmento=CORPORATIVO / OUTROS NEGÓCIOS,-57.673424680507345,0.0015344805959305978,27
H1,Teste,76,4T24,Ridge + Brent e Câmbio,10.0,394,Segmento=DISTRIBUIÇÃO,455.4164415844144,0.012116979294195383,16
H1,Teste,76,4T24,Ridge + Brent e Câmbio,10.0,394,Segmento=E&P,189.6063969067287,0.0050447383440370905,23
H1,Teste,76,4T24,Ridge + Brent e Câmbio,10.0,394,Segmento=GÁS & ENERGIA / G&EBC,54.13435127361931,0.0014403186920636485,28
H1,Teste,76,4T24,Ridge + Brent e Câmbio,10.0,394,Segmento=INTERNACIONAL,147.1800511129042,0.003915927202033434,24
H1,Teste,76,4T24,Ridge + Brent e Câmbio,10.0,394,Segmento=REFINO / RTC,2350.9615844835025,0.06255055865249258,4
H1,Teste,77,1T25,Ridge Contábil,0.1,398,Custo_t,17504.124466516067,0.3319312254766742,1
H1,Teste,77,1T25,Ridge Contábil,0.1,398,Custo_t_1,6202.520611852796,0.11761858021947698,4
H1,Teste,77,1T25,Ridge Contábil,0.1,398,Custo_t_4,1271.0020735668832,0.024102049586626338,6
H1,Teste,77,1T25,Ridge Contábil,0.1,398,Receita_t,9516.959673243768,0.1804703853194572,3
H1,Teste,77,1T25,Ridge Contábil,0.1,398,Receita_t_1,-10355.53854781012,0.1963723811048574,2
H1,Teste,77,1T25,Ridge Contábil,0.1,398,Receita_t_4,-808.5234707511809,0.015332054281633502,8
H1,Teste,77,1T25,Ridge Contábil,0.1,398,Despesas_t,-370.49239206324415,0.007025658093472983,13
H1,Teste,77,1T25,Ridge Contábil,0.1,398,Despesas_t_1,357.7185302652424,0.006783426977669892,14
H1,Teste,77,1T25,Ridge Contábil,0.1,398,Despesas_t_4,-105.99976170314892,0.002010076589072874,19
H1,Teste,77,1T25,Ridge Contábil,0.1,398,EBIT_t,1132.9892750415158,0.021484908841676618,7
H1,Teste,77,1T25,Ridge Contábil,0.1,398,EBIT_t_1,-517.6585277492455,0.00981637383937419,11
H1,Teste,77,1T25,Ridge Contábil,0.1,398,EBIT_t_4,660.5070574640296,0.012525214696651686,10
H1,Teste,77,1T25,Ridge Contábil,0.1,398,Trimestre_Sin,75.20434003582848,0.0014261021050786383,20
H1,Teste,77,1T25,Ridge Contábil,0.1,398,Trimestre_Cos,-796.6883272759237,0.015107624108907687,9
H1,Teste,77,1T25,Ridge Contábil,0.1,398,Segmento=CORPORATIVO / OUTROS NEGÓCIOS,172.68949591906477,0.0032747159743416283,17
H1,Teste,77,1T25,Ridge Contábil,0.1,398,Segmento=DISTRIBUIÇÃO,402.90710771675856,0.007640339296804856,12
H1,Teste,77,1T25,Ridge Contábil,0.1,398,Segmento=E&P,326.2812109584561,0.006187280169918128,15
H1,Teste,77,1T25,Ridge Contábil,0.1,398,Segmento=GÁS & ENERGIA / G&EBC,201.00735004771033,0.0038117082724580887,16
H1,Teste,77,1T25,Ridge Contábil,0.1,398,Segmento=INTERNACIONAL,124.50214218767766,0.0023609377726878295,18
H1,Teste,77,1T25,Ridge Contábil,0.1,398,Segmento=REFINO / RTC,1830.8761056881629,0.03471895727315925,5
H1,Teste,77,1T25,Ridge + Brent e Câmbio,10.0,398,Custo_t,9851.09188683659,0.26053412278890353,1
H1,Teste,77,1T25,Ridge + Brent e Câmbio,10.0,398,Custo_t_1,4103.4730182744,0.10852550717069454,3
H1,Teste,77,1T25,Ridge + Brent e Câmbio,10.0,398,Custo_t_4,1620.4214879516853,0.042855664708184166,6
H1,Teste,77,1T25,Ridge + Brent e Câmbio,10.0,398,Receita_t,7230.684332007435,0.1912315935373911,2
H1,Teste,77,1T25,Ridge + Brent e Câmbio,10.0,398,Receita_t_1,877.0943742505123,0.02319671931025102,11
H1,Teste,77,1T25,Ridge + Brent e Câmbio,10.0,398,Receita_t_4,270.8215518293621,0.007162480692366203,19
H1,Teste,77,1T25,Ridge + Brent e Câmbio,10.0,398,Despesas_t,-929.2189473356709,0.02457527004152928,9
H1,Teste,77,1T25,Ridge + Brent e Câmbio,10.0,398,Despesas_t_1,-392.2244763066803,0.01037325212725357,17
H1,Teste,77,1T25,Ridge + Brent e Câmbio,10.0,398,Despesas_t_4,-191.74342910714597,0.005071083152692885,23
H1,Teste,77,1T25,Ridge + Brent e Câmbio,10.0,398,EBIT_t,-225.02607955674665,0.005951317165184769,21
H1,Teste,77,1T25,Ridge + Brent e Câmbio,10.0,398,EBIT_t_1,-1583.1269439866082,0.041869327212973394,7
H1,Teste,77,1T25,Ridge + Brent e Câmbio,10.0,398,EBIT_t_4,-376.3704909752825,0.00995395808264688,18
H1,Teste,77,1T25,Ridge + Brent e Câmbio,10.0,398,Trimestre_Sin,-262.48945736405653,0.006942119848365412,20
H1,Teste,77,1T25,Ridge + Brent e Câmbio,10.0,398,Trimestre_Cos,-576.2618742123559,0.015240532076979507,13
H1,Teste,77,1T25,Ridge + Brent e Câmbio,10.0,398,Brent_t,895.6740916156223,0.023688101425146626,10
H1,Teste,77,1T25,Ridge + Brent e Câmbio,10.0,398,Brent_t_1,-1345.6755702545047,0.03558939539719376,8
H1,Teste,77,1T25,Ridge + Brent e Câmbio,10.0,398,Brent_t_4,572.3099436125544,0.015136014447464985,14
H1,Teste,77,1T25,Ridge + Brent e Câmbio,10.0,398,USD_BRL_t,533.100248152856,0.014099026494376974,15
H1,Teste,77,1T25,Ridge + Brent e Câmbio,10.0,398,USD_BRL_t_1,-71.38638127838213,0.0018879722612566074,26
H1,Teste,77,1T25,Ridge + Brent e Câmbio,10.0,398,USD_BRL_t_4,30.411439437093666,0.0008042984257489645,28
H1,Teste,77,1T25,Ridge + Brent e Câmbio,10.0,398,Brent_BRL_t,-13.453647993297116,0.0003558117636612499,29
H1,Teste,77,1T25,Ridge + Brent e Câmbio,10.0,398,Brent_Var_AA,1678.040282404695,0.04437952239232862,5
H1,Teste,77,1T25,Ridge + Brent e Câmbio,10.0,398,USD_BRL_Var_AA,769.6514939291023,0.020355152416345952,12
H1,Teste,77,1T25,Ridge + Brent e Câmbio,10.0,398,Segmento=CORPORATIVO / OUTROS NEGÓCIOS,-71.51853471144169,0.0018914673538972233,25
H1,Teste,77,1T25,Ridge + Brent e Câmbio,10.0,398,Segmento=DISTRIBUIÇÃO,478.90553421199064,0.012665726265470773,16
H1,Teste,77,1T25,Ridge + Brent e Câmbio,10.0,398,Segmento=E&P,207.35242113086386,0.005483897802199137,22
H1,Teste,77,1T25,Ridge + Brent e Câmbio,10.0,398,Segmento=GÁS & ENERGIA / G&EBC,60.12580904787288,0.0015901612833591195,27
H1,Teste,77,1T25,Ridge + Brent e Câmbio,10.0,398,Segmento=INTERNACIONAL,147.73714268055608,0.003907238640525762,24
H1,Teste,77,1T25,Ridge + Brent e Câmbio,10.0,398,Segmento=REFINO / RTC,2445.7479399787135,0.06468326571560808,4
H1,Teste,78,2T25,Ridge Contábil,0.1,402,Custo_t,17659.07480640441,0.3599713168411038,1
H1,Teste,78,2T25,Ridge Contábil,0.1,402,Custo_t_1,5691.968655810224,0.1160279049108056,4
H1,Teste,78,2T25,Ridge Contábil,0.1,402,Custo_t_4,583.410450205177,0.011892527231554291,9
H1,Teste,78,2T25,Ridge Contábil,0.1,402,Receita_t,9344.103291420164,0.1904748240429861,3
H1,Teste,78,2T25,Ridge Contábil,0.1,402,Receita_t_1,-9490.149441216301,0.19345190100981688,2
H1,Teste,78,2T25,Ridge Contábil,0.1,402,Receita_t_4,185.92462914870296,0.003789979617934451,14
H1,Teste,78,2T25,Ridge Contábil,0.1,402,Despesas_t,-352.1728753742238,0.007178866112408158,11
H1,Teste,78,2T25,Ridge Contábil,0.1,402,Despesas_t_1,266.39277744781924,0.005430282160652767,13
H1,Teste,78,2T25,Ridge Contábil,0.1,402,Despesas_t_4,-59.05916207139641,0.0012038911763747964,20
H1,Teste,78,2T25,Ridge Contábil,0.1,402,EBIT_t,911.9209177620531,0.0185890471171628,6
H1,Teste,78,2T25,Ridge Contábil,0.1,402,EBIT_t_1,-614.4216891279425,0.012524675667091438,8
H1,Teste,78,2T25,Ridge Contábil,0.1,402,EBIT_t_4,487.8056066041953,0.009943670803642684,10
H1,Teste,78,2T25,Ridge Contábil,0.1,402,Trimestre_Sin,76.84784265254586,0.001566504441444596,19
H1,Teste,78,2T25,Ridge Contábil,0.1,402,Trimestre_Cos,-751.1937688323961,0.015312705401268277,7
H1,Teste,78,2T25,Ridge Contábil,0.1,402,Segmento=CORPORATIVO / OUTROS NEGÓCIOS,135.32457999929213,0.0027585231841051926,17
H1,Teste,78,2T25,Ridge Contábil,0.1,402,Segmento=DISTRIBUIÇÃO,346.9558509542052,0.0070725197057557995,12
H1,Teste,78,2T25,Ridge Contábil,0.1,402,Segmento=E&P,161.79310664845406,0.0032980707253663683,15
H1,Teste,78,2T25,Ridge Contábil,0.1,402,Segmento=GÁS & ENERGIA / G&EBC,149.48613022718874,0.0030471992297040583,16
H1,Teste,78,2T25,Ridge Contábil,0.1,402,Segmento=INTERNACIONAL,103.22083819619617,0.0021041046293915518,18
H1,Teste,78,2T25,Ridge Contábil,0.1,402,Segmento=REFINO / RTC,1685.6677829409828,0.03436148599143056,5
H1,Teste,78,2T25,Ridge + Brent e Câmbio,10.0,402,Custo_t,9811.979509878147,0.2561166241198635,1
H1,Teste,78,2T25,Ridge + Brent e Câmbio,10.0,402,Custo_t_1,4132.4795025144385,0.10786780571270017,3
H1,Teste,78,2T25,Ridge + Brent e Câmbio,10.0,402,Custo_t_4,1624.5582075252216,0.042404936066029714,6
H1,Teste,78,2T25,Ridge + Brent e Câmbio,10.0,402,Receita_t,7217.21642023894,0.18838697158235293,2
H1,Teste,78,2T25,Ridge + Brent e Câmbio,10.0,402,Receita_t_1,1076.3788279490989,0.028096115713539867,9
H1,Teste,78,2T25,Ridge + Brent e Câmbio,10.0,402,Receita_t_4,520.6871535380618,0.013591206122321547,16
H1,Teste,78,2T25,Ridge + Brent e Câmbio,10.0,402,Despesas_t,-908.9999116273754,0.023727117291355702,10
H1,Teste,78,2T25,Ridge + Brent e Câmbio,10.0,402,Despesas_t_1,-415.41116142137867,0.010843245664938866,18
H1,Teste,78,2T25,Ridge + Brent e Câmbio,10.0,402,Despesas_t_4,-138.28597867425142,0.0036096017103892787,25
H1,Teste,78,2T25,Ridge + Brent e Câmbio,10.0,402,EBIT_t,-324.40923453012437,0.008467873164382132,20
H1,Teste,78,2T25,Ridge + Brent e Câmbio,10.0,402,EBIT_t_1,-1585.033437800986,0.041373243064561964,7
H1,Teste,78,2T25,Ridge + Brent e Câmbio,10.0,402,EBIT_t_4,-356.42716719168095,0.00930361938830355,19
H1,Teste,78,2T25,Ridge + Brent e Câmbio,10.0,402,Trimestre_Sin,-257.27437499828784,0.00671548940056109,21
H1,Teste,78,2T25,Ridge + Brent e Câmbio,10.0,402,Trimestre_Cos,-545.2092659032738,0.014231293133198729,15
H1,Teste,78,2T25,Ridge + Brent e Câmbio,10.0,402,Brent_t,880.9566056639213,0.022995118529506527,11
H1,Teste,78,2T25,Ridge + Brent e Câmbio,10.0,402,Brent_t_1,-1357.8927927355671,0.0354443175958534,8
H1,Teste,78,2T25,Ridge + Brent e Câmbio,10.0,402,Brent_t_4,570.5471311727724,0.014892673286784935,14
H1,Teste,78,2T25,Ridge + Brent e Câmbio,10.0,402,USD_BRL_t,637.5325474198964,0.016641156215964056,13
H1,Teste,78,2T25,Ridge + Brent e Câmbio,10.0,402,USD_BRL_t_1,-47.87558101807838,0.0012496695672654873,28
H1,Teste,78,2T25,Ridge + Brent e Câmbio,10.0,402,USD_BRL_t_4,-154.88402442481572,0.004042851233621759,22
H1,Teste,78,2T25,Ridge + Brent e Câmbio,10.0,402,Brent_BRL_t,52.0532002381272,0.0013587156298280913,27
H1,Teste,78,2T25,Ridge + Brent e Câmbio,10.0,402,Brent_Var_AA,1715.4158222394988,0.04477654166638557,5
H1,Teste,78,2T25,Ridge + Brent e Câmbio,10.0,402,USD_BRL_Var_AA,748.7840450243174,0.019545091957578465,12
H1,Teste,78,2T25,Ridge + Brent e Câmbio,10.0,402,Segmento=CORPORATIVO / OUTROS NEGÓCIOS,-84.26823112594012,0.0021996065987296603,26
H1,Teste,78,2T25,Ridge + Brent e Câmbio,10.0,402,Segmento=DISTRIBUIÇÃO,452.9860586910843,0.01182404223414075,17
H1,Teste,78,2T25,Ridge + Brent e Câmbio,10.0,402,Segmento=E&P,146.34887096474733,0.003820062887158443,23
H1,Teste,78,2T25,Ridge + Brent e Câmbio,10.0,402,Segmento=GÁS & ENERGIA / G&EBC,33.66330037473668,0.0008786943388977344,29
H1,Teste,78,2T25,Ridge + Brent e Câmbio,10.0,402,Segmento=INTERNACIONAL,140.72146511707683,0.0036731738535229004,24
H1,Teste,78,2T25,Ridge + Brent e Câmbio,10.0,402,Segmento=REFINO / RTC,2372.312243420543,0.061923142270262944,4
H1,Teste,79,3T25,Ridge Contábil,0.1,406,Custo_t,17765.582515117665,0.3605890981744152,1
H1,Teste,79,3T25,Ridge Contábil,0.1,406,Custo_t_1,5907.401541174286,0.1199028848321486,4
H1,Teste,79,3T25,Ridge Contábil,0.1,406,Custo_t_4,929.0111831169307,0.01885619592991217,6
H1,Teste,79,3T25,Ridge Contábil,0.1,406,Receita_t,9070.658810566278,0.18410770812421315,3
H1,Teste,79,3T25,Ridge Contábil,0.1,406,Receita_t_1,-9307.003306827964,0.18890480659779077,2
H1,Teste,79,3T25,Ridge Contábil,0.1,406,Receita_t_4,-226.0040992306856,0.0045872188123280465,14
H1,Teste,79,3T25,Ridge Contábil,0.1,406,Despesas_t,-348.1461001841809,0.007066342361221581,12
H1,Teste,79,3T25,Ridge Contábil,0.1,406,Despesas_t_1,204.94193178275648,0.004159718731247987,15
H1,Teste,79,3T25,Ridge Contábil,0.1,406,Despesas_t_4,-21.470499215198867,0.00043578801555057097,20
H1,Teste,79,3T25,Ridge Contábil,0.1,406,EBIT_t,888.1908962994105,0.018027664110129446,7
H1,Teste,79,3T25,Ridge Contábil,0.1,406,EBIT_t_1,-495.6476596492682,0.010060190396408477,10
H1,Teste,79,3T25,Ridge Contábil,0.1,406,EBIT_t_4,506.535846023001,0.01028118857093601,9
H1,Teste,79,3T25,Ridge Contábil,0.1,406,Trimestre_Sin,37.792208526907636,0.0007670707323635884,19
H1,Teste,79,3T25,Ridge Contábil,0.1,406,Trimestre_Cos,-750.0816623305365,0.015224452671156501,8
H1,Teste,79,3T25,Ridge Contábil,0.1,406,Segmento=CORPORATIVO / OUTROS NEGÓCIOS,152.30504485396395,0.0030913446673966815,17
H1,Teste,79,3T25,Ridge Contábil,0.1,406,Segmento=DISTRIBUIÇÃO,364.2922748389925,0.007394062240532646,11
H1,Teste,79,3T25,Ridge Contábil,0.1,406,Segmento=E&P,241.6550116528057,0.004904886324276875,13
H1,Teste,79,3T25,Ridge Contábil,0.1,406,Segmento=GÁS & ENERGIA / G&EBC,177.4340598753511,0.0036013897985857453,16
H1,Teste,79,3T25,Ridge Contábil,0.1,406,Segmento=INTERNACIONAL,112.19579826185786,0.0022772448738888986,18
H1,Teste,79,3T25,Ridge Contábil,0.1,406,Segmento=REFINO / RTC,1761.8681545866616,0.03576074403549709,5
H1,Teste,79,3T25,Ridge + Brent e Câmbio,10.0,406,Custo_t,9837.251518762174,0.2544238824108814,1
H1,Teste,79,3T25,Ridge + Brent e Câmbio,10.0,406,Custo_t_1,4263.083278583962,0.11025744301744968,3
H1,Teste,79,3T25,Ridge + Brent e Câmbio,10.0,406,Custo_t_4,1702.9270081624522,0.044043328571267006,6
H1,Teste,79,3T25,Ridge + Brent e Câmbio,10.0,406,Receita_t,7180.497528409589,0.18571143121992514,2
H1,Teste,79,3T25,Ridge + Brent e Câmbio,10.0,406,Receita_t_1,1175.8982512522134,0.030412620622045427,9
H1,Teste,79,3T25,Ridge + Brent e Câmbio,10.0,406,Receita_t_4,497.0211558247863,0.012854612069652313,16
H1,Teste,79,3T25,Ridge + Brent e Câmbio,10.0,406,Despesas_t,-909.7812739501938,0.023529954827489454,10
H1,Teste,79,3T25,Ridge + Brent e Câmbio,10.0,406,Despesas_t_1,-468.02605897328095,0.012104702900635988,17
H1,Teste,79,3T25,Ridge + Brent e Câmbio,10.0,406,Despesas_t_4,-131.4447276398698,0.0033995956965004663,24
H1,Teste,79,3T25,Ridge + Brent e Câmbio,10.0,406,EBIT_t,-362.7615667398352,0.009382214739896828,20
H1,Teste,79,3T25,Ridge + Brent e Câmbio,10.0,406,EBIT_t_1,-1525.7617086420323,0.03946124756556108,7
H1,Teste,79,3T25,Ridge + Brent e Câmbio,10.0,406,EBIT_t_4,-395.10408017412703,0.01021869918061529,19
H1,Teste,79,3T25,Ridge + Brent e Câmbio,10.0,406,Trimestre_Sin,-281.67289467345387,0.007284993302859959,21
H1,Teste,79,3T25,Ridge + Brent e Câmbio,10.0,406,Trimestre_Cos,-544.96107853472,0.014094497136642412,15
H1,Teste,79,3T25,Ridge + Brent e Câmbio,10.0,406,Brent_t,882.516840810245,0.022824806349993725,11
H1,Teste,79,3T25,Ridge + Brent e Câmbio,10.0,406,Brent_t_1,-1355.6666072044902,0.035062025282357974,8
H1,Teste,79,3T25,Ridge + Brent e Câmbio,10.0,406,Brent_t_4,572.6742152101908,0.014811250572630994,14
H1,Teste,79,3T25,Ridge + Brent e Câmbio,10.0,406,USD_BRL_t,615.5855085057793,0.015921078639821597,13
H1,Teste,79,3T25,Ridge + Brent e Câmbio,10.0,406,USD_BRL_t_1,-104.19771222031746,0.0026948976989012398,25
H1,Teste,79,3T25,Ridge + Brent e Câmbio,10.0,406,USD_BRL_t_4,-50.516922422478544,0.0013065348085959645,27
H1,Teste,79,3T25,Ridge + Brent e Câmbio,10.0,406,Brent_BRL_t,19.4751271405759,0.0005036912442566406,29
H1,Teste,79,3T25,Ridge + Brent e Câmbio,10.0,406,Brent_Var_AA,1731.3322817776045,0.0447779829592662,5
H1,Teste,79,3T25,Ridge + Brent e Câmbio,10.0,406,USD_BRL_Var_AA,780.506826960417,0.02018648977153068,12
H1,Teste,79,3T25,Ridge + Brent e Câmbio,10.0,406,Segmento=CORPORATIVO / OUTROS NEGÓCIOS,-79.28434819991216,0.002050555650118831,26
H1,Teste,79,3T25,Ridge + Brent e Câmbio,10.0,406,Segmento=DISTRIBUIÇÃO,452.48674708188724,0.011702804865004645,18
H1,Teste,79,3T25,Ridge + Brent e Câmbio,10.0,406,Segmento=E&P,168.1447461278217,0.004348779639845525,22
H1,Teste,79,3T25,Ridge + Brent e Câmbio,10.0,406,Segmento=GÁS & ENERGIA / G&EBC,38.23704693850682,0.0009889365861457757,28
H1,Teste,79,3T25,Ridge + Brent e Câmbio,10.0,406,Segmento=INTERNACIONAL,141.08593338018431,0.0036489491862322764,23
H1,Teste,79,3T25,Ridge + Brent e Câmbio,10.0,406,Segmento=REFINO / RTC,2396.908758217537,0.061991993483875636,4
H1,Teste,80,4T25,Ridge Contábil,0.1,410,Custo_t,17852.129450010798,0.3619926013096524,1
H1,Teste,80,4T25,Ridge Contábil,0.1,410,Custo_t_1,6112.989299049505,0.12395478670135121,4
H1,Teste,80,4T25,Ridge Contábil,0.1,410,Custo_t_4,922.1711915699788,0.01869912210887741,6
H1,Teste,80,4T25,Ridge Contábil,0.1,410,Receita_t,9118.091280769118,0.18489007661225965,3
H1,Teste,80,4T25,Ridge Contábil,0.1,410,Receita_t_1,-9333.395146204388,0.1892558530614602,2
H1,Teste,80,4T25,Ridge Contábil,0.1,410,Receita_t_4,-122.3930006921015,0.002481796965829256,17
H1,Teste,80,4T25,Ridge Contábil,0.1,410,Despesas_t,-362.1502868838796,0.007343422238855274,11
H1,Teste,80,4T25,Ridge Contábil,0.1,410,Despesas_t_1,191.16067814744255,0.0038762183158305573,14
H1,Teste,80,4T25,Ridge Contábil,0.1,410,Despesas_t_4,-32.52996947862046,0.0006596192518692662,20
H1,Teste,80,4T25,Ridge Contábil,0.1,410,EBIT_t,855.492571796216,0.017347061163362192,7
H1,Teste,80,4T25,Ridge Contábil,0.1,410,EBIT_t_1,-483.1910486107561,0.009797799478540108,9
H1,Teste,80,4T25,Ridge Contábil,0.1,410,EBIT_t_4,475.81641027424746,0.009648261882892153,10
H1,Teste,80,4T25,Ridge Contábil,0.1,410,Trimestre_Sin,33.76678387235546,0.0006846984818277451,19
H1,Teste,80,4T25,Ridge Contábil,0.1,410,Trimestre_Cos,-785.2053947094851,0.01592182849610061,8
H1,Teste,80,4T25,Ridge Contábil,0.1,410,Segmento=CORPORATIVO / OUTROS NEGÓCIOS,154.87654696852178,0.0031404748814969994,16
H1,Teste,80,4T25,Ridge Contábil,0.1,410,Segmento=DISTRIBUIÇÃO,330.0054136193396,0.006691611690181883,12
H1,Teste,80,4T25,Ridge Contábil,0.1,410,Segmento=E&P,215.0599943594173,0.004360831407468735,13
H1,Teste,80,4T25,Ridge Contábil,0.1,410,Segmento=GÁS & ENERGIA / G&EBC,165.19048356577494,0.003349613446676978,15
H1,Teste,80,4T25,Ridge Contábil,0.1,410,Segmento=INTERNACIONAL,104.04520146740401,0.002109753530436654,18
H1,Teste,80,4T25,Ridge Contábil,0.1,410,Segmento=REFINO / RTC,1666.622516225111,0.03379456897503067,5
H1,Teste,80,4T25,Ridge + Brent e Câmbio,10.0,410,Custo_t,9879.614710053113,0.25313339823668035,1
H1,Teste,80,4T25,Ridge + Brent e Câmbio,10.0,410,Custo_t_1,4373.102632088535,0.1120467105839587,3
H1,Teste,80,4T25,Ridge + Brent e Câmbio,10.0,410,Custo_t_4,1780.354529120035,0.04561586714142181,5
H1,Teste,80,4T25,Ridge + Brent e Câmbio,10.0,410,Receita_t,7220.97350318601,0.18501425562461782,2
H1,Teste,80,4T25,Ridge + Brent e Câmbio,10.0,410,Receita_t_1,1264.020130235476,0.0323864563949536,9
H1,Teste,80,4T25,Ridge + Brent e Câmbio,10.0,410,Receita_t_4,537.0180161863337,0.01375936201370716,16
H1,Teste,80,4T25,Ridge + Brent e Câmbio,10.0,410,Despesas_t,-924.6400757082796,0.023690932427930675,10
H1,Teste,80,4T25,Ridge + Brent e Câmbio,10.0,410,Despesas_t_1,-480.86686231749695,0.012320669027100502,17
H1,Teste,80,4T25,Ridge + Brent e Câmbio,10.0,410,Despesas_t_4,-143.53516228806413,0.003677627565724752,23
H1,Teste,80,4T25,Ridge + Brent e Câmbio,10.0,410,EBIT_t,-391.75521050946696,0.010037469134528052,20
H1,Teste,80,4T25,Ridge + Brent e Câmbio,10.0,410,EBIT_t_1,-1530.5208458774127,0.03921468135744184,7
H1,Teste,80,4T25,Ridge + Brent e Câmbio,10.0,410,EBIT_t_4,-427.5394451247708,0.010954325224295729,19
H1,Teste,80,4T25,Ridge + Brent e Câmbio,10.0,410,Trimestre_Sin,-282.94987209329963,0.007249681769546044,21
H1,Teste,80,4T25,Ridge + Brent e Câmbio,10.0,410,Trimestre_Cos,-577.7378281129171,0.014802676421307082,14
H1,Teste,80,4T25,Ridge + Brent e Câmbio,10.0,410,Brent_t,879.6686610849465,0.0225386843553888,11
H1,Teste,80,4T25,Ridge + Brent e Câmbio,10.0,410,Brent_t_1,-1305.1686744874128,0.033440755691502705,8
H1,Teste,80,4T25,Ridge + Brent e Câmbio,10.0,410,Brent_t_4,575.8259729917868,0.014753691273813884,15
H1,Teste,80,4T25,Ridge + Brent e Câmbio,10.0,410,USD_BRL_t,633.9058519178903,0.01624180164584888,13
H1,Teste,80,4T25,Ridge + Brent e Câmbio,10.0,410,USD_BRL_t_1,19.310422559821635,0.0004947675620365997,29
H1,Teste,80,4T25,Ridge + Brent e Câmbio,10.0,410,USD_BRL_t_4,-84.34556507010844,0.002161084226357934,25
H1,Teste,80,4T25,Ridge + Brent e Câmbio,10.0,410,Brent_BRL_t,-58.16380682907009,0.0014902607550112848,27
H1,Teste,80,4T25,Ridge + Brent e Câmbio,10.0,410,Brent_Var_AA,1725.7764399625485,0.04421747888609431,6
H1,Teste,80,4T25,Ridge + Brent e Câmbio,10.0,410,USD_BRL_Var_AA,750.6456009781816,0.019232882801965136,12
H1,Teste,80,4T25,Ridge + Brent e Câmbio,10.0,410,Segmento=CORPORATIVO / OUTROS NEGÓCIOS,-72.93178023912193,0.0018686426458102694,26
H1,Teste,80,4T25,Ridge + Brent e Câmbio,10.0,410,Segmento=DISTRIBUIÇÃO,431.56531540546416,0.011057475221023332,18
H1,Teste,80,4T25,Ridge + Brent e Câmbio,10.0,410,Segmento=E&P,161.48386987910465,0.004137505554878861,22
H1,Teste,80,4T25,Ridge + Brent e Câmbio,10.0,410,Segmento=GÁS & ENERGIA / G&EBC,35.89502349490345,0.0009196946990052757,28
H1,Teste,80,4T25,Ridge + Brent e Câmbio,10.0,410,Segmento=INTERNACIONAL,141.452387163633,0.003624263142062198,24
H1,Teste,80,4T25,Ridge + Brent e Câmbio,10.0,410,Segmento=REFINO / RTC,2338.5135152880152,0.05991689861598642,4
H1,Teste,81,1T26,Ridge Contábil,0.1,414,Custo_t,18002.27838440968,0.36253605425188284,1
H1,Teste,81,1T26,Ridge Contábil,0.1,414,Custo_t_1,6203.276568309909,0.12492371034856538,4
H1,Teste,81,1T26,Ridge Contábil,0.1,414,Custo_t_4,855.8634947543044,0.017235672493275192,7
H1,Teste,81,1T26,Ridge Contábil,0.1,414,Receita_t,9159.492765147976,0.1844570056699689,3
H1,Teste,81,1T26,Ridge Contábil,0.1,414,Receita_t_1,-9312.032865550058,0.18752891051079443,2
H1,Teste,81,1T26,Ridge Contábil,0.1,414,Receita_t_4,-154.26687798524387,0.003106679279827218,17
H1,Teste,81,1T26,Ridge Contábil,0.1,414,Despesas_t,-355.7036957306001,0.00716328297892904,11
H1,Teste,81,1T26,Ridge Contábil,0.1,414,Despesas_t_1,188.13972085104805,0.0037888222028861964,14
H1,Teste,81,1T26,Ridge Contábil,0.1,414,Despesas_t_4,-27.051754652990716,0.0005447775099944306,20
H1,Teste,81,1T26,Ridge Contábil,0.1,414,EBIT_t,856.2982837119087,0.017244428422372404,6
H1,Teste,81,1T26,Ridge Contábil,0.1,414,EBIT_t_1,-474.62761761866886,0.009558213691410262,10
H1,Teste,81,1T26,Ridge Contábil,0.1,414,EBIT_t_4,480.72315080616914,0.009680967628615873,9
H1,Teste,81,1T26,Ridge Contábil,0.1,414,Trimestre_Sin,47.1476205340434,0.0009494749470478003,19
H1,Teste,81,1T26,Ridge Contábil,0.1,414,Trimestre_Cos,-781.3384171831178,0.015734860929952653,8
H1,Teste,81,1T26,Ridge Contábil,0.1,414,Segmento=CORPORATIVO / OUTROS NEGÓCIOS,154.37804314824874,0.0031089179619931905,16
H1,Teste,81,1T26,Ridge Contábil,0.1,414,Segmento=DISTRIBUIÇÃO,350.50803776512316,0.00705865103747003,12
H1,Teste,81,1T26,Ridge Contábil,0.1,414,Segmento=E&P,232.86810617248918,0.004689577761779018,13
H1,Teste,81,1T26,Ridge Contábil,0.1,414,Segmento=GÁS & ENERGIA / G&EBC,171.06766332440029,0.0034450192551975286,15
H1,Teste,81,1T26,Ridge Contábil,0.1,414,Segmento=INTERNACIONAL,108.74966197390994,0.0021900379780478633,18
H1,Teste,81,1T26,Ridge Contábil,0.1,414,Segmento=REFINO / RTC,1740.7060449195176,0.03505493513998985,5
H1,Teste,81,1T26,Ridge + Brent e Câmbio,10.0,414,Custo_t,9916.014992120514,0.25229667220713997,1
H1,Teste,81,1T26,Ridge + Brent e Câmbio,10.0,414,Custo_t_1,4440.4344767531475,0.11297954294430702,3
H1,Teste,81,1T26,Ridge + Brent e Câmbio,10.0,414,Custo_t_4,1797.0758767250006,0.045723636335939885,5
H1,Teste,81,1T26,Ridge + Brent e Câmbio,10.0,414,Receita_t,7262.609655709026,0.18478514293603243,2
H1,Teste,81,1T26,Ridge + Brent e Câmbio,10.0,414,Receita_t_1,1336.698619265889,0.0340100951493765,8
H1,Teste,81,1T26,Ridge + Brent e Câmbio,10.0,414,Receita_t_4,561.5718983695865,0.014288272181544414,16
H1,Teste,81,1T26,Ridge + Brent e Câmbio,10.0,414,Despesas_t,-919.4630173464253,0.02339422234419506,10
H1,Teste,81,1T26,Ridge + Brent e Câmbio,10.0,414,Despesas_t_1,-482.38520323616757,0.012273497125121212,17
H1,Teste,81,1T26,Ridge + Brent e Câmbio,10.0,414,Despesas_t_4,-141.34646139006296,0.0035963279467916393,23
H1,Teste,81,1T26,Ridge + Brent e Câmbio,10.0,414,EBIT_t,-397.75227120991315,0.010120151539588684,20
H1,Teste,81,1T26,Ridge + Brent e Câmbio,10.0,414,EBIT_t_1,-1533.6446700123831,0.039021063088328076,7
H1,Teste,81,1T26,Ridge + Brent e Câmbio,10.0,414,EBIT_t_4,-434.84396306486536,0.011063888557833744,19
H1,Teste,81,1T26,Ridge + Brent e Câmbio,10.0,414,Trimestre_Sin,-279.36916881568385,0.007108088447373246,21
H1,Teste,81,1T26,Ridge + Brent e Câmbio,10.0,414,Trimestre_Cos,-574.5393158294848,0.014618206764625705,14
H1,Teste,81,1T26,Ridge + Brent e Câmbio,10.0,414,Brent_t,867.906708868019,0.022082456975675274,11
H1,Teste,81,1T26,Ridge + Brent e Câmbio,10.0,414,Brent_t_1,-1306.7341807707865,0.03324769935601827,9
H1,Teste,81,1T26,Ridge + Brent e Câmbio,10.0,414,Brent_t_4,568.1944283768536,0.014456771551881499,15
H1,Teste,81,1T26,Ridge + Brent e Câmbio,10.0,414,USD_BRL_t,635.1170137493831,0.016159506531447796,13
H1,Teste,81,1T26,Ridge + Brent e Câmbio,10.0,414,USD_BRL_t_1,1.6537152656933645,4.207606166833349e-05,29
H1,Teste,81,1T26,Ridge + Brent e Câmbio,10.0,414,USD_BRL_t_4,-101.64204929872896,0.0025861145646472535,25
H1,Teste,81,1T26,Ridge + Brent e Câmbio,10.0,414,Brent_BRL_t,-25.141860044376273,0.0006396932262944584,28
H1,Teste,81,1T26,Ridge + Brent e Câmbio,10.0,414,Brent_Var_AA,1734.1324096034193,0.04412214346762802,6
H1,Teste,81,1T26,Ridge + Brent e Câmbio,10.0,414,USD_BRL_Var_AA,762.0386761893967,0.01938881922309446,12
H1,Teste,81,1T26,Ridge + Brent e Câmbio,10.0,414,Segmento=CORPORATIVO / OUTROS NEGÓCIOS,-74.23999785189388,0.0018889144901033045,26
H1,Teste,81,1T26,Ridge + Brent e Câmbio,10.0,414,Segmento=DISTRIBUIÇÃO,436.7416015621266,0.011112170844447027,18
H1,Teste,81,1T26,Ridge + Brent e Câmbio,10.0,414,Segmento=E&P,165.00625737609104,0.00419831249372083,22
H1,Teste,81,1T26,Ridge + Brent e Câmbio,10.0,414,Segmento=GÁS & ENERGIA / G&EBC,34.041151997296275,0.0008661210550649505,27
H1,Teste,81,1T26,Ridge + Brent e Câmbio,10.0,414,Segmento=INTERNACIONAL,141.2620594427332,0.003594180478231333,24
H1,Teste,81,1T26,Ridge + Brent e Câmbio,10.0,414,Segmento=REFINO / RTC,2371.3938778310517,0.06033621211187939,4
H1,Teste,82,2T26,Ridge Contábil,0.1,418,Custo_t,18784.68133514907,0.4012695528166001,1
H1,Teste,82,2T26,Ridge Contábil,0.1,418,Custo_t_1,4828.433983550147,0.10314274225979393,4
H1,Teste,82,2T26,Ridge Contábil,0.1,418,Custo_t_4,360.8358746943314,0.007708006726089722,11
H1,Teste,82,2T26,Ridge Contábil,0.1,418,Receita_t,8638.129378001675,0.1845236685594891,2
H1,Teste,82,2T26,Ridge Contábil,0.1,418,Receita_t_1,-7912.323975849939,0.16901935395563486,3
H1,Teste,82,2T26,Ridge Contábil,0.1,418,Receita_t_4,267.0339773262412,0.005704254586849961,13
H1,Teste,82,2T26,Ridge Contábil,0.1,418,Despesas_t,-391.13630402807763,0.008355270286858923,9
H1,Teste,82,2T26,Ridge Contábil,0.1,418,Despesas_t_1,106.12603969912875,0.002267014687791519,18
H1,Teste,82,2T26,Ridge Contábil,0.1,418,Despesas_t_4,56.1793628494246,0.001200077201518906,19
H1,Teste,82,2T26,Ridge Contábil,0.1,418,EBIT_t,744.8691804771968,0.01591154609568362,7
H1,Teste,82,2T26,Ridge Contábil,0.1,418,EBIT_t_1,-617.104930705512,0.013182306112469098,8
H1,Teste,82,2T26,Ridge Contábil,0.1,418,EBIT_t_4,357.90890359339784,0.007645482142157546,12
H1,Teste,82,2T26,Ridge Contábil,0.1,418,Trimestre_Sin,51.04165143149931,0.001090327819754626,20
H1,Teste,82,2T26,Ridge Contábil,0.1,418,Trimestre_Cos,-799.7053492631189,0.017082930615565227,6
H1,Teste,82,2T26,Ridge Contábil,0.1,418,Segmento=CORPORATIVO / OUTROS NEGÓCIOS,132.66534167601813,0.0028339348099021026,16
H1,Teste,82,2T26,Ridge Contábil,0.1,418,Segmento=DISTRIBUIÇÃO,386.11941836522345,0.008248101928208164,10
H1,Teste,82,2T26,Ridge Contábil,0.1,418,Segmento=E&P,224.97325741019412,0.00480577321414359,14
H1,Teste,82,2T26,Ridge Contábil,0.1,418,Segmento=GÁS & ENERGIA / G&EBC,173.66867314851044,0.0037098287465839536,15
H1,Teste,82,2T26,Ridge Contábil,0.1,418,Segmento=INTERNACIONAL,114.02841866494343,0.0024358216011069107,17
H1,Teste,82,2T26,Ridge Contábil,0.1,418,Segmento=REFINO / RTC,1866.1586484052928,0.0398640058337982,5
H1,Teste,82,2T26,Ridge + Brent e Câmbio,10.0,418,Custo_t,9957.368590641985,0.2515942851021161,1
H1,Teste,82,2T26,Ridge + Brent e Câmbio,10.0,418,Custo_t_1,4331.951047161846,0.10945603920219837,3
H1,Teste,82,2T26,Ridge + Brent e Câmbio,10.0,418,Custo_t_4,1680.1201031312023,0.04245183979934753,6
H1,Teste,82,2T26,Ridge + Brent e Câmbio,10.0,418,Receita_t,7249.940924257325,0.18318531520319006,2
H1,Teste,82,2T26,Ridge + Brent e Câmbio,10.0,418,Receita_t_1,1491.5742863465932,0.03768782513512188,8
H1,Teste,82,2T26,Ridge + Brent e Câmbio,10.0,418,Receita_t_4,664.6507532389144,0.016793827564130198,13
H1,Teste,82,2T26,Ridge + Brent e Câmbio,10.0,418,Despesas_t,-925.2198800656664,0.0233776657124208,10
H1,Teste,82,2T26,Ridge + Brent e Câmbio,10.0,418,Despesas_t_1,-483.18235864482506,0.012208639159089447,17
H1,Teste,82,2T26,Ridge + Brent e Câmbio,10.0,418,Despesas_t_4,-74.79284251910464,0.0018898016652747068,26
H1,Teste,82,2T26,Ridge + Brent e Câmbio,10.0,418,EBIT_t,-459.9904450082423,0.011622645693202305,19
H1,Teste,82,2T26,Ridge + Brent e Câmbio,10.0,418,EBIT_t_1,-1508.6995853615545,0.038120532564158746,7
H1,Teste,82,2T26,Ridge + Brent e Câmbio,10.0,418,EBIT_t_4,-424.4326631531963,0.010724202030682375,20
H1,Teste,82,2T26,Ridge + Brent e Câmbio,10.0,418,Trimestre_Sin,-277.19608717981714,0.007003953981642605,21
H1,Teste,82,2T26,Ridge + Brent e Câmbio,10.0,418,Trimestre_Cos,-586.9952048155691,0.014831693491063344,15
H1,Teste,82,2T26,Ridge + Brent e Câmbio,10.0,418,Brent_t,847.2989133131754,0.02140882527570309,11
H1,Teste,82,2T26,Ridge + Brent e Câmbio,10.0,418,Brent_t_1,-1293.689248229874,0.03268783500277196,9
H1,Teste,82,2T26,Ridge + Brent e Câmbio,10.0,418,Brent_t_4,570.5687159382167,0.014416642999739824,16
H1,Teste,82,2T26,Ridge + Brent e Câmbio,10.0,418,USD_BRL_t,619.7335750198171,0.015658898668010113,14
H1,Teste,82,2T26,Ridge + Brent e Câmbio,10.0,418,USD_BRL_t_1,14.65936314380605,0.0003704002675651079,29
H1,Teste,82,2T26,Ridge + Brent e Câmbio,10.0,418,USD_BRL_t_4,-126.46762535101709,0.0031954759431778706,24
H1,Teste,82,2T26,Ridge + Brent e Câmbio,10.0,418,Brent_BRL_t,39.6796627906986,0.0010025918295623927,27
H1,Teste,82,2T26,Ridge + Brent e Câmbio,10.0,418,Brent_Var_AA,1737.051227892596,0.04389032683575829,5
H1,Teste,82,2T26,Ridge + Brent e Câmbio,10.0,418,USD_BRL_Var_AA,766.8802001272817,0.019376873915395703,12
H1,Teste,82,2T26,Ridge + Brent e Câmbio,10.0,418,Segmento=CORPORATIVO / OUTROS NEGÓCIOS,-93.95071799757409,0.002373866500396987,25
H1,Teste,82,2T26,Ridge + Brent e Câmbio,10.0,418,Segmento=DISTRIBUIÇÃO,474.7856707393719,0.01199647882058561,18
H1,Teste,82,2T26,Ridge + Brent e Câmbio,10.0,418,Segmento=E&P,199.95866603566557,0.005052384791549884,22
H1,Teste,82,2T26,Ridge + Brent e Câmbio,10.0,418,Segmento=GÁS & ENERGIA / G&EBC,33.0223270219247,0.0008343799552923627,28
H1,Teste,82,2T26,Ridge + Brent e Câmbio,10.0,418,Segmento=INTERNACIONAL,145.1905559515914,0.003668550962605701,23
H1,Teste,82,2T26,Ridge + Brent e Câmbio,10.0,418,Segmento=REFINO / RTC,2498.0344888320215,0.06311820192824674,4
H2,Validação,53,1T19,Ridge Contábil,0.1,289,Custo_t,12135.787981797659,0.4200272147002012,1
H2,Validação,53,1T19,Ridge Contábil,0.1,289,Custo_t_1,582.4079423650962,0.02015750326371888,12
H2,Validação,53,1T19,Ridge Contábil,0.1,289,Custo_t_4,583.5126883196217,0.020195739212379705,11
H2,Validação,53,1T19,Ridge Contábil,0.1,289,Receita_t,659.5067790225755,0.02282594223665073,10
H2,Validação,53,1T19,Ridge Contábil,0.1,289,Receita_t_1,-1525.5506011055877,0.052800260751727536,4
H2,Validação,53,1T19,Ridge Contábil,0.1,289,Receita_t_4,1890.5415579458104,0.06543282612138482,3
H2,Validação,53,1T19,Ridge Contábil,0.1,289,Despesas_t,-877.9937088742429,0.030387911573264027,7
H2,Validação,53,1T19,Ridge Contábil,0.1,289,Despesas_t_1,-70.93539307062586,0.0024551183342859844,20
H2,Validação,53,1T19,Ridge Contábil,0.1,289,Despesas_t_4,-87.12265732810633,0.003015369677658456,19
H2,Validação,53,1T19,Ridge Contábil,0.1,289,EBIT_t,-114.95705959723166,0.003978735754544539,18
H2,Validação,53,1T19,Ridge Contábil,0.1,289,EBIT_t_1,-492.92784636334034,0.017060541158654415,14
H2,Validação,53,1T19,Ridge Contábil,0.1,289,EBIT_t_4,673.6514229350843,0.023315497211936077,9
H2,Validação,53,1T19,Ridge Contábil,0.1,289,Trimestre_Sin,790.5883989392157,0.027362759112040894,8
H2,Validação,53,1T19,Ridge Contábil,0.1,289,Trimestre_Cos,-288.867174257482,0.009997873628286235,17
H2,Validação,53,1T19,Ridge Contábil,0.1,289,Segmento=CORPORATIVO / OUTROS NEGÓCIOS,321.3749939837844,0.011122989607248192,16
H2,Validação,53,1T19,Ridge Contábil,0.1,289,Segmento=DISTRIBUIÇÃO,1484.2971502525602,0.05137245300784159,5
H2,Validação,53,1T19,Ridge Contábil,0.1,289,Segmento=E&P,1374.1512956627982,0.04756023606869413,6
H2,Validação,53,1T19,Ridge Contábil,0.1,289,Segmento=GÁS & ENERGIA / G&EBC,537.606722832853,0.01860690502621466,13
H2,Validação,53,1T19,Ridge Contábil,0.1,289,Segmento=INTERNACIONAL,412.2836606634969,0.014269395437249557,15
H2,Validação,53,1T19,Ridge Contábil,0.1,289,Segmento=REFINO / RTC,3988.7960866929902,0.13805472811601835,2
H2,Validação,53,1T19,Ridge + Brent e Câmbio,10.0,289,Custo_t,4368.083091128696,0.13461182712381298,1
H2,Validação,53,1T19,Ridge + Brent e Câmbio,10.0,289,Custo_t_1,2299.4281140876137,0.070861797571075,4
H2,Validação,53,1T19,Ridge + Brent e Câmbio,10.0,289,Custo_t_4,1562.261511533601,0.04814443135018465,10
H2,Validação,53,1T19,Ridge + Brent e Câmbio,10.0,289,Receita_t,2977.154454782975,0.0917473849346077,3
H2,Validação,53,1T19,Ridge + Brent e Câmbio,10.0,289,Receita_t_1,1733.786022023549,0.053430326163051725,6
H2,Validação,53,1T19,Ridge + Brent e Câmbio,10.0,289,Receita_t_4,1847.4128824300687,0.05693198100124111,5
H2,Validação,53,1T19,Ridge + Brent e Câmbio,10.0,289,Despesas_t,-1563.4939265973885,0.04818241085745371,9
H2,Validação,53,1T19,Ridge + Brent e Câmbio,10.0,289,Despesas_t_1,-458.4054840328337,0.014126745870415855,18
H2,Validação,53,1T19,Ridge + Brent e Câmbio,10.0,289,Despesas_t_4,-80.68951092303811,0.002486619935673062,28
H2,Validação,53,1T19,Ridge + Brent e Câmbio,10.0,289,EBIT_t,-1508.1376020357284,0.04647648726656835,11
H2,Validação,53,1T19,Ridge + Brent e Câmbio,10.0,289,EBIT_t_1,-884.5623206933433,0.02725968066753127,14
H2,Validação,53,1T19,Ridge + Brent e Câmbio,10.0,289,EBIT_t_4,711.9518929611036,0.021940320991235433,15
H2,Validação,53,1T19,Ridge + Brent e Câmbio,10.0,289,Trimestre_Sin,597.6041669559339,0.01841645113714077,17
H2,Validação,53,1T19,Ridge + Brent e Câmbio,10.0,289,Trimestre_Cos,-172.7931340281029,0.005324990161751374,26
H2,Validação,53,1T19,Ridge + Brent e Câmbio,10.0,289,Brent_t,180.78137270723067,0.005571164829601075,25
H2,Validação,53,1T19,Ridge + Brent e Câmbio,10.0,289,Brent_t_1,-1563.6365728992191,0.048186806808474154,8
H2,Validação,53,1T19,Ridge + Brent e Câmbio,10.0,289,Brent_t_4,-415.5614883977142,0.012806416468843538,19
H2,Validação,53,1T19,Ridge + Brent e Câmbio,10.0,289,USD_BRL_t,-254.6178496794805,0.007846593860199398,21
H2,Validação,53,1T19,Ridge + Brent e Câmbio,10.0,289,USD_BRL_t_1,-601.6327710567126,0.018540601192771736,16
H2,Validação,53,1T19,Ridge + Brent e Câmbio,10.0,289,USD_BRL_t_4,-78.6723089395312,0.0024244555402133865,29
H2,Validação,53,1T19,Ridge + Brent e Câmbio,10.0,289,Brent_BRL_t,1576.2236711765918,0.04857470517532192,7
H2,Validação,53,1T19,Ridge + Brent e Câmbio,10.0,289,Brent_Var_AA,254.4271588891713,0.007840717315462568,22
H2,Validação,53,1T19,Ridge + Brent e Câmbio,10.0,289,USD_BRL_Var_AA,213.0779021773765,0.006566451492202318,24
H2,Validação,53,1T19,Ridge + Brent e Câmbio,10.0,289,Segmento=CORPORATIVO / OUTROS NEGÓCIOS,90.10310287750882,0.0027767199146233002,27
H2,Validação,53,1T19,Ridge + Brent e Câmbio,10.0,289,Segmento=DISTRIBUIÇÃO,1210.1292228268085,0.03729272139338915,12
H2,Validação,53,1T19,Ridge + Brent e Câmbio,10.0,289,Segmento=E&P,1052.926887682788,0.03244819505989428,13
H2,Validação,53,1T19,Ridge + Brent e Câmbio,10.0,289,Segmento=GÁS & ENERGIA / G&EBC,313.0524990180656,0.009647382615976868,20
H2,Validação,53,1T19,Ridge + Brent e Câmbio,10.0,289,Segmento=INTERNACIONAL,252.30318477869795,0.007775262508443178,23
H2,Validação,53,1T19,Ridge + Brent e Câmbio,10.0,289,Segmento=REFINO / RTC,3626.5646859380427,0.11176035079284023,2
H2,Validação,54,2T19,Ridge Contábil,0.1,295,Custo_t,11713.886062951526,0.3960590562945124,1
H2,Validação,54,2T19,Ridge Contábil,0.1,295,Custo_t_1,1191.1946778235424,0.04027557015890622,7
H2,Validação,54,2T19,Ridge Contábil,0.1,295,Custo_t_4,943.5471252067831,0.03190234068954552,8
H2,Validação,54,2T19,Ridge Contábil,0.1,295,Receita_t,344.74688444232805,0.011656262061874452,15
H2,Validação,54,2T19,Ridge Contábil,0.1,295,Receita_t_1,-1755.2691453910206,0.059347533135496205,4
H2,Validação,54,2T19,Ridge Contábil,0.1,295,Receita_t_4,1790.5549252073458,0.06054058321124096,3
H2,Validação,54,2T19,Ridge Contábil,0.1,295,Despesas_t,-832.0053096777364,0.02813099222684077,9
H2,Validação,54,2T19,Ridge Contábil,0.1,295,Despesas_t_1,-92.319584888949,0.003121424220119595,18
H2,Validação,54,2T19,Ridge Contábil,0.1,295,Despesas_t_4,-70.39913699104459,0.0023802703569745826,20
H2,Validação,54,2T19,Ridge Contábil,0.1,295,EBIT_t,-75.50222970214188,0.0025528113969402163,19
H2,Validação,54,2T19,Ridge Contábil,0.1,295,EBIT_t_1,-472.3159785166282,0.01596951000878871,13
H2,Validação,54,2T19,Ridge Contábil,0.1,295,EBIT_t_4,674.250636493657,0.022797137462370515,11
H2,Validação,54,2T19,Ridge Contábil,0.1,295,Trimestre_Sin,800.1019954012162,0.02705230694023981,10
H2,Validação,54,2T19,Ridge Contábil,0.1,295,Trimestre_Cos,-292.91324772184885,0.009903711189047123,17
H2,Validação,54,2T19,Ridge Contábil,0.1,295,Segmento=CORPORATIVO / OUTROS NEGÓCIOS,319.4499846669588,0.010800946737961772,16
H2,Validação,54,2T19,Ridge Contábil,0.1,295,Segmento=DISTRIBUIÇÃO,1534.8049590085884,0.05189340244512456,6
H2,Validação,54,2T19,Ridge Contábil,0.1,295,Segmento=E&P,1566.395059176792,0.0529614976266578,5
H2,Validação,54,2T19,Ridge Contábil,0.1,295,Segmento=GÁS & ENERGIA / G&EBC,554.4980136643467,0.018748172794993623,12
H2,Validação,54,2T19,Ridge Contábil,0.1,295,Segmento=INTERNACIONAL,422.8977321225061,0.014298626074507548,14
H2,Validação,54,2T19,Ridge Contábil,0.1,295,Segmento=REFINO / RTC,4129.056925873265,0.1396078449678577,2
H2,Validação,54,2T19,Ridge + Brent e Câmbio,10.0,295,Custo_t,4268.992474027442,0.13227184169911235,1
H2,Validação,54,2T19,Ridge + Brent e Câmbio,10.0,295,Custo_t_1,2369.222648402207,0.07340875979660816,4
H2,Validação,54,2T19,Ridge + Brent e Câmbio,10.0,295,Custo_t_4,1692.1000967103594,0.05242857594451843,7
H2,Validação,54,2T19,Ridge + Brent e Câmbio,10.0,295,Receita_t,2890.6554580299244,0.08956500239282254,3
H2,Validação,54,2T19,Ridge + Brent e Câmbio,10.0,295,Receita_t_1,1744.255292534878,0.054044569378064726,6
H2,Validação,54,2T19,Ridge + Brent e Câmbio,10.0,295,Receita_t_4,1921.5793714308086,0.059538835914223695,5
H2,Validação,54,2T19,Ridge + Brent e Câmbio,10.0,295,Despesas_t,-1511.1049034583075,0.04682056241538009,8
H2,Validação,54,2T19,Ridge + Brent e Câmbio,10.0,295,Despesas_t_1,-479.25424406354745,0.014849368297104617,19
H2,Validação,54,2T19,Ridge + Brent e Câmbio,10.0,295,Despesas_t_4,-41.845856806737864,0.0012965655435046273,29
H2,Validação,54,2T19,Ridge + Brent e Câmbio,10.0,295,EBIT_t,-1510.1537227791373,0.04679109072598548,9
H2,Validação,54,2T19,Ridge + Brent e Câmbio,10.0,295,EBIT_t_1,-910.3650304530264,0.02820704415130722,14
H2,Validação,54,2T19,Ridge + Brent e Câmbio,10.0,295,EBIT_t_4,713.0581942222071,0.02209362540745683,15
H2,Validação,54,2T19,Ridge + Brent e Câmbio,10.0,295,Trimestre_Sin,698.3386337045536,0.0216375497899623,16
H2,Validação,54,2T19,Ridge + Brent e Câmbio,10.0,295,Trimestre_Cos,-190.88352903082836,0.005914396918838733,24
H2,Validação,54,2T19,Ridge + Brent e Câmbio,10.0,295,Brent_t,559.7070939035436,0.01734214538280393,18
H2,Validação,54,2T19,Ridge + Brent e Câmbio,10.0,295,Brent_t_1,-1505.3885054304906,0.04664344369249061,10
H2,Validação,54,2T19,Ridge + Brent e Câmbio,10.0,295,Brent_t_4,-286.50843614782104,0.008877269927780438,21
H2,Validação,54,2T19,Ridge + Brent e Câmbio,10.0,295,USD_BRL_t,-286.3691052387715,0.008872952853890587,22
H2,Validação,54,2T19,Ridge + Brent e Câmbio,10.0,295,USD_BRL_t_1,-616.4009089654161,0.01909876486077365,17
H2,Validação,54,2T19,Ridge + Brent e Câmbio,10.0,295,USD_BRL_t_4,162.86832134841666,0.005046364675099553,25
H2,Validação,54,2T19,Ridge + Brent e Câmbio,10.0,295,Brent_BRL_t,1271.2084748108316,0.03938753398366087,11
H2,Validação,54,2T19,Ridge + Brent e Câmbio,10.0,295,Brent_Var_AA,89.31138498917412,0.002767252800066796,27
H2,Validação,54,2T19,Ridge + Brent e Câmbio,10.0,295,USD_BRL_Var_AA,135.96079968670318,0.004212653332808083,26
H2,Validação,54,2T19,Ridge + Brent e Câmbio,10.0,295,Segmento=CORPORATIVO / OUTROS NEGÓCIOS,63.07917623446157,0.0019544655710117976,28
H2,Validação,54,2T19,Ridge + Brent e Câmbio,10.0,295,Segmento=DISTRIBUIÇÃO,1181.8969312348354,0.03662027626988876,12
H2,Validação,54,2T19,Ridge + Brent e Câmbio,10.0,295,Segmento=E&P,1067.4825265300021,0.03307522339868086,13
H2,Validação,54,2T19,Ridge + Brent e Câmbio,10.0,295,Segmento=GÁS & ENERGIA / G&EBC,297.70604933367446,0.009224220391558083,20
H2,Validação,54,2T19,Ridge + Brent e Câmbio,10.0,295,Segmento=INTERNACIONAL,220.83262111311515,0.006842349261467978,23
H2,Validação,54,2T19,Ridge + Brent e Câmbio,10.0,295,Segmento=REFINO / RTC,3587.8561950098438,0.11116729522312832,2
H2,Validação,55,3T19,Ridge Contábil,0.1,301,Custo_t,11220.98267515075,0.367745751261134,1
H2,Validação,55,3T19,Ridge Contábil,0.1,301,Custo_t_1,1257.7012445976732,0.04121869736782397,8
H2,Validação,55,3T19,Ridge Contábil,0.1,301,Custo_t_4,1344.0903853246316,0.04404993241890316,7
H2,Validação,55,3T19,Ridge Contábil,0.1,301,Receita_t,996.3784154735714,0.03265435296947236,9
H2,Validação,55,3T19,Ridge Contábil,0.1,301,Receita_t_1,-2137.4970127363013,0.07005228218629082,3
H2,Validação,55,3T19,Ridge Contábil,0.1,301,Receita_t_4,1505.8389206832478,0.04935092417451545,6
H2,Validação,55,3T19,Ridge Contábil,0.1,301,Despesas_t,-734.4367516179054,0.024069727473657737,11
H2,Validação,55,3T19,Ridge Contábil,0.1,301,Despesas_t_1,-112.05347221584321,0.0036723332986413567,19
H2,Validação,55,3T19,Ridge Contábil,0.1,301,Despesas_t_4,-122.56910248930146,0.004016962505088756,18
H2,Validação,55,3T19,Ridge Contábil,0.1,301,EBIT_t,32.072909981056725,0.0010511268680802924,20
H2,Validação,55,3T19,Ridge Contábil,0.1,301,EBIT_t_1,-547.8912651262461,0.01795606416445676,14
H2,Validação,55,3T19,Ridge Contábil,0.1,301,EBIT_t_4,630.4949046232973,0.020663236819755317,12
H2,Validação,55,3T19,Ridge Contábil,0.1,301,Trimestre_Sin,792.3131708527982,0.02596651386821957,10
H2,Validação,55,3T19,Ridge Contábil,0.1,301,Trimestre_Cos,-308.401497436686,0.010107255634220923,17
H2,Validação,55,3T19,Ridge Contábil,0.1,301,Segmento=CORPORATIVO / OUTROS NEGÓCIOS,311.01247029146504,0.010192825160687573,16
H2,Validação,55,3T19,Ridge Contábil,0.1,301,Segmento=DISTRIBUIÇÃO,1566.74132317693,0.05134688124949117,5
H2,Validação,55,3T19,Ridge Contábil,0.1,301,Segmento=E&P,1659.3762626181278,0.05438281013237533,4
H2,Validação,55,3T19,Ridge Contábil,0.1,301,Segmento=GÁS & ENERGIA / G&EBC,550.605466484713,0.018045016803146224,13
H2,Validação,55,3T19,Ridge Contábil,0.1,301,Segmento=INTERNACIONAL,431.48069159229414,0.014140935395584694,15
H2,Validação,55,3T19,Ridge Contábil,0.1,301,Segmento=REFINO / RTC,4250.943951253782,0.1393163702484545,2
H2,Validação,55,3T19,Ridge + Brent e Câmbio,10.0,301,Custo_t,4230.46787225753,0.1302001037439819,1
H2,Validação,55,3T19,Ridge + Brent e Câmbio,10.0,301,Custo_t_1,2303.0491396656325,0.07088039573077741,4
H2,Validação,55,3T19,Ridge + Brent e Câmbio,10.0,301,Custo_t_4,1807.5946786734776,0.055631911598649185,6
H2,Validação,55,3T19,Ridge + Brent e Câmbio,10.0,301,Receita_t,2952.5945754286404,0.09087130115222515,3
H2,Validação,55,3T19,Ridge + Brent e Câmbio,10.0,301,Receita_t_1,1660.496571044982,0.0511047081185402,7
H2,Validação,55,3T19,Ridge + Brent e Câmbio,10.0,301,Receita_t_4,1964.550855613223,0.060462514533805946,5
H2,Validação,55,3T19,Ridge + Brent e Câmbio,10.0,301,Despesas_t,-1383.8057774358708,0.04258906135777503,9
H2,Validação,55,3T19,Ridge + Brent e Câmbio,10.0,301,Despesas_t_1,-463.80372355466915,0.014274376912225122,19
H2,Validação,55,3T19,Ridge + Brent e Câmbio,10.0,301,Despesas_t_4,-102.69324062144847,0.003160565447240524,27
H2,Validação,55,3T19,Ridge + Brent e Câmbio,10.0,301,EBIT_t,-1356.2760399144813,0.04174178517235945,10
H2,Validação,55,3T19,Ridge + Brent e Câmbio,10.0,301,EBIT_t_1,-950.0675030384178,0.029240001625015926,14
H2,Validação,55,3T19,Ridge + Brent e Câmbio,10.0,301,EBIT_t_4,618.6363936378054,0.01903962518180349,18
H2,Validação,55,3T19,Ridge + Brent e Câmbio,10.0,301,Trimestre_Sin,689.0789784580173,0.02120761986431399,16
H2,Validação,55,3T19,Ridge + Brent e Câmbio,10.0,301,Trimestre_Cos,-245.29315403881458,0.007549329073736555,24
H2,Validação,55,3T19,Ridge + Brent e Câmbio,10.0,301,Brent_t,644.6452400256036,0.019840093262452337,17
H2,Validação,55,3T19,Ridge + Brent e Câmbio,10.0,301,Brent_t_1,-1534.0578332548532,0.04721333315136712,8
H2,Validação,55,3T19,Ridge + Brent e Câmbio,10.0,301,Brent_t_4,-276.86457690199234,0.008520995247846346,21
H2,Validação,55,3T19,Ridge + Brent e Câmbio,10.0,301,USD_BRL_t,-248.98765109030742,0.00766303373097805,23
H2,Validação,55,3T19,Ridge + Brent e Câmbio,10.0,301,USD_BRL_t_1,-867.7054193760864,0.02670516336097219,15
H2,Validação,55,3T19,Ridge + Brent e Câmbio,10.0,301,USD_BRL_t_4,291.4714954248024,0.008970548905852235,20
H2,Validação,55,3T19,Ridge + Brent e Câmbio,10.0,301,Brent_BRL_t,1223.252075826115,0.037647738261302646,11
H2,Validação,55,3T19,Ridge + Brent e Câmbio,10.0,301,Brent_Var_AA,80.45369479250579,0.002476104233591787,28
H2,Validação,55,3T19,Ridge + Brent e Câmbio,10.0,301,USD_BRL_Var_AA,201.10624538066375,0.006189399093143886,26
H2,Validação,55,3T19,Ridge + Brent e Câmbio,10.0,301,Segmento=CORPORATIVO / OUTROS NEGÓCIOS,36.78542313400812,0.0011321362206110545,29
H2,Validação,55,3T19,Ridge + Brent e Câmbio,10.0,301,Segmento=DISTRIBUIÇÃO,1171.0003764512842,0.036039600134544596,12
H2,Validação,55,3T19,Ridge + Brent e Câmbio,10.0,301,Segmento=E&P,1094.508648479125,0.03368543241166883,13
H2,Validação,55,3T19,Ridge + Brent e Câmbio,10.0,301,Segmento=GÁS & ENERGIA / G&EBC,269.4631271961779,0.008293202590236904,22
H2,Validação,55,3T19,Ridge + Brent e Câmbio,10.0,301,Segmento=INTERNACIONAL,202.9324848968993,0.006245604832474638,25
H2,Validação,55,3T19,Ridge + Brent e Câmbio,10.0,301,Segmento=REFINO / RTC,3620.404066162358,0.11142431505050746,2
H2,Validação,56,4T19,Ridge Contábil,0.1,307,Custo_t,11046.894054300823,0.3625022374399279,1
H2,Validação,56,4T19,Ridge Contábil,0.1,307,Custo_t_1,1396.4877974343933,0.04582554595338377,6
H2,Validação,56,4T19,Ridge Contábil,0.1,307,Custo_t_4,1393.2354112791988,0.045718819370103324,7
H2,Validação,56,4T19,Ridge Contábil,0.1,307,Receita_t,1172.6868032017824,0.03848154855901964,8
H2,Validação,56,4T19,Ridge Contábil,0.1,307,Receita_t_1,-2055.7479620113227,0.0674590733086235,3
H2,Validação,56,4T19,Ridge Contábil,0.1,307,Receita_t_4,1149.432828349838,0.03771847272324481,9
H2,Validação,56,4T19,Ridge Contábil,0.1,307,Despesas_t,-677.2145437808933,0.022222697723063428,13
H2,Validação,56,4T19,Ridge Contábil,0.1,307,Despesas_t_1,-146.3355348729275,0.004801979501899209,18
H2,Validação,56,4T19,Ridge Contábil,0.1,307,Despesas_t_4,-43.39980875680456,0.0014241584739994474,20
H2,Validação,56,4T19,Ridge Contábil,0.1,307,EBIT_t,109.24021673540307,0.003584701979611101,19
H2,Validação,56,4T19,Ridge Contábil,0.1,307,EBIT_t_1,-694.1416650547035,0.022778158769852796,12
H2,Validação,56,4T19,Ridge Contábil,0.1,307,EBIT_t_4,777.2140104671591,0.025504165820646737,10
H2,Validação,56,4T19,Ridge Contábil,0.1,307,Trimestre_Sin,699.0504714354873,0.022939240544281578,11
H2,Validação,56,4T19,Ridge Contábil,0.1,307,Trimestre_Cos,-307.0900438622675,0.010077115562836204,16
H2,Validação,56,4T19,Ridge Contábil,0.1,307,Segmento=CORPORATIVO / OUTROS NEGÓCIOS,304.0732029754317,0.009978118363614178,17
H2,Validação,56,4T19,Ridge Contábil,0.1,307,Segmento=DISTRIBUIÇÃO,1446.8855563838902,0.04747934115512539,5
H2,Validação,56,4T19,Ridge Contábil,0.1,307,Segmento=E&P,1661.6893799390398,0.054528097689463456,4
H2,Validação,56,4T19,Ridge Contábil,0.1,307,Segmento=GÁS & ENERGIA / G&EBC,558.7466929048986,0.01833519225807453,14
H2,Validação,56,4T19,Ridge Contábil,0.1,307,Segmento=INTERNACIONAL,442.53911563269753,0.014521857345873962,15
H2,Validação,56,4T19,Ridge Contábil,0.1,307,Segmento=REFINO / RTC,4391.897302141287,0.14411947745735526,2
H2,Validação,56,4T19,Ridge + Brent e Câmbio,10.0,307,Custo_t,4338.537426092759,0.13362630484907562,1
H2,Validação,56,4T19,Ridge + Brent e Câmbio,10.0,307,Custo_t_1,2312.1717452684547,0.07121454447724199,4
H2,Validação,56,4T19,Ridge + Brent e Câmbio,10.0,307,Custo_t_4,1727.4116480941507,0.05320402080660488,6
H2,Validação,56,4T19,Ridge + Brent e Câmbio,10.0,307,Receita_t,3073.1552346308217,0.09465272231180029,3
H2,Validação,56,4T19,Ridge + Brent e Câmbio,10.0,307,Receita_t_1,1683.767906982969,0.05185980009770826,7
H2,Validação,56,4T19,Ridge + Brent e Câmbio,10.0,307,Receita_t_4,1901.69314121155,0.05857186476913377,5
H2,Validação,56,4T19,Ridge + Brent e Câmbio,10.0,307,Despesas_t,-1304.911121833247,0.04019106768984932,10
H2,Validação,56,4T19,Ridge + Brent e Câmbio,10.0,307,Despesas_t_1,-395.3679975841185,0.012177275285216005,20
H2,Validação,56,4T19,Ridge + Brent e Câmbio,10.0,307,Despesas_t_4,-48.113189645516805,0.0014818790563305745,28
H2,Validação,56,4T19,Ridge + Brent e Câmbio,10.0,307,EBIT_t,-1310.3055002338413,0.04035721373904412,9
H2,Validação,56,4T19,Ridge + Brent e Câmbio,10.0,307,EBIT_t_1,-970.8364650595732,0.029901618148649306,13
H2,Validação,56,4T19,Ridge + Brent e Câmbio,10.0,307,EBIT_t_4,678.0247973448369,0.020883062508654914,16
H2,Validação,56,4T19,Ridge + Brent e Câmbio,10.0,307,Trimestre_Sin,578.6057811976516,0.017820971657581338,18
H2,Validação,56,4T19,Ridge + Brent e Câmbio,10.0,307,Trimestre_Cos,-239.58183083464758,0.007379084612908858,23
H2,Validação,56,4T19,Ridge + Brent e Câmbio,10.0,307,Brent_t,665.910181131928,0.02050993413837516,17
H2,Validação,56,4T19,Ridge + Brent e Câmbio,10.0,307,Brent_t_1,-1641.2405812839236,0.05054996481679093,8
H2,Validação,56,4T19,Ridge + Brent e Câmbio,10.0,307,Brent_t_4,-167.71408025307335,0.005165568627020612,26
H2,Validação,56,4T19,Ridge + Brent e Câmbio,10.0,307,USD_BRL_t,-345.6905345635412,0.010647216842526794,22
H2,Validação,56,4T19,Ridge + Brent e Câmbio,10.0,307,USD_BRL_t_1,-1130.6030863525862,0.034822406226495545,11
H2,Validação,56,4T19,Ridge + Brent e Câmbio,10.0,307,USD_BRL_t_4,437.5829184085085,0.013477488542645426,19
H2,Validação,56,4T19,Ridge + Brent e Câmbio,10.0,307,Brent_BRL_t,1107.0858530570101,0.03409807895282452,12
H2,Validação,56,4T19,Ridge + Brent e Câmbio,10.0,307,Brent_Var_AA,222.63662452032324,0.006857174788858404,25
H2,Validação,56,4T19,Ridge + Brent e Câmbio,10.0,307,USD_BRL_Var_AA,347.52085408922005,0.010703590410595756,21
H2,Validação,56,4T19,Ridge + Brent e Câmbio,10.0,307,Segmento=CORPORATIVO / OUTROS NEGÓCIOS,-17.8054027636369,0.0005484037462359898,29
H2,Validação,56,4T19,Ridge + Brent e Câmbio,10.0,307,Segmento=DISTRIBUIÇÃO,962.0629407860449,0.029631394911176605,14
H2,Validação,56,4T19,Ridge + Brent e Câmbio,10.0,307,Segmento=E&P,951.0703395519407,0.029292824434693335,15
H2,Validação,56,4T19,Ridge + Brent e Câmbio,10.0,307,Segmento=GÁS & ENERGIA / G&EBC,229.8200184831415,0.0070784222502156815,24
H2,Validação,56,4T19,Ridge + Brent e Câmbio,10.0,307,Segmento=INTERNACIONAL,143.71517022958702,0.004426405782058823,27
H2,Validação,56,4T19,Ridge + Brent e Câmbio,10.0,307,Segmento=REFINO / RTC,3534.7475118238535,0.10886969551968713,2
H2,Validação,57,1T20,Ridge Contábil,0.1,311,Custo_t,12358.026896876874,0.39672594813482764,1
H2,Validação,57,1T20,Ridge Contábil,0.1,311,Custo_t_1,1445.7889008369286,0.04641371776203988,5
H2,Validação,57,1T20,Ridge Contábil,0.1,311,Custo_t_4,1220.5675653261362,0.03918350628764245,8
H2,Validação,57,1T20,Ridge Contábil,0.1,311,Receita_t,-57.113577292789415,0.0018334996591227596,19
H2,Validação,57,1T20,Ridge Contábil,0.1,311,Receita_t_1,-2216.3953872494394,0.07115226150465895,3
H2,Validação,57,1T20,Ridge Contábil,0.1,311,Receita_t_4,1442.6001677070362,0.04631135084013059,6
H2,Validação,57,1T20,Ridge Contábil,0.1,311,Despesas_t,-397.72679881080023,0.01276810146745359,15
H2,Validação,57,1T20,Ridge Contábil,0.1,311,Despesas_t_1,-172.48924914859236,0.0055373694751250065,18
H2,Validação,57,1T20,Ridge Contábil,0.1,311,Despesas_t_4,-37.99213794943106,0.001219649955080315,20
H2,Validação,57,1T20,Ridge Contábil,0.1,311,EBIT_t,627.9275149637178,0.020158164471780166,12
H2,Validação,57,1T20,Ridge Contábil,0.1,311,EBIT_t_1,-765.8613235106985,0.024586211232989114,10
H2,Validação,57,1T20,Ridge Contábil,0.1,311,EBIT_t_4,792.1985939323068,0.02543170854954994,9
H2,Validação,57,1T20,Ridge Contábil,0.1,311,Trimestre_Sin,696.3807746128485,0.022355698476507417,11
H2,Validação,57,1T20,Ridge Contábil,0.1,311,Trimestre_Cos,-346.6325440911601,0.01112783827519477,16
H2,Validação,57,1T20,Ridge Contábil,0.1,311,Segmento=CORPORATIVO / OUTROS NEGÓCIOS,332.7487569857003,0.010682131314926895,17
H2,Validação,57,1T20,Ridge Contábil,0.1,311,Segmento=DISTRIBUIÇÃO,1394.4681184200745,0.04476618242057748,7
H2,Validação,57,1T20,Ridge Contábil,0.1,311,Segmento=E&P,1562.0344180240884,0.05014551195599444,4
H2,Validação,57,1T20,Ridge Contábil,0.1,311,Segmento=GÁS & ENERGIA / G&EBC,539.5360010131279,0.017320558802870124,13
H2,Validação,57,1T20,Ridge Contábil,0.1,311,Segmento=INTERNACIONAL,424.4279025413764,0.013625278813170185,14
H2,Validação,57,1T20,Ridge Contábil,0.1,311,Segmento=REFINO / RTC,4319.1176827478575,0.13865531060035816,2
H2,Validação,57,1T20,Ridge + Brent e Câmbio,10.0,311,Custo_t,4636.34362559012,0.14461581924375105,1
H2,Validação,57,1T20,Ridge + Brent e Câmbio,10.0,311,Custo_t_1,2405.7943676294653,0.07504101324294184,4
H2,Validação,57,1T20,Ridge + Brent e Câmbio,10.0,311,Custo_t_4,1685.5008570139746,0.052573775146378544,6
H2,Validação,57,1T20,Ridge + Brent e Câmbio,10.0,311,Receita_t,2784.4018328452617,0.08685045472863702,3
H2,Validação,57,1T20,Ridge + Brent e Câmbio,10.0,311,Receita_t_1,1598.4219219235276,0.04985762799380947,8
H2,Validação,57,1T20,Ridge + Brent e Câmbio,10.0,311,Receita_t_4,1858.0946602531637,0.05795728341657351,5
H2,Validação,57,1T20,Ridge + Brent e Câmbio,10.0,311,Despesas_t,-882.2784347366234,0.02751983652296504,13
H2,Validação,57,1T20,Ridge + Brent e Câmbio,10.0,311,Despesas_t_1,-587.4044553336121,0.01832219166556866,18
H2,Validação,57,1T20,Ridge + Brent e Câmbio,10.0,311,Despesas_t_4,-74.61922963723947,0.0023275067373707587,28
H2,Validação,57,1T20,Ridge + Brent e Câmbio,10.0,311,EBIT_t,-657.4168482621992,0.02050600295701372,17
H2,Validação,57,1T20,Ridge + Brent e Câmbio,10.0,311,EBIT_t_1,-1344.2358884981797,0.041929112673841695,9
H2,Validação,57,1T20,Ridge + Brent e Câmbio,10.0,311,EBIT_t_4,681.81696280432,0.021267086008467016,16
H2,Validação,57,1T20,Ridge + Brent e Câmbio,10.0,311,Trimestre_Sin,574.4088744747503,0.01791683634158456,19
H2,Validação,57,1T20,Ridge + Brent e Câmbio,10.0,311,Trimestre_Cos,-285.8268094223719,0.008915447504429234,21
H2,Validação,57,1T20,Ridge + Brent e Câmbio,10.0,311,Brent_t,683.0555649345882,0.021305720215991485,15
H2,Validação,57,1T20,Ridge + Brent e Câmbio,10.0,311,Brent_t_1,-1634.5881035857303,0.05098571564484764,7
H2,Validação,57,1T20,Ridge + Brent e Câmbio,10.0,311,Brent_t_4,-172.62328751498123,0.0053844279372953375,25
H2,Validação,57,1T20,Ridge + Brent e Câmbio,10.0,311,USD_BRL_t,-268.24369722917356,0.008366998903544842,23
H2,Validação,57,1T20,Ridge + Brent e Câmbio,10.0,311,USD_BRL_t_1,-1209.2703914872493,0.03771929832527916,11
H2,Validação,57,1T20,Ridge + Brent e Câmbio,10.0,311,USD_BRL_t_4,494.3137387557054,0.015418526335933328,20
H2,Validação,57,1T20,Ridge + Brent e Câmbio,10.0,311,Brent_BRL_t,1214.9900094485233,0.037897703401353657,10
H2,Validação,57,1T20,Ridge + Brent e Câmbio,10.0,311,Brent_Var_AA,98.43344303340041,0.0030703144880566196,27
H2,Validação,57,1T20,Ridge + Brent e Câmbio,10.0,311,USD_BRL_Var_AA,244.51325290419155,0.0076268040594582595,24
H2,Validação,57,1T20,Ridge + Brent e Câmbio,10.0,311,Segmento=CORPORATIVO / OUTROS NEGÓCIOS,2.983965817093772,9.307521100303246e-05,29
H2,Validação,57,1T20,Ridge + Brent e Câmbio,10.0,311,Segmento=DISTRIBUIÇÃO,1003.0130050931049,0.03128576291090022,12
H2,Validação,57,1T20,Ridge + Brent e Câmbio,10.0,311,Segmento=E&P,866.1145398601988,0.0270156558391128,14
H2,Validação,57,1T20,Ridge + Brent e Câmbio,10.0,311,Segmento=GÁS & ENERGIA / G&EBC,269.29239013787947,0.008399709504047045,22
H2,Validação,57,1T20,Ridge + Brent e Câmbio,10.0,311,Segmento=INTERNACIONAL,166.58453552214192,0.005196068502107197,26
H2,Validação,57,1T20,Ridge + Brent e Câmbio,10.0,311,Segmento=REFINO / RTC,3675.141896573467,0.11463422453773732,2
H2,Validação,58,2T20,Ridge Contábil,0.1,315,Custo_t,12621.912681011287,0.3804205880404026,1
H2,Validação,58,2T20,Ridge Contábil,0.1,315,Custo_t_1,2346.0665291499977,0.07070972768999069,4
H2,Validação,58,2T20,Ridge Contábil,0.1,315,Custo_t_4,1232.0831292054415,0.03713460870571002,8
H2,Validação,58,2T20,Ridge Contábil,0.1,315,Receita_t,-219.37948005677228,0.006612030435985272,18
H2,Validação,58,2T20,Ridge Contábil,0.1,315,Receita_t_1,-3362.9350171512397,0.10135783292899743,3
H2,Validação,58,2T20,Ridge Contábil,0.1,315,Receita_t_4,1804.592416380508,0.054389863530391665,5
H2,Validação,58,2T20,Ridge Contábil,0.1,315,Despesas_t,-409.07655568293643,0.012329442280215219,14
H2,Validação,58,2T20,Ridge Contábil,0.1,315,Despesas_t_1,43.75062531424265,0.0013186304666976984,20
H2,Validação,58,2T20,Ridge Contábil,0.1,315,Despesas_t_4,-47.83140141344849,0.001441623810302158,19
H2,Validação,58,2T20,Ridge Contábil,0.1,315,EBIT_t,636.8368079564199,0.019194066627716798,11
H2,Validação,58,2T20,Ridge Contábil,0.1,315,EBIT_t_1,-410.6795197241583,0.012377755126182426,13
H2,Validação,58,2T20,Ridge Contábil,0.1,315,EBIT_t_4,816.899111151924,0.02462108937749347,9
H2,Validação,58,2T20,Ridge Contábil,0.1,315,Trimestre_Sin,674.5595320246788,0.020331017994376317,10
H2,Validação,58,2T20,Ridge Contábil,0.1,315,Trimestre_Cos,-338.2067313932923,0.010193447450275835,17
H2,Validação,58,2T20,Ridge Contábil,0.1,315,Segmento=CORPORATIVO / OUTROS NEGÓCIOS,361.4518237161753,0.010894047423830405,16
H2,Validação,58,2T20,Ridge Contábil,0.1,315,Segmento=DISTRIBUIÇÃO,1313.4334169590743,0.039586481499209125,7
H2,Validação,58,2T20,Ridge Contábil,0.1,315,Segmento=E&P,1450.4490270447977,0.04371609008364668,6
H2,Validação,58,2T20,Ridge Contábil,0.1,315,Segmento=GÁS & ENERGIA / G&EBC,517.4864361672435,0.015596882922969334,12
H2,Validação,58,2T20,Ridge Contábil,0.1,315,Segmento=INTERNACIONAL,401.87302781780664,0.012112330153418399,15
H2,Validação,58,2T20,Ridge Contábil,0.1,315,Segmento=REFINO / RTC,4169.333727983171,0.12566244345218852,2
H2,Validação,58,2T20,Ridge + Brent e Câmbio,10.0,315,Custo_t,4768.564723443983,0.15094392009543275,1
H2,Validação,58,2T20,Ridge + Brent e Câmbio,10.0,315,Custo_t_1,2548.6799442162383,0.08067579327533209,4
H2,Validação,58,2T20,Ridge + Brent e Câmbio,10.0,315,Custo_t_4,1766.3425850937583,0.05591172385996124,6
H2,Validação,58,2T20,Ridge + Brent e Câmbio,10.0,315,Receita_t,2715.103234235825,0.08594374815224372,3
H2,Validação,58,2T20,Ridge + Brent e Câmbio,10.0,315,Receita_t_1,1364.5640622791962,0.0431938456804695,8
H2,Validação,58,2T20,Ridge + Brent e Câmbio,10.0,315,Receita_t_4,1892.5701524870158,0.05990732525188026,5
H2,Validação,58,2T20,Ridge + Brent e Câmbio,10.0,315,Despesas_t,-963.2652153720596,0.03049115113925076,12
H2,Validação,58,2T20,Ridge + Brent e Câmbio,10.0,315,Despesas_t_1,-312.49596453181647,0.009891732342130975,20
H2,Validação,58,2T20,Ridge + Brent e Câmbio,10.0,315,Despesas_t_4,-137.45588428325527,0.004351021998693538,25
H2,Validação,58,2T20,Ridge + Brent e Câmbio,10.0,315,EBIT_t,-838.4116209469548,0.02653904142206953,14
H2,Validação,58,2T20,Ridge + Brent e Câmbio,10.0,315,EBIT_t_1,-937.1484867060324,0.029664453456919256,13
H2,Validação,58,2T20,Ridge + Brent e Câmbio,10.0,315,EBIT_t_4,608.4924953960664,0.019261192398663536,17
H2,Validação,58,2T20,Ridge + Brent e Câmbio,10.0,315,Trimestre_Sin,550.7392254499596,0.017433073149041797,19
H2,Validação,58,2T20,Ridge + Brent e Câmbio,10.0,315,Trimestre_Cos,-292.3215363052499,0.009253131954213291,22
H2,Validação,58,2T20,Ridge + Brent e Câmbio,10.0,315,Brent_t,718.9645143665176,0.02275806841300727,16
H2,Validação,58,2T20,Ridge + Brent e Câmbio,10.0,315,Brent_t_1,-1603.0342272326257,0.05074236889688044,7
H2,Validação,58,2T20,Ridge + Brent e Câmbio,10.0,315,Brent_t_4,-110.94691329846118,0.0035119082967301905,27
H2,Validação,58,2T20,Ridge + Brent e Câmbio,10.0,315,USD_BRL_t,-208.29515487280318,0.006593364887931889,23
H2,Validação,58,2T20,Ridge + Brent e Câmbio,10.0,315,USD_BRL_t_1,-1222.3613732162744,0.038692568549902,10
H2,Validação,58,2T20,Ridge + Brent e Câmbio,10.0,315,USD_BRL_t_4,590.7499313833844,0.018699570124470273,18
H2,Validação,58,2T20,Ridge + Brent e Câmbio,10.0,315,Brent_BRL_t,1228.175260001619,0.03887660104463915,9
H2,Validação,58,2T20,Ridge + Brent e Câmbio,10.0,315,Brent_Var_AA,18.977381262457676,0.0006007091204651077,28
H2,Validação,58,2T20,Ridge + Brent e Câmbio,10.0,315,USD_BRL_Var_AA,126.25582364638282,0.0039964958140064405,26
H2,Validação,58,2T20,Ridge + Brent e Câmbio,10.0,315,Segmento=CORPORATIVO / OUTROS NEGÓCIOS,17.003544307001643,0.0005382293797118798,29
H2,Validação,58,2T20,Ridge + Brent e Câmbio,10.0,315,Segmento=DISTRIBUIÇÃO,1013.1151164375718,0.03206909752764821,11
H2,Validação,58,2T20,Ridge + Brent e Câmbio,10.0,315,Segmento=E&P,815.8838129273869,0.02582594726253907,15
H2,Validação,58,2T20,Ridge + Brent e Câmbio,10.0,315,Segmento=GÁS & ENERGIA / G&EBC,302.10982044714365,0.009562969833129261,21
H2,Validação,58,2T20,Ridge + Brent e Câmbio,10.0,315,Segmento=INTERNACIONAL,183.16275654656422,0.005797825151182216,24
H2,Validação,58,2T20,Ridge + Brent e Câmbio,10.0,315,Segmento=REFINO / RTC,3736.440889187399,0.11827312152145433,2
H2,Validação,59,3T20,Ridge Contábil,0.1,319,Custo_t,13987.617741892876,0.39314094815604134,1
H2,Validação,59,3T20,Ridge Contábil,0.1,319,Custo_t_1,1781.0478117364976,0.050058761851935925,6
H2,Validação,59,3T20,Ridge Contábil,0.1,319,Custo_t_4,680.697848133227,0.019131935284546854,10
H2,Validação,59,3T20,Ridge Contábil,0.1,319,Receita_t,-2479.8172344926434,0.06969862322604473,3
H2,Validação,59,3T20,Ridge Contábil,0.1,319,Receita_t_1,-1895.3600231663129,0.0532716614333088,5
H2,Validação,59,3T20,Ridge Contábil,0.1,319,Receita_t_4,1500.6075427539338,0.04217660812973816,8
H2,Validação,59,3T20,Ridge Contábil,0.1,319,Despesas_t,-405.2746071582971,0.011390791931966161,16
H2,Validação,59,3T20,Ridge Contábil,0.1,319,Despesas_t_1,99.30382272036712,0.002791068482153232,19
H2,Validação,59,3T20,Ridge Contábil,0.1,319,Despesas_t_4,-3.0687671332606032,8.625185808637249e-05,20
H2,Validação,59,3T20,Ridge Contábil,0.1,319,EBIT_t,575.5788137344053,0.01617742239926638,13
H2,Validação,59,3T20,Ridge Contábil,0.1,319,EBIT_t_1,-332.8827982559308,0.009356122060672134,17
H2,Validação,59,3T20,Ridge Contábil,0.1,319,EBIT_t_4,801.9584171930893,0.022540127871291372,9
H2,Validação,59,3T20,Ridge Contábil,0.1,319,Trimestre_Sin,614.4808180626384,0.017270815938393958,11
H2,Validação,59,3T20,Ridge Contábil,0.1,319,Trimestre_Cos,-511.9645460892607,0.01438945721750699,14
H2,Validação,59,3T20,Ridge Contábil,0.1,319,Segmento=CORPORATIVO / OUTROS NEGÓCIOS,308.3020336210329,0.008665246366663031,18
H2,Validação,59,3T20,Ridge Contábil,0.1,319,Segmento=DISTRIBUIÇÃO,1632.2137232396697,0.04587557814265157,7
H2,Validação,59,3T20,Ridge Contábil,0.1,319,Segmento=E&P,1964.7712879290766,0.05522255907328464,4
H2,Validação,59,3T20,Ridge Contábil,0.1,319,Segmento=GÁS & ENERGIA / G&EBC,603.0808094174079,0.0169504032497951,12
H2,Validação,59,3T20,Ridge Contábil,0.1,319,Segmento=INTERNACIONAL,485.9004350803435,0.013656890063902223,15
H2,Validação,59,3T20,Ridge Contábil,0.1,319,Segmento=REFINO / RTC,4915.213227072441,0.13814872726275096,2
H2,Validação,59,3T20,Ridge + Brent e Câmbio,10.0,319,Custo_t,4864.106783135882,0.1512140485465031,1
H2,Validação,59,3T20,Ridge + Brent e Câmbio,10.0,319,Custo_t_1,2723.263158963938,0.08466007550496091,3
H2,Validação,59,3T20,Ridge + Brent e Câmbio,10.0,319,Custo_t_4,1464.6649269643613,0.0455331108556714,8
H2,Validação,59,3T20,Ridge + Brent e Câmbio,10.0,319,Receita_t,2431.455197908973,0.07558842778904173,4
H2,Validação,59,3T20,Ridge + Brent e Câmbio,10.0,319,Receita_t_1,1529.380859127588,0.04754498241691895,6
H2,Validação,59,3T20,Ridge + Brent e Câmbio,10.0,319,Receita_t_4,1664.0902223713986,0.051732791011878616,5
H2,Validação,59,3T20,Ridge + Brent e Câmbio,10.0,319,Despesas_t,-1018.2580622520717,0.03165533384096176,13
H2,Validação,59,3T20,Ridge + Brent e Câmbio,10.0,319,Despesas_t_1,-198.17732204029403,0.0061608834945225425,25
H2,Validação,59,3T20,Ridge + Brent e Câmbio,10.0,319,Despesas_t_4,-44.60261912479356,0.001386594274003484,29
H2,Validação,59,3T20,Ridge + Brent e Câmbio,10.0,319,EBIT_t,-1025.9449332783408,0.031894301228060855,12
H2,Validação,59,3T20,Ridge + Brent e Câmbio,10.0,319,EBIT_t_1,-864.8290309438738,0.0268855732203441,15
H2,Validação,59,3T20,Ridge + Brent e Câmbio,10.0,319,EBIT_t_4,715.0769029405019,0.02223011918459921,16
H2,Validação,59,3T20,Ridge + Brent e Câmbio,10.0,319,Trimestre_Sin,494.64266805981555,0.015377318746474414,20
H2,Validação,59,3T20,Ridge + Brent e Câmbio,10.0,319,Trimestre_Cos,-481.17579981675425,0.01495866435440065,21
H2,Validação,59,3T20,Ridge + Brent e Câmbio,10.0,319,Brent_t,560.7053689524325,0.017431058293172652,18
H2,Validação,59,3T20,Ridge + Brent e Câmbio,10.0,319,Brent_t_1,-1496.8116426393283,0.04653247934024879,7
H2,Validação,59,3T20,Ridge + Brent e Câmbio,10.0,319,Brent_t_4,-93.2464680667271,0.002898821217888983,27
H2,Validação,59,3T20,Ridge + Brent e Câmbio,10.0,319,USD_BRL_t,-501.5093507969364,0.015590788339774547,19
H2,Validação,59,3T20,Ridge + Brent e Câmbio,10.0,319,USD_BRL_t_1,-1157.3846217495698,0.035980463049658844,9
H2,Validação,59,3T20,Ridge + Brent e Câmbio,10.0,319,USD_BRL_t_4,574.5915312100974,0.017862747585240663,17
H2,Validação,59,3T20,Ridge + Brent e Câmbio,10.0,319,Brent_BRL_t,1124.8030373303823,0.03496757548206546,10
H2,Validação,59,3T20,Ridge + Brent e Câmbio,10.0,319,Brent_Var_AA,226.58745703859648,0.007044090160079417,24
H2,Validação,59,3T20,Ridge + Brent e Câmbio,10.0,319,USD_BRL_Var_AA,368.7324989094042,0.011463057140125788,22
H2,Validação,59,3T20,Ridge + Brent e Câmbio,10.0,319,Segmento=CORPORATIVO / OUTROS NEGÓCIOS,-90.16107841078976,0.0028029034508622896,28
H2,Validação,59,3T20,Ridge + Brent e Câmbio,10.0,319,Segmento=DISTRIBUIÇÃO,1115.851307935624,0.03468928651687102,11
H2,Validação,59,3T20,Ridge + Brent e Câmbio,10.0,319,Segmento=E&P,936.3388277211261,0.029108650624589467,14
H2,Validação,59,3T20,Ridge + Brent e Câmbio,10.0,319,Segmento=GÁS & ENERGIA / G&EBC,266.99882854953097,0.00830038805112728,23
H2,Validação,59,3T20,Ridge + Brent e Câmbio,10.0,319,Segmento=INTERNACIONAL,141.56757167604164,0.004401014741339714,26
H2,Validação,59,3T20,Ridge + Brent e Câmbio,10.0,319,Segmento=REFINO / RTC,3992.0715723756557,0.1241044515386133,2
H2,Validação,60,4T20,Ridge Contábil,0.1,323,Custo_t,12826.198791618284,0.39177035465854854,1
H2,Validação,60,4T20,Ridge Contábil,0.1,323,Custo_t_1,1710.0366443068735,0.05223228436604415,5
H2,Validação,60,4T20,Ridge Contábil,0.1,323,Custo_t_4,751.2282187183243,0.022945921114922514,10
H2,Validação,60,4T20,Ridge Contábil,0.1,323,Receita_t,-1564.2223685662616,0.047778454244643755,7
H2,Validação,60,4T20,Ridge Contábil,0.1,323,Receita_t_1,-1595.6084679389212,0.04873712824325748,6
H2,Validação,60,4T20,Ridge Contábil,0.1,323,Receita_t_4,1221.3250641561308,0.03730481347681125,8
H2,Validação,60,4T20,Ridge Contábil,0.1,323,Despesas_t,-230.35660031195587,0.007036136619146069,17
H2,Validação,60,4T20,Ridge Contábil,0.1,323,Despesas_t_1,76.67782828869498,0.0023420890687223753,19
H2,Validação,60,4T20,Ridge Contábil,0.1,323,Despesas_t_4,-44.527234386402895,0.001360063935616299,20
H2,Validação,60,4T20,Ridge Contábil,0.1,323,EBIT_t,270.4384726848364,0.008260419012551954,16
H2,Validação,60,4T20,Ridge Contábil,0.1,323,EBIT_t_1,-291.2445004249954,0.008895929579573912,15
H2,Validação,60,4T20,Ridge Contábil,0.1,323,EBIT_t_4,786.302774088208,0.02401725730891086,9
H2,Validação,60,4T20,Ridge Contábil,0.1,323,Trimestre_Sin,605.3467606025422,0.01849003893871033,11
H2,Validação,60,4T20,Ridge Contábil,0.1,323,Trimestre_Cos,-557.566367446663,0.017030608761732548,13
H2,Validação,60,4T20,Ridge Contábil,0.1,323,Segmento=CORPORATIVO / OUTROS NEGÓCIOS,194.07077105093208,0.005927802620147038,18
H2,Validação,60,4T20,Ridge Contábil,0.1,323,Segmento=DISTRIBUIÇÃO,1738.1622907267647,0.05309136932581589,4
H2,Validação,60,4T20,Ridge Contábil,0.1,323,Segmento=E&P,2013.0005284719357,0.06148617714257287,3
H2,Validação,60,4T20,Ridge Contábil,0.1,323,Segmento=GÁS & ENERGIA / G&EBC,583.5331988752469,0.017823753708525587,12
H2,Validação,60,4T20,Ridge Contábil,0.1,323,Segmento=INTERNACIONAL,497.89192401952,0.01520788027877929,14
H2,Validação,60,4T20,Ridge Contábil,0.1,323,Segmento=REFINO / RTC,5181.335600304464,0.15826151759496715,2
H2,Validação,60,4T20,Ridge + Brent e Câmbio,10.0,323,Custo_t,4740.902397679874,0.14606210428415659,1
H2,Validação,60,4T20,Ridge + Brent e Câmbio,10.0,323,Custo_t_1,2757.064146835983,0.08494218128817482,3
H2,Validação,60,4T20,Ridge + Brent e Câmbio,10.0,323,Custo_t_4,1476.360603862256,0.045485082457694205,8
H2,Validação,60,4T20,Ridge + Brent e Câmbio,10.0,323,Receita_t,2412.1482269181793,0.0743156927342331,4
H2,Validação,60,4T20,Ridge + Brent e Câmbio,10.0,323,Receita_t_1,1568.8873702710139,0.04833573262313225,6
H2,Validação,60,4T20,Ridge + Brent e Câmbio,10.0,323,Receita_t_4,1667.2467168579192,0.05136607831122928,5
H2,Validação,60,4T20,Ridge + Brent e Câmbio,10.0,323,Despesas_t,-1053.928343968564,0.03247039883379591,13
H2,Validação,60,4T20,Ridge + Brent e Câmbio,10.0,323,Despesas_t_1,-180.94903338071123,0.005574845117398982,25
H2,Validação,60,4T20,Ridge + Brent e Câmbio,10.0,323,Despesas_t_4,-45.558688165547046,0.0014036141864346469,29
H2,Validação,60,4T20,Ridge + Brent e Câmbio,10.0,323,EBIT_t,-1092.249855968636,0.0336510434057703,12
H2,Validação,60,4T20,Ridge + Brent e Câmbio,10.0,323,EBIT_t_1,-830.5062621765107,0.025587004772347915,15
H2,Validação,60,4T20,Ridge + Brent e Câmbio,10.0,323,EBIT_t_4,717.6478009450732,0.02210995695507944,16
H2,Validação,60,4T20,Ridge + Brent e Câmbio,10.0,323,Trimestre_Sin,488.1816148073157,0.015040350538853029,21
H2,Validação,60,4T20,Ridge + Brent e Câmbio,10.0,323,Trimestre_Cos,-493.59596938604875,0.015207160980573432,20
H2,Validação,60,4T20,Ridge + Brent e Câmbio,10.0,323,Brent_t,514.9872280036014,0.015866202653419387,19
H2,Validação,60,4T20,Ridge + Brent e Câmbio,10.0,323,Brent_t_1,-1525.456323667632,0.046997668785062584,7
H2,Validação,60,4T20,Ridge + Brent e Câmbio,10.0,323,Brent_t_4,-88.88858354990064,0.0027385616642288104,28
H2,Validação,60,4T20,Ridge + Brent e Câmbio,10.0,323,USD_BRL_t,-677.4623380135301,0.02087188605948652,17
H2,Validação,60,4T20,Ridge + Brent e Câmbio,10.0,323,USD_BRL_t_1,-1161.8270312722118,0.03579464135032224,10
H2,Validação,60,4T20,Ridge + Brent e Câmbio,10.0,323,USD_BRL_t_4,563.185010858241,0.01735112450901901,18
H2,Validação,60,4T20,Ridge + Brent e Câmbio,10.0,323,Brent_BRL_t,1178.646175239487,0.036312821087859264,9
H2,Validação,60,4T20,Ridge + Brent e Câmbio,10.0,323,Brent_Var_AA,272.31440412383216,0.008389713931398023,23
H2,Validação,60,4T20,Ridge + Brent e Câmbio,10.0,323,USD_BRL_Var_AA,390.48437650972306,0.012030403695087476,22
H2,Validação,60,4T20,Ridge + Brent e Câmbio,10.0,323,Segmento=CORPORATIVO / OUTROS NEGÓCIOS,-172.536201216174,0.005315654805963105,26
H2,Validação,60,4T20,Ridge + Brent e Câmbio,10.0,323,Segmento=DISTRIBUIÇÃO,1130.3678518995998,0.03482541786652616,11
H2,Validação,60,4T20,Ridge + Brent e Câmbio,10.0,323,Segmento=E&P,894.0794567263656,0.02754562652683966,14
H2,Validação,60,4T20,Ridge + Brent e Câmbio,10.0,323,Segmento=GÁS & ENERGIA / G&EBC,216.7897801130944,0.006679059979406965,24
H2,Validação,60,4T20,Ridge + Brent e Câmbio,10.0,323,Segmento=INTERNACIONAL,112.54900200324492,0.0034675137112547974,27
H2,Validação,60,4T20,Ridge + Brent e Câmbio,10.0,323,Segmento=REFINO / RTC,4033.3266638606506,0.12426245688525211,2
H2,Validação,61,1T21,Ridge Contábil,0.1,327,Custo_t,10993.953709369907,0.32278292875162806,1
H2,Validação,61,1T21,Ridge Contábil,0.1,327,Custo_t_1,4041.1555454238796,0.11864849143225674,3
H2,Validação,61,1T21,Ridge Contábil,0.1,327,Custo_t_4,400.9630683567683,0.011772292020397687,14
H2,Validação,61,1T21,Ridge Contábil,0.1,327,Receita_t,-1699.3678002649206,0.049893507840425524,8
H2,Validação,61,1T21,Ridge Contábil,0.1,327,Receita_t_1,-2156.332553011902,0.06331001159577813,4
H2,Validação,61,1T21,Ridge Contábil,0.1,327,Receita_t_4,1927.7756695387618,0.05659957218662104,6
H2,Validação,61,1T21,Ridge Contábil,0.1,327,Despesas_t,-258.0360966120556,0.0075759503077670225,15
H2,Validação,61,1T21,Ridge Contábil,0.1,327,Despesas_t_1,-95.6806554774023,0.002809187942418712,19
H2,Validação,61,1T21,Ridge Contábil,0.1,327,Despesas_t_4,-74.22990601063131,0.0021793930642666744,20
H2,Validação,61,1T21,Ridge Contábil,0.1,327,EBIT_t,196.39720552043661,0.005766229954424213,17
H2,Validação,61,1T21,Ridge Contábil,0.1,327,EBIT_t_1,-110.72344613939381,0.0032508448890308283,18
H2,Validação,61,1T21,Ridge Contábil,0.1,327,EBIT_t_4,669.7678139732734,0.01966441030160197,9
H2,Validação,61,1T21,Ridge Contábil,0.1,327,Trimestre_Sin,562.3958561387889,0.016511965245727928,12
H2,Validação,61,1T21,Ridge Contábil,0.1,327,Trimestre_Cos,-600.9301811679312,0.017643334598299688,10
H2,Validação,61,1T21,Ridge Contábil,0.1,327,Segmento=CORPORATIVO / OUTROS NEGÓCIOS,252.76368642147034,0.007421152129797018,16
H2,Validação,61,1T21,Ridge Contábil,0.1,327,Segmento=DISTRIBUIÇÃO,1702.7601909090072,0.049993108567926735,7
H2,Validação,61,1T21,Ridge Contábil,0.1,327,Segmento=E&P,2043.0764899835417,0.05998480897171977,5
H2,Validação,61,1T21,Ridge Contábil,0.1,327,Segmento=GÁS & ENERGIA / G&EBC,599.0748283267947,0.017588861363305137,11
H2,Validação,61,1T21,Ridge Contábil,0.1,327,Segmento=INTERNACIONAL,496.1351389236641,0.014566547889126452,13
H2,Validação,61,1T21,Ridge Contábil,0.1,327,Segmento=REFINO / RTC,5178.378406113546,0.15203740094748092,2
H2,Validação,61,1T21,Ridge + Brent e Câmbio,10.0,327,Custo_t,4439.720872625953,0.13729403112494143,1
H2,Validação,61,1T21,Ridge + Brent e Câmbio,10.0,327,Custo_t_1,3131.8614859164313,0.0968497571497311,3
H2,Validação,61,1T21,Ridge + Brent e Câmbio,10.0,327,Custo_t_4,1611.9703509507904,0.04984860847907775,7
H2,Validação,61,1T21,Ridge + Brent e Câmbio,10.0,327,Receita_t,2163.7261009909726,0.06691111607644767,4
H2,Validação,61,1T21,Ridge + Brent e Câmbio,10.0,327,Receita_t_1,1670.9430509605736,0.05167228162046516,5
H2,Validação,61,1T21,Ridge + Brent e Câmbio,10.0,327,Receita_t_4,1638.8573901853395,0.05068006390328831,6
H2,Validação,61,1T21,Ridge + Brent e Câmbio,10.0,327,Despesas_t,-1056.918654882204,0.03268417697036467,12
H2,Validação,61,1T21,Ridge + Brent e Câmbio,10.0,327,Despesas_t_1,-518.8177691543459,0.016043932713346195,20
H2,Validação,61,1T21,Ridge + Brent e Câmbio,10.0,327,Despesas_t_4,-7.422561777962021,0.000229535472388283,28
H2,Validação,61,1T21,Ridge + Brent e Câmbio,10.0,327,EBIT_t,-1080.3822420920364,0.03340976548484805,11
H2,Validação,61,1T21,Ridge + Brent e Câmbio,10.0,327,EBIT_t_1,-866.1272921198038,0.026784140448028588,14
H2,Validação,61,1T21,Ridge + Brent e Câmbio,10.0,327,EBIT_t_4,755.7636177876155,0.023371251626064366,17
H2,Validação,61,1T21,Ridge + Brent e Câmbio,10.0,327,Trimestre_Sin,479.64131012691655,0.014832438986738207,21
H2,Validação,61,1T21,Ridge + Brent e Câmbio,10.0,327,Trimestre_Cos,-537.4800165240073,0.016621044483374245,19
H2,Validação,61,1T21,Ridge + Brent e Câmbio,10.0,327,Brent_t,767.9245200520547,0.02374731564943477,16
H2,Validação,61,1T21,Ridge + Brent e Câmbio,10.0,327,Brent_t_1,-1413.6246182019063,0.04371496044425931,8
H2,Validação,61,1T21,Ridge + Brent e Câmbio,10.0,327,Brent_t_4,-4.901744700632521,0.00015158166668642652,29
H2,Validação,61,1T21,Ridge + Brent e Câmbio,10.0,327,USD_BRL_t,-142.23037535807407,0.004398335422779338,26
H2,Validação,61,1T21,Ridge + Brent e Câmbio,10.0,327,USD_BRL_t_1,-1208.5585410880615,0.03737349232460127,9
H2,Validação,61,1T21,Ridge + Brent e Câmbio,10.0,327,USD_BRL_t_4,560.9714676914856,0.017347494663529417,18
H2,Validação,61,1T21,Ridge + Brent e Câmbio,10.0,327,Brent_BRL_t,855.1399637960479,0.026444368052389342,15
H2,Validação,61,1T21,Ridge + Brent e Câmbio,10.0,327,Brent_Var_AA,310.1856685697334,0.009592188801260181,23
H2,Validação,61,1T21,Ridge + Brent e Câmbio,10.0,327,USD_BRL_Var_AA,336.02515462841177,0.01039124966679031,22
H2,Validação,61,1T21,Ridge + Brent e Câmbio,10.0,327,Segmento=CORPORATIVO / OUTROS NEGÓCIOS,-93.28659737507859,0.0028847968984992917,27
H2,Validação,61,1T21,Ridge + Brent e Câmbio,10.0,327,Segmento=DISTRIBUIÇÃO,1155.5534062253637,0.035734360306079425,10
H2,Validação,61,1T21,Ridge + Brent e Câmbio,10.0,327,Segmento=E&P,969.3702214938808,0.02997682718793411,13
H2,Validação,61,1T21,Ridge + Brent e Câmbio,10.0,327,Segmento=GÁS & ENERGIA / G&EBC,254.28397189106695,0.007863483438033511,24
H2,Validação,61,1T21,Ridge + Brent e Câmbio,10.0,327,Segmento=INTERNACIONAL,152.46282474530966,0.004714763924696528,25
H2,Validação,61,1T21,Ridge + Brent e Câmbio,10.0,327,Segmento=REFINO / RTC,4153.16714503198,0.1284326370139226,2
H2,Validação,62,2T21,Ridge Contábil,0.1,331,Custo_t,10533.595858918792,0.30627295163521157,1
H2,Validação,62,2T21,Ridge Contábil,0.1,331,Custo_t_1,4095.084233321903,0.11906793768553162,3
H2,Validação,62,2T21,Ridge Contábil,0.1,331,Custo_t_4,503.12765003654823,0.0146288496815178,12
H2,Validação,62,2T21,Ridge Contábil,0.1,331,Receita_t,-95.91463072930527,0.0027887966703785197,19
H2,Validação,62,2T21,Ridge Contábil,0.1,331,Receita_t_1,-3882.763955130091,0.11289455120243844,4
H2,Validação,62,2T21,Ridge Contábil,0.1,331,Receita_t_4,2550.9121959461586,0.0741698673538138,5
H2,Validação,62,2T21,Ridge Contábil,0.1,331,Despesas_t,-229.11740087303394,0.006661776621794077,16
H2,Validação,62,2T21,Ridge Contábil,0.1,331,Despesas_t_1,-58.658109305142986,0.0017055327083785657,20
H2,Validação,62,2T21,Ridge Contábil,0.1,331,Despesas_t_4,-115.9590424444638,0.0033716044049846537,18
H2,Validação,62,2T21,Ridge Contábil,0.1,331,EBIT_t,209.40130266399493,0.006088514872047025,17
H2,Validação,62,2T21,Ridge Contábil,0.1,331,EBIT_t_1,-232.58199665760728,0.0067625125899645035,15
H2,Validação,62,2T21,Ridge Contábil,0.1,331,EBIT_t_4,738.0546541082462,0.021459545288178533,8
H2,Validação,62,2T21,Ridge Contábil,0.1,331,Trimestre_Sin,551.3139228654865,0.016029905143041204,11
H2,Validação,62,2T21,Ridge Contábil,0.1,331,Trimestre_Cos,-572.2745259477581,0.01663935189418326,10
H2,Validação,62,2T21,Ridge Contábil,0.1,331,Segmento=CORPORATIVO / OUTROS NEGÓCIOS,254.4746211585469,0.007399058629393851,14
H2,Validação,62,2T21,Ridge Contábil,0.1,331,Segmento=DISTRIBUIÇÃO,1648.9931684277267,0.04794583081455897,7
H2,Validação,62,2T21,Ridge Contábil,0.1,331,Segmento=E&P,1912.8515243183676,0.05561772923885789,6
H2,Validação,62,2T21,Ridge Contábil,0.1,331,Segmento=GÁS & ENERGIA / G&EBC,599.5047226115695,0.017431092228398896,9
H2,Validação,62,2T21,Ridge Contábil,0.1,331,Segmento=INTERNACIONAL,478.94381314701087,0.013925684759944343,13
H2,Validação,62,2T21,Ridge Contábil,0.1,331,Segmento=REFINO / RTC,5129.310180150369,0.14913890657738244,2
H2,Validação,62,2T21,Ridge + Brent e Câmbio,10.0,331,Custo_t,4594.413223966702,0.14326400612610704,1
H2,Validação,62,2T21,Ridge + Brent e Câmbio,10.0,331,Custo_t_1,2683.984446665681,0.08369259478090753,3
H2,Validação,62,2T21,Ridge + Brent e Câmbio,10.0,331,Custo_t_4,1855.863640591918,0.05786994922181314,6
H2,Validação,62,2T21,Ridge + Brent e Câmbio,10.0,331,Receita_t,2502.6043536472635,0.07803676072971842,4
H2,Validação,62,2T21,Ridge + Brent e Câmbio,10.0,331,Receita_t_1,1069.3588960440318,0.03334498486872925,10
H2,Validação,62,2T21,Ridge + Brent e Câmbio,10.0,331,Receita_t_4,1944.5237552861456,0.06063456846599353,5
H2,Validação,62,2T21,Ridge + Brent e Câmbio,10.0,331,Despesas_t,-1002.5243396239158,0.031260934994752014,13
H2,Validação,62,2T21,Ridge + Brent e Câmbio,10.0,331,Despesas_t_1,-630.4254333779085,0.019658064859810035,17
H2,Validação,62,2T21,Ridge + Brent e Câmbio,10.0,331,Despesas_t_4,-100.46332125247999,0.0031326694334511745,27
H2,Validação,62,2T21,Ridge + Brent e Câmbio,10.0,331,EBIT_t,-957.5313650950502,0.029857954142940436,14
H2,Validação,62,2T21,Ridge + Brent e Câmbio,10.0,331,EBIT_t_1,-1019.8137259396059,0.03180005645081232,12
H2,Validação,62,2T21,Ridge + Brent e Câmbio,10.0,331,EBIT_t_4,760.9980711439165,0.023729609639289127,15
H2,Validação,62,2T21,Ridge + Brent e Câmbio,10.0,331,Trimestre_Sin,422.03380916774586,0.01315995128749665,20
H2,Validação,62,2T21,Ridge + Brent e Câmbio,10.0,331,Trimestre_Cos,-481.17288201281195,0.015004038895936208,19
H2,Validação,62,2T21,Ridge + Brent e Câmbio,10.0,331,Brent_t,1053.3106812328492,0.03284456589617603,11
H2,Validação,62,2T21,Ridge + Brent e Câmbio,10.0,331,Brent_t_1,-1336.0818826936002,0.041661999845528874,7
H2,Validação,62,2T21,Ridge + Brent e Câmbio,10.0,331,Brent_t_4,68.9184420881219,0.0021490300563321747,28
H2,Validação,62,2T21,Ridge + Brent e Câmbio,10.0,331,USD_BRL_t,207.33995633368613,0.00646532023271733,26
H2,Validação,62,2T21,Ridge + Brent e Câmbio,10.0,331,USD_BRL_t_1,-662.2927959427311,0.020651759985423474,16
H2,Validação,62,2T21,Ridge + Brent e Câmbio,10.0,331,USD_BRL_t_4,280.0254605825499,0.008731815651907745,23
H2,Validação,62,2T21,Ridge + Brent e Câmbio,10.0,331,Brent_BRL_t,555.3411026836603,0.017316768705506313,18
H2,Validação,62,2T21,Ridge + Brent e Câmbio,10.0,331,Brent_Var_AA,417.6555286528498,0.01302342677915773,21
H2,Validação,62,2T21,Ridge + Brent e Câmbio,10.0,331,USD_BRL_Var_AA,256.8425629649549,0.008008921427029875,24
H2,Validação,62,2T21,Ridge + Brent e Câmbio,10.0,331,Segmento=CORPORATIVO / OUTROS NEGÓCIOS,-45.33478998251705,0.0014136394166508195,29
H2,Validação,62,2T21,Ridge + Brent e Câmbio,10.0,331,Segmento=DISTRIBUIÇÃO,1207.1891955913975,0.03764283965804414,8
H2,Validação,62,2T21,Ridge + Brent e Câmbio,10.0,331,Segmento=E&P,1087.0809372865372,0.03389759746610928,9
H2,Validação,62,2T21,Ridge + Brent e Câmbio,10.0,331,Segmento=GÁS & ENERGIA / G&EBC,298.99127907871735,0.009323211985839519,22
H2,Validação,62,2T21,Ridge + Brent e Câmbio,10.0,331,Segmento=INTERNACIONAL,220.60232876941112,0.006878870454096414,25
H2,Validação,62,2T21,Ridge + Brent e Câmbio,10.0,331,Segmento=REFINO / RTC,4346.838886233857,0.13554408854172342,2
H2,Validação,63,3T21,Ridge Contábil,0.1,335,Custo_t,12735.462813560156,0.3406237353611816,1
H2,Validação,63,3T21,Ridge Contábil,0.1,335,Custo_t_1,2915.627847284177,0.07798162208974252,5
H2,Validação,63,3T21,Ridge Contábil,0.1,335,Custo_t_4,499.429649540108,0.013357786463429014,13
H2,Validação,63,3T21,Ridge Contábil,0.1,335,Receita_t,-2537.9363392973596,0.0678798539680779,6
H2,Validação,63,3T21,Ridge Contábil,0.1,335,Receita_t_1,-3098.3286850726518,0.08286815371659989,4
H2,Validação,63,3T21,Ridge Contábil,0.1,335,Receita_t_4,3935.7516212715063,0.10526593641056409,3
H2,Validação,63,3T21,Ridge Contábil,0.1,335,Despesas_t,-32.35739146817575,0.0008654334522259088,20
H2,Validação,63,3T21,Ridge Contábil,0.1,335,Despesas_t_1,-143.90445762873935,0.003848880453754273,18
H2,Validação,63,3T21,Ridge Contábil,0.1,335,Despesas_t_4,-88.92713815253383,0.0023784525474993914,19
H2,Validação,63,3T21,Ridge Contábil,0.1,335,EBIT_t,762.2830145915666,0.02038808417359563,9
H2,Validação,63,3T21,Ridge Contábil,0.1,335,EBIT_t_1,-206.10932368833284,0.0055126169150864985,17
H2,Validação,63,3T21,Ridge Contábil,0.1,335,EBIT_t_4,757.4278458805763,0.02025822743212053,10
H2,Validação,63,3T21,Ridge Contábil,0.1,335,Trimestre_Sin,608.6542049758042,0.01627911540218243,11
H2,Validação,63,3T21,Ridge Contábil,0.1,335,Trimestre_Cos,-409.1566683174756,0.010943337886538462,14
H2,Validação,63,3T21,Ridge Contábil,0.1,335,Segmento=CORPORATIVO / OUTROS NEGÓCIOS,307.7107688170022,0.008230057518891847,16
H2,Validação,63,3T21,Ridge Contábil,0.1,335,Segmento=DISTRIBUIÇÃO,1386.5445680463808,0.037084635001237716,8
H2,Validação,63,3T21,Ridge Contábil,0.1,335,Segmento=E&P,1429.7907569737301,0.03824130112544676,7
H2,Validação,63,3T21,Ridge Contábil,0.1,335,Segmento=GÁS & ENERGIA / G&EBC,519.9398346715434,0.013906353561044048,12
H2,Validação,63,3T21,Ridge Contábil,0.1,335,Segmento=INTERNACIONAL,408.0160470422173,0.010912830736142855,15
H2,Validação,63,3T21,Ridge Contábil,0.1,335,Segmento=REFINO / RTC,4605.2945186270745,0.12317358578463876,2
H2,Validação,63,3T21,Ridge + Brent e Câmbio,10.0,335,Custo_t,4907.615483079742,0.15780321200437966,1
H2,Validação,63,3T21,Ridge + Brent e Câmbio,10.0,335,Custo_t_1,2633.272739686876,0.08467226045700568,3
H2,Validação,63,3T21,Ridge + Brent e Câmbio,10.0,335,Custo_t_4,2126.8016230975322,0.06838680181404613,5
H2,Validação,63,3T21,Ridge + Brent e Câmbio,10.0,335,Receita_t,2004.1488428549285,0.06444293075277789,6
H2,Validação,63,3T21,Ridge + Brent e Câmbio,10.0,335,Receita_t_1,958.4884201960327,0.030819967843328248,11
H2,Validação,63,3T21,Ridge + Brent e Câmbio,10.0,335,Receita_t_4,2345.90381720803,0.07543198090500179,4
H2,Validação,63,3T21,Ridge + Brent e Câmbio,10.0,335,Despesas_t,-757.1812293893946,0.024346982863475895,15
H2,Validação,63,3T21,Ridge + Brent e Câmbio,10.0,335,Despesas_t_1,-770.1387105574204,0.02476362759753268,14
H2,Validação,63,3T21,Ridge + Brent e Câmbio,10.0,335,Despesas_t_4,-133.2707283608465,0.004285288664935739,25
H2,Validação,63,3T21,Ridge + Brent e Câmbio,10.0,335,EBIT_t,-415.4289432435445,0.013358019149918647,19
H2,Validação,63,3T21,Ridge + Brent e Câmbio,10.0,335,EBIT_t_1,-1075.736628326469,0.03459005617003838,10
H2,Validação,63,3T21,Ridge + Brent e Câmbio,10.0,335,EBIT_t_4,786.1867612474189,0.025279648861631726,13
H2,Validação,63,3T21,Ridge + Brent e Câmbio,10.0,335,Trimestre_Sin,452.4867549950109,0.014549604298428546,18
H2,Validação,63,3T21,Ridge + Brent e Câmbio,10.0,335,Trimestre_Cos,-273.34101918481997,0.008789215648339024,21
H2,Validação,63,3T21,Ridge + Brent e Câmbio,10.0,335,Brent_t,1405.523075119885,0.045194261156948703,7
H2,Validação,63,3T21,Ridge + Brent e Câmbio,10.0,335,Brent_t_1,-1178.2365899707224,0.037885918128571144,8
H2,Validação,63,3T21,Ridge + Brent e Câmbio,10.0,335,Brent_t_4,261.89001908874053,0.008421011455884683,23
H2,Validação,63,3T21,Ridge + Brent e Câmbio,10.0,335,USD_BRL_t,684.9736598705305,0.022025165589813756,16
H2,Validação,63,3T21,Ridge + Brent e Câmbio,10.0,335,USD_BRL_t_1,174.2625420269279,0.005603370712051076,24
H2,Validação,63,3T21,Ridge + Brent e Câmbio,10.0,335,USD_BRL_t_4,-92.02005337386761,0.0029588829934365933,27
H2,Validação,63,3T21,Ridge + Brent e Câmbio,10.0,335,Brent_BRL_t,113.23893568765368,0.003641171122122073,26
H2,Validação,63,3T21,Ridge + Brent e Câmbio,10.0,335,Brent_Var_AA,596.1622329779649,0.019169455219949137,17
H2,Validação,63,3T21,Ridge + Brent e Câmbio,10.0,335,USD_BRL_Var_AA,86.80167244065362,0.002791087192081999,28
H2,Validação,63,3T21,Ridge + Brent e Câmbio,10.0,335,Segmento=CORPORATIVO / OUTROS NEGÓCIOS,43.38748867378283,0.0013951144088472842,29
H2,Validação,63,3T21,Ridge + Brent e Câmbio,10.0,335,Segmento=DISTRIBUIÇÃO,1154.6363786063064,0.03712705892900117,9
H2,Validação,63,3T21,Ridge + Brent e Câmbio,10.0,335,Segmento=E&P,822.3258101511349,0.026441691408659262,12
H2,Validação,63,3T21,Ridge + Brent e Câmbio,10.0,335,Segmento=GÁS & ENERGIA / G&EBC,278.91537428150605,0.008968457714499846,20
H2,Validação,63,3T21,Ridge + Brent e Câmbio,10.0,335,Segmento=INTERNACIONAL,262.3625419519996,0.008436205316492727,22
H2,Validação,63,3T21,Ridge + Brent e Câmbio,10.0,335,Segmento=REFINO / RTC,4304.853756128296,0.13842155162080075,2
H2,Validação,64,4T21,Ridge Contábil,0.1,339,Custo_t,11897.797547232494,0.3183005786006367,1
H2,Validação,64,4T21,Ridge Contábil,0.1,339,Custo_t_1,4189.770402091748,0.11208850527968776,3
H2,Validação,64,4T21,Ridge Contábil,0.1,339,Custo_t_4,1233.6934043488968,0.03300487530243648,6
H2,Validação,64,4T21,Ridge Contábil,0.1,339,Receita_t,213.9598591644491,0.005724046547186056,18
H2,Validação,64,4T21,Ridge Contábil,0.1,339,Receita_t_1,-5713.099266544592,0.1528419688538916,2
H2,Validação,64,4T21,Ridge Contábil,0.1,339,Receita_t_4,3406.1070432237143,0.09112323842541734,5
H2,Validação,64,4T21,Ridge Contábil,0.1,339,Despesas_t,-151.74858180107069,0.00405971451416587,19
H2,Validação,64,4T21,Ridge Contábil,0.1,339,Despesas_t_1,352.95130301913775,0.009442470635665867,15
H2,Validação,64,4T21,Ridge Contábil,0.1,339,Despesas_t_4,8.150318274483528,0.00021804464332567916,20
H2,Validação,64,4T21,Ridge Contábil,0.1,339,EBIT_t,789.0778607479621,0.02111012047733585,10
H2,Validação,64,4T21,Ridge Contábil,0.1,339,EBIT_t_1,533.2349146132462,0.014265579925835723,12
H2,Validação,64,4T21,Ridge Contábil,0.1,339,EBIT_t_4,592.9523503951466,0.015863194466381226,11
H2,Validação,64,4T21,Ridge Contábil,0.1,339,Trimestre_Sin,889.8935792053552,0.02380723323199786,8
H2,Validação,64,4T21,Ridge Contábil,0.1,339,Trimestre_Cos,-451.6672658812389,0.012083408840521653,13
H2,Validação,64,4T21,Ridge Contábil,0.1,339,Segmento=CORPORATIVO / OUTROS NEGÓCIOS,261.44709893430735,0.0069944678865043524,17
H2,Validação,64,4T21,Ridge Contábil,0.1,339,Segmento=DISTRIBUIÇÃO,1093.760027435509,0.02926125177377484,7
H2,Validação,64,4T21,Ridge Contábil,0.1,339,Segmento=E&P,882.4677705061937,0.02360857132031736,9
H2,Validação,64,4T21,Ridge Contábil,0.1,339,Segmento=GÁS & ENERGIA / G&EBC,410.16869482127083,0.010973201751600393,14
H2,Validação,64,4T21,Ridge Contábil,0.1,339,Segmento=INTERNACIONAL,322.46018906128313,0.008626744937154497,16
H2,Validação,64,4T21,Ridge Contábil,0.1,339,Segmento=REFINO / RTC,3984.7188803673494,0.10660278258616296,4
H2,Validação,64,4T21,Ridge + Brent e Câmbio,10.0,339,Custo_t,5097.719611997528,0.1619667634114921,1
H2,Validação,64,4T21,Ridge + Brent e Câmbio,10.0,339,Custo_t_1,2592.402821445436,0.08236684761165346,3
H2,Validação,64,4T21,Ridge + Brent e Câmbio,10.0,339,Custo_t_4,2282.513100305404,0.0725209088453443,6
H2,Validação,64,4T21,Ridge + Brent e Câmbio,10.0,339,Receita_t,2412.48737076306,0.07665050276480029,4
H2,Validação,64,4T21,Ridge + Brent e Câmbio,10.0,339,Receita_t_1,591.8640047491541,0.018804937212194197,15
H2,Validação,64,4T21,Ridge + Brent e Câmbio,10.0,339,Receita_t_4,2307.0352148977213,0.07330003516746995,5
H2,Validação,64,4T21,Ridge + Brent e Câmbio,10.0,339,Despesas_t,-885.0823684234255,0.028121187016393625,11
H2,Validação,64,4T21,Ridge + Brent e Câmbio,10.0,339,Despesas_t_1,-470.79332283296657,0.01495823162881213,18
H2,Validação,64,4T21,Ridge + Brent e Câmbio,10.0,339,Despesas_t_4,26.05367804674996,0.0008277877618584061,28
H2,Validação,64,4T21,Ridge + Brent e Câmbio,10.0,339,EBIT_t,-379.67848937576673,0.01206329510874388,20
H2,Validação,64,4T21,Ridge + Brent e Câmbio,10.0,339,EBIT_t_1,-525.3831422368594,0.016692680958519727,16
H2,Validação,64,4T21,Ridge + Brent e Câmbio,10.0,339,EBIT_t_4,374.7289416902284,0.011906036122374609,21
H2,Validação,64,4T21,Ridge + Brent e Câmbio,10.0,339,Trimestre_Sin,673.9741781092908,0.021413774110755325,14
H2,Validação,64,4T21,Ridge + Brent e Câmbio,10.0,339,Trimestre_Cos,-320.83012944199606,0.010193541745276233,24
H2,Validação,64,4T21,Ridge + Brent e Câmbio,10.0,339,Brent_t,1337.2484398431045,0.0424875862471347,7
H2,Validação,64,4T21,Ridge + Brent e Câmbio,10.0,339,Brent_t_1,-1280.481945033746,0.04068397872567584,8
H2,Validação,64,4T21,Ridge + Brent e Câmbio,10.0,339,Brent_t_4,344.6162654056767,0.010949284263369226,22
H2,Validação,64,4T21,Ridge + Brent e Câmbio,10.0,339,USD_BRL_t,1013.3315415602572,0.03219597046158064,10
H2,Validação,64,4T21,Ridge + Brent e Câmbio,10.0,339,USD_BRL_t_1,382.22232173667766,0.012144118756476186,19
H2,Validação,64,4T21,Ridge + Brent e Câmbio,10.0,339,USD_BRL_t_4,-475.34247029564176,0.015102768940961861,17
H2,Validação,64,4T21,Ridge + Brent e Câmbio,10.0,339,Brent_BRL_t,332.00076599809483,0.010548459627377728,23
H2,Validação,64,4T21,Ridge + Brent e Câmbio,10.0,339,Brent_Var_AA,715.4440174160479,0.022731370244505448,12
H2,Validação,64,4T21,Ridge + Brent e Câmbio,10.0,339,USD_BRL_Var_AA,-60.807633234543225,0.0019320041695766814,27
H2,Validação,64,4T21,Ridge + Brent e Câmbio,10.0,339,Segmento=CORPORATIVO / OUTROS NEGÓCIOS,-13.72201358724784,0.00043598124208015556,29
H2,Validação,64,4T21,Ridge + Brent e Câmbio,10.0,339,Segmento=DISTRIBUIÇÃO,1105.493973831235,0.03512419170543441,9
H2,Validação,64,4T21,Ridge + Brent e Câmbio,10.0,339,Segmento=E&P,675.4337944064334,0.02146014961695509,13
H2,Validação,64,4T21,Ridge + Brent e Câmbio,10.0,339,Segmento=GÁS & ENERGIA / G&EBC,255.5135771270725,0.00811827841562045,26
H2,Validação,64,4T21,Ridge + Brent e Câmbio,10.0,339,Segmento=INTERNACIONAL,295.47467290062275,0.009387938153199153,25
H2,Validação,64,4T21,Ridge + Brent e Câmbio,10.0,339,Segmento=REFINO / RTC,4246.182513111751,0.13491138996436422,2
H2,Validação,65,1T22,Ridge Contábil,0.1,343,Custo_t,12699.682877135212,0.39722521351938406,1
H2,Validação,65,1T22,Ridge Contábil,0.1,343,Custo_t_1,1673.8864038967658,0.0523564163473881,5
H2,Validação,65,1T22,Ridge Contábil,0.1,343,Custo_t_4,143.19613823271828,0.004478939918023683,16
H2,Validação,65,1T22,Ridge Contábil,0.1,343,Receita_t,4114.260375366343,0.12868730439101317,2
H2,Validação,65,1T22,Ridge Contábil,0.1,343,Receita_t_1,-3619.300171407722,0.1132057624814082,3
H2,Validação,65,1T22,Ridge Contábil,0.1,343,Receita_t_4,1341.1503074335235,0.0419489779694439,6
H2,Validação,65,1T22,Ridge Contábil,0.1,343,Despesas_t,-136.84679590307968,0.004280342922571203,17
H2,Validação,65,1T22,Ridge Contábil,0.1,343,Despesas_t_1,242.12482113624392,0.007573266569305309,13
H2,Validação,65,1T22,Ridge Contábil,0.1,343,Despesas_t_4,-43.710706126198374,0.0013671990664682592,19
H2,Validação,65,1T22,Ridge Contábil,0.1,343,EBIT_t,891.4881192782883,0.027884283564897548,7
H2,Validação,65,1T22,Ridge Contábil,0.1,343,EBIT_t_1,-71.4784422161795,0.0022357282261334503,18
H2,Validação,65,1T22,Ridge Contábil,0.1,343,EBIT_t_4,463.5688090708654,0.014499670656787264,11
H2,Validação,65,1T22,Ridge Contábil,0.1,343,Trimestre_Sin,873.3038207065085,0.027315508584234025,8
H2,Validação,65,1T22,Ridge Contábil,0.1,343,Trimestre_Cos,-642.8540666153411,0.020107418928769875,10
H2,Validação,65,1T22,Ridge Contábil,0.1,343,Segmento=CORPORATIVO / OUTROS NEGÓCIOS,184.24954782662874,0.005763023115171865,15
H2,Validação,65,1T22,Ridge Contábil,0.1,343,Segmento=DISTRIBUIÇÃO,820.1070290316427,0.02565160034841188,9
H2,Validação,65,1T22,Ridge Contábil,0.1,343,Segmento=E&P,12.294951369831958,0.00038456587698618524,20
H2,Validação,65,1T22,Ridge Contábil,0.1,343,Segmento=GÁS & ENERGIA / G&EBC,341.06630406019275,0.01066799358419403,12
H2,Validação,65,1T22,Ridge Contábil,0.1,343,Segmento=INTERNACIONAL,219.6015819097327,0.006868776654284903,14
H2,Validação,65,1T22,Ridge Contábil,0.1,343,Segmento=REFINO / RTC,3436.8175932805343,0.10749800727512299,4
H2,Validação,65,1T22,Ridge + Brent e Câmbio,10.0,343,Custo_t,6244.391064857297,0.1943766439249977,1
H2,Validação,65,1T22,Ridge + Brent e Câmbio,10.0,343,Custo_t_1,2375.706742313164,0.07395147080388297,4
H2,Validação,65,1T22,Ridge + Brent e Câmbio,10.0,343,Custo_t_4,1185.4741225052076,0.03690167367788964,9
H2,Validação,65,1T22,Ridge + Brent e Câmbio,10.0,343,Receita_t,3749.5382271762314,0.11671636982647197,3
H2,Validação,65,1T22,Ridge + Brent e Câmbio,10.0,343,Receita_t_1,864.4542008361037,0.026908901867315663,13
H2,Validação,65,1T22,Ridge + Brent e Câmbio,10.0,343,Receita_t_4,1392.3914681638585,0.04334263786499031,6
H2,Validação,65,1T22,Ridge + Brent e Câmbio,10.0,343,Despesas_t,-822.4647675423129,0.025601846457238436,14
H2,Validação,65,1T22,Ridge + Brent e Câmbio,10.0,343,Despesas_t_1,-429.8290833334141,0.0133798049820918,19
H2,Validação,65,1T22,Ridge + Brent e Câmbio,10.0,343,Despesas_t_4,-50.308298133174354,0.0015660066852216166,26
H2,Validação,65,1T22,Ridge + Brent e Câmbio,10.0,343,EBIT_t,-245.64373799821797,0.007646447010982681,24
H2,Validação,65,1T22,Ridge + Brent e Câmbio,10.0,343,EBIT_t_1,-610.0260720940544,0.018989012598476768,17
H2,Validação,65,1T22,Ridge + Brent e Câmbio,10.0,343,EBIT_t_4,255.98778274024488,0.00796843848792282,23
H2,Validação,65,1T22,Ridge + Brent e Câmbio,10.0,343,Trimestre_Sin,622.5643263740269,0.019379305865235036,16
H2,Validação,65,1T22,Ridge + Brent e Câmbio,10.0,343,Trimestre_Cos,-392.43556516679985,0.012215812129901494,20
H2,Validação,65,1T22,Ridge + Brent e Câmbio,10.0,343,Brent_t,864.4952309079573,0.026910179059532496,12
H2,Validação,65,1T22,Ridge + Brent e Câmbio,10.0,343,Brent_t_1,-1229.1180065432238,0.03826022915896845,8
H2,Validação,65,1T22,Ridge + Brent e Câmbio,10.0,343,Brent_t_4,1263.939118176436,0.039344147630233535,7
H2,Validação,65,1T22,Ridge + Brent e Câmbio,10.0,343,USD_BRL_t,937.8689893317357,0.02919417196875999,11
H2,Validação,65,1T22,Ridge + Brent e Câmbio,10.0,343,USD_BRL_t_1,668.8579370535734,0.020820342562904822,15
H2,Validação,65,1T22,Ridge + Brent e Câmbio,10.0,343,USD_BRL_t_4,-1.779529453520095,5.539354587953342e-05,28
H2,Validação,65,1T22,Ridge + Brent e Câmbio,10.0,343,Brent_BRL_t,0.29293653903660005,9.118586704377016e-06,29
H2,Validação,65,1T22,Ridge + Brent e Câmbio,10.0,343,Brent_Var_AA,1639.4773400549566,0.051033975905903216,5
H2,Validação,65,1T22,Ridge + Brent e Câmbio,10.0,343,USD_BRL_Var_AA,49.43429719430309,0.0015388006105987143,27
H2,Validação,65,1T22,Ridge + Brent e Câmbio,10.0,343,Segmento=CORPORATIVO / OUTROS NEGÓCIOS,-59.14549895737081,0.0018410928257367105,25
H2,Validação,65,1T22,Ridge + Brent e Câmbio,10.0,343,Segmento=DISTRIBUIÇÃO,1024.0539757983292,0.03187695532619224,10
H2,Validação,65,1T22,Ridge + Brent e Câmbio,10.0,343,Segmento=E&P,435.3633294690368,0.013552076093770135,18
H2,Validação,65,1T22,Ridge + Brent e Câmbio,10.0,343,Segmento=GÁS & ENERGIA / G&EBC,263.1318517802521,0.008190820486350206,22
H2,Validação,65,1T22,Ridge + Brent e Câmbio,10.0,343,Segmento=INTERNACIONAL,317.72007195428637,0.009890053433976321,21
H2,Validação,65,1T22,Ridge + Brent e Câmbio,10.0,343,Segmento=REFINO / RTC,4129.319306866542,0.12853827062187032,2
H2,Validação,66,2T22,Ridge Contábil,0.1,347,Custo_t,13348.882648219873,0.40365705296162535,1
H2,Validação,66,2T22,Ridge Contábil,0.1,347,Custo_t_1,1858.5239217197563,0.056199931400260104,5
H2,Validação,66,2T22,Ridge Contábil,0.1,347,Custo_t_4,-1088.3810451664515,0.032911569961982565,7
H2,Validação,66,2T22,Ridge Contábil,0.1,347,Receita_t,4900.697630260871,0.14819226560141535,2
H2,Validação,66,2T22,Ridge Contábil,0.1,347,Receita_t_1,-2706.111475633518,0.08183014354280274,3
H2,Validação,66,2T22,Ridge Contábil,0.1,347,Receita_t_4,1423.2723953513143,0.043038354280967375,6
H2,Validação,66,2T22,Ridge Contábil,0.1,347,Despesas_t,-201.37284820661634,0.0060893164316199325,16
H2,Validação,66,2T22,Ridge Contábil,0.1,347,Despesas_t_1,181.66814585477343,0.005493465655907884,17
H2,Validação,66,2T22,Ridge Contábil,0.1,347,Despesas_t_4,-66.14964021911132,0.002000299914905542,20
H2,Validação,66,2T22,Ridge Contábil,0.1,347,EBIT_t,931.315362973127,0.028162058555945946,8
H2,Validação,66,2T22,Ridge Contábil,0.1,347,EBIT_t_1,-178.84271418908256,0.00540802738743458,18
H2,Validação,66,2T22,Ridge Contábil,0.1,347,EBIT_t_4,437.6086894802635,0.013232855408280807,13
H2,Validação,66,2T22,Ridge Contábil,0.1,347,Trimestre_Sin,753.4260347762605,0.022782860621140058,9
H2,Validação,66,2T22,Ridge Contábil,0.1,347,Trimestre_Cos,-641.573426573083,0.019400548004931174,10
H2,Validação,66,2T22,Ridge Contábil,0.1,347,Segmento=CORPORATIVO / OUTROS NEGÓCIOS,204.54741019997874,0.006185312057055709,15
H2,Validação,66,2T22,Ridge Contábil,0.1,347,Segmento=DISTRIBUIÇÃO,500.05125329643863,0.015121056986917557,12
H2,Validação,66,2T22,Ridge Contábil,0.1,347,Segmento=E&P,-634.2171386603267,0.019178101109722574,11
H2,Validação,66,2T22,Ridge Contábil,0.1,347,Segmento=GÁS & ENERGIA / G&EBC,236.30078961722165,0.007145502950549395,14
H2,Validação,66,2T22,Ridge Contábil,0.1,347,Segmento=INTERNACIONAL,124.34762084774941,0.0037601494819407702,19
H2,Validação,66,2T22,Ridge Contábil,0.1,347,Segmento=REFINO / RTC,2652.5708461851764,0.08021112768459457,4
H2,Validação,66,2T22,Ridge + Brent e Câmbio,10.0,347,Custo_t,6787.9087925418125,0.21218919052891425,1
H2,Validação,66,2T22,Ridge + Brent e Câmbio,10.0,347,Custo_t_1,2853.2257184080386,0.08919148357598564,4
H2,Validação,66,2T22,Ridge + Brent e Câmbio,10.0,347,Custo_t_4,622.8284780055375,0.019469541301373725,14
H2,Validação,66,2T22,Ridge + Brent e Câmbio,10.0,347,Receita_t,4263.502227860284,0.13327655308832342,2
H2,Validação,66,2T22,Ridge + Brent e Câmbio,10.0,347,Receita_t_1,1427.0816548836779,0.04461039628304135,6
H2,Validação,66,2T22,Ridge + Brent e Câmbio,10.0,347,Receita_t_4,935.5937109671571,0.02924654385636269,9
H2,Validação,66,2T22,Ridge + Brent e Câmbio,10.0,347,Despesas_t,-805.3343792544596,0.02517465323441981,13
H2,Validação,66,2T22,Ridge + Brent e Câmbio,10.0,347,Despesas_t_1,-412.74607663338253,0.012902391380251175,18
H2,Validação,66,2T22,Ridge + Brent e Câmbio,10.0,347,Despesas_t_4,-53.46061550998978,0.001671172238304994,25
H2,Validação,66,2T22,Ridge + Brent e Câmbio,10.0,347,EBIT_t,-138.859242211436,0.004340722762020163,24
H2,Validação,66,2T22,Ridge + Brent e Câmbio,10.0,347,EBIT_t_1,-605.7677180798415,0.018936224053148595,15
H2,Validação,66,2T22,Ridge + Brent e Câmbio,10.0,347,EBIT_t_4,334.54241782520694,0.010457754664280753,20
H2,Validação,66,2T22,Ridge + Brent e Câmbio,10.0,347,Trimestre_Sin,533.8420119121877,0.01668783536137597,17
H2,Validação,66,2T22,Ridge + Brent e Câmbio,10.0,347,Trimestre_Cos,-368.38726893637556,0.011515740530081005,19
H2,Validação,66,2T22,Ridge + Brent e Câmbio,10.0,347,Brent_t,851.4116575162869,0.02661502326221029,10
H2,Validação,66,2T22,Ridge + Brent e Câmbio,10.0,347,Brent_t_1,-1400.853995536409,0.04379052289103587,7
H2,Validação,66,2T22,Ridge + Brent e Câmbio,10.0,347,Brent_t_4,1386.5443718163124,0.04334320582082467,8
H2,Validação,66,2T22,Ridge + Brent e Câmbio,10.0,347,USD_BRL_t,811.6103847408439,0.025370840390819747,12
H2,Validação,66,2T22,Ridge + Brent e Câmbio,10.0,347,USD_BRL_t_1,577.8954171105964,0.018064939367158032,16
H2,Validação,66,2T22,Ridge + Brent e Câmbio,10.0,347,USD_BRL_t_4,223.65584218364486,0.006991454004531377,22
H2,Validação,66,2T22,Ridge + Brent e Câmbio,10.0,347,Brent_BRL_t,36.603310443836484,0.0011442149638619167,26
H2,Validação,66,2T22,Ridge + Brent e Câmbio,10.0,347,Brent_Var_AA,1609.7479230319952,0.05032052126555677,5
H2,Validação,66,2T22,Ridge + Brent e Câmbio,10.0,347,USD_BRL_Var_AA,-11.25227275981412,0.00035174465678426437,28
H2,Validação,66,2T22,Ridge + Brent e Câmbio,10.0,347,Segmento=CORPORATIVO / OUTROS NEGÓCIOS,-11.74684976511363,0.0003672050728882675,27
H2,Validação,66,2T22,Ridge + Brent e Câmbio,10.0,347,Segmento=DISTRIBUIÇÃO,821.3863902276959,0.0256764371149744,11
H2,Validação,66,2T22,Ridge + Brent e Câmbio,10.0,347,Segmento=E&P,-3.552444859030534,0.00011104898755630248,29
H2,Validação,66,2T22,Ridge + Brent e Câmbio,10.0,347,Segmento=GÁS & ENERGIA / G&EBC,207.90193267507448,0.006498988738945868,23
H2,Validação,66,2T22,Ridge + Brent e Câmbio,10.0,347,Segmento=INTERNACIONAL,289.05557268021425,0.009035841502802367,21
H2,Validação,66,2T22,Ridge + Brent e Câmbio,10.0,347,Segmento=REFINO / RTC,3603.590983872342,0.11264780910216625,3
H2,Validação,67,3T22,Ridge Contábil,0.1,351,Custo_t,13867.786483960506,0.36795059586169887,1
H2,Validação,67,3T22,Ridge Contábil,0.1,351,Custo_t_1,2210.9529530016316,0.05866267536063182,5
H2,Validação,67,3T22,Ridge Contábil,0.1,351,Custo_t_4,-3162.442692834023,0.08390832052055325,3
H2,Validação,67,3T22,Ridge Contábil,0.1,351,Receita_t,6172.189689807385,0.163765203391527,2
H2,Validação,67,3T22,Ridge Contábil,0.1,351,Receita_t_1,-2202.098803637726,0.058427750375446515,6
H2,Validação,67,3T22,Ridge Contábil,0.1,351,Receita_t_4,2612.8012264201466,0.06932481757210536,4
H2,Validação,67,3T22,Ridge Contábil,0.1,351,Despesas_t,-285.93444999352135,0.0075866290106347545,14
H2,Validação,67,3T22,Ridge Contábil,0.1,351,Despesas_t_1,31.448765173301283,0.0008344224147101315,20
H2,Validação,67,3T22,Ridge Contábil,0.1,351,Despesas_t_4,-508.66418008919936,0.0134962626064222,13
H2,Validação,67,3T22,Ridge Contábil,0.1,351,EBIT_t,1044.8279549984584,0.027722165253935265,9
H2,Validação,67,3T22,Ridge Contábil,0.1,351,EBIT_t_1,-559.3539779326194,0.014841202647298055,12
H2,Validação,67,3T22,Ridge Contábil,0.1,351,EBIT_t_4,-114.79830647467664,0.00304591546171598,18
H2,Validação,67,3T22,Ridge Contábil,0.1,351,Trimestre_Sin,749.9405390853632,0.019897989382549025,10
H2,Validação,67,3T22,Ridge Contábil,0.1,351,Trimestre_Cos,-604.5150269646823,0.0160394497446489,11
H2,Validação,67,3T22,Ridge Contábil,0.1,351,Segmento=CORPORATIVO / OUTROS NEGÓCIOS,241.48064584182526,0.006407147069168888,15
H2,Validação,67,3T22,Ridge Contábil,0.1,351,Segmento=DISTRIBUIÇÃO,195.4905636191872,0.0051869034364074315,16
H2,Validação,67,3T22,Ridge Contábil,0.1,351,Segmento=E&P,-1076.991691072413,0.028575557817141946,8
H2,Validação,67,3T22,Ridge Contábil,0.1,351,Segmento=GÁS & ENERGIA / G&EBC,121.23177871276178,0.003216613211223519,17
H2,Validação,67,3T22,Ridge Contábil,0.1,351,Segmento=INTERNACIONAL,44.80432961852048,0.0011887823481696981,19
H2,Validação,67,3T22,Ridge Contábil,0.1,351,Segmento=REFINO / RTC,1881.5081404432685,0.04992159651401143,7
H2,Validação,67,3T22,Ridge + Brent e Câmbio,10.0,351,Custo_t,7486.295520206471,0.22395178376699554,1
H2,Validação,67,3T22,Ridge + Brent e Câmbio,10.0,351,Custo_t_1,3384.493404488902,0.10124678260924658,3
H2,Validação,67,3T22,Ridge + Brent e Câmbio,10.0,351,Custo_t_4,-123.59394607557843,0.0036973005689821155,24
H2,Validação,67,3T22,Ridge + Brent e Câmbio,10.0,351,Receita_t,5054.965582545832,0.15121879119469844,2
H2,Validação,67,3T22,Ridge + Brent e Câmbio,10.0,351,Receita_t_1,2010.5632582063251,0.06014579932576193,5
H2,Validação,67,3T22,Ridge + Brent e Câmbio,10.0,351,Receita_t_4,633.0109990697089,0.018936460897536065,13
H2,Validação,67,3T22,Ridge + Brent e Câmbio,10.0,351,Despesas_t,-834.539067619038,0.024965152966787273,11
H2,Validação,67,3T22,Ridge + Brent e Câmbio,10.0,351,Despesas_t_1,-450.2870749112753,0.013470292932120534,16
H2,Validação,67,3T22,Ridge + Brent e Câmbio,10.0,351,Despesas_t_4,-403.1738435424813,0.012060905315028764,17
H2,Validação,67,3T22,Ridge + Brent e Câmbio,10.0,351,EBIT_t,57.538370518484214,0.0017212546149000352,27
H2,Validação,67,3T22,Ridge + Brent e Câmbio,10.0,351,EBIT_t_1,-741.8188885163132,0.022191438057296523,12
H2,Validação,67,3T22,Ridge + Brent e Câmbio,10.0,351,EBIT_t_4,23.676699098907655,0.0007082860919132597,29
H2,Validação,67,3T22,Ridge + Brent e Câmbio,10.0,351,Trimestre_Sin,519.0940792021291,0.015528647602331982,15
H2,Validação,67,3T22,Ridge + Brent e Câmbio,10.0,351,Trimestre_Cos,-331.2926125437394,0.009910585459489356,19
H2,Validação,67,3T22,Ridge + Brent e Câmbio,10.0,351,Brent_t,969.5600129027503,0.02900429107729554,10
H2,Validação,67,3T22,Ridge + Brent e Câmbio,10.0,351,Brent_t_1,-1637.7805248203294,0.04899404103970545,6
H2,Validação,67,3T22,Ridge + Brent e Câmbio,10.0,351,Brent_t_4,1384.9757728562897,0.04143141210069208,8
H2,Validação,67,3T22,Ridge + Brent e Câmbio,10.0,351,USD_BRL_t,1002.5088683578599,0.02998995280175405,9
H2,Validação,67,3T22,Ridge + Brent e Câmbio,10.0,351,USD_BRL_t_1,333.0400449865963,0.009962859726719902,18
H2,Validação,67,3T22,Ridge + Brent e Câmbio,10.0,351,USD_BRL_t_4,244.04740839793942,0.007300653879734046,22
H2,Validação,67,3T22,Ridge + Brent e Câmbio,10.0,351,Brent_BRL_t,-31.204120163170526,0.0009334681422286382,28
H2,Validação,67,3T22,Ridge + Brent e Câmbio,10.0,351,Brent_Var_AA,1448.9634127140412,0.04334559596459441,7
H2,Validação,67,3T22,Ridge + Brent e Câmbio,10.0,351,USD_BRL_Var_AA,-94.6362676500677,0.0028310345072644085,25
H2,Validação,67,3T22,Ridge + Brent e Câmbio,10.0,351,Segmento=CORPORATIVO / OUTROS NEGÓCIOS,71.69145154020832,0.0021446426219669146,26
H2,Validação,67,3T22,Ridge + Brent e Câmbio,10.0,351,Segmento=DISTRIBUIÇÃO,560.6576680819579,0.01677201821791503,14
H2,Validação,67,3T22,Ridge + Brent e Câmbio,10.0,351,Segmento=E&P,-294.16410624839443,0.008799889897044166,20
H2,Validação,67,3T22,Ridge + Brent e Câmbio,10.0,351,Segmento=GÁS & ENERGIA / G&EBC,129.99077323391666,0.003888661015372762,23
H2,Validação,67,3T22,Ridge + Brent e Câmbio,10.0,351,Segmento=INTERNACIONAL,251.01461387778798,0.007509077136720331,21
H2,Validação,67,3T22,Ridge + Brent e Câmbio,10.0,351,Segmento=REFINO / RTC,2919.5791970954465,0.08733892046790385,4
H2,Validação,68,4T22,Ridge Contábil,0.1,355,Custo_t,16896.688814648005,0.4366210257084118,1
H2,Validação,68,4T22,Ridge Contábil,0.1,355,Custo_t_1,3092.70667937028,0.07991747835181034,4
H2,Validação,68,4T22,Ridge Contábil,0.1,355,Custo_t_4,-3238.4832225967825,0.08368443556609033,3
H2,Validação,68,4T22,Ridge Contábil,0.1,355,Receita_t,4179.390054523362,0.10799805763479346,2
H2,Validação,68,4T22,Ridge Contábil,0.1,355,Receita_t_1,-2660.8657892801643,0.06875843917896826,5
H2,Validação,68,4T22,Ridge Contábil,0.1,355,Receita_t_4,2144.4027079325715,0.055412709563410406,6
H2,Validação,68,4T22,Ridge Contábil,0.1,355,Despesas_t,-162.3105660677193,0.004194206724004041,15
H2,Validação,68,4T22,Ridge Contábil,0.1,355,Despesas_t_1,63.14110052661495,0.001631605599103464,17
H2,Validação,68,4T22,Ridge Contábil,0.1,355,Despesas_t_4,-347.3120779135521,0.008974761704084448,13
H2,Validação,68,4T22,Ridge Contábil,0.1,355,EBIT_t,1303.964798022205,0.03369526738910814,8
H2,Validação,68,4T22,Ridge Contábil,0.1,355,EBIT_t_1,-459.26069130647954,0.01186758401634011,12
H2,Validação,68,4T22,Ridge Contábil,0.1,355,EBIT_t_4,32.253546120305366,0.0008334518404323626,19
H2,Validação,68,4T22,Ridge Contábil,0.1,355,Trimestre_Sin,750.0594630214741,0.019382006479448734,10
H2,Validação,68,4T22,Ridge Contábil,0.1,355,Trimestre_Cos,-628.952966723007,0.016252538734978693,11
H2,Validação,68,4T22,Ridge Contábil,0.1,355,Segmento=CORPORATIVO / OUTROS NEGÓCIOS,222.81372378353205,0.005757646228054959,14
H2,Validação,68,4T22,Ridge Contábil,0.1,355,Segmento=DISTRIBUIÇÃO,42.529988536762765,0.001099001551250099,18
H2,Validação,68,4T22,Ridge Contábil,0.1,355,Segmento=E&P,-889.1420684483969,0.022975988146854285,9
H2,Validação,68,4T22,Ridge Contábil,0.1,355,Segmento=GÁS & ENERGIA / G&EBC,72.78427558041024,0.0018807912844919408,16
H2,Validação,68,4T22,Ridge Contábil,0.1,355,Segmento=INTERNACIONAL,20.381671814259548,0.0005266751699587134,20
H2,Validação,68,4T22,Ridge Contábil,0.1,355,Segmento=REFINO / RTC,1491.3078459404485,0.03853632912840535,7
H2,Validação,68,4T22,Ridge + Brent e Câmbio,10.0,355,Custo_t,8512.433639649547,0.24013066949652645,1
H2,Validação,68,4T22,Ridge + Brent e Câmbio,10.0,355,Custo_t_1,4066.520955555748,0.1147141277003198,3
H2,Validação,68,4T22,Ridge + Brent e Câmbio,10.0,355,Custo_t_4,-344.1153939906411,0.00970728976472063,18
H2,Validação,68,4T22,Ridge + Brent e Câmbio,10.0,355,Receita_t,5185.194934694528,0.1462712525990929,2
H2,Validação,68,4T22,Ridge + Brent e Câmbio,10.0,355,Receita_t_1,2156.413732616591,0.06083114362416857,5
H2,Validação,68,4T22,Ridge + Brent e Câmbio,10.0,355,Receita_t_4,258.5132965948624,0.007292505717276182,22
H2,Validação,68,4T22,Ridge + Brent e Câmbio,10.0,355,Despesas_t,-870.0336343048405,0.024543129254716706,11
H2,Validação,68,4T22,Ridge + Brent e Câmbio,10.0,355,Despesas_t_1,-499.8042493905282,0.01409917940086256,13
H2,Validação,68,4T22,Ridge + Brent e Câmbio,10.0,355,Despesas_t_4,-298.2940029267119,0.008414695686548589,21
H2,Validação,68,4T22,Ridge + Brent e Câmbio,10.0,355,EBIT_t,-75.85343072230386,0.0021397799823206732,27
H2,Validação,68,4T22,Ridge + Brent e Câmbio,10.0,355,EBIT_t_1,-837.3740827009511,0.023621822807689746,12
H2,Validação,68,4T22,Ridge + Brent e Câmbio,10.0,355,EBIT_t_4,97.78410521193884,0.0027584312130541737,26
H2,Validação,68,4T22,Ridge + Brent e Câmbio,10.0,355,Trimestre_Sin,470.60176350914537,0.013275394713367713,14
H2,Validação,68,4T22,Ridge + Brent e Câmbio,10.0,355,Trimestre_Cos,-337.78830420024536,0.009528806340162042,19
H2,Validação,68,4T22,Ridge + Brent e Câmbio,10.0,355,Brent_t,1064.054724476796,0.03001634834243176,10
H2,Validação,68,4T22,Ridge + Brent e Câmbio,10.0,355,Brent_t_1,-1741.0059527960475,0.04911273822976487,6
H2,Validação,68,4T22,Ridge + Brent e Câmbio,10.0,355,Brent_t_4,1450.683995117087,0.04092292917888795,8
H2,Validação,68,4T22,Ridge + Brent e Câmbio,10.0,355,USD_BRL_t,1170.9482323220961,0.03303175036379552,9
H2,Validação,68,4T22,Ridge + Brent e Câmbio,10.0,355,USD_BRL_t_1,351.97399277451717,0.00992897614339464,17
H2,Validação,68,4T22,Ridge + Brent e Câmbio,10.0,355,USD_BRL_t_4,156.12478954649282,0.004404187078085354,24
H2,Validação,68,4T22,Ridge + Brent e Câmbio,10.0,355,Brent_BRL_t,-401.40787211127787,0.011323476358427807,16
H2,Validação,68,4T22,Ridge + Brent e Câmbio,10.0,355,Brent_Var_AA,1533.4645226376592,0.0432581184251455,7
H2,Validação,68,4T22,Ridge + Brent e Câmbio,10.0,355,USD_BRL_Var_AA,-102.54918814980623,0.0028928513571063836,25
H2,Validação,68,4T22,Ridge + Brent e Câmbio,10.0,355,Segmento=CORPORATIVO / OUTROS NEGÓCIOS,66.83052983350781,0.0018852493365679273,28
H2,Validação,68,4T22,Ridge + Brent e Câmbio,10.0,355,Segmento=DISTRIBUIÇÃO,337.52516843238885,0.009521383437290936,20
H2,Validação,68,4T22,Ridge + Brent e Câmbio,10.0,355,Segmento=E&P,-447.0802723446417,0.012611867494244342,15
H2,Validação,68,4T22,Ridge + Brent e Câmbio,10.0,355,Segmento=GÁS & ENERGIA / G&EBC,56.983798132848875,0.0016074789155900262,29
H2,Validação,68,4T22,Ridge + Brent e Câmbio,10.0,355,Segmento=INTERNACIONAL,196.8205153027317,0.005552189198886028,23
H2,Validação,68,4T22,Ridge + Brent e Câmbio,10.0,355,Segmento=REFINO / RTC,2360.9938952226435,0.06660222783955425,4
H2,Teste,69,1T23,Ridge Contábil,0.1,359,Custo_t,18048.12364227046,0.46830622189929494,1
H2,Teste,69,1T23,Ridge Contábil,0.1,359,Custo_t_1,3826.3995585023467,0.09928603971453838,2
H2,Teste,69,1T23,Ridge Contábil,0.1,359,Custo_t_4,-2398.86604572392,0.06224491348698149,5
H2,Teste,69,1T23,Ridge Contábil,0.1,359,Receita_t,3018.433205028462,0.07832121933116554,4
H2,Teste,69,1T23,Ridge Contábil,0.1,359,Receita_t_1,-3476.8477565342264,0.09021599526103154,3
H2,Teste,69,1T23,Ridge Contábil,0.1,359,Receita_t_4,1086.318247481424,0.02818739522965117,8
H2,Teste,69,1T23,Ridge Contábil,0.1,359,Despesas_t,-209.92867846257326,0.005447153855310802,14
H2,Teste,69,1T23,Ridge Contábil,0.1,359,Despesas_t_1,242.35943954341252,0.006288655581258415,12
H2,Teste,69,1T23,Ridge Contábil,0.1,359,Despesas_t_4,-143.83049362735815,0.003732061925084707,18
H2,Teste,69,1T23,Ridge Contábil,0.1,359,EBIT_t,1210.2346432332888,0.03140273330446466,7
H2,Teste,69,1T23,Ridge Contábil,0.1,359,EBIT_t_1,-170.06152487245296,0.00441269529076833,17
H2,Teste,69,1T23,Ridge Contábil,0.1,359,EBIT_t_4,230.57051285009703,0.005982760750891451,13
H2,Teste,69,1T23,Ridge Contábil,0.1,359,Trimestre_Sin,734.3050635811841,0.01905348372291878,9
H2,Teste,69,1T23,Ridge Contábil,0.1,359,Trimestre_Cos,-525.7153880339686,0.013641073833730567,10
H2,Teste,69,1T23,Ridge Contábil,0.1,359,Segmento=CORPORATIVO / OUTROS NEGÓCIOS,179.33543794169248,0.004653331452053609,16
H2,Teste,69,1T23,Ridge Contábil,0.1,359,Segmento=DISTRIBUIÇÃO,323.0340447473443,0.008381971225317118,11
H2,Teste,69,1T23,Ridge Contábil,0.1,359,Segmento=E&P,-99.56461655635079,0.0025834668655057465,20
H2,Teste,69,1T23,Ridge Contábil,0.1,359,Segmento=GÁS & ENERGIA / G&EBC,200.15571630498727,0.00519356854774649,15
H2,Teste,69,1T23,Ridge Contábil,0.1,359,Segmento=INTERNACIONAL,106.7007333541207,0.0027686322579218697,19
H2,Teste,69,1T23,Ridge Contábil,0.1,359,Segmento=REFINO / RTC,2308.365060364711,0.05989662646436429,6
H2,Teste,69,1T23,Ridge + Brent e Câmbio,10.0,359,Custo_t,8820.823737899887,0.23441683546983635,1
H2,Teste,69,1T23,Ridge + Brent e Câmbio,10.0,359,Custo_t_1,4387.263301593782,0.11659323551764106,3
H2,Teste,69,1T23,Ridge + Brent e Câmbio,10.0,359,Custo_t_4,-163.25252032694826,0.004338499479712955,23
H2,Teste,69,1T23,Ridge + Brent e Câmbio,10.0,359,Receita_t,5156.8905171331,0.1370463793190546,2
H2,Teste,69,1T23,Ridge + Brent e Câmbio,10.0,359,Receita_t_1,2073.2027964499025,0.05509617392566894,5
H2,Teste,69,1T23,Ridge + Brent e Câmbio,10.0,359,Receita_t_4,116.61247360003159,0.0030990220244597627,26
H2,Teste,69,1T23,Ridge + Brent e Câmbio,10.0,359,Despesas_t,-1043.3603501424705,0.027727708749492555,11
H2,Teste,69,1T23,Ridge + Brent e Câmbio,10.0,359,Despesas_t_1,-461.4237572359492,0.01226251653993552,16
H2,Teste,69,1T23,Ridge + Brent e Câmbio,10.0,359,Despesas_t_4,-231.12852642564872,0.0061423308481625555,20
H2,Teste,69,1T23,Ridge + Brent e Câmbio,10.0,359,EBIT_t,-474.02432787648996,0.012597381625378542,14
H2,Teste,69,1T23,Ridge + Brent e Câmbio,10.0,359,EBIT_t_1,-789.4854742233982,0.020980884780825954,13
H2,Teste,69,1T23,Ridge + Brent e Câmbio,10.0,359,EBIT_t_4,116.73936916834839,0.0031023943237419895,25
H2,Teste,69,1T23,Ridge + Brent e Câmbio,10.0,359,Trimestre_Sin,457.4811226798047,0.012157739486960932,17
H2,Teste,69,1T23,Ridge + Brent e Câmbio,10.0,359,Trimestre_Cos,-233.79463406380938,0.006213183699792984,19
H2,Teste,69,1T23,Ridge + Brent e Câmbio,10.0,359,Brent_t,1197.299649562991,0.031818705746695174,10
H2,Teste,69,1T23,Ridge + Brent e Câmbio,10.0,359,Brent_t_1,-1777.8007775171034,0.04724574991457604,7
H2,Teste,69,1T23,Ridge + Brent e Câmbio,10.0,359,Brent_t_4,1668.2961217032996,0.044335620923471514,8
H2,Teste,69,1T23,Ridge + Brent e Câmbio,10.0,359,USD_BRL_t,1524.763436699885,0.040521183768308495,9
H2,Teste,69,1T23,Ridge + Brent e Câmbio,10.0,359,USD_BRL_t_1,472.68162552465105,0.012561698786037403,15
H2,Teste,69,1T23,Ridge + Brent e Câmbio,10.0,359,USD_BRL_t_4,172.86044636122537,0.004593833866081696,22
H2,Teste,69,1T23,Ridge + Brent e Câmbio,10.0,359,Brent_BRL_t,-985.9885883865554,0.02620303177648312,12
H2,Teste,69,1T23,Ridge + Brent e Câmbio,10.0,359,Brent_Var_AA,1885.2712209174051,0.05010181891640795,6
H2,Teste,69,1T23,Ridge + Brent e Câmbio,10.0,359,USD_BRL_Var_AA,-2.517110980682179,6.689320727299513e-05,29
H2,Teste,69,1T23,Ridge + Brent e Câmbio,10.0,359,Segmento=CORPORATIVO / OUTROS NEGÓCIOS,5.5890091554423424,0.0001485301008795202,28
H2,Teste,69,1T23,Ridge + Brent e Câmbio,10.0,359,Segmento=DISTRIBUIÇÃO,398.47702896730164,0.010589682654760391,18
H2,Teste,69,1T23,Ridge + Brent e Câmbio,10.0,359,Segmento=E&P,-128.29532536960284,0.0034094983725267863,24
H2,Teste,69,1T23,Ridge + Brent e Câmbio,10.0,359,Segmento=GÁS & ENERGIA / G&EBC,74.16730976534384,0.0019710252202185335,27
H2,Teste,69,1T23,Ridge + Brent e Câmbio,10.0,359,Segmento=INTERNACIONAL,215.67577695875974,0.005731667996600038,21
H2,Teste,69,1T23,Ridge + Brent e Câmbio,10.0,359,Segmento=REFINO / RTC,2593.6316129988622,0.06892677295901556,4
H2,Teste,70,2T23,Ridge Contábil,0.1,363,Custo_t,16078.866146740338,0.30299595653958444,1
H2,Teste,70,2T23,Ridge Contábil,0.1,363,Custo_t_1,6630.604646925223,0.12494950695501715,4
H2,Teste,70,2T23,Ridge Contábil,0.1,363,Custo_t_4,-2999.9888726244208,0.056532873013139924,6
H2,Teste,70,2T23,Ridge Contábil,0.1,363,Receita_t,7113.830760329211,0.13405559423253516,3
H2,Teste,70,2T23,Ridge Contábil,0.1,363,Receita_t_1,-8953.385925346278,0.16872083565844728,2
H2,Teste,70,2T23,Ridge Contábil,0.1,363,Receita_t_4,1387.7761129823787,0.02615175392209656,8
H2,Teste,70,2T23,Ridge Contábil,0.1,363,Despesas_t,108.19215860613606,0.0020388120833753237,19
H2,Teste,70,2T23,Ridge Contábil,0.1,363,Despesas_t_1,394.3993704219987,0.007432204075151771,14
H2,Teste,70,2T23,Ridge Contábil,0.1,363,Despesas_t_4,-290.4088781730647,0.005472569708994941,16
H2,Teste,70,2T23,Ridge Contábil,0.1,363,EBIT_t,1591.6030029291012,0.02999274139747374,7
H2,Teste,70,2T23,Ridge Contábil,0.1,363,EBIT_t_1,-397.4157731195311,0.007489046256205233,13
H2,Teste,70,2T23,Ridge Contábil,0.1,363,EBIT_t_4,136.7476423995035,0.002576921925665168,18
H2,Teste,70,2T23,Ridge Contábil,0.1,363,Trimestre_Sin,860.4483994458591,0.016214600175392755,9
H2,Teste,70,2T23,Ridge Contábil,0.1,363,Trimestre_Cos,-486.9130507737959,0.009175565255932102,12
H2,Teste,70,2T23,Ridge Contábil,0.1,363,Segmento=CORPORATIVO / OUTROS NEGÓCIOS,104.26321068336448,0.001964773570759449,20
H2,Teste,70,2T23,Ridge Contábil,0.1,363,Segmento=DISTRIBUIÇÃO,782.7941874880164,0.014751256179817285,10
H2,Teste,70,2T23,Ridge Contábil,0.1,363,Segmento=E&P,542.8658108350339,0.010229959259903686,11
H2,Teste,70,2T23,Ridge Contábil,0.1,363,Segmento=GÁS & ENERGIA / G&EBC,314.6576303594126,0.005929521946580633,15
H2,Teste,70,2T23,Ridge Contábil,0.1,363,Segmento=INTERNACIONAL,221.781605960198,0.004179332623800628,17
H2,Teste,70,2T23,Ridge Contábil,0.1,363,Segmento=REFINO / RTC,3669.3298109350217,0.06914617522012662,5
H2,Teste,70,2T23,Ridge + Brent e Câmbio,10.0,363,Custo_t,8831.03828656594,0.21607749456428885,1
H2,Teste,70,2T23,Ridge + Brent e Câmbio,10.0,363,Custo_t_1,4338.835321512379,0.10616245057227623,3
H2,Teste,70,2T23,Ridge + Brent e Câmbio,10.0,363,Custo_t_4,-212.7910577645051,0.005206563162271011,22
H2,Teste,70,2T23,Ridge + Brent e Câmbio,10.0,363,Receita_t,5576.936878737636,0.13645627037241764,2
H2,Teste,70,2T23,Ridge + Brent e Câmbio,10.0,363,Receita_t_1,1394.796084266489,0.03412781527341568,10
H2,Teste,70,2T23,Ridge + Brent e Câmbio,10.0,363,Receita_t_4,143.7583521327414,0.003517473658650932,25
H2,Teste,70,2T23,Ridge + Brent e Câmbio,10.0,363,Despesas_t,-798.7335044837783,0.01954337971062315,14
H2,Teste,70,2T23,Ridge + Brent e Câmbio,10.0,363,Despesas_t_1,-540.180579091819,0.013217116986120022,17
H2,Teste,70,2T23,Ridge + Brent e Câmbio,10.0,363,Despesas_t_4,-324.10713787858856,0.007930240595802112,19
H2,Teste,70,2T23,Ridge + Brent e Câmbio,10.0,363,EBIT_t,-130.51636751373866,0.003193469304158929,26
H2,Teste,70,2T23,Ridge + Brent e Câmbio,10.0,363,EBIT_t_1,-1229.6433193644073,0.03008686397160859,12
H2,Teste,70,2T23,Ridge + Brent e Câmbio,10.0,363,EBIT_t_4,-74.93567764733157,0.0018335231887901848,29
H2,Teste,70,2T23,Ridge + Brent e Câmbio,10.0,363,Trimestre_Sin,571.365911282478,0.01398015845737753,16
H2,Teste,70,2T23,Ridge + Brent e Câmbio,10.0,363,Trimestre_Cos,-194.26286920814783,0.004753216179486133,23
H2,Teste,70,2T23,Ridge + Brent e Câmbio,10.0,363,Brent_t,1364.6001901334637,0.03338898333331208,11
H2,Teste,70,2T23,Ridge + Brent e Câmbio,10.0,363,Brent_t_1,-1862.673716439114,0.04557582662178974,6
H2,Teste,70,2T23,Ridge + Brent e Câmbio,10.0,363,Brent_t_4,1847.718971576415,0.04520991451758158,7
H2,Teste,70,2T23,Ridge + Brent e Câmbio,10.0,363,USD_BRL_t,1472.012904322306,0.03601715336418853,8
H2,Teste,70,2T23,Ridge + Brent e Câmbio,10.0,363,USD_BRL_t_1,828.7815166320986,0.02027859328018985,13
H2,Teste,70,2T23,Ridge + Brent e Câmbio,10.0,363,USD_BRL_t_4,298.7177846696801,0.007309014908406518,20
H2,Teste,70,2T23,Ridge + Brent e Câmbio,10.0,363,Brent_BRL_t,-1410.2568607677404,0.034506108939687155,9
H2,Teste,70,2T23,Ridge + Brent e Câmbio,10.0,363,Brent_Var_AA,2183.1306110362,0.053416753209745566,5
H2,Teste,70,2T23,Ridge + Brent e Câmbio,10.0,363,USD_BRL_Var_AA,191.24191403428884,0.004679299568100643,24
H2,Teste,70,2T23,Ridge + Brent e Câmbio,10.0,363,Segmento=CORPORATIVO / OUTROS NEGÓCIOS,-113.14342511173899,0.002768388838462801,27
H2,Teste,70,2T23,Ridge + Brent e Câmbio,10.0,363,Segmento=DISTRIBUIÇÃO,681.0485206814946,0.016663868194234422,15
H2,Teste,70,2T23,Ridge + Brent e Câmbio,10.0,363,Segmento=E&P,367.41152407682813,0.00898981059988581,18
H2,Teste,70,2T23,Ridge + Brent e Câmbio,10.0,363,Segmento=GÁS & ENERGIA / G&EBC,99.25798127417659,0.002428640349330121,28
H2,Teste,70,2T23,Ridge + Brent e Câmbio,10.0,363,Segmento=INTERNACIONAL,271.0461863983052,0.006631947339334379,21
H2,Teste,70,2T23,Ridge + Brent e Câmbio,10.0,363,Segmento=REFINO / RTC,3516.8301623725915,0.08604966093846372,4
H2,Teste,71,3T23,Ridge Contábil,0.1,367,Custo_t,18200.392346827404,0.33032000351762936,1
H2,Teste,71,3T23,Ridge Contábil,0.1,367,Custo_t_1,4104.4196188332735,0.07449135585075257,5
H2,Teste,71,3T23,Ridge Contábil,0.1,367,Custo_t_4,-2934.84195017724,0.053264621159401504,6
H2,Teste,71,3T23,Ridge Contábil,0.1,367,Receita_t,7391.085349082115,0.13414124772609526,3
H2,Teste,71,3T23,Ridge Contábil,0.1,367,Receita_t_1,-9060.146265992626,0.16443313360629835,2
H2,Teste,71,3T23,Ridge Contábil,0.1,367,Receita_t_4,540.3908054722758,0.009807584878554128,12
H2,Teste,71,3T23,Ridge Contábil,0.1,367,Despesas_t,289.4273721285119,0.005252834595967014,17
H2,Teste,71,3T23,Ridge Contábil,0.1,367,Despesas_t_1,536.7414976760916,0.009741353374249079,13
H2,Teste,71,3T23,Ridge Contábil,0.1,367,Despesas_t_4,-230.43923794959903,0.0041822554393108995,18
H2,Teste,71,3T23,Ridge Contábil,0.1,367,EBIT_t,1793.7346701332087,0.032554597244788396,7
H2,Teste,71,3T23,Ridge Contábil,0.1,367,EBIT_t_1,-512.4593422893912,0.009300655091492077,14
H2,Teste,71,3T23,Ridge Contábil,0.1,367,EBIT_t_4,111.50568892274129,0.0020237233821839037,19
H2,Teste,71,3T23,Ridge Contábil,0.1,367,Trimestre_Sin,884.1908369643038,0.01604723210415933,10
H2,Teste,71,3T23,Ridge Contábil,0.1,367,Trimestre_Cos,-564.653507691862,0.010247930104623826,11
H2,Teste,71,3T23,Ridge Contábil,0.1,367,Segmento=CORPORATIVO / OUTROS NEGÓCIOS,16.09400512881561,0.0002920910565804261,20
H2,Teste,71,3T23,Ridge Contábil,0.1,367,Segmento=DISTRIBUIÇÃO,1208.5647759060566,0.02193431402033266,8
H2,Teste,71,3T23,Ridge Contábil,0.1,367,Segmento=E&P,1032.1406736258155,0.01873238249186414,9
H2,Teste,71,3T23,Ridge Contábil,0.1,367,Segmento=GÁS & ENERGIA / G&EBC,421.1628251564228,0.007643709170446246,15
H2,Teste,71,3T23,Ridge Contábil,0.1,367,Segmento=INTERNACIONAL,322.6068266616533,0.005855010490269137,16
H2,Teste,71,3T23,Ridge Contábil,0.1,367,Segmento=REFINO / RTC,4944.276298417465,0.08973396469500165,4
H2,Teste,71,3T23,Ridge + Brent e Câmbio,10.0,367,Custo_t,9400.031130136278,0.2190839525298172,1
H2,Teste,71,3T23,Ridge + Brent e Câmbio,10.0,367,Custo_t_1,3639.8187337195955,0.08483225891867896,4
H2,Teste,71,3T23,Ridge + Brent e Câmbio,10.0,367,Custo_t_4,-408.6059992506562,0.009523268178999261,19
H2,Teste,71,3T23,Ridge + Brent e Câmbio,10.0,367,Receita_t,6001.200478573447,0.1398683368775865,2
H2,Teste,71,3T23,Ridge + Brent e Câmbio,10.0,367,Receita_t_1,836.4753062605082,0.019495500999099847,13
H2,Teste,71,3T23,Ridge + Brent e Câmbio,10.0,367,Receita_t_4,-318.68939388367187,0.007427606470102654,23
H2,Teste,71,3T23,Ridge + Brent e Câmbio,10.0,367,Despesas_t,-624.6730339672437,0.01455908341426444,16
H2,Teste,71,3T23,Ridge + Brent e Câmbio,10.0,367,Despesas_t_1,-362.9646317963782,0.008459517320909922,20
H2,Teste,71,3T23,Ridge + Brent e Câmbio,10.0,367,Despesas_t_4,-314.0912451590828,0.007320438676405325,24
H2,Teste,71,3T23,Ridge + Brent e Câmbio,10.0,367,EBIT_t,43.86640384575239,0.0010223822671167344,28
H2,Teste,71,3T23,Ridge + Brent e Câmbio,10.0,367,EBIT_t_1,-1236.018149165347,0.02880753667395648,11
H2,Teste,71,3T23,Ridge + Brent e Câmbio,10.0,367,EBIT_t_4,-263.0703187753329,0.00613130791086469,26
H2,Teste,71,3T23,Ridge + Brent e Câmbio,10.0,367,Trimestre_Sin,541.6776677254032,0.012624733131143775,17
H2,Teste,71,3T23,Ridge + Brent e Câmbio,10.0,367,Trimestre_Cos,-323.55263858404714,0.007540952783144327,22
H2,Teste,71,3T23,Ridge + Brent e Câmbio,10.0,367,Brent_t,1282.0485583711404,0.02988035482165807,9
H2,Teste,71,3T23,Ridge + Brent e Câmbio,10.0,367,Brent_t_1,-1913.3439950077245,0.04459378476222195,6
H2,Teste,71,3T23,Ridge + Brent e Câmbio,10.0,367,Brent_t_4,1716.7079593669366,0.04001084250367293,7
H2,Teste,71,3T23,Ridge + Brent e Câmbio,10.0,367,USD_BRL_t,1560.7788217254038,0.03637664477431098,8
H2,Teste,71,3T23,Ridge + Brent e Câmbio,10.0,367,USD_BRL_t_1,789.9709804442055,0.018411637406679775,15
H2,Teste,71,3T23,Ridge + Brent e Câmbio,10.0,367,USD_BRL_t_4,-12.640414184062667,0.00029460667339494917,29
H2,Teste,71,3T23,Ridge + Brent e Câmbio,10.0,367,Brent_BRL_t,-1258.5497319625908,0.029332674106762133,10
H2,Teste,71,3T23,Ridge + Brent e Câmbio,10.0,367,Brent_Var_AA,2345.2433249353553,0.054659944223350576,5
H2,Teste,71,3T23,Ridge + Brent e Câmbio,10.0,367,USD_BRL_Var_AA,451.00325235767514,0.010511409351991113,18
H2,Teste,71,3T23,Ridge + Brent e Câmbio,10.0,367,Segmento=CORPORATIVO / OUTROS NEGÓCIOS,-275.62408486400426,0.006423895100818073,25
H2,Teste,71,3T23,Ridge + Brent e Câmbio,10.0,367,Segmento=DISTRIBUIÇÃO,1028.7909559435263,0.023977749204727276,12
H2,Teste,71,3T23,Ridge + Brent e Câmbio,10.0,367,Segmento=E&P,825.7008279852785,0.019244383183179406,14
H2,Teste,71,3T23,Ridge + Brent e Câmbio,10.0,367,Segmento=GÁS & ENERGIA / G&EBC,123.72591961260885,0.002883646141576533,27
H2,Teste,71,3T23,Ridge + Brent e Câmbio,10.0,367,Segmento=INTERNACIONAL,326.7160502294328,0.007614681552459574,21
H2,Teste,71,3T23,Ridge + Brent e Câmbio,10.0,367,Segmento=REFINO / RTC,4680.488746139325,0.10908687004110647,3
H2,Teste,72,4T23,Ridge Contábil,0.1,371,Custo_t,18528.552890127958,0.32680015683308217,1
H2,Teste,72,4T23,Ridge Contábil,0.1,371,Custo_t_1,4337.084414118124,0.07649598299105652,5
H2,Teste,72,4T23,Ridge Contábil,0.1,371,Custo_t_4,-3274.673500824808,0.057757549658228866,6
H2,Teste,72,4T23,Ridge Contábil,0.1,371,Receita_t,7487.048564846923,0.13205395260590044,3
H2,Teste,72,4T23,Ridge Contábil,0.1,371,Receita_t_1,-9428.379523944053,0.16629447131558792,2
H2,Teste,72,4T23,Ridge Contábil,0.1,371,Receita_t_4,1030.5245828427478,0.018176033351897176,9
H2,Teste,72,4T23,Ridge Contábil,0.1,371,Despesas_t,262.41325771047497,0.004628353562385033,17
H2,Teste,72,4T23,Ridge Contábil,0.1,371,Despesas_t_1,528.2653825304415,0.00931736066406016,13
H2,Teste,72,4T23,Ridge Contábil,0.1,371,Despesas_t_4,-252.8850536826611,0.004460298421268954,18
H2,Teste,72,4T23,Ridge Contábil,0.1,371,EBIT_t,1794.2931984995466,0.03164711794554696,7
H2,Teste,72,4T23,Ridge Contábil,0.1,371,EBIT_t_1,-505.5754314021541,0.00891716321576348,14
H2,Teste,72,4T23,Ridge Contábil,0.1,371,EBIT_t_4,101.84977810593634,0.0017963908814578099,19
H2,Teste,72,4T23,Ridge Contábil,0.1,371,Trimestre_Sin,892.8902750043546,0.015748487409484997,11
H2,Teste,72,4T23,Ridge Contábil,0.1,371,Trimestre_Cos,-564.5754383436563,0.009957784770828846,12
H2,Teste,72,4T23,Ridge Contábil,0.1,371,Segmento=CORPORATIVO / OUTROS NEGÓCIOS,19.707505593789353,0.00034759411363802017,20
H2,Teste,72,4T23,Ridge Contábil,0.1,371,Segmento=DISTRIBUIÇÃO,1168.262764967704,0.020605411392765238,8
H2,Teste,72,4T23,Ridge Contábil,0.1,371,Segmento=E&P,954.3533272994555,0.016832551299880927,10
H2,Teste,72,4T23,Ridge Contábil,0.1,371,Segmento=GÁS & ENERGIA / G&EBC,401.7186976805195,0.00708537435077957,15
H2,Teste,72,4T23,Ridge Contábil,0.1,371,Segmento=INTERNACIONAL,311.1512801193838,0.005487977811586487,16
H2,Teste,72,4T23,Ridge Contábil,0.1,371,Segmento=REFINO / RTC,4852.686191656978,0.08558998740480055,4
H2,Teste,72,4T23,Ridge + Brent e Câmbio,10.0,371,Custo_t,9593.338741628097,0.22024377255110414,1
H2,Teste,72,4T23,Ridge + Brent e Câmbio,10.0,371,Custo_t_1,3658.158343411924,0.0839839617719582,4
H2,Teste,72,4T23,Ridge + Brent e Câmbio,10.0,371,Custo_t_4,-450.0765735647995,0.010332853365080186,19
H2,Teste,72,4T23,Ridge + Brent e Câmbio,10.0,371,Receita_t,6169.390551704728,0.14163680508356452,2
H2,Teste,72,4T23,Ridge + Brent e Câmbio,10.0,371,Receita_t_1,868.851077053317,0.019947074126023912,13
H2,Teste,72,4T23,Ridge + Brent e Câmbio,10.0,371,Receita_t_4,-413.97049857201347,0.009503930465285373,20
H2,Teste,72,4T23,Ridge + Brent e Câmbio,10.0,371,Despesas_t,-601.6224375156796,0.013812041757149177,16
H2,Teste,72,4T23,Ridge + Brent e Câmbio,10.0,371,Despesas_t_1,-341.8925448929778,0.007849165543126434,21
H2,Teste,72,4T23,Ridge + Brent e Câmbio,10.0,371,Despesas_t_4,-308.23242716249547,0.007076396905101922,24
H2,Teste,72,4T23,Ridge + Brent e Câmbio,10.0,371,EBIT_t,67.6949261469894,0.0015541394209802539,28
H2,Teste,72,4T23,Ridge + Brent e Câmbio,10.0,371,EBIT_t_1,-1257.386739272295,0.028867071878884102,10
H2,Teste,72,4T23,Ridge + Brent e Câmbio,10.0,371,EBIT_t_4,-273.07646131807587,0.00626928660140189,26
H2,Teste,72,4T23,Ridge + Brent e Câmbio,10.0,371,Trimestre_Sin,498.3798102852368,0.011441798578864293,18
H2,Teste,72,4T23,Ridge + Brent e Câmbio,10.0,371,Trimestre_Cos,-315.63492415373224,0.0072463433551916735,23
H2,Teste,72,4T23,Ridge + Brent e Câmbio,10.0,371,Brent_t,1279.3396526735003,0.02937106663985181,9
H2,Teste,72,4T23,Ridge + Brent e Câmbio,10.0,371,Brent_t_1,-1936.169723551702,0.044450564678161816,6
H2,Teste,72,4T23,Ridge + Brent e Câmbio,10.0,371,Brent_t_4,1605.5437815248201,0.03686005768821423,7
H2,Teste,72,4T23,Ridge + Brent e Câmbio,10.0,371,USD_BRL_t,1507.8826479161303,0.0346179543833178,8
H2,Teste,72,4T23,Ridge + Brent e Câmbio,10.0,371,USD_BRL_t_1,743.5375836709335,0.017070128228728304,15
H2,Teste,72,4T23,Ridge + Brent e Câmbio,10.0,371,USD_BRL_t_4,-49.260643048402514,0.0011309253384533607,29
H2,Teste,72,4T23,Ridge + Brent e Câmbio,10.0,371,Brent_BRL_t,-1231.0443763445041,0.028262304180652863,11
H2,Teste,72,4T23,Ridge + Brent e Câmbio,10.0,371,Brent_Var_AA,2378.313742599489,0.05460130253790568,5
H2,Teste,72,4T23,Ridge + Brent e Câmbio,10.0,371,USD_BRL_Var_AA,572.5814697758229,0.013145319517288452,17
H2,Teste,72,4T23,Ridge + Brent e Câmbio,10.0,371,Segmento=CORPORATIVO / OUTROS NEGÓCIOS,-291.41358037143516,0.006690269992773847,25
H2,Teste,72,4T23,Ridge + Brent e Câmbio,10.0,371,Segmento=DISTRIBUIÇÃO,1053.4438674407106,0.024184953516672332,12
H2,Teste,72,4T23,Ridge + Brent e Câmbio,10.0,371,Segmento=E&P,853.7206426332136,0.019599709767611287,14
H2,Teste,72,4T23,Ridge + Brent e Câmbio,10.0,371,Segmento=GÁS & ENERGIA / G&EBC,107.7030251438136,0.002472644947885394,27
H2,Teste,72,4T23,Ridge + Brent e Câmbio,10.0,371,Segmento=INTERNACIONAL,327.5353996109837,0.00751955434882454,22
H2,Teste,72,4T23,Ridge + Brent e Câmbio,10.0,371,Segmento=REFINO / RTC,4802.624445968546,0.11025860282994211,3
H2,Teste,73,1T24,Ridge Contábil,0.1,375,Custo_t,19732.811977253685,0.35292713118536356,1
H2,Teste,73,1T24,Ridge Contábil,0.1,375,Custo_t_1,5193.323293605096,0.0928841106600996,3
H2,Teste,73,1T24,Ridge Contábil,0.1,375,Custo_t_4,-2858.520322392265,0.051125474563882674,7
H2,Teste,73,1T24,Ridge Contábil,0.1,375,Receita_t,4434.027360407126,0.07930388014185552,4
H2,Teste,73,1T24,Ridge Contábil,0.1,375,Receita_t_1,-9983.148477439541,0.17855153925358724,2
H2,Teste,73,1T24,Ridge Contábil,0.1,375,Receita_t_4,3563.727222806078,0.06373830686280008,6
H2,Teste,73,1T24,Ridge Contábil,0.1,375,Despesas_t,158.52543799812437,0.002835273964859813,18
H2,Teste,73,1T24,Ridge Contábil,0.1,375,Despesas_t_1,444.3356659597288,0.00794707373947878,13
H2,Teste,73,1T24,Ridge Contábil,0.1,375,Despesas_t_4,-207.24443361300746,0.0037066274940179013,17
H2,Teste,73,1T24,Ridge Contábil,0.1,375,EBIT_t,1797.1767923476325,0.03214303416498872,8
H2,Teste,73,1T24,Ridge Contábil,0.1,375,EBIT_t_1,-120.05406217478078,0.0021472021219953643,19
H2,Teste,73,1T24,Ridge Contábil,0.1,375,EBIT_t_4,300.637843104652,0.005376996021397615,14
H2,Teste,73,1T24,Ridge Contábil,0.1,375,Trimestre_Sin,900.9070153813419,0.016112986267229238,9
H2,Teste,73,1T24,Ridge Contábil,0.1,375,Trimestre_Cos,-708.257322724989,0.01266738999684855,11
H2,Teste,73,1T24,Ridge Contábil,0.1,375,Segmento=CORPORATIVO / OUTROS NEGÓCIOS,112.60669122003407,0.0020140037076506814,20
H2,Teste,73,1T24,Ridge Contábil,0.1,375,Segmento=DISTRIBUIÇÃO,751.9884405282825,0.01344953386806348,10
H2,Teste,73,1T24,Ridge Contábil,0.1,375,Segmento=E&P,498.68736512009366,0.008919169824001812,12
H2,Teste,73,1T24,Ridge Contábil,0.1,375,Segmento=GÁS & ENERGIA / G&EBC,277.6707248882594,0.004966222374283857,15
H2,Teste,73,1T24,Ridge Contábil,0.1,375,Segmento=INTERNACIONAL,216.45928350604595,0.003871437787695389,16
H2,Teste,73,1T24,Ridge Contábil,0.1,375,Segmento=REFINO / RTC,3651.749214099314,0.06531260599989996,5
H2,Teste,73,1T24,Ridge + Brent e Câmbio,10.0,375,Custo_t,9317.83302380156,0.22107297661508316,1
H2,Teste,73,1T24,Ridge + Brent e Câmbio,10.0,375,Custo_t_1,3876.9812224944967,0.09198445356857853,4
H2,Teste,73,1T24,Ridge + Brent e Câmbio,10.0,375,Custo_t_4,342.38225983023574,0.008123290589938888,22
H2,Teste,73,1T24,Ridge + Brent e Câmbio,10.0,375,Receita_t,5549.357176407086,0.13166289910484605,2
H2,Teste,73,1T24,Ridge + Brent e Câmbio,10.0,375,Receita_t_1,916.4105906125891,0.021742567885773913,13
H2,Teste,73,1T24,Ridge + Brent e Câmbio,10.0,375,Receita_t_4,616.7796038737077,0.014633585147483355,16
H2,Teste,73,1T24,Ridge + Brent e Câmbio,10.0,375,Despesas_t,-701.1423706892645,0.016635158681561367,15
H2,Teste,73,1T24,Ridge + Brent e Câmbio,10.0,375,Despesas_t_1,-447.7560233622071,0.010623366680768277,20
H2,Teste,73,1T24,Ridge + Brent e Câmbio,10.0,375,Despesas_t_4,-161.22820777890075,0.003825267067670065,26
H2,Teste,73,1T24,Ridge + Brent e Câmbio,10.0,375,EBIT_t,-149.92508994924887,0.0035570916349005398,27
H2,Teste,73,1T24,Ridge + Brent e Câmbio,10.0,375,EBIT_t_1,-1326.5264077690915,0.031472890829329386,9
H2,Teste,73,1T24,Ridge + Brent e Câmbio,10.0,375,EBIT_t_4,31.460123488447273,0.000746416374547951,29
H2,Teste,73,1T24,Ridge + Brent e Câmbio,10.0,375,Trimestre_Sin,495.3771369933842,0.011753215360528613,19
H2,Teste,73,1T24,Ridge + Brent e Câmbio,10.0,375,Trimestre_Cos,-390.6333597425824,0.009268086193737146,21
H2,Teste,73,1T24,Ridge + Brent e Câmbio,10.0,375,Brent_t,1120.9324944583834,0.02659501222027506,11
H2,Teste,73,1T24,Ridge + Brent e Câmbio,10.0,375,Brent_t_1,-1909.5394706573375,0.04530533801838583,6
H2,Teste,73,1T24,Ridge + Brent e Câmbio,10.0,375,Brent_t_4,1758.0667381889057,0.04171152733758933,7
H2,Teste,73,1T24,Ridge + Brent e Câmbio,10.0,375,USD_BRL_t,1388.502833252256,0.0329433306651289,8
H2,Teste,73,1T24,Ridge + Brent e Câmbio,10.0,375,USD_BRL_t_1,973.7914653160972,0.02310397463550618,12
H2,Teste,73,1T24,Ridge + Brent e Câmbio,10.0,375,USD_BRL_t_4,-221.54173568688643,0.005256253339984194,25
H2,Teste,73,1T24,Ridge + Brent e Câmbio,10.0,375,Brent_BRL_t,-1263.5037763831256,0.029977628928947495,10
H2,Teste,73,1T24,Ridge + Brent e Câmbio,10.0,375,Brent_Var_AA,2684.1205674153316,0.06368288870561654,5
H2,Teste,73,1T24,Ridge + Brent e Câmbio,10.0,375,USD_BRL_Var_AA,521.1572730672733,0.012364869529994648,18
H2,Teste,73,1T24,Ridge + Brent e Câmbio,10.0,375,Segmento=CORPORATIVO / OUTROS NEGÓCIOS,-223.39277893708115,0.005300170808790353,24
H2,Teste,73,1T24,Ridge + Brent e Câmbio,10.0,375,Segmento=DISTRIBUIÇÃO,816.4127623265067,0.019370040121241286,14
H2,Teste,73,1T24,Ridge + Brent e Câmbio,10.0,375,Segmento=E&P,522.2090705836738,0.01238982426004326,17
H2,Teste,73,1T24,Ridge + Brent e Câmbio,10.0,375,Segmento=GÁS & ENERGIA / G&EBC,51.142739103905214,0.0012134020364035366,28
H2,Teste,73,1T24,Ridge + Brent e Câmbio,10.0,375,Segmento=INTERNACIONAL,272.2330081498934,0.006458943972363765,23
H2,Teste,73,1T24,Ridge + Brent e Câmbio,10.0,375,Segmento=REFINO / RTC,4097.883265183835,0.09722552968498224,3
H2,Teste,74,2T24,Ridge Contábil,0.1,379,Custo_t,20767.94868333573,0.3986100207117142,1
H2,Teste,74,2T24,Ridge Contábil,0.1,379,Custo_t_1,4620.474590362369,0.08868316752150554,3
H2,Teste,74,2T24,Ridge Contábil,0.1,379,Custo_t_4,-2306.2015820745246,0.044264124223965536,7
H2,Teste,74,2T24,Ridge Contábil,0.1,379,Receita_t,3000.3629669376387,0.057587524055918264,5
H2,Teste,74,2T24,Ridge Contábil,0.1,379,Receita_t_1,-8348.748970908235,0.16024187323233074,2
H2,Teste,74,2T24,Ridge Contábil,0.1,379,Receita_t_4,2339.043776130838,0.04489448150443733,6
H2,Teste,74,2T24,Ridge Contábil,0.1,379,Despesas_t,188.75153943576223,0.0036228062863150534,17
H2,Teste,74,2T24,Ridge Contábil,0.1,379,Despesas_t_1,413.63258018583605,0.007939064847902605,13
H2,Teste,74,2T24,Ridge Contábil,0.1,379,Despesas_t_4,-101.8519432574391,0.001954897223140438,19
H2,Teste,74,2T24,Ridge Contábil,0.1,379,EBIT_t,1911.2075258693249,0.036682798242969834,8
H2,Teste,74,2T24,Ridge Contábil,0.1,379,EBIT_t_1,-92.07340854276616,0.0017672127298580746,20
H2,Teste,74,2T24,Ridge Contábil,0.1,379,EBIT_t_4,364.8696198755267,0.007003132035488949,14
H2,Teste,74,2T24,Ridge Contábil,0.1,379,Trimestre_Sin,916.1321225426309,0.01758379943582998,9
H2,Teste,74,2T24,Ridge Contábil,0.1,379,Trimestre_Cos,-727.3484508616608,0.013960376418651272,11
H2,Teste,74,2T24,Ridge Contábil,0.1,379,Segmento=CORPORATIVO / OUTROS NEGÓCIOS,111.48897871426135,0.0021398658477078617,18
H2,Teste,74,2T24,Ridge Contábil,0.1,379,Segmento=DISTRIBUIÇÃO,808.6358837343575,0.01552056831795942,10
H2,Teste,74,2T24,Ridge Contábil,0.1,379,Segmento=E&P,692.1057504842672,0.013283944974141692,12
H2,Teste,74,2T24,Ridge Contábil,0.1,379,Segmento=GÁS & ENERGIA / G&EBC,313.5844066780871,0.006018788313990857,15
H2,Teste,74,2T24,Ridge Contábil,0.1,379,Segmento=INTERNACIONAL,234.59005301070778,0.004502608674317124,16
H2,Teste,74,2T24,Ridge Contábil,0.1,379,Segmento=REFINO / RTC,3841.866873629307,0.07373894540185533,4
H2,Teste,74,2T24,Ridge + Brent e Câmbio,10.0,379,Custo_t,9380.683462869923,0.22003759769661865,1
H2,Teste,74,2T24,Ridge + Brent e Câmbio,10.0,379,Custo_t_1,4039.626001901832,0.0947553133595806,4
H2,Teste,74,2T24,Ridge + Brent e Câmbio,10.0,379,Custo_t_4,388.27630337685645,0.009107586390238235,22
H2,Teste,74,2T24,Ridge + Brent e Câmbio,10.0,379,Receita_t,5491.588239896555,0.12881320307083,2
H2,Teste,74,2T24,Ridge + Brent e Câmbio,10.0,379,Receita_t_1,1120.9895450670042,0.026294442991908182,11
H2,Teste,74,2T24,Ridge + Brent e Câmbio,10.0,379,Receita_t_4,434.9627099648376,0.010202684075963163,19
H2,Teste,74,2T24,Ridge + Brent e Câmbio,10.0,379,Despesas_t,-706.8364166439253,0.01657987796927886,15
H2,Teste,74,2T24,Ridge + Brent e Câmbio,10.0,379,Despesas_t_1,-431.5737787135204,0.01012319175600051,20
H2,Teste,74,2T24,Ridge + Brent e Câmbio,10.0,379,Despesas_t_4,-167.12518863897824,0.0039201647905796,27
H2,Teste,74,2T24,Ridge + Brent e Câmbio,10.0,379,EBIT_t,-178.49302068388016,0.0041868138534202305,26
H2,Teste,74,2T24,Ridge + Brent e Câmbio,10.0,379,EBIT_t_1,-1275.8632533349883,0.029927231460737756,10
H2,Teste,74,2T24,Ridge + Brent e Câmbio,10.0,379,EBIT_t_4,-31.129073837233044,0.0007301777799855392,29
H2,Teste,74,2T24,Ridge + Brent e Câmbio,10.0,379,Trimestre_Sin,509.82397616184664,0.011958664142843857,18
H2,Teste,74,2T24,Ridge + Brent e Câmbio,10.0,379,Trimestre_Cos,-397.61555085908003,0.009326652046639135,21
H2,Teste,74,2T24,Ridge + Brent e Câmbio,10.0,379,Brent_t,1103.237335673647,0.025878039056717022,12
H2,Teste,74,2T24,Ridge + Brent e Câmbio,10.0,379,Brent_t_1,-1889.7915301112728,0.04432781364801368,6
H2,Teste,74,2T24,Ridge + Brent e Câmbio,10.0,379,Brent_t_4,1735.1147152616425,0.04069964360117311,7
H2,Teste,74,2T24,Ridge + Brent e Câmbio,10.0,379,USD_BRL_t,1398.557852472079,0.03280521204193258,8
H2,Teste,74,2T24,Ridge + Brent e Câmbio,10.0,379,USD_BRL_t_1,1022.499694973477,0.02398422006435087,13
H2,Teste,74,2T24,Ridge + Brent e Câmbio,10.0,379,USD_BRL_t_4,-282.3885126586272,0.006623833986987086,23
H2,Teste,74,2T24,Ridge + Brent e Câmbio,10.0,379,Brent_BRL_t,-1281.780506669616,0.030066029258773195,9
H2,Teste,74,2T24,Ridge + Brent e Câmbio,10.0,379,Brent_Var_AA,2694.987430765819,0.06321485661843998,5
H2,Teste,74,2T24,Ridge + Brent e Câmbio,10.0,379,USD_BRL_Var_AA,544.3276573265202,0.012767998254288454,17
H2,Teste,74,2T24,Ridge + Brent e Câmbio,10.0,379,Segmento=CORPORATIVO / OUTROS NEGÓCIOS,-228.67350510212302,0.005363870225309012,25
H2,Teste,74,2T24,Ridge + Brent e Câmbio,10.0,379,Segmento=DISTRIBUIÇÃO,828.9435102621997,0.01944407775257068,14
H2,Teste,74,2T24,Ridge + Brent e Câmbio,10.0,379,Segmento=E&P,573.2399495242408,0.01344617819120563,16
H2,Teste,74,2T24,Ridge + Brent e Câmbio,10.0,379,Segmento=GÁS & ENERGIA / G&EBC,53.08150523089413,0.0012451040416572255,28
H2,Teste,74,2T24,Ridge + Brent e Câmbio,10.0,379,Segmento=INTERNACIONAL,275.97621602932077,0.0064734242272275295,24
H2,Teste,74,2T24,Ridge + Brent e Câmbio,10.0,379,Segmento=REFINO / RTC,4164.998060218711,0.09769609764672961,3
H2,Teste,75,3T24,Ridge Contábil,0.1,383,Custo_t,21178.96687539987,0.4022742777940439,1
H2,Teste,75,3T24,Ridge Contábil,0.1,383,Custo_t_1,4898.026643877931,0.0930333449395311,3
H2,Teste,75,3T24,Ridge Contábil,0.1,383,Custo_t_4,-2232.2745788458997,0.04239992674459874,6
H2,Teste,75,3T24,Ridge Contábil,0.1,383,Receita_t,2802.2908635972303,0.05322684245905359,5
H2,Teste,75,3T24,Ridge Contábil,0.1,383,Receita_t_1,-8445.951245005395,0.16042278914533234,2
H2,Teste,75,3T24,Ridge Contábil,0.1,383,Receita_t_4,2070.3390797103725,0.03932411637352594,7
H2,Teste,75,3T24,Ridge Contábil,0.1,383,Despesas_t,191.35529230729335,0.0036346112852367932,17
H2,Teste,75,3T24,Ridge Contábil,0.1,383,Despesas_t_1,415.4027121554083,0.007890178355210678,14
H2,Teste,75,3T24,Ridge Contábil,0.1,383,Despesas_t_4,-71.84070355589846,0.0013645456508425372,20
H2,Teste,75,3T24,Ridge Contábil,0.1,383,EBIT_t,1980.4832830734413,0.03761739121028317,8
H2,Teste,75,3T24,Ridge Contábil,0.1,383,EBIT_t_1,-75.89687464291299,0.0014415887523421256,19
H2,Teste,75,3T24,Ridge Contábil,0.1,383,EBIT_t_4,416.81536184498054,0.007917010288845209,13
H2,Teste,75,3T24,Ridge Contábil,0.1,383,Trimestre_Sin,898.739824876494,0.01707070586133636,9
H2,Teste,75,3T24,Ridge Contábil,0.1,383,Trimestre_Cos,-750.4322978991589,0.014253745824653654,12
H2,Teste,75,3T24,Ridge Contábil,0.1,383,Segmento=CORPORATIVO / OUTROS NEGÓCIOS,121.54721786310881,0.0023086734858890155,18
H2,Teste,75,3T24,Ridge Contábil,0.1,383,Segmento=DISTRIBUIÇÃO,830.7448243127919,0.015779205671252017,10
H2,Teste,75,3T24,Ridge Contábil,0.1,383,Segmento=E&P,769.4907074401218,0.014615742138217896,11
H2,Teste,75,3T24,Ridge Contábil,0.1,383,Segmento=GÁS & ENERGIA / G&EBC,328.0989860819235,0.006231927338456252,15
H2,Teste,75,3T24,Ridge Contábil,0.1,383,Segmento=INTERNACIONAL,241.88290071262492,0.0045943350196142405,16
H2,Teste,75,3T24,Ridge Contábil,0.1,383,Segmento=REFINO / RTC,3927.4960381616525,0.07459904166173438,4
H2,Teste,75,3T24,Ridge + Brent e Câmbio,10.0,383,Custo_t,9488.309426939935,0.2198803147454684,1
H2,Teste,75,3T24,Ridge + Brent e Câmbio,10.0,383,Custo_t_1,4170.269984116071,0.09664105958407272,4
H2,Teste,75,3T24,Ridge + Brent e Câmbio,10.0,383,Custo_t_4,501.8687403211909,0.011630212677236055,19
H2,Teste,75,3T24,Ridge + Brent e Câmbio,10.0,383,Receita_t,5497.572936771301,0.12739973089845724,2
H2,Teste,75,3T24,Ridge + Brent e Câmbio,10.0,383,Receita_t_1,1164.2816324576272,0.02698084561516181,11
H2,Teste,75,3T24,Ridge + Brent e Câmbio,10.0,383,Receita_t_4,408.46926369159837,0.009465790608530388,21
H2,Teste,75,3T24,Ridge + Brent e Câmbio,10.0,383,Despesas_t,-743.8175730184657,0.017237089844914268,15
H2,Teste,75,3T24,Ridge + Brent e Câmbio,10.0,383,Despesas_t_1,-441.201529396803,0.01022432203512551,20
H2,Teste,75,3T24,Ridge + Brent e Câmbio,10.0,383,Despesas_t_4,-163.59977258802314,0.0037912306471378425,27
H2,Teste,75,3T24,Ridge + Brent e Câmbio,10.0,383,EBIT_t,-183.5982271056218,0.004254671105905709,26
H2,Teste,75,3T24,Ridge + Brent e Câmbio,10.0,383,EBIT_t_1,-1304.8096115710487,0.030237414819183756,9
H2,Teste,75,3T24,Ridge + Brent e Câmbio,10.0,383,EBIT_t_4,-47.18447068396359,0.001093444131957894,29
H2,Teste,75,3T24,Ridge + Brent e Câmbio,10.0,383,Trimestre_Sin,502.7696927460939,0.011651091180860303,18
H2,Teste,75,3T24,Ridge + Brent e Câmbio,10.0,383,Trimestre_Cos,-406.2328359511837,0.009413964048777637,22
H2,Teste,75,3T24,Ridge + Brent e Câmbio,10.0,383,Brent_t,1085.2520372515337,0.0251494285010883,12
H2,Teste,75,3T24,Ridge + Brent e Câmbio,10.0,383,Brent_t_1,-1884.3836271485366,0.043668355066731376,6
H2,Teste,75,3T24,Ridge + Brent e Câmbio,10.0,383,Brent_t_4,1718.5634158608034,0.0398256683868909,7
H2,Teste,75,3T24,Ridge + Brent e Câmbio,10.0,383,USD_BRL_t,1396.1776088829122,0.032354759764696865,8
H2,Teste,75,3T24,Ridge + Brent e Câmbio,10.0,383,USD_BRL_t_1,1039.1236060419046,0.024080456831141503,13
H2,Teste,75,3T24,Ridge + Brent e Câmbio,10.0,383,USD_BRL_t_4,-300.4319273104238,0.006962153505348772,23
H2,Teste,75,3T24,Ridge + Brent e Câmbio,10.0,383,Brent_BRL_t,-1270.8981822949138,0.029451557675704194,10
H2,Teste,75,3T24,Ridge + Brent e Câmbio,10.0,383,Brent_Var_AA,2703.3971905581384,0.06264802278203584,5
H2,Teste,75,3T24,Ridge + Brent e Câmbio,10.0,383,USD_BRL_Var_AA,560.0054841057552,0.012977462745339,17
H2,Teste,75,3T24,Ridge + Brent e Câmbio,10.0,383,Segmento=CORPORATIVO / OUTROS NEGÓCIOS,-221.08883980370075,0.005123471579112099,25
H2,Teste,75,3T24,Ridge + Brent e Câmbio,10.0,383,Segmento=DISTRIBUIÇÃO,826.1544259133635,0.019145148732441532,14
H2,Teste,75,3T24,Ridge + Brent e Câmbio,10.0,383,Segmento=E&P,608.1590741373803,0.014093365068487912,16
H2,Teste,75,3T24,Ridge + Brent e Câmbio,10.0,383,Segmento=GÁS & ENERGIA / G&EBC,54.63265911728685,0.0012660470629239483,28
H2,Teste,75,3T24,Ridge + Brent e Câmbio,10.0,383,Segmento=INTERNACIONAL,278.4911500646685,0.006453702021582945,24
H2,Teste,75,3T24,Ridge + Brent e Câmbio,10.0,383,Segmento=REFINO / RTC,4181.410090498177,0.09689921833368524,3
H2,Teste,76,4T24,Ridge Contábil,0.1,387,Custo_t,20810.753709708595,0.3920674175606987,1
H2,Teste,76,4T24,Ridge Contábil,0.1,387,Custo_t_1,6149.575385343628,0.1158558778821027,3
H2,Teste,76,4T24,Ridge Contábil,0.1,387,Custo_t_4,-2087.4254149144194,0.03932637439240188,7
H2,Teste,76,4T24,Ridge Contábil,0.1,387,Receita_t,2464.4094583030787,0.04642862366288501,5
H2,Teste,76,4T24,Ridge Contábil,0.1,387,Receita_t_1,-8819.283778757173,0.1661522626284881,2
H2,Teste,76,4T24,Ridge Contábil,0.1,387,Receita_t_4,2354.307000510832,0.044354331357289487,6
H2,Teste,76,4T24,Ridge Contábil,0.1,387,Despesas_t,157.96725884185813,0.0029760486379874127,17
H2,Teste,76,4T24,Ridge Contábil,0.1,387,Despesas_t_1,365.1070715523351,0.006878491220137443,14
H2,Teste,76,4T24,Ridge Contábil,0.1,387,Despesas_t_4,-56.99891975822081,0.001073839976441105,19
H2,Teste,76,4T24,Ridge Contábil,0.1,387,EBIT_t,2026.0531117878757,0.038170141382669456,8
H2,Teste,76,4T24,Ridge Contábil,0.1,387,EBIT_t_1,4.413357978351361,8.314614114797255e-05,20
H2,Teste,76,4T24,Ridge Contábil,0.1,387,EBIT_t_4,375.33999502120315,0.007071275966643941,13
H2,Teste,76,4T24,Ridge Contábil,0.1,387,Trimestre_Sin,937.5807127343286,0.017663697044522603,9
H2,Teste,76,4T24,Ridge Contábil,0.1,387,Trimestre_Cos,-758.2117892297538,0.014284448430558497,10
H2,Teste,76,4T24,Ridge Contábil,0.1,387,Segmento=CORPORATIVO / OUTROS NEGÓCIOS,139.6528441295329,0.0026310113855861606,18
H2,Teste,76,4T24,Ridge Contábil,0.1,387,Segmento=DISTRIBUIÇÃO,719.238495355934,0.013550205024669058,11
H2,Teste,76,4T24,Ridge Contábil,0.1,387,Segmento=E&P,706.894496918158,0.013317648354334992,12
H2,Teste,76,4T24,Ridge Contábil,0.1,387,Segmento=GÁS & ENERGIA / G&EBC,306.4956110492081,0.005774271532591888,15
H2,Teste,76,4T24,Ridge Contábil,0.1,387,Segmento=INTERNACIONAL,218.23589948950672,0.004111489027519956,16
H2,Teste,76,4T24,Ridge Contábil,0.1,387,Segmento=REFINO / RTC,3621.5843043463215,0.06822939839132353,4
H2,Teste,76,4T24,Ridge + Brent e Câmbio,10.0,387,Custo_t,9394.091117530315,0.21582960821621086,1
H2,Teste,76,4T24,Ridge + Brent e Câmbio,10.0,387,Custo_t_1,4497.656302794294,0.10333382820949961,3
H2,Teste,76,4T24,Ridge + Brent e Câmbio,10.0,387,Custo_t_4,756.1896714461325,0.017373487065800466,16
H2,Teste,76,4T24,Ridge + Brent e Câmbio,10.0,387,Receita_t,5347.001949672845,0.12284757742828882,2
H2,Teste,76,4T24,Ridge + Brent e Câmbio,10.0,387,Receita_t_1,1300.7064653850907,0.029883781551201312,10
H2,Teste,76,4T24,Ridge + Brent e Câmbio,10.0,387,Receita_t_4,541.0859615221644,0.012431470977399068,19
H2,Teste,76,4T24,Ridge + Brent e Câmbio,10.0,387,Despesas_t,-761.2611177513127,0.01749000374159617,14
H2,Teste,76,4T24,Ridge + Brent e Câmbio,10.0,387,Despesas_t_1,-525.3966420294294,0.012071008252806483,21
H2,Teste,76,4T24,Ridge + Brent e Câmbio,10.0,387,Despesas_t_4,-121.89700992276252,0.0028005885364750403,27
H2,Teste,76,4T24,Ridge + Brent e Câmbio,10.0,387,EBIT_t,-202.50903360825987,0.004652652910972061,26
H2,Teste,76,4T24,Ridge + Brent e Câmbio,10.0,387,EBIT_t_1,-1363.4283846541948,0.03132482008202391,9
H2,Teste,76,4T24,Ridge + Brent e Câmbio,10.0,387,EBIT_t_4,-69.32156631450374,0.0015926656779678761,28
H2,Teste,76,4T24,Ridge + Brent e Câmbio,10.0,387,Trimestre_Sin,536.1149319434279,0.012317261379792784,20
H2,Teste,76,4T24,Ridge + Brent e Câmbio,10.0,387,Trimestre_Cos,-413.6459899998346,0.009503532682929918,22
H2,Teste,76,4T24,Ridge + Brent e Câmbio,10.0,387,Brent_t,1090.4628177257814,0.02505342558205618,12
H2,Teste,76,4T24,Ridge + Brent e Câmbio,10.0,387,Brent_t_1,-1889.5610116058936,0.04341273761699927,6
H2,Teste,76,4T24,Ridge + Brent e Câmbio,10.0,387,Brent_t_4,1671.2563097285117,0.03839717861416741,7
H2,Teste,76,4T24,Ridge + Brent e Câmbio,10.0,387,USD_BRL_t,1381.375428158666,0.03173715410345798,8
H2,Teste,76,4T24,Ridge + Brent e Câmbio,10.0,387,USD_BRL_t_1,1001.4657929585176,0.023008715482099568,13
H2,Teste,76,4T24,Ridge + Brent e Câmbio,10.0,387,USD_BRL_t_4,-283.0632516594711,0.006503389198776653,23
H2,Teste,76,4T24,Ridge + Brent e Câmbio,10.0,387,Brent_BRL_t,-1250.2219860642588,0.028723898678394016,11
H2,Teste,76,4T24,Ridge + Brent e Câmbio,10.0,387,Brent_Var_AA,2705.7139370649797,0.06216388277223791,5
H2,Teste,76,4T24,Ridge + Brent e Câmbio,10.0,387,USD_BRL_Var_AA,572.2226618711752,0.013146837877016631,17
H2,Teste,76,4T24,Ridge + Brent e Câmbio,10.0,387,Segmento=CORPORATIVO / OUTROS NEGÓCIOS,-207.82064660303118,0.0047746874257872645,25
H2,Teste,76,4T24,Ridge + Brent e Câmbio,10.0,387,Segmento=DISTRIBUIÇÃO,757.846660957757,0.017411556464174187,15
H2,Teste,76,4T24,Ridge + Brent e Câmbio,10.0,387,Segmento=E&P,571.5365265564329,0.01313107389151645,18
H2,Teste,76,4T24,Ridge + Brent e Câmbio,10.0,387,Segmento=GÁS & ENERGIA / G&EBC,48.75532530133683,0.0011201554920629588,29
H2,Teste,76,4T24,Ridge + Brent e Câmbio,10.0,387,Segmento=INTERNACIONAL,267.93312261335814,0.006155773896409671,24
H2,Teste,76,4T24,Ridge + Brent e Câmbio,10.0,387,Segmento=REFINO / RTC,3995.956083616129,0.09180724619187942,4
H2,Teste,77,1T25,Ridge Contábil,0.1,391,Custo_t,20916.694901858686,0.3893104771076461,1
H2,Teste,77,1T25,Ridge Contábil,0.1,391,Custo_t_1,6241.538322021461,0.11617018240371751,3
H2,Teste,77,1T25,Ridge Contábil,0.1,391,Custo_t_4,-2169.482560647584,0.040379337879397764,7
H2,Teste,77,1T25,Ridge Contábil,0.1,391,Receita_t,2636.3908380427297,0.04906963455825122,5
H2,Teste,77,1T25,Ridge Contábil,0.1,391,Receita_t_1,-8917.6534753747,0.1659791829191083,2
H2,Teste,77,1T25,Ridge Contábil,0.1,391,Receita_t_4,2430.620222740039,0.04523974380380388,6
H2,Teste,77,1T25,Ridge Contábil,0.1,391,Despesas_t,155.04016825729317,0.002885673963228912,17
H2,Teste,77,1T25,Ridge Contábil,0.1,391,Despesas_t_1,360.22594846276223,0.006704679516558345,14
H2,Teste,77,1T25,Ridge Contábil,0.1,391,Despesas_t_4,-61.43783013908315,0.0011435071877335438,19
H2,Teste,77,1T25,Ridge Contábil,0.1,391,EBIT_t,2027.2008125785053,0.037731129092857564,8
H2,Teste,77,1T25,Ridge Contábil,0.1,391,EBIT_t_1,-9.023100682023918,0.00016794181145688114,20
H2,Teste,77,1T25,Ridge Contábil,0.1,391,EBIT_t_4,366.15719038628214,0.006815074329597436,13
H2,Teste,77,1T25,Ridge Contábil,0.1,391,Trimestre_Sin,930.1581949626121,0.017312502398947497,9
H2,Teste,77,1T25,Ridge Contábil,0.1,391,Trimestre_Cos,-765.2077091799628,0.014242373364676658,10
H2,Teste,77,1T25,Ridge Contábil,0.1,391,Segmento=CORPORATIVO / OUTROS NEGÓCIOS,137.2849551344214,0.002555206337992436,18
H2,Teste,77,1T25,Ridge Contábil,0.1,391,Segmento=DISTRIBUIÇÃO,722.7936317629666,0.013452944404089576,11
H2,Teste,77,1T25,Ridge Contábil,0.1,391,Segmento=E&P,700.2329220350397,0.013033034819459843,12
H2,Teste,77,1T25,Ridge Contábil,0.1,391,Segmento=GÁS & ENERGIA / G&EBC,314.8487455814562,0.005860099596718242,15
H2,Teste,77,1T25,Ridge Contábil,0.1,391,Segmento=INTERNACIONAL,218.09612883264387,0.004059298487143983,16
H2,Teste,77,1T25,Ridge Contábil,0.1,391,Segmento=REFINO / RTC,3647.454063951393,0.06788797601761438,4
H2,Teste,77,1T25,Ridge + Brent e Câmbio,10.0,391,Custo_t,9466.499906323033,0.21603919148673761,1
H2,Teste,77,1T25,Ridge + Brent e Câmbio,10.0,391,Custo_t_1,4549.0678095832,0.10381629338466111,3
H2,Teste,77,1T25,Ridge + Brent e Câmbio,10.0,391,Custo_t_4,797.5803820059671,0.018201935517810654,14
H2,Teste,77,1T25,Ridge + Brent e Câmbio,10.0,391,Receita_t,5403.514379664169,0.12331599739306778,2
H2,Teste,77,1T25,Ridge + Brent e Câmbio,10.0,391,Receita_t_1,1355.4203577250832,0.030932648930995444,10
H2,Teste,77,1T25,Ridge + Brent e Câmbio,10.0,391,Receita_t_4,559.0646058670078,0.01275866124074924,19
H2,Teste,77,1T25,Ridge + Brent e Câmbio,10.0,391,Despesas_t,-768.5048469452672,0.017538389841085696,15
H2,Teste,77,1T25,Ridge + Brent e Câmbio,10.0,391,Despesas_t_1,-525.9450231798622,0.012002824560147795,21
H2,Teste,77,1T25,Ridge + Brent e Câmbio,10.0,391,Despesas_t_4,-121.45225051236609,0.0027717156567455977,27
H2,Teste,77,1T25,Ridge + Brent e Câmbio,10.0,391,EBIT_t,-219.2560134211527,0.005003738692953698,25
H2,Teste,77,1T25,Ridge + Brent e Câmbio,10.0,391,EBIT_t_1,-1379.5839583717823,0.031484097174673605,9
H2,Teste,77,1T25,Ridge + Brent e Câmbio,10.0,391,EBIT_t_4,-82.25986659378266,0.0018772888867677,28
H2,Teste,77,1T25,Ridge + Brent e Câmbio,10.0,391,Trimestre_Sin,532.6395498303757,0.012155603320964908,20
H2,Teste,77,1T25,Ridge + Brent e Câmbio,10.0,391,Trimestre_Cos,-423.3400064402748,0.009661229981554111,22
H2,Teste,77,1T25,Ridge + Brent e Câmbio,10.0,391,Brent_t,1079.2796815806123,0.02463072012930547,12
H2,Teste,77,1T25,Ridge + Brent e Câmbio,10.0,391,Brent_t_1,-1888.2427304200276,0.043092424533610126,6
H2,Teste,77,1T25,Ridge + Brent e Câmbio,10.0,391,Brent_t_4,1652.0080730846926,0.03770120868013682,7
H2,Teste,77,1T25,Ridge + Brent e Câmbio,10.0,391,USD_BRL_t,1391.1956190775343,0.031749092031855546,8
H2,Teste,77,1T25,Ridge + Brent e Câmbio,10.0,391,USD_BRL_t_1,986.0623236666025,0.022503365474939377,13
H2,Teste,77,1T25,Ridge + Brent e Câmbio,10.0,391,USD_BRL_t_4,-287.2387298488673,0.006555202405778083,23
H2,Teste,77,1T25,Ridge + Brent e Câmbio,10.0,391,Brent_BRL_t,-1234.7731999478708,0.028179306652509565,11
H2,Teste,77,1T25,Ridge + Brent e Câmbio,10.0,391,Brent_Var_AA,2689.45418256036,0.06137722631285031,5
H2,Teste,77,1T25,Ridge + Brent e Câmbio,10.0,391,USD_BRL_Var_AA,574.2573650073394,0.013105381933044146,17
H2,Teste,77,1T25,Ridge + Brent e Câmbio,10.0,391,Segmento=CORPORATIVO / OUTROS NEGÓCIOS,-211.1528082155323,0.004818811854270263,26
H2,Teste,77,1T25,Ridge + Brent e Câmbio,10.0,391,Segmento=DISTRIBUIÇÃO,751.7733520871348,0.0171565529787517,16
H2,Teste,77,1T25,Ridge + Brent e Câmbio,10.0,391,Segmento=E&P,572.8993164911165,0.013074389305742834,18
H2,Teste,77,1T25,Ridge + Brent e Câmbio,10.0,391,Segmento=GÁS & ENERGIA / G&EBC,50.85692588490555,0.0011606284538530698,29
H2,Teste,77,1T25,Ridge + Brent e Câmbio,10.0,391,Segmento=INTERNACIONAL,267.27694827217016,0.006099645738040305,24
H2,Teste,77,1T25,Ridge + Brent e Câmbio,10.0,391,Segmento=REFINO / RTC,3997.837734583409,0.09123642744639754,4
H2,Teste,78,2T25,Ridge Contábil,0.1,395,Custo_t,20865.74833250602,0.37830440208333416,1
H2,Teste,78,2T25,Ridge Contábil,0.1,395,Custo_t_1,6347.603733621998,0.11508460644897488,3
H2,Teste,78,2T25,Ridge Contábil,0.1,395,Custo_t_4,-2561.1432534423525,0.04643455636977427,7
H2,Teste,78,2T25,Ridge Contábil,0.1,395,Receita_t,3128.4225839395676,0.056719558590550535,5
H2,Teste,78,2T25,Ridge Contábil,0.1,395,Receita_t_1,-9093.969953436213,0.16487732963015694,2
H2,Teste,78,2T25,Ridge Contábil,0.1,395,Receita_t_4,2890.141824521043,0.05239943267015123,6
H2,Teste,78,2T25,Ridge Contábil,0.1,395,Despesas_t,133.5970848984075,0.002422168834646271,18
H2,Teste,78,2T25,Ridge Contábil,0.1,395,Despesas_t_1,358.21468242132244,0.0064945761393928525,13
H2,Teste,78,2T25,Ridge Contábil,0.1,395,Despesas_t_4,-85.29432471545246,0.0015464203822641253,19
H2,Teste,78,2T25,Ridge Contábil,0.1,395,EBIT_t,1993.8860646313433,0.03614995558666646,8
H2,Teste,78,2T25,Ridge Contábil,0.1,395,EBIT_t_1,-72.42101815836804,0.0013130221612989831,20
H2,Teste,78,2T25,Ridge Contábil,0.1,395,EBIT_t_4,310.2232164060481,0.0056244715753630365,14
H2,Teste,78,2T25,Ridge Contábil,0.1,395,Trimestre_Sin,907.0186954675952,0.016444613430553333,9
H2,Teste,78,2T25,Ridge Contábil,0.1,395,Trimestre_Cos,-759.0295741918507,0.01376151119300542,10
H2,Teste,78,2T25,Ridge Contábil,0.1,395,Segmento=CORPORATIVO / OUTROS NEGÓCIOS,135.87696058620352,0.0024635038970246648,17
H2,Teste,78,2T25,Ridge Contábil,0.1,395,Segmento=DISTRIBUIÇÃO,715.8863143151416,0.012979306554499455,11
H2,Teste,78,2T25,Ridge Contábil,0.1,395,Segmento=E&P,634.5503246058547,0.011504652376537725,12
H2,Teste,78,2T25,Ridge Contábil,0.1,395,Segmento=GÁS & ENERGIA / G&EBC,305.57154061067075,0.0055401348239360925,15
H2,Teste,78,2T25,Ridge Contábil,0.1,395,Segmento=INTERNACIONAL,212.96988984481504,0.0038612296839592893,16
H2,Teste,78,2T25,Ridge Contábil,0.1,395,Segmento=REFINO / RTC,3644.4061267690713,0.06607454756791026,4
H2,Teste,78,2T25,Ridge + Brent e Câmbio,10.0,395,Custo_t,9516.933137346703,0.2155277149315711,1
H2,Teste,78,2T25,Ridge + Brent e Câmbio,10.0,395,Custo_t_1,4583.990909395802,0.10381254882333,3
H2,Teste,78,2T25,Ridge + Brent e Câmbio,10.0,395,Custo_t_4,807.8641997816336,0.018295507853331536,14
H2,Teste,78,2T25,Ridge + Brent e Câmbio,10.0,395,Receita_t,5522.458790673126,0.12506580710194873,2
H2,Teste,78,2T25,Ridge + Brent e Câmbio,10.0,395,Receita_t_1,1421.598219726784,0.03219459582479794,9
H2,Teste,78,2T25,Ridge + Brent e Câmbio,10.0,395,Receita_t_4,671.6843839678837,0.015211476044075535,17
H2,Teste,78,2T25,Ridge + Brent e Câmbio,10.0,395,Despesas_t,-774.5273477141387,0.0175405361155431,15
H2,Teste,78,2T25,Ridge + Brent e Câmbio,10.0,395,Despesas_t_1,-530.9491169861797,0.01202427801871378,20
H2,Teste,78,2T25,Ridge + Brent e Câmbio,10.0,395,Despesas_t_4,-124.26099929822253,0.0028141092143183985,27
H2,Teste,78,2T25,Ridge + Brent e Câmbio,10.0,395,EBIT_t,-228.65574811319888,0.005178312192129812,25
H2,Teste,78,2T25,Ridge + Brent e Câmbio,10.0,395,EBIT_t_1,-1414.0901148877929,0.03202456156522494,10
H2,Teste,78,2T25,Ridge + Brent e Câmbio,10.0,395,EBIT_t_4,-73.69534735207465,0.001668960954821766,28
H2,Teste,78,2T25,Ridge + Brent e Câmbio,10.0,395,Trimestre_Sin,510.81572196206344,0.011568321823504845,21
H2,Teste,78,2T25,Ridge + Brent e Câmbio,10.0,395,Trimestre_Cos,-420.50189355816457,0.00952300609188238,22
H2,Teste,78,2T25,Ridge + Brent e Câmbio,10.0,395,Brent_t,1051.6330484102807,0.02381608282829454,12
H2,Teste,78,2T25,Ridge + Brent e Câmbio,10.0,395,Brent_t_1,-1883.117981202024,0.04264652378845854,6
H2,Teste,78,2T25,Ridge + Brent e Câmbio,10.0,395,Brent_t_4,1625.1437841953964,0.03680424367681674,7
H2,Teste,78,2T25,Ridge + Brent e Câmbio,10.0,395,USD_BRL_t,1458.690625278334,0.03303461868662394,8
H2,Teste,78,2T25,Ridge + Brent e Câmbio,10.0,395,USD_BRL_t_1,964.7093149251343,0.02184754176774469,13
H2,Teste,78,2T25,Ridge + Brent e Câmbio,10.0,395,USD_BRL_t_4,-365.42204491104155,0.008275625896354298,23
H2,Teste,78,2T25,Ridge + Brent e Câmbio,10.0,395,Brent_BRL_t,-1187.0051593727417,0.02688182273842452,11
H2,Teste,78,2T25,Ridge + Brent e Câmbio,10.0,395,Brent_Var_AA,2674.0871717852683,0.06055941439800728,5
H2,Teste,78,2T25,Ridge + Brent e Câmbio,10.0,395,USD_BRL_Var_AA,565.92643174053,0.01281640092371395,18
H2,Teste,78,2T25,Ridge + Brent e Câmbio,10.0,395,Segmento=CORPORATIVO / OUTROS NEGÓCIOS,-205.79181350721188,0.004660518118255809,26
H2,Teste,78,2T25,Ridge + Brent e Câmbio,10.0,395,Segmento=DISTRIBUIÇÃO,739.6909041382758,0.016751603486523745,16
H2,Teste,78,2T25,Ridge + Brent e Câmbio,10.0,395,Segmento=E&P,548.2494698790341,0.012416074984468891,19
H2,Teste,78,2T25,Ridge + Brent e Câmbio,10.0,395,Segmento=GÁS & ENERGIA / G&EBC,43.84266165428883,0.0009928943018193076,29
H2,Teste,78,2T25,Ridge + Brent e Câmbio,10.0,395,Segmento=INTERNACIONAL,266.1286941388264,0.006026953063311691,24
H2,Teste,78,2T25,Ridge + Brent e Câmbio,10.0,395,Segmento=REFINO / RTC,3974.958839181751,0.09001994478598836,4
H2,Teste,79,3T25,Ridge Contábil,0.1,399,Custo_t,21190.868280650575,0.3858688583089209,1
H2,Teste,79,3T25,Ridge Contábil,0.1,399,Custo_t_1,6052.803685450957,0.11021674132180889,3
H2,Teste,79,3T25,Ridge Contábil,0.1,399,Custo_t_4,-2993.721968836065,0.05451329614765754,6
H2,Teste,79,3T25,Ridge Contábil,0.1,399,Receita_t,2839.242664691786,0.051700350876465496,7
H2,Teste,79,3T25,Ridge Contábil,0.1,399,Receita_t_1,-8570.736845156307,0.15606630164968086,2
H2,Teste,79,3T25,Ridge Contábil,0.1,399,Receita_t_4,3513.882003140093,0.06398499668944686,5
H2,Teste,79,3T25,Ridge Contábil,0.1,399,Despesas_t,157.40255644652166,0.0028661753707555078,17
H2,Teste,79,3T25,Ridge Contábil,0.1,399,Despesas_t_1,305.257252323621,0.005558491793948219,13
H2,Teste,79,3T25,Ridge Contábil,0.1,399,Despesas_t_4,-57.68155745609743,0.0010503352871759448,20
H2,Teste,79,3T25,Ridge Contábil,0.1,399,EBIT_t,1884.8032988752127,0.034320769089860904,8
H2,Teste,79,3T25,Ridge Contábil,0.1,399,EBIT_t_1,-115.57580778484487,0.0021045435424083634,19
H2,Teste,79,3T25,Ridge Contábil,0.1,399,EBIT_t_4,211.88299640156842,0.003858220854083679,15
H2,Teste,79,3T25,Ridge Contábil,0.1,399,Trimestre_Sin,903.6098772355199,0.016454017224197936,9
H2,Teste,79,3T25,Ridge Contábil,0.1,399,Trimestre_Cos,-734.5830538597615,0.01337617319743184,10
H2,Teste,79,3T25,Ridge Contábil,0.1,399,Segmento=CORPORATIVO / OUTROS NEGÓCIOS,119.76801134020482,0.0021808802350951097,18
H2,Teste,79,3T25,Ridge Contábil,0.1,399,Segmento=DISTRIBUIÇÃO,682.5359317538393,0.012428436496920357,11
H2,Teste,79,3T25,Ridge Contábil,0.1,399,Segmento=E&P,546.7052467588408,0.00995506774920382,12
H2,Teste,79,3T25,Ridge Contábil,0.1,399,Segmento=GÁS & ENERGIA / G&EBC,274.57131504049426,0.004999725280525498,14
H2,Teste,79,3T25,Ridge Contábil,0.1,399,Segmento=INTERNACIONAL,200.25685203199663,0.0036465180113777157,16
H2,Teste,79,3T25,Ridge Contábil,0.1,399,Segmento=REFINO / RTC,3561.3911721458235,0.06485010087303457,4
H2,Teste,79,3T25,Ridge + Brent e Câmbio,10.0,399,Custo_t,9537.28539097646,0.21451692805489392,1
H2,Teste,79,3T25,Ridge + Brent e Câmbio,10.0,399,Custo_t_1,4605.904043286507,0.10359807280342664,3
H2,Teste,79,3T25,Ridge + Brent e Câmbio,10.0,399,Custo_t_4,814.6673333311841,0.018323865394467908,14
H2,Teste,79,3T25,Ridge + Brent e Câmbio,10.0,399,Receita_t,5550.6840543838225,0.12484849127785111,2
H2,Teste,79,3T25,Ridge + Brent e Câmbio,10.0,399,Receita_t_1,1549.1722770305357,0.03484468213678685,8
H2,Teste,79,3T25,Ridge + Brent e Câmbio,10.0,399,Receita_t_4,792.4164344224315,0.017823388132365458,15
H2,Teste,79,3T25,Ridge + Brent e Câmbio,10.0,399,Despesas_t,-768.2626667371532,0.0172801106868043,16
H2,Teste,79,3T25,Ridge + Brent e Câmbio,10.0,399,Despesas_t_1,-535.0053892159877,0.012033582710653922,19
H2,Teste,79,3T25,Ridge + Brent e Câmbio,10.0,399,Despesas_t_4,-96.98417268008865,0.002181411789665227,27
H2,Teste,79,3T25,Ridge + Brent e Câmbio,10.0,399,EBIT_t,-278.6754853122433,0.006268094807139729,24
H2,Teste,79,3T25,Ridge + Brent e Câmbio,10.0,399,EBIT_t_1,-1414.3062110791889,0.031811213704133645,10
H2,Teste,79,3T25,Ridge + Brent e Câmbio,10.0,399,EBIT_t_4,-60.73621091793531,0.0013661062717213754,28
H2,Teste,79,3T25,Ridge + Brent e Câmbio,10.0,399,Trimestre_Sin,509.4891972895605,0.011459661004075333,21
H2,Teste,79,3T25,Ridge + Brent e Câmbio,10.0,399,Trimestre_Cos,-416.66236600889874,0.009371758013750878,22
H2,Teste,79,3T25,Ridge + Brent e Câmbio,10.0,399,Brent_t,1038.3880120553615,0.0233558918857453,12
H2,Teste,79,3T25,Ridge + Brent e Câmbio,10.0,399,Brent_t_1,-1886.5269011343867,0.042432614620839554,6
H2,Teste,79,3T25,Ridge + Brent e Câmbio,10.0,399,Brent_t_4,1614.2534183540547,0.036308516544451386,7
H2,Teste,79,3T25,Ridge + Brent e Câmbio,10.0,399,USD_BRL_t,1472.0593100477988,0.03311022247534208,9
H2,Teste,79,3T25,Ridge + Brent e Câmbio,10.0,399,USD_BRL_t_1,977.0176019911129,0.02197552092055351,13
H2,Teste,79,3T25,Ridge + Brent e Câmbio,10.0,399,USD_BRL_t_4,-407.8592270903147,0.009173753839539856,23
H2,Teste,79,3T25,Ridge + Brent e Câmbio,10.0,399,Brent_BRL_t,-1173.2676992400854,0.02638966669332812,11
H2,Teste,79,3T25,Ridge + Brent e Câmbio,10.0,399,Brent_Var_AA,2688.4425850012935,0.06046966415958213,5
H2,Teste,79,3T25,Ridge + Brent e Câmbio,10.0,399,USD_BRL_Var_AA,575.1913011345194,0.012937462381068751,18
H2,Teste,79,3T25,Ridge + Brent e Câmbio,10.0,399,Segmento=CORPORATIVO / OUTROS NEGÓCIOS,-213.34186204928668,0.00479858146172538,26
H2,Teste,79,3T25,Ridge + Brent e Câmbio,10.0,399,Segmento=DISTRIBUIÇÃO,727.6552854144327,0.016366751136303124,17
H2,Teste,79,3T25,Ridge + Brent e Câmbio,10.0,399,Segmento=E&P,514.7473240539604,0.011577929164729252,20
H2,Teste,79,3T25,Ridge + Brent e Câmbio,10.0,399,Segmento=GÁS & ENERGIA / G&EBC,25.811564748332692,0.0005805653654174044,29
H2,Teste,79,3T25,Ridge + Brent e Câmbio,10.0,399,Segmento=INTERNACIONAL,260.05044415396947,0.005849171974239181,25
H2,Teste,79,3T25,Ridge + Brent e Câmbio,10.0,399,Segmento=REFINO / RTC,3954.4965128407102,0.08894632058939855,4
H2,Teste,80,4T25,Ridge Contábil,0.1,403,Custo_t,21949.40220210749,0.4057252981210783,1
H2,Teste,80,4T25,Ridge Contábil,0.1,403,Custo_t_1,6031.357826268738,0.11148706600778516,3
H2,Teste,80,4T25,Ridge Contábil,0.1,403,Custo_t_4,-2719.864462433061,0.05027552958884798,6
H2,Teste,80,4T25,Ridge Contábil,0.1,403,Receita_t,2088.7582258681236,0.03860980112760563,7
H2,Teste,80,4T25,Ridge Contábil,0.1,403,Receita_t_1,-8336.106174657269,0.15408935203515658,2
H2,Teste,80,4T25,Ridge Contábil,0.1,403,Receita_t_4,3272.0455314017972,0.06048236013308237,5
H2,Teste,80,4T25,Ridge Contábil,0.1,403,Despesas_t,170.7141143678715,0.0031555772821334595,17
H2,Teste,80,4T25,Ridge Contábil,0.1,403,Despesas_t_1,263.88884397506985,0.004877872249401484,14
H2,Teste,80,4T25,Ridge Contábil,0.1,403,Despesas_t_4,-28.616217086646746,0.0005289585156657466,19
H2,Teste,80,4T25,Ridge Contábil,0.1,403,EBIT_t,1932.6844333907197,0.0357248439247301,8
H2,Teste,80,4T25,Ridge Contábil,0.1,403,EBIT_t_1,3.4992088200853946,6.468137622357378e-05,20
H2,Teste,80,4T25,Ridge Contábil,0.1,403,EBIT_t_4,232.95559864306472,0.004306084459072725,15
H2,Teste,80,4T25,Ridge Contábil,0.1,403,Trimestre_Sin,899.0425912284904,0.016618417212050672,9
H2,Teste,80,4T25,Ridge Contábil,0.1,403,Trimestre_Cos,-736.7616311103633,0.013618723174051764,10
H2,Teste,80,4T25,Ridge Contábil,0.1,403,Segmento=CORPORATIVO / OUTROS NEGÓCIOS,132.66830659429448,0.002452316821595283,18
H2,Teste,80,4T25,Ridge Contábil,0.1,403,Segmento=DISTRIBUIÇÃO,669.6250924331616,0.012377733013189451,11
H2,Teste,80,4T25,Ridge Contábil,0.1,403,Segmento=E&P,603.2535738298952,0.011150883920712874,12
H2,Teste,80,4T25,Ridge Contábil,0.1,403,Segmento=GÁS & ENERGIA / G&EBC,286.76492178411,0.005300726749193858,13
H2,Teste,80,4T25,Ridge Contábil,0.1,403,Segmento=INTERNACIONAL,201.00381648147197,0.0037154694517188,16
H2,Teste,80,4T25,Ridge Contábil,0.1,403,Segmento=REFINO / RTC,3540.1580304127287,0.06543830483670408,4
H2,Teste,80,4T25,Ridge + Brent e Câmbio,10.0,403,Custo_t,9646.779058732009,0.2152134160947767,1
H2,Teste,80,4T25,Ridge + Brent e Câmbio,10.0,403,Custo_t_1,4714.73158762643,0.10518261948008216,3
H2,Teste,80,4T25,Ridge + Brent e Câmbio,10.0,403,Custo_t_4,918.3897671338575,0.0204886831022067,14
H2,Teste,80,4T25,Ridge + Brent e Câmbio,10.0,403,Receita_t,5553.386924718588,0.1238924788977025,2
H2,Teste,80,4T25,Ridge + Brent e Câmbio,10.0,403,Receita_t_1,1613.6629521320551,0.035999779225748034,7
H2,Teste,80,4T25,Ridge + Brent e Câmbio,10.0,403,Receita_t_4,795.5398847386351,0.017747981496401232,15
H2,Teste,80,4T25,Ridge + Brent e Câmbio,10.0,403,Despesas_t,-780.9521725116139,0.0174225390495212,16
H2,Teste,80,4T25,Ridge + Brent e Câmbio,10.0,403,Despesas_t_1,-586.1695949234896,0.013077065429438506,19
H2,Teste,80,4T25,Ridge + Brent e Câmbio,10.0,403,Despesas_t_4,-94.21172333498966,0.0021018027563040487,27
H2,Teste,80,4T25,Ridge + Brent e Câmbio,10.0,403,EBIT_t,-324.49334576682963,0.007239237160644813,24
H2,Teste,80,4T25,Ridge + Brent e Câmbio,10.0,403,EBIT_t_1,-1373.8063497000608,0.03064873319598011,10
H2,Teste,80,4T25,Ridge + Brent e Câmbio,10.0,403,EBIT_t_4,-83.01998534637661,0.0018521223033878098,28
H2,Teste,80,4T25,Ridge + Brent e Câmbio,10.0,403,Trimestre_Sin,505.4386915191483,0.011276011067118586,21
H2,Teste,80,4T25,Ridge + Brent e Câmbio,10.0,403,Trimestre_Cos,-418.64822335420547,0.009339771725000032,22
H2,Teste,80,4T25,Ridge + Brent e Câmbio,10.0,403,Brent_t,1031.7523943183342,0.023017730166031196,12
H2,Teste,80,4T25,Ridge + Brent e Câmbio,10.0,403,Brent_t_1,-1887.760082938312,0.0421147093494141,6
H2,Teste,80,4T25,Ridge + Brent e Câmbio,10.0,403,Brent_t_4,1596.8297505237908,0.03562424135970274,8
H2,Teste,80,4T25,Ridge + Brent e Câmbio,10.0,403,USD_BRL_t,1473.6892371611302,0.032877055964547014,9
H2,Teste,80,4T25,Ridge + Brent e Câmbio,10.0,403,USD_BRL_t_1,957.6447692688282,0.02136443687005398,13
H2,Teste,80,4T25,Ridge + Brent e Câmbio,10.0,403,USD_BRL_t_4,-372.0448567535812,0.008300080687548627,23
H2,Teste,80,4T25,Ridge + Brent e Câmbio,10.0,403,Brent_BRL_t,-1204.860279167371,0.026879655376972983,11
H2,Teste,80,4T25,Ridge + Brent e Câmbio,10.0,403,Brent_Var_AA,2693.2836579546497,0.06008542053380914,5
H2,Teste,80,4T25,Ridge + Brent e Câmbio,10.0,403,USD_BRL_Var_AA,598.5092510438917,0.013352355195166345,18
H2,Teste,80,4T25,Ridge + Brent e Câmbio,10.0,403,Segmento=CORPORATIVO / OUTROS NEGÓCIOS,-206.2357302615311,0.00460098606593557,26
H2,Teste,80,4T25,Ridge + Brent e Câmbio,10.0,403,Segmento=DISTRIBUIÇÃO,701.9461003371533,0.01565996455897087,17
H2,Teste,80,4T25,Ridge + Brent e Câmbio,10.0,403,Segmento=E&P,511.0745737790522,0.01140174396371312,20
H2,Teste,80,4T25,Ridge + Brent e Câmbio,10.0,403,Segmento=GÁS & ENERGIA / G&EBC,23.1299089877668,0.000516013344652352,29
H2,Teste,80,4T25,Ridge + Brent e Câmbio,10.0,403,Segmento=INTERNACIONAL,256.2703411603248,0.005717225949625589,25
H2,Teste,80,4T25,Ridge + Brent e Câmbio,10.0,403,Segmento=REFINO / RTC,3899.9845873445483,0.08700613962954401,4
H2,Teste,81,1T26,Ridge Contábil,0.1,407,Custo_t,22183.115264192653,0.4076800202877952,1
H2,Teste,81,1T26,Ridge Contábil,0.1,407,Custo_t_1,6130.916782674672,0.11267363706927758,3
H2,Teste,81,1T26,Ridge Contábil,0.1,407,Custo_t_4,-2800.1741706413936,0.051461440338776095,6
H2,Teste,81,1T26,Ridge Contábil,0.1,407,Receita_t,1993.879664984129,0.03664340614883137,7
H2,Teste,81,1T26,Ridge Contábil,0.1,407,Receita_t_1,-8308.837294547146,0.152699335348842,2
H2,Teste,81,1T26,Ridge Contábil,0.1,407,Receita_t_4,3410.2082144966525,0.062672611015809,5
H2,Teste,81,1T26,Ridge Contábil,0.1,407,Despesas_t,161.69769170970204,0.0029716709060746142,17
H2,Teste,81,1T26,Ridge Contábil,0.1,407,Despesas_t_1,253.6404884037807,0.0046613903514792455,14
H2,Teste,81,1T26,Ridge Contábil,0.1,407,Despesas_t_4,-38.28536784998679,0.0007036062949644675,19
H2,Teste,81,1T26,Ridge Contábil,0.1,407,EBIT_t,1921.8865933631732,0.03532032160685146,8
H2,Teste,81,1T26,Ridge Contábil,0.1,407,EBIT_t_1,21.003167414500382,0.00038599500636742995,20
H2,Teste,81,1T26,Ridge Contábil,0.1,407,EBIT_t_4,206.9798445924581,0.00380386371515746,15
H2,Teste,81,1T26,Ridge Contábil,0.1,407,Trimestre_Sin,892.187630675045,0.01639657311618626,9
H2,Teste,81,1T26,Ridge Contábil,0.1,407,Trimestre_Cos,-756.3790743929801,0.013900691256450387,10
H2,Teste,81,1T26,Ridge Contábil,0.1,407,Segmento=CORPORATIVO / OUTROS NEGÓCIOS,134.24805462691,0.0024672030498006613,18
H2,Teste,81,1T26,Ridge Contábil,0.1,407,Segmento=DISTRIBUIÇÃO,649.3039673546767,0.011932871079265633,11
H2,Teste,81,1T26,Ridge Contábil,0.1,407,Segmento=E&P,588.354072260182,0.010812737402244551,12
H2,Teste,81,1T26,Ridge Contábil,0.1,407,Segmento=GÁS & ENERGIA / G&EBC,274.7140911446679,0.005048679814236068,13
H2,Teste,81,1T26,Ridge Contábil,0.1,407,Segmento=INTERNACIONAL,195.9433538116928,0.0036010357204496472,16
H2,Teste,81,1T26,Ridge Contábil,0.1,407,Segmento=REFINO / RTC,3491.2999603527496,0.06416291047114069,4
H2,Teste,81,1T26,Ridge + Brent e Câmbio,10.0,407,Custo_t,9687.730621338987,0.21442420404303955,1
H2,Teste,81,1T26,Ridge + Brent e Câmbio,10.0,407,Custo_t_1,4793.599421700468,0.10609953772199662,3
H2,Teste,81,1T26,Ridge + Brent e Câmbio,10.0,407,Custo_t_4,973.6125223692809,0.021549535006219502,14
H2,Teste,81,1T26,Ridge + Brent e Câmbio,10.0,407,Receita_t,5592.288618885917,0.12377739253425125,2
H2,Teste,81,1T26,Ridge + Brent e Câmbio,10.0,407,Receita_t_1,1690.282513377801,0.03741201079028446,7
H2,Teste,81,1T26,Ridge + Brent e Câmbio,10.0,407,Receita_t_4,830.7566980409164,0.018387623551224058,15
H2,Teste,81,1T26,Ridge + Brent e Câmbio,10.0,407,Despesas_t,-788.6418128198524,0.017455470181682652,16
H2,Teste,81,1T26,Ridge + Brent e Câmbio,10.0,407,Despesas_t_1,-587.9508102782563,0.013013458924289373,19
H2,Teste,81,1T26,Ridge + Brent e Câmbio,10.0,407,Despesas_t_4,-103.14436494808432,0.002282954514321634,27
H2,Teste,81,1T26,Ridge + Brent e Câmbio,10.0,407,EBIT_t,-341.6212510936414,0.007561302818287583,24
H2,Teste,81,1T26,Ridge + Brent e Câmbio,10.0,407,EBIT_t_1,-1376.7963982886379,0.030473439381364764,10
H2,Teste,81,1T26,Ridge + Brent e Câmbio,10.0,407,EBIT_t_4,-94.20208891802189,0.002085029892444166,28
H2,Teste,81,1T26,Ridge + Brent e Câmbio,10.0,407,Trimestre_Sin,501.497369377052,0.011099934387264155,21
H2,Teste,81,1T26,Ridge + Brent e Câmbio,10.0,407,Trimestre_Cos,-426.3117710070217,0.009435807594712492,22
H2,Teste,81,1T26,Ridge + Brent e Câmbio,10.0,407,Brent_t,1029.835175726098,0.022793943853495747,12
H2,Teste,81,1T26,Ridge + Brent e Câmbio,10.0,407,Brent_t_1,-1879.7306666434072,0.041605177493529016,6
H2,Teste,81,1T26,Ridge + Brent e Câmbio,10.0,407,Brent_t_4,1585.2587789335607,0.035087459092466786,8
H2,Teste,81,1T26,Ridge + Brent e Câmbio,10.0,407,USD_BRL_t,1479.5281390175178,0.03274726104267572,9
H2,Teste,81,1T26,Ridge + Brent e Câmbio,10.0,407,USD_BRL_t_1,984.4135682341907,0.02178860086724935,13
H2,Teste,81,1T26,Ridge + Brent e Câmbio,10.0,407,USD_BRL_t_4,-373.0312489082449,0.008256518658161864,23
H2,Teste,81,1T26,Ridge + Brent e Câmbio,10.0,407,Brent_BRL_t,-1222.9690410952492,0.027068688576921178,11
H2,Teste,81,1T26,Ridge + Brent e Câmbio,10.0,407,Brent_Var_AA,2695.858823923378,0.05966901900212818,5
H2,Teste,81,1T26,Ridge + Brent e Câmbio,10.0,407,USD_BRL_Var_AA,604.7783758152086,0.013385913267548595,18
H2,Teste,81,1T26,Ridge + Brent e Câmbio,10.0,407,Segmento=CORPORATIVO / OUTROS NEGÓCIOS,-202.0938848921682,0.004473062072403026,26
H2,Teste,81,1T26,Ridge + Brent e Câmbio,10.0,407,Segmento=DISTRIBUIÇÃO,688.2275170899779,0.015232941885014884,17
H2,Teste,81,1T26,Ridge + Brent e Câmbio,10.0,407,Segmento=E&P,501.5986075507998,0.011102175150934528,20
H2,Teste,81,1T26,Ridge + Brent e Câmbio,10.0,407,Segmento=GÁS & ENERGIA / G&EBC,17.098366565562877,0.0003784481407009026,29
H2,Teste,81,1T26,Ridge + Brent e Câmbio,10.0,407,Segmento=INTERNACIONAL,253.9335162046427,0.005620458931021048,25
H2,Teste,81,1T26,Ridge + Brent e Câmbio,10.0,407,Segmento=REFINO / RTC,3873.4182768887113,0.08573263062436688,4
H2,Teste,82,2T26,Ridge Contábil,0.1,411,Custo_t,22148.368109931547,0.3971142786889322,1
H2,Teste,82,2T26,Ridge Contábil,0.1,411,Custo_t_1,6359.117279610298,0.1140172611840599,3
H2,Teste,82,2T26,Ridge Contábil,0.1,411,Custo_t_4,-3546.250921542787,0.06358332450357569,6
H2,Teste,82,2T26,Ridge Contábil,0.1,411,Receita_t,1948.83944292125,0.03494216665602478,7
H2,Teste,82,2T26,Ridge Contábil,0.1,411,Receita_t_1,-8098.493934348247,0.14520381642759939,2
H2,Teste,82,2T26,Ridge Contábil,0.1,411,Receita_t_4,3814.29568809592,0.06838929502012855,4
H2,Teste,82,2T26,Ridge Contábil,0.1,411,Despesas_t,165.26612090480782,0.0029631770642913275,16
H2,Teste,82,2T26,Ridge Contábil,0.1,411,Despesas_t_1,249.44687272243874,0.004472515286034195,14
H2,Teste,82,2T26,Ridge Contábil,0.1,411,Despesas_t_4,-30.963696234682498,0.0005551707392051806,19
H2,Teste,82,2T26,Ridge Contábil,0.1,411,EBIT_t,1911.8235569394924,0.03427848178368034,8
H2,Teste,82,2T26,Ridge Contábil,0.1,411,EBIT_t_1,5.601772801988351,0.00010043827854944198,20
H2,Teste,82,2T26,Ridge Contábil,0.1,411,EBIT_t_4,158.88427812242207,0.002848752340959369,17
H2,Teste,82,2T26,Ridge Contábil,0.1,411,Trimestre_Sin,908.1057378318073,0.016282091450821264,9
H2,Teste,82,2T26,Ridge Contábil,0.1,411,Trimestre_Cos,-751.0548275107753,0.013466210901065962,10
H2,Teste,82,2T26,Ridge Contábil,0.1,411,Segmento=CORPORATIVO / OUTROS NEGÓCIOS,129.96360804798206,0.0023302125109001997,18
H2,Teste,82,2T26,Ridge Contábil,0.1,411,Segmento=DISTRIBUIÇÃO,717.2262690503118,0.01285967395326756,11
H2,Teste,82,2T26,Ridge Contábil,0.1,411,Segmento=E&P,602.9209133312661,0.010810209692002358,12
H2,Teste,82,2T26,Ridge Contábil,0.1,411,Segmento=GÁS & ENERGIA / G&EBC,293.9371709039034,0.005270214357283849,13
H2,Teste,82,2T26,Ridge Contábil,0.1,411,Segmento=INTERNACIONAL,208.38180638387885,0.0037362296997820003,15
H2,Teste,82,2T26,Ridge Contábil,0.1,411,Segmento=REFINO / RTC,3724.3436652263053,0.06677647946183649,5
H2,Teste,82,2T26,Ridge + Brent e Câmbio,10.0,411,Custo_t,9612.395531848559,0.2125229191521339,1
H2,Teste,82,2T26,Ridge + Brent e Câmbio,10.0,411,Custo_t_1,4886.127087847936,0.10802863746265975,3
H2,Teste,82,2T26,Ridge + Brent e Câmbio,10.0,411,Custo_t_4,785.3367605462895,0.0173632119398109,15
H2,Teste,82,2T26,Ridge + Brent e Câmbio,10.0,411,Receita_t,5586.68866905172,0.12351753321085945,2
H2,Teste,82,2T26,Ridge + Brent e Câmbio,10.0,411,Receita_t_1,1849.6083773435573,0.04089346618529132,7
H2,Teste,82,2T26,Ridge + Brent e Câmbio,10.0,411,Receita_t_4,854.2614273372532,0.018887085082511964,14
H2,Teste,82,2T26,Ridge + Brent e Câmbio,10.0,411,Despesas_t,-768.6571742489255,0.01699443868673149,16
H2,Teste,82,2T26,Ridge + Brent e Câmbio,10.0,411,Despesas_t_1,-580.5674518994464,0.012835914755440624,19
H2,Teste,82,2T26,Ridge + Brent e Câmbio,10.0,411,Despesas_t_4,-71.06034815349842,0.001571091469916259,27
H2,Teste,82,2T26,Ridge + Brent e Câmbio,10.0,411,EBIT_t,-339.9344120207599,0.007515697135386493,24
H2,Teste,82,2T26,Ridge + Brent e Câmbio,10.0,411,EBIT_t_1,-1386.5184076546764,0.030654891226294854,10
H2,Teste,82,2T26,Ridge + Brent e Câmbio,10.0,411,EBIT_t_4,-36.64728389756393,0.0008102442026134035,28
H2,Teste,82,2T26,Ridge + Brent e Câmbio,10.0,411,Trimestre_Sin,527.7963173726766,0.011669184202225206,20
H2,Teste,82,2T26,Ridge + Brent e Câmbio,10.0,411,Trimestre_Cos,-421.4403955453462,0.009317733837852442,23
H2,Teste,82,2T26,Ridge + Brent e Câmbio,10.0,411,Brent_t,990.8324622604446,0.021906569134883556,12
H2,Teste,82,2T26,Ridge + Brent e Câmbio,10.0,411,Brent_t_1,-1896.2831839618448,0.0419254114605886,6
H2,Teste,82,2T26,Ridge + Brent e Câmbio,10.0,411,Brent_t_4,1566.8395671239111,0.03464165800761658,8
H2,Teste,82,2T26,Ridge + Brent e Câmbio,10.0,411,USD_BRL_t,1492.7309140010698,0.033003170781002185,9
H2,Teste,82,2T26,Ridge + Brent e Câmbio,10.0,411,USD_BRL_t_1,907.9986486827928,0.02007517509708112,13
H2,Teste,82,2T26,Ridge + Brent e Câmbio,10.0,411,USD_BRL_t_4,-434.6554388489644,0.009609908620954268,22
H2,Teste,82,2T26,Ridge + Brent e Câmbio,10.0,411,Brent_BRL_t,-1093.9298133840045,0.02418597492348596,11
H2,Teste,82,2T26,Ridge + Brent e Câmbio,10.0,411,Brent_Var_AA,2710.9332015700747,0.05993671772194709,5
H2,Teste,82,2T26,Ridge + Brent e Câmbio,10.0,411,USD_BRL_Var_AA,640.6164005633491,0.01416355236874793,18
H2,Teste,82,2T26,Ridge + Brent e Câmbio,10.0,411,Segmento=CORPORATIVO / OUTROS NEGÓCIOS,-215.66122448383695,0.0047681093462468615,26
H2,Teste,82,2T26,Ridge + Brent e Câmbio,10.0,411,Segmento=DISTRIBUIÇÃO,733.6368460932597,0.016220165266058337,17
H2,Teste,82,2T26,Ridge + Brent e Câmbio,10.0,411,Segmento=E&P,517.678542385877,0.011445487719033823,21
H2,Teste,82,2T26,Ridge + Brent e Câmbio,10.0,411,Segmento=GÁS & ENERGIA / G&EBC,19.288602067945128,0.00042645665216974846,29
H2,Teste,82,2T26,Ridge + Brent e Câmbio,10.0,411,Segmento=INTERNACIONAL,256.141815789988,0.005663105125902764,25
H2,Teste,82,2T26,Ridge + Brent e Câmbio,10.0,411,Segmento=REFINO / RTC,4045.6579308801743,0.08944648922455332,4
H3,Validação,53,1T19,Ridge Contábil,0.1,282,Custo_t,9384.019532438007,0.2538951380289492,1
H3,Validação,53,1T19,Ridge Contábil,0.1,282,Custo_t_1,4019.698570822586,0.10875743810484365,3
H3,Validação,53,1T19,Ridge Contábil,0.1,282,Custo_t_4,154.46682299898185,0.004179272561257198,20
H3,Validação,53,1T19,Ridge Contábil,0.1,282,Receita_t,-2568.8957648890055,0.06950434646410257,5
H3,Validação,53,1T19,Ridge Contábil,0.1,282,Receita_t_1,-1746.8523389783338,0.04726304268527766,8
H3,Validação,53,1T19,Ridge Contábil,0.1,282,Receita_t_4,3220.898610469897,0.08714501226853745,4
H3,Validação,53,1T19,Ridge Contábil,0.1,282,Despesas_t,-993.5586730881471,0.026881840513181092,9
H3,Validação,53,1T19,Ridge Contábil,0.1,282,Despesas_t_1,174.95418338477674,0.004733580997532245,18
H3,Validação,53,1T19,Ridge Contábil,0.1,282,Despesas_t_4,199.4754247309164,0.005397030592313919,17
H3,Validação,53,1T19,Ridge Contábil,0.1,282,EBIT_t,-440.7027348003135,0.01192370511325981,14
H3,Validação,53,1T19,Ridge Contábil,0.1,282,EBIT_t_1,158.8721623537152,0.004298463941845021,19
H3,Validação,53,1T19,Ridge Contábil,0.1,282,EBIT_t_4,872.2470241601533,0.02359961824769841,10
H3,Validação,53,1T19,Ridge Contábil,0.1,282,Trimestre_Sin,439.99329134263803,0.011904510327487294,15
H3,Validação,53,1T19,Ridge Contábil,0.1,282,Trimestre_Cos,545.9596975038623,0.014771549896803479,13
H3,Validação,53,1T19,Ridge Contábil,0.1,282,Segmento=CORPORATIVO / OUTROS NEGÓCIOS,268.9787435889354,0.007277520575729603,16
H3,Validação,53,1T19,Ridge Contábil,0.1,282,Segmento=DISTRIBUIÇÃO,2243.497378325144,0.06070032938107709,6
H3,Validação,53,1T19,Ridge Contábil,0.1,282,Segmento=E&P,2209.548318492186,0.05978179961859667,7
H3,Validação,53,1T19,Ridge Contábil,0.1,282,Segmento=GÁS & ENERGIA / G&EBC,769.5686526115664,0.020821540130234902,11
H3,Validação,53,1T19,Ridge Contábil,0.1,282,Segmento=INTERNACIONAL,613.8989439708869,0.016609722153340386,12
H3,Validação,53,1T19,Ridge Contábil,0.1,282,Segmento=REFINO / RTC,5934.1306652984285,0.1605545383979323,2
H3,Validação,53,1T19,Ridge + Brent e Câmbio,10.0,282,Custo_t,3421.8217087606204,0.10481759672446085,2
H3,Validação,53,1T19,Ridge + Brent e Câmbio,10.0,282,Custo_t_1,2713.904260722971,0.08313259619019989,3
H3,Validação,53,1T19,Ridge + Brent e Câmbio,10.0,282,Custo_t_4,1641.6439814116502,0.050287008340674,8
H3,Validação,53,1T19,Ridge + Brent e Câmbio,10.0,282,Receita_t,2123.8569675667172,0.06505820643924674,4
H3,Validação,53,1T19,Ridge + Brent e Câmbio,10.0,282,Receita_t_1,2115.7038759715606,0.06480846009369906,5
H3,Validação,53,1T19,Ridge + Brent e Câmbio,10.0,282,Receita_t_4,2031.739883167711,0.06223646637627153,6
H3,Validação,53,1T19,Ridge + Brent e Câmbio,10.0,282,Despesas_t,-1568.9904513669267,0.048061477889061247,9
H3,Validação,53,1T19,Ridge + Brent e Câmbio,10.0,282,Despesas_t_1,-338.8798220059005,0.010380601780078443,20
H3,Validação,53,1T19,Ridge + Brent e Câmbio,10.0,282,Despesas_t_4,318.82861121172186,0.009766391015829533,22
H3,Validação,53,1T19,Ridge + Brent e Câmbio,10.0,282,EBIT_t,-1667.8224144325486,0.05108890881030913,7
H3,Validação,53,1T19,Ridge + Brent e Câmbio,10.0,282,EBIT_t_1,-770.2259942607776,0.02359364237079569,15
H3,Validação,53,1T19,Ridge + Brent e Câmbio,10.0,282,EBIT_t_4,1198.3870767914364,0.03670911696343957,12
H3,Validação,53,1T19,Ridge + Brent e Câmbio,10.0,282,Trimestre_Sin,371.66418908500407,0.011384855905466179,18
H3,Validação,53,1T19,Ridge + Brent e Câmbio,10.0,282,Trimestre_Cos,548.1572664668265,0.01679121011799102,17
H3,Validação,53,1T19,Ridge + Brent e Câmbio,10.0,282,Brent_t,318.0900687518572,0.009743767906763448,23
H3,Validação,53,1T19,Ridge + Brent e Câmbio,10.0,282,Brent_t_1,-1325.069464057947,0.040589664961190916,11
H3,Validação,53,1T19,Ridge + Brent e Câmbio,10.0,282,Brent_t_4,-352.8544311177839,0.01080867345269692,19
H3,Validação,53,1T19,Ridge + Brent e Câmbio,10.0,282,USD_BRL_t,-315.8095850585275,0.009673911894250535,24
H3,Validação,53,1T19,Ridge + Brent e Câmbio,10.0,282,USD_BRL_t_1,-574.8051329457875,0.017607490321897578,16
H3,Validação,53,1T19,Ridge + Brent e Câmbio,10.0,282,USD_BRL_t_4,114.40790142564086,0.003504554677124942,29
H3,Validação,53,1T19,Ridge + Brent e Câmbio,10.0,282,Brent_BRL_t,1140.7378676927867,0.03494320042392033,13
H3,Validação,53,1T19,Ridge + Brent e Câmbio,10.0,282,Brent_Var_AA,-267.1241020174405,0.008182573139028081,25
H3,Validação,53,1T19,Ridge + Brent e Câmbio,10.0,282,USD_BRL_Var_AA,-332.5528350347761,0.010186792860366948,21
H3,Validação,53,1T19,Ridge + Brent e Câmbio,10.0,282,Segmento=CORPORATIVO / OUTROS NEGÓCIOS,-119.71236984029582,0.0036670417025890267,28
H3,Validação,53,1T19,Ridge + Brent e Câmbio,10.0,282,Segmento=DISTRIBUIÇÃO,1382.6665125734519,0.0423539837123289,10
H3,Validação,53,1T19,Ridge + Brent e Câmbio,10.0,282,Segmento=E&P,920.055524363376,0.02818323604351743,14
H3,Validação,53,1T19,Ridge + Brent e Câmbio,10.0,282,Segmento=GÁS & ENERGIA / G&EBC,259.4115737281129,0.007946322174260678,26
H3,Validação,53,1T19,Ridge + Brent e Câmbio,10.0,282,Segmento=INTERNACIONAL,142.3943435455871,0.004361838268602153,27
H3,Validação,53,1T19,Ridge + Brent e Câmbio,10.0,282,Segmento=REFINO / RTC,4248.170859857784,0.13013040944393925,1
H3,Validação,54,2T19,Ridge Contábil,0.1,288,Custo_t,9145.173797474748,0.24377676953229416,1
H3,Validação,54,2T19,Ridge Contábil,0.1,288,Custo_t_1,4633.789551494494,0.1235198228674172,3
H3,Validação,54,2T19,Ridge Contábil,0.1,288,Custo_t_4,1516.7665299698813,0.040431428969984674,8
H3,Validação,54,2T19,Ridge Contábil,0.1,288,Receita_t,-1663.0961791944828,0.04433204037057032,7
H3,Validação,54,2T19,Ridge Contábil,0.1,288,Receita_t_1,-2601.4697209710744,0.06934563504845827,4
H3,Validação,54,2T19,Ridge Contábil,0.1,288,Receita_t_4,1484.8151043565388,0.039579721228779924,9
H3,Validação,54,2T19,Ridge Contábil,0.1,288,Despesas_t,-988.533825273569,0.02635068374153087,11
H3,Validação,54,2T19,Ridge Contábil,0.1,288,Despesas_t_1,311.2613596714031,0.008297085481511176,19
H3,Validação,54,2T19,Ridge Contábil,0.1,288,Despesas_t_4,489.89909322174816,0.013058911835593002,15
H3,Validação,54,2T19,Ridge Contábil,0.1,288,EBIT_t,-445.5570569579065,0.011876915889505242,16
H3,Validação,54,2T19,Ridge Contábil,0.1,288,EBIT_t_1,372.46545664024904,0.009928562080165475,18
H3,Validação,54,2T19,Ridge Contábil,0.1,288,EBIT_t_4,1375.4788153255822,0.036665217040792196,10
H3,Validação,54,2T19,Ridge Contábil,0.1,288,Trimestre_Sin,441.9651315615775,0.01178116834124543,17
H3,Validação,54,2T19,Ridge Contábil,0.1,288,Trimestre_Cos,502.5150034799437,0.013395205701140037,14
H3,Validação,54,2T19,Ridge Contábil,0.1,288,Segmento=CORPORATIVO / OUTROS NEGÓCIOS,269.5628850087339,0.007185557185515683,20
H3,Validação,54,2T19,Ridge Contábil,0.1,288,Segmento=DISTRIBUIÇÃO,2158.7239418764266,0.05754365750905329,5
H3,Validação,54,2T19,Ridge Contábil,0.1,288,Segmento=E&P,2050.8399444819847,0.05466786608600679,6
H3,Validação,54,2T19,Ridge Contábil,0.1,288,Segmento=GÁS & ENERGIA / G&EBC,729.8846053254184,0.019456044812042328,12
H3,Validação,54,2T19,Ridge Contábil,0.1,288,Segmento=INTERNACIONAL,571.5840893132822,0.01523633403744889,13
H3,Validação,54,2T19,Ridge Contábil,0.1,288,Segmento=REFINO / RTC,5761.159655018235,0.15357137224094505,2
H3,Validação,54,2T19,Ridge + Brent e Câmbio,10.0,288,Custo_t,3499.918132286199,0.10762721422701745,2
H3,Validação,54,2T19,Ridge + Brent e Câmbio,10.0,288,Custo_t_1,2730.6228062018376,0.08397034291321889,3
H3,Validação,54,2T19,Ridge + Brent e Câmbio,10.0,288,Custo_t_4,1598.1203136581014,0.04914436019858413,8
H3,Validação,54,2T19,Ridge + Brent e Câmbio,10.0,288,Receita_t,2221.9798603582526,0.068328884676706,4
H3,Validação,54,2T19,Ridge + Brent e Câmbio,10.0,288,Receita_t_1,2108.9468623607527,0.0648529671751008,5
H3,Validação,54,2T19,Ridge + Brent e Câmbio,10.0,288,Receita_t_4,1998.855652099092,0.061467513623476286,6
H3,Validação,54,2T19,Ridge + Brent e Câmbio,10.0,288,Despesas_t,-1527.5846888179476,0.0469752943752219,9
H3,Validação,54,2T19,Ridge + Brent e Câmbio,10.0,288,Despesas_t_1,-338.4987329909983,0.010409293667505998,21
H3,Validação,54,2T19,Ridge + Brent e Câmbio,10.0,288,Despesas_t_4,283.4800540410484,0.008717394908158238,24
H3,Validação,54,2T19,Ridge + Brent e Câmbio,10.0,288,EBIT_t,-1607.1687165907385,0.04942261082160861,7
H3,Validação,54,2T19,Ridge + Brent e Câmbio,10.0,288,EBIT_t_1,-758.5518057038568,0.023326493537564805,15
H3,Validação,54,2T19,Ridge + Brent e Câmbio,10.0,288,EBIT_t_4,1149.559060065674,0.03535049522529227,12
H3,Validação,54,2T19,Ridge + Brent e Câmbio,10.0,288,Trimestre_Sin,370.6077221062287,0.011396688492041649,18
H3,Validação,54,2T19,Ridge + Brent e Câmbio,10.0,288,Trimestre_Cos,562.0001435943449,0.017282264202772204,17
H3,Validação,54,2T19,Ridge + Brent e Câmbio,10.0,288,Brent_t,356.6935159567925,0.010968807841854545,19
H3,Validação,54,2T19,Ridge + Brent e Câmbio,10.0,288,Brent_t_1,-1311.1243390811248,0.04031884598065269,11
H3,Validação,54,2T19,Ridge + Brent e Câmbio,10.0,288,Brent_t_4,-327.3189073159502,0.01006549891360896,22
H3,Validação,54,2T19,Ridge + Brent e Câmbio,10.0,288,USD_BRL_t,-310.10682972486205,0.009536204258085686,23
H3,Validação,54,2T19,Ridge + Brent e Câmbio,10.0,288,USD_BRL_t_1,-564.1653013671321,0.01734884573143637,16
H3,Validação,54,2T19,Ridge + Brent e Câmbio,10.0,288,USD_BRL_t_4,131.36998054476177,0.004039804505328356,28
H3,Validação,54,2T19,Ridge + Brent e Câmbio,10.0,288,Brent_BRL_t,1125.881677363443,0.03462238369693389,13
H3,Validação,54,2T19,Ridge + Brent e Câmbio,10.0,288,Brent_Var_AA,-280.9860765353742,0.008640701728165131,25
H3,Validação,54,2T19,Ridge + Brent e Câmbio,10.0,288,USD_BRL_Var_AA,-341.71495724007997,0.010508196911288998,20
H3,Validação,54,2T19,Ridge + Brent e Câmbio,10.0,288,Segmento=CORPORATIVO / OUTROS NEGÓCIOS,-88.32503119079809,0.0027161141187523855,29
H3,Validação,54,2T19,Ridge + Brent e Câmbio,10.0,288,Segmento=DISTRIBUIÇÃO,1369.699234631185,0.04212010320822489,10
H3,Validação,54,2T19,Ridge + Brent e Câmbio,10.0,288,Segmento=E&P,910.4803869448974,0.027998502808180278,14
H3,Validação,54,2T19,Ridge + Brent e Câmbio,10.0,288,Segmento=GÁS & ENERGIA / G&EBC,268.5034006691972,0.008256842569523077,26
H3,Validação,54,2T19,Ridge + Brent e Câmbio,10.0,288,Segmento=INTERNACIONAL,155.1875928659032,0.004772228284049451,27
H3,Validação,54,2T19,Ridge + Brent e Câmbio,10.0,288,Segmento=REFINO / RTC,4221.443716594313,0.12981510139964608,1
H3,Validação,55,3T19,Ridge Contábil,0.1,294,Custo_t,8929.195568753637,0.24636822735292163,1
H3,Validação,55,3T19,Ridge Contábil,0.1,294,Custo_t_1,4649.8644506161945,0.12829586420286926,3
H3,Validação,55,3T19,Ridge Contábil,0.1,294,Custo_t_4,1684.988854578897,0.046491054431007095,7
H3,Validação,55,3T19,Ridge Contábil,0.1,294,Receita_t,-1436.0861949853047,0.039623503311162996,8
H3,Validação,55,3T19,Ridge Contábil,0.1,294,Receita_t_1,-2308.7874299015207,0.06370247600243141,4
H3,Validação,55,3T19,Ridge Contábil,0.1,294,Receita_t_4,1090.1599018499855,0.030078942776197392,10
H3,Validação,55,3T19,Ridge Contábil,0.1,294,Despesas_t,-947.1966489800312,0.02613439895755478,11
H3,Validação,55,3T19,Ridge Contábil,0.1,294,Despesas_t_1,297.10586805086183,0.008197540918913816,19
H3,Validação,55,3T19,Ridge Contábil,0.1,294,Despesas_t_4,465.1921654829424,0.012835262516766323,15
H3,Validação,55,3T19,Ridge Contábil,0.1,294,EBIT_t,-414.55758062829887,0.011438187851155556,17
H3,Validação,55,3T19,Ridge Contábil,0.1,294,EBIT_t_1,376.10816620647466,0.010377318033608833,18
H3,Validação,55,3T19,Ridge Contábil,0.1,294,EBIT_t_4,1322.5747649504729,0.03649157394679359,9
H3,Validação,55,3T19,Ridge Contábil,0.1,294,Trimestre_Sin,439.3828694532018,0.01212315015870297,16
H3,Validação,55,3T19,Ridge Contábil,0.1,294,Trimestre_Cos,492.2332410360235,0.013581361288870933,14
H3,Validação,55,3T19,Ridge Contábil,0.1,294,Segmento=CORPORATIVO / OUTROS NEGÓCIOS,267.3228253904517,0.0073757876748591685,20
H3,Validação,55,3T19,Ridge Contábil,0.1,294,Segmento=DISTRIBUIÇÃO,2109.7770457839965,0.05821151825799238,5
H3,Validação,55,3T19,Ridge Contábil,0.1,294,Segmento=E&P,2036.3762052254408,0.056186292711594144,6
H3,Validação,55,3T19,Ridge Contábil,0.1,294,Segmento=GÁS & ENERGIA / G&EBC,697.3038376539042,0.019239528251609486,12
H3,Validação,55,3T19,Ridge Contábil,0.1,294,Segmento=INTERNACIONAL,554.198594081263,0.015291066723084478,13
H3,Validação,55,3T19,Ridge Contábil,0.1,294,Segmento=REFINO / RTC,5724.879645461035,0.15795694463190363,2
H3,Validação,55,3T19,Ridge + Brent e Câmbio,10.0,294,Custo_t,3524.012463474323,0.1084897825775942,2
H3,Validação,55,3T19,Ridge + Brent e Câmbio,10.0,294,Custo_t_1,2802.393478847486,0.08627411576101167,3
H3,Validação,55,3T19,Ridge + Brent e Câmbio,10.0,294,Custo_t_4,1593.0579336099192,0.049043671281587375,7
H3,Validação,55,3T19,Ridge + Brent e Câmbio,10.0,294,Receita_t,2275.5970532209667,0.07005623053181792,4
H3,Validação,55,3T19,Ridge + Brent e Câmbio,10.0,294,Receita_t_1,2172.689123834038,0.06688812060019433,5
H3,Validação,55,3T19,Ridge + Brent e Câmbio,10.0,294,Receita_t_4,1933.9314771957047,0.05953775920363068,6
H3,Validação,55,3T19,Ridge + Brent e Câmbio,10.0,294,Despesas_t,-1464.4752235359686,0.0450851409404638,9
H3,Validação,55,3T19,Ridge + Brent e Câmbio,10.0,294,Despesas_t_1,-321.00720693655325,0.0098824855040531,23
H3,Validação,55,3T19,Ridge + Brent e Câmbio,10.0,294,Despesas_t_4,266.38365779792343,0.008200852129855569,24
H3,Validação,55,3T19,Ridge + Brent e Câmbio,10.0,294,EBIT_t,-1557.1832447518357,0.04793923784538574,8
H3,Validação,55,3T19,Ridge + Brent e Câmbio,10.0,294,EBIT_t_1,-717.5701758411099,0.022091020723694236,15
H3,Validação,55,3T19,Ridge + Brent e Câmbio,10.0,294,EBIT_t_4,1090.4530577521227,0.033570543910609686,12
H3,Validação,55,3T19,Ridge + Brent e Câmbio,10.0,294,Trimestre_Sin,415.7400071197323,0.012798916987018728,19
H3,Validação,55,3T19,Ridge + Brent e Câmbio,10.0,294,Trimestre_Cos,548.7074294398624,0.016892434500629293,17
H3,Validação,55,3T19,Ridge + Brent e Câmbio,10.0,294,Brent_t,533.7206514169243,0.016431053530471137,18
H3,Validação,55,3T19,Ridge + Brent e Câmbio,10.0,294,Brent_t_1,-1295.704973776841,0.03988940230681483,11
H3,Validação,55,3T19,Ridge + Brent e Câmbio,10.0,294,Brent_t_4,-246.4111514900352,0.007585981186766973,26
H3,Validação,55,3T19,Ridge + Brent e Câmbio,10.0,294,USD_BRL_t,-324.75783784778963,0.009997951932252867,22
H3,Validação,55,3T19,Ridge + Brent e Câmbio,10.0,294,USD_BRL_t_1,-580.793781132992,0.017880240688880937,16
H3,Validação,55,3T19,Ridge + Brent e Câmbio,10.0,294,USD_BRL_t_4,246.5410100793259,0.007589978996157264,25
H3,Validação,55,3T19,Ridge + Brent e Câmbio,10.0,294,Brent_BRL_t,994.4873428165856,0.030616156076806365,13
H3,Validação,55,3T19,Ridge + Brent e Câmbio,10.0,294,Brent_Var_AA,-357.10499266699793,0.010993787171121414,21
H3,Validação,55,3T19,Ridge + Brent e Câmbio,10.0,294,USD_BRL_Var_AA,-383.9394330555217,0.011819908711132126,20
H3,Validação,55,3T19,Ridge + Brent e Câmbio,10.0,294,Segmento=CORPORATIVO / OUTROS NEGÓCIOS,-87.8371496240341,0.0027041428949862467,29
H3,Validação,55,3T19,Ridge + Brent e Câmbio,10.0,294,Segmento=DISTRIBUIÇÃO,1319.5617526413985,0.04062385395216057,10
H3,Validação,55,3T19,Ridge + Brent e Câmbio,10.0,294,Segmento=E&P,879.8152018429644,0.027085874679994827,14
H3,Validação,55,3T19,Ridge + Brent e Câmbio,10.0,294,Segmento=GÁS & ENERGIA / G&EBC,240.53049527827793,0.007404940080800472,27
H3,Validação,55,3T19,Ridge + Brent e Câmbio,10.0,294,Segmento=INTERNACIONAL,139.38489381342728,0.004291084943982055,28
H3,Validação,55,3T19,Ridge + Brent e Câmbio,10.0,294,Segmento=REFINO / RTC,4168.644206973814,0.12833533035012548,1
H3,Validação,56,4T19,Ridge Contábil,0.1,300,Custo_t,8618.64225384431,0.24580591860981968,1
H3,Validação,56,4T19,Ridge Contábil,0.1,300,Custo_t_1,4214.621793082686,0.12020210967447464,3
H3,Validação,56,4T19,Ridge Contábil,0.1,300,Custo_t_4,1773.566408984062,0.0505825752520812,7
H3,Validação,56,4T19,Ridge Contábil,0.1,300,Receita_t,-761.7162791853461,0.0217243463889794,11
H3,Validação,56,4T19,Ridge Contábil,0.1,300,Receita_t_1,-2434.0249724217556,0.06941902525290483,4
H3,Validação,56,4T19,Ridge Contábil,0.1,300,Receita_t_4,948.8120932672043,0.027060367666336613,9
H3,Validação,56,4T19,Ridge Contábil,0.1,300,Despesas_t,-884.6774900788531,0.025231232103324102,10
H3,Validação,56,4T19,Ridge Contábil,0.1,300,Despesas_t_1,357.63921169914335,0.01019996333220443,18
H3,Validação,56,4T19,Ridge Contábil,0.1,300,Despesas_t_4,379.18614224249797,0.010814487395210856,17
H3,Validação,56,4T19,Ridge Contábil,0.1,300,EBIT_t,-444.61724789914524,0.012680599545812587,14
H3,Validação,56,4T19,Ridge Contábil,0.1,300,EBIT_t_1,345.58403591437997,0.009856146583521668,19
H3,Validação,56,4T19,Ridge Contábil,0.1,300,EBIT_t_4,1195.0909923756847,0.034084305920946606,8
H3,Validação,56,4T19,Ridge Contábil,0.1,300,Trimestre_Sin,439.17810303707506,0.012525473719737524,15
H3,Validação,56,4T19,Ridge Contábil,0.1,300,Trimestre_Cos,383.2155542994945,0.01092940727504294,16
H3,Validação,56,4T19,Ridge Contábil,0.1,300,Segmento=CORPORATIVO / OUTROS NEGÓCIOS,223.9698857397541,0.006387679391222021,20
H3,Validação,56,4T19,Ridge Contábil,0.1,300,Segmento=DISTRIBUIÇÃO,2075.2757278145464,0.05918740349346581,6
H3,Validação,56,4T19,Ridge Contábil,0.1,300,Segmento=E&P,2198.9804170532693,0.06271549340357938,5
H3,Validação,56,4T19,Ridge Contábil,0.1,300,Segmento=GÁS & ENERGIA / G&EBC,724.9067575764357,0.020674529259299787,12
H3,Validação,56,4T19,Ridge Contábil,0.1,300,Segmento=INTERNACIONAL,588.6693396641086,0.016789002667912115,13
H3,Validação,56,4T19,Ridge Contábil,0.1,300,Segmento=REFINO / RTC,6070.419154065423,0.17312993306412397,2
H3,Validação,56,4T19,Ridge + Brent e Câmbio,10.0,300,Custo_t,3616.283679017981,0.11149702616902683,2
H3,Validação,56,4T19,Ridge + Brent e Câmbio,10.0,300,Custo_t_1,2691.165116835786,0.08297383006702995,3
H3,Validação,56,4T19,Ridge + Brent e Câmbio,10.0,300,Custo_t_4,1594.6017348003131,0.04916465828877859,7
H3,Validação,56,4T19,Ridge + Brent e Câmbio,10.0,300,Receita_t,2442.808862038586,0.07531652596751182,4
H3,Validação,56,4T19,Ridge + Brent e Câmbio,10.0,300,Receita_t_1,2106.811855261173,0.06495708783085848,5
H3,Validação,56,4T19,Ridge + Brent e Câmbio,10.0,300,Receita_t_4,1895.8273323219867,0.05845202656813193,6
H3,Validação,56,4T19,Ridge + Brent e Câmbio,10.0,300,Despesas_t,-1317.6397815774646,0.040625385132337925,10
H3,Validação,56,4T19,Ridge + Brent e Câmbio,10.0,300,Despesas_t_1,-180.45573401742175,0.00556379960312051,28
H3,Validação,56,4T19,Ridge + Brent e Câmbio,10.0,300,Despesas_t_4,269.8809696996187,0.008320952727163279,22
H3,Validação,56,4T19,Ridge + Brent e Câmbio,10.0,300,EBIT_t,-1459.2051783033332,0.04499012035345838,9
H3,Validação,56,4T19,Ridge + Brent e Câmbio,10.0,300,EBIT_t_1,-666.6903442401898,0.020555353881577042,17
H3,Validação,56,4T19,Ridge + Brent e Câmbio,10.0,300,EBIT_t_4,1032.4416436994118,0.03183217445950098,13
H3,Validação,56,4T19,Ridge + Brent e Câmbio,10.0,300,Trimestre_Sin,400.64027874297597,0.01235251534677783,20
H3,Validação,56,4T19,Ridge + Brent e Câmbio,10.0,300,Trimestre_Cos,414.7524652089441,0.012787621373671582,19
H3,Validação,56,4T19,Ridge + Brent e Câmbio,10.0,300,Brent_t,715.5027225183308,0.02206033399412403,16
H3,Validação,56,4T19,Ridge + Brent e Câmbio,10.0,300,Brent_t_1,-1475.330509507438,0.045487295529642716,8
H3,Validação,56,4T19,Ridge + Brent e Câmbio,10.0,300,Brent_t_4,-185.77659567798486,0.005727852068155742,25
H3,Validação,56,4T19,Ridge + Brent e Câmbio,10.0,300,USD_BRL_t,-246.16043486940407,0.007589602720510607,23
H3,Validação,56,4T19,Ridge + Brent e Câmbio,10.0,300,USD_BRL_t_1,-1238.4058568278863,0.03818244985252674,11
H3,Validação,56,4T19,Ridge + Brent e Câmbio,10.0,300,USD_BRL_t_4,573.1256698482973,0.0176705738490542,18
H3,Validação,56,4T19,Ridge + Brent e Câmbio,10.0,300,Brent_BRL_t,856.1396510615278,0.026396442743858658,14
H3,Validação,56,4T19,Ridge + Brent e Câmbio,10.0,300,Brent_Var_AA,-379.42846677348,0.011698514122267254,21
H3,Validação,56,4T19,Ridge + Brent e Câmbio,10.0,300,USD_BRL_Var_AA,-233.0841423679066,0.007186435309808681,24
H3,Validação,56,4T19,Ridge + Brent e Câmbio,10.0,300,Segmento=CORPORATIVO / OUTROS NEGÓCIOS,-181.57009748072926,0.005598157585861495,27
H3,Validação,56,4T19,Ridge + Brent e Câmbio,10.0,300,Segmento=DISTRIBUIÇÃO,1122.439752291293,0.03460699036430765,12
H3,Validação,56,4T19,Ridge + Brent e Câmbio,10.0,300,Segmento=E&P,762.6066045247716,0.02351263785933437,15
H3,Validação,56,4T19,Ridge + Brent e Câmbio,10.0,300,Segmento=GÁS & ENERGIA / G&EBC,182.00612776439917,0.0056116012435675836,26
H3,Validação,56,4T19,Ridge + Brent e Câmbio,10.0,300,Segmento=INTERNACIONAL,64.62272461212764,0.0019924436954428387,29
H3,Validação,56,4T19,Ridge + Brent e Câmbio,10.0,300,Segmento=REFINO / RTC,4128.4981969155315,0.12728959129259237,1
H3,Validação,57,1T20,Ridge Contábil,0.1,304,Custo_t,8335.209186003427,0.23779626282630464,1
H3,Validação,57,1T20,Ridge Contábil,0.1,304,Custo_t_1,4755.753600356827,0.13567751064803707,3
H3,Validação,57,1T20,Ridge Contábil,0.1,304,Custo_t_4,2050.033641070443,0.05848567536053593,6
H3,Validação,57,1T20,Ridge Contábil,0.1,304,Receita_t,-896.3375196286646,0.025571729232256403,9
H3,Validação,57,1T20,Ridge Contábil,0.1,304,Receita_t_1,-2201.1078092217626,0.06279568987778426,4
H3,Validação,57,1T20,Ridge Contábil,0.1,304,Receita_t_4,528.4946896014325,0.015077493474525121,13
H3,Validação,57,1T20,Ridge Contábil,0.1,304,Despesas_t,-879.4621976277509,0.025090290984426188,10
H3,Validação,57,1T20,Ridge Contábil,0.1,304,Despesas_t_1,331.75005594019734,0.009464540329409797,19
H3,Validação,57,1T20,Ridge Contábil,0.1,304,Despesas_t_4,485.9524513527593,0.013863800447505679,14
H3,Validação,57,1T20,Ridge Contábil,0.1,304,EBIT_t,-434.8680261021211,0.0124064062607311,16
H3,Validação,57,1T20,Ridge Contábil,0.1,304,EBIT_t_1,343.01563643264404,0.009785937534913794,18
H3,Validação,57,1T20,Ridge Contábil,0.1,304,EBIT_t_4,1385.8603533173523,0.039537389580023556,8
H3,Validação,57,1T20,Ridge Contábil,0.1,304,Trimestre_Sin,469.2761858286109,0.013388041107692032,15
H3,Validação,57,1T20,Ridge Contábil,0.1,304,Trimestre_Cos,369.7161581844512,0.010547680179448016,17
H3,Validação,57,1T20,Ridge Contábil,0.1,304,Segmento=CORPORATIVO / OUTROS NEGÓCIOS,268.649104979256,0.007664325123714105,20
H3,Validação,57,1T20,Ridge Contábil,0.1,304,Segmento=DISTRIBUIÇÃO,1998.2395191370415,0.057008034145146304,7
H3,Validação,57,1T20,Ridge Contábil,0.1,304,Segmento=E&P,2102.3614262284054,0.059978541523203595,5
H3,Validação,57,1T20,Ridge Contábil,0.1,304,Segmento=GÁS & ENERGIA / G&EBC,696.7019463775065,0.019876300097012994,11
H3,Validação,57,1T20,Ridge Contábil,0.1,304,Segmento=INTERNACIONAL,565.6048928430589,0.016136215271022065,12
H3,Validação,57,1T20,Ridge Contábil,0.1,304,Segmento=REFINO / RTC,5953.498707488413,0.16984813599630727,2
H3,Validação,57,1T20,Ridge + Brent e Câmbio,10.0,304,Custo_t,3570.584019553764,0.10925022022465931,2
H3,Validação,57,1T20,Ridge + Brent e Câmbio,10.0,304,Custo_t_1,2810.9284996633896,0.08600681455533313,3
H3,Validação,57,1T20,Ridge + Brent e Câmbio,10.0,304,Custo_t_4,1584.1229718282598,0.04846988128200052,7
H3,Validação,57,1T20,Ridge + Brent e Câmbio,10.0,304,Receita_t,2406.28785926677,0.07362590464449376,4
H3,Validação,57,1T20,Ridge + Brent e Câmbio,10.0,304,Receita_t_1,2206.4529505287983,0.06751149656205166,5
H3,Validação,57,1T20,Ridge + Brent e Câmbio,10.0,304,Receita_t_4,1883.291983398047,0.057623644425341326,6
H3,Validação,57,1T20,Ridge + Brent e Câmbio,10.0,304,Despesas_t,-1313.8603205362838,0.04020057463343754,10
H3,Validação,57,1T20,Ridge + Brent e Câmbio,10.0,304,Despesas_t_1,-212.14131173055333,0.006490950751582524,25
H3,Validação,57,1T20,Ridge + Brent e Câmbio,10.0,304,Despesas_t_4,267.56807443911197,0.00818685987991799,23
H3,Validação,57,1T20,Ridge + Brent e Câmbio,10.0,304,EBIT_t,-1457.8961917332267,0.04460768298387576,8
H3,Validação,57,1T20,Ridge + Brent e Câmbio,10.0,304,EBIT_t_1,-685.2060336383424,0.02096545261623889,17
H3,Validação,57,1T20,Ridge + Brent e Câmbio,10.0,304,EBIT_t_4,1057.1124943013735,0.03234478510299763,13
H3,Validação,57,1T20,Ridge + Brent e Câmbio,10.0,304,Trimestre_Sin,443.7723086106894,0.013578233190933956,19
H3,Validação,57,1T20,Ridge + Brent e Câmbio,10.0,304,Trimestre_Cos,410.5596280321798,0.012562014934317517,21
H3,Validação,57,1T20,Ridge + Brent e Câmbio,10.0,304,Brent_t,707.0621881490757,0.021634191870233594,16
H3,Validação,57,1T20,Ridge + Brent e Câmbio,10.0,304,Brent_t_1,-1436.9215879962346,0.04396591680085293,9
H3,Validação,57,1T20,Ridge + Brent e Câmbio,10.0,304,Brent_t_4,-211.59162307713902,0.006474131764517205,26
H3,Validação,57,1T20,Ridge + Brent e Câmbio,10.0,304,USD_BRL_t,-222.8351154993074,0.00681815224309698,24
H3,Validação,57,1T20,Ridge + Brent e Câmbio,10.0,304,USD_BRL_t_1,-1152.1355826908418,0.035252234774010856,11
H3,Validação,57,1T20,Ridge + Brent e Câmbio,10.0,304,USD_BRL_t_4,511.65723309725564,0.01565532839706178,18
H3,Validação,57,1T20,Ridge + Brent e Câmbio,10.0,304,Brent_BRL_t,901.4647583319618,0.027582385075717773,14
H3,Validação,57,1T20,Ridge + Brent e Câmbio,10.0,304,Brent_Var_AA,-427.32126079750606,0.013074875592660356,20
H3,Validação,57,1T20,Ridge + Brent e Câmbio,10.0,304,USD_BRL_Var_AA,-299.6977035413027,0.009169939688691023,22
H3,Validação,57,1T20,Ridge + Brent e Câmbio,10.0,304,Segmento=CORPORATIVO / OUTROS NEGÓCIOS,-123.72127629591229,0.0037855366538871093,28
H3,Validação,57,1T20,Ridge + Brent e Câmbio,10.0,304,Segmento=DISTRIBUIÇÃO,1129.1738621982183,0.034549668189155724,12
H3,Validação,57,1T20,Ridge + Brent e Câmbio,10.0,304,Segmento=E&P,791.7005995993156,0.02422389849519061,15
H3,Validação,57,1T20,Ridge + Brent e Câmbio,10.0,304,Segmento=GÁS & ENERGIA / G&EBC,190.15941046558208,0.005818363986783482,27
H3,Validação,57,1T20,Ridge + Brent e Câmbio,10.0,304,Segmento=INTERNACIONAL,86.68381377469342,0.0026522904076577815,29
H3,Validação,57,1T20,Ridge + Brent e Câmbio,10.0,304,Segmento=REFINO / RTC,4180.714710531276,0.12791857027330128,1
H3,Validação,58,2T20,Ridge Contábil,0.1,308,Custo_t,10253.488883610877,0.2673222250621095,1
H3,Validação,58,2T20,Ridge Contábil,0.1,308,Custo_t_1,4895.557654240906,0.12763376250822547,3
H3,Validação,58,2T20,Ridge Contábil,0.1,308,Custo_t_4,1801.270863823591,0.0469615504266581,8
H3,Validação,58,2T20,Ridge Contábil,0.1,308,Receita_t,-2689.8181666131745,0.07012717188008472,4
H3,Validação,58,2T20,Ridge Contábil,0.1,308,Receita_t_1,-2592.6654368676027,0.0675942697448948,5
H3,Validação,58,2T20,Ridge Contábil,0.1,308,Receita_t_4,1065.3130855395932,0.02777414279635289,10
H3,Validação,58,2T20,Ridge Contábil,0.1,308,Despesas_t,-445.43747080302614,0.011613153061630837,15
H3,Validação,58,2T20,Ridge Contábil,0.1,308,Despesas_t_1,265.5008892854574,0.006921964736627569,19
H3,Validação,58,2T20,Ridge Contábil,0.1,308,Despesas_t_4,481.213693687704,0.012545887237715695,13
H3,Validação,58,2T20,Ridge Contábil,0.1,308,EBIT_t,353.9625814136668,0.009228279849551787,16
H3,Validação,58,2T20,Ridge Contábil,0.1,308,EBIT_t_1,217.09652190433448,0.0056599978746233485,20
H3,Validação,58,2T20,Ridge Contábil,0.1,308,EBIT_t_4,1449.7003867711335,0.0377956359502664,9
H3,Validação,58,2T20,Ridge Contábil,0.1,308,Trimestre_Sin,473.48450237000566,0.012344376840188426,14
H3,Validação,58,2T20,Ridge Contábil,0.1,308,Trimestre_Cos,334.75762073486675,0.008727580733459394,17
H3,Validação,58,2T20,Ridge Contábil,0.1,308,Segmento=CORPORATIVO / OUTROS NEGÓCIOS,289.1902446941923,0.0075395780456225464,18
H3,Validação,58,2T20,Ridge Contábil,0.1,308,Segmento=DISTRIBUIÇÃO,1887.6934800383995,0.0492147040921542,7
H3,Validação,58,2T20,Ridge Contábil,0.1,308,Segmento=E&P,1893.463893417472,0.04936514651829146,6
H3,Validação,58,2T20,Ridge Contábil,0.1,308,Segmento=GÁS & ENERGIA / G&EBC,658.9462647008193,0.017179614049004102,11
H3,Validação,58,2T20,Ridge Contábil,0.1,308,Segmento=INTERNACIONAL,531.5657259224405,0.013858632338059399,12
H3,Validação,58,2T20,Ridge Contábil,0.1,308,Segmento=REFINO / RTC,5776.162991493325,0.15059232625447935,2
H3,Validação,58,2T20,Ridge + Brent e Câmbio,10.0,308,Custo_t,3876.7096771755428,0.11884386078102986,2
H3,Validação,58,2T20,Ridge + Brent e Câmbio,10.0,308,Custo_t_1,2889.1105017907935,0.0885681608497424,3
H3,Validação,58,2T20,Ridge + Brent e Câmbio,10.0,308,Custo_t_4,1573.1930493626492,0.048227582488548706,7
H3,Validação,58,2T20,Ridge + Brent e Câmbio,10.0,308,Receita_t,2140.6925202899765,0.06562476559804918,4
H3,Validação,58,2T20,Ridge + Brent e Câmbio,10.0,308,Receita_t_1,2101.6108549115656,0.06442668361974985,5
H3,Validação,58,2T20,Ridge + Brent e Câmbio,10.0,308,Receita_t_4,1883.663223903648,0.05774531202528692,6
H3,Validação,58,2T20,Ridge + Brent e Câmbio,10.0,308,Despesas_t,-901.7611419731179,0.02764426138107813,14
H3,Validação,58,2T20,Ridge + Brent e Câmbio,10.0,308,Despesas_t_1,-416.0648042843671,0.012754823495651399,21
H3,Validação,58,2T20,Ridge + Brent e Câmbio,10.0,308,Despesas_t_4,239.92629754613552,0.007355146471544697,24
H3,Validação,58,2T20,Ridge + Brent e Câmbio,10.0,308,EBIT_t,-831.0294019903624,0.02547591921483292,15
H3,Validação,58,2T20,Ridge + Brent e Câmbio,10.0,308,EBIT_t_1,-1061.6986002823567,0.03254728136755886,12
H3,Validação,58,2T20,Ridge + Brent e Câmbio,10.0,308,EBIT_t_4,1101.6064167864392,0.03377068971732766,11
H3,Validação,58,2T20,Ridge + Brent e Câmbio,10.0,308,Trimestre_Sin,444.12871260770163,0.013615146679867737,20
H3,Validação,58,2T20,Ridge + Brent e Câmbio,10.0,308,Trimestre_Cos,370.88187951694493,0.011369702176829432,23
H3,Validação,58,2T20,Ridge + Brent e Câmbio,10.0,308,Brent_t,719.7957188445592,0.02206595523641803,16
H3,Validação,58,2T20,Ridge + Brent e Câmbio,10.0,308,Brent_t_1,-1425.2291363497832,0.043691621804608845,8
H3,Validação,58,2T20,Ridge + Brent e Câmbio,10.0,308,Brent_t_4,-227.98002854390108,0.006988923347199553,25
H3,Validação,58,2T20,Ridge + Brent e Câmbio,10.0,308,USD_BRL_t,-144.94340641152343,0.004443364462940494,27
H3,Validação,58,2T20,Ridge + Brent e Câmbio,10.0,308,USD_BRL_t_1,-1228.5897315181348,0.037663472162796294,9
H3,Validação,58,2T20,Ridge + Brent e Câmbio,10.0,308,USD_BRL_t_4,560.5621664604674,0.01718451408991689,18
H3,Validação,58,2T20,Ridge + Brent e Câmbio,10.0,308,Brent_BRL_t,999.1751737541751,0.030630572091747982,13
H3,Validação,58,2T20,Ridge + Brent e Câmbio,10.0,308,Brent_Var_AA,-547.1279235592503,0.016772675849243166,19
H3,Validação,58,2T20,Ridge + Brent e Câmbio,10.0,308,USD_BRL_Var_AA,-399.0028737857581,0.012231775379675475,22
H3,Validação,58,2T20,Ridge + Brent e Câmbio,10.0,308,Segmento=CORPORATIVO / OUTROS NEGÓCIOS,-114.1378428972432,0.0034989934869225974,28
H3,Validação,58,2T20,Ridge + Brent e Câmbio,10.0,308,Segmento=DISTRIBUIÇÃO,1145.4076710312343,0.03511345474101535,10
H3,Validação,58,2T20,Ridge + Brent e Câmbio,10.0,308,Segmento=E&P,661.7995553519098,0.020288033092664425,17
H3,Validação,58,2T20,Ridge + Brent e Câmbio,10.0,308,Segmento=GÁS & ENERGIA / G&EBC,223.82750085756703,0.0068616240487378724,26
H3,Validação,58,2T20,Ridge + Brent e Câmbio,10.0,308,Segmento=INTERNACIONAL,105.44849657394838,0.0032326141212445925,29
H3,Validação,58,2T20,Ridge + Brent e Câmbio,10.0,308,Segmento=REFINO / RTC,4285.088705381499,0.13136307021777077,1
H3,Validação,59,3T20,Ridge Contábil,0.1,312,Custo_t,9715.44045935348,0.27628657192018113,1
H3,Validação,59,3T20,Ridge Contábil,0.1,312,Custo_t_1,3315.1411388109354,0.09427560021654333,3
H3,Validação,59,3T20,Ridge Contábil,0.1,312,Custo_t_4,1949.5064300675458,0.05543983834321759,7
H3,Validação,59,3T20,Ridge Contábil,0.1,312,Receita_t,-2245.507074463297,0.06385747042777558,6
H3,Validação,59,3T20,Ridge Contábil,0.1,312,Receita_t_1,-163.8598910519903,0.00465982862674879,19
H3,Validação,59,3T20,Ridge Contábil,0.1,312,Receita_t_4,-632.0879560813812,0.017975244176359265,10
H3,Validação,59,3T20,Ridge Contábil,0.1,312,Despesas_t,-376.1406610923567,0.010696644608937626,15
H3,Validação,59,3T20,Ridge Contábil,0.1,312,Despesas_t_1,-151.87354393647328,0.004318962274034615,20
H3,Validação,59,3T20,Ridge Contábil,0.1,312,Despesas_t_4,541.4386397513048,0.015397369404697953,13
H3,Validação,59,3T20,Ridge Contábil,0.1,312,EBIT_t,312.892297690782,0.008897994966969074,16
H3,Validação,59,3T20,Ridge Contábil,0.1,312,EBIT_t_1,-515.5296030719467,0.014660571216716425,14
H3,Validação,59,3T20,Ridge Contábil,0.1,312,EBIT_t_4,1365.2198304715416,0.03882396361302322,8
H3,Validação,59,3T20,Ridge Contábil,0.1,312,Trimestre_Sin,550.144285950678,0.015644939564263816,12
H3,Validação,59,3T20,Ridge Contábil,0.1,312,Trimestre_Cos,298.13492395625946,0.008478326479810491,17
H3,Validação,59,3T20,Ridge Contábil,0.1,312,Segmento=CORPORATIVO / OUTROS NEGÓCIOS,231.79527050670026,0.006591767089051667,18
H3,Validação,59,3T20,Ridge Contábil,0.1,312,Segmento=DISTRIBUIÇÃO,2252.514555109068,0.06405674835176853,5
H3,Validação,59,3T20,Ridge Contábil,0.1,312,Segmento=E&P,2493.830315046612,0.07091925801794317,4
H3,Validação,59,3T20,Ridge Contábil,0.1,312,Segmento=GÁS & ENERGIA / G&EBC,773.8852572549861,0.022007659424303237,9
H3,Validação,59,3T20,Ridge Contábil,0.1,312,Segmento=INTERNACIONAL,627.9710884787122,0.017858169171705657,11
H3,Validação,59,3T20,Ridge Contábil,0.1,312,Segmento=REFINO / RTC,6651.446709759213,0.18915307210594878,2
H3,Validação,59,3T20,Ridge + Brent e Câmbio,10.0,312,Custo_t,3919.377003192364,0.12173095022315389,2
H3,Validação,59,3T20,Ridge + Brent e Câmbio,10.0,312,Custo_t_1,3163.878221934675,0.09826610250372683,3
H3,Validação,59,3T20,Ridge + Brent e Câmbio,10.0,312,Custo_t_4,1154.8239148242333,0.035867387183594404,10
H3,Validação,59,3T20,Ridge + Brent e Câmbio,10.0,312,Receita_t,2129.388241908293,0.06613613690909984,5
H3,Validação,59,3T20,Ridge + Brent e Câmbio,10.0,312,Receita_t_1,2219.269099150656,0.06892772397767546,4
H3,Validação,59,3T20,Ridge + Brent e Câmbio,10.0,312,Receita_t_4,1363.6675868233153,0.042353810566656026,7
H3,Validação,59,3T20,Ridge + Brent e Câmbio,10.0,312,Despesas_t,-812.9836265317492,0.0252502551535531,16
H3,Validação,59,3T20,Ridge + Brent e Câmbio,10.0,312,Despesas_t_1,-276.3351549970853,0.008582624475894725,24
H3,Validação,59,3T20,Ridge + Brent e Câmbio,10.0,312,Despesas_t_4,200.4280410727121,0.006225044406617162,27
H3,Validação,59,3T20,Ridge + Brent e Câmbio,10.0,312,EBIT_t,-844.0634906291211,0.026215556880408664,14
H3,Validação,59,3T20,Ridge + Brent e Câmbio,10.0,312,EBIT_t_1,-915.2376184197761,0.028426136316937387,12
H3,Validação,59,3T20,Ridge + Brent e Câmbio,10.0,312,EBIT_t_4,814.985426422904,0.02531242855578218,15
H3,Validação,59,3T20,Ridge + Brent e Câmbio,10.0,312,Trimestre_Sin,539.348055472049,0.016751476380084396,18
H3,Validação,59,3T20,Ridge + Brent e Câmbio,10.0,312,Trimestre_Cos,348.3771315846463,0.010820158211183518,22
H3,Validação,59,3T20,Ridge + Brent e Câmbio,10.0,312,Brent_t,644.789334422465,0.02002635069529423,17
H3,Validação,59,3T20,Ridge + Brent e Câmbio,10.0,312,Brent_t_1,-1609.9226324103176,0.050002184446518945,6
H3,Validação,59,3T20,Ridge + Brent e Câmbio,10.0,312,Brent_t_4,-282.80758890805237,0.00878365018217326,23
H3,Validação,59,3T20,Ridge + Brent e Câmbio,10.0,312,USD_BRL_t,-358.74805561670405,0.011142266147237194,21
H3,Validação,59,3T20,Ridge + Brent e Câmbio,10.0,312,USD_BRL_t_1,-1281.070792589886,0.03978845738954851,9
H3,Validação,59,3T20,Ridge + Brent e Câmbio,10.0,312,USD_BRL_t_4,368.7394402452402,0.011452586063868349,20
H3,Validação,59,3T20,Ridge + Brent e Câmbio,10.0,312,Brent_BRL_t,1091.7902713624874,0.03390964101414554,11
H3,Validação,59,3T20,Ridge + Brent e Câmbio,10.0,312,Brent_Var_AA,-373.89189139537586,0.011612614755666441,19
H3,Validação,59,3T20,Ridge + Brent e Câmbio,10.0,312,USD_BRL_Var_AA,-136.6602659557521,0.004244497025673379,28
H3,Validação,59,3T20,Ridge + Brent e Câmbio,10.0,312,Segmento=CORPORATIVO / OUTROS NEGÓCIOS,-245.8003681320266,0.0076342521664900615,25
H3,Validação,59,3T20,Ridge + Brent e Câmbio,10.0,312,Segmento=DISTRIBUIÇÃO,1283.4725683328609,0.03986305354173727,8
H3,Validação,59,3T20,Ridge + Brent e Câmbio,10.0,312,Segmento=E&P,882.6242641137314,0.02741320630117071,13
H3,Validação,59,3T20,Ridge + Brent e Câmbio,10.0,312,Segmento=GÁS & ENERGIA / G&EBC,219.50792697986728,0.0068176418116985245,26
H3,Validação,59,3T20,Ridge + Brent e Câmbio,10.0,312,Segmento=INTERNACIONAL,75.63304500417703,0.002349067831221634,29
H3,Validação,59,3T20,Ridge + Brent e Câmbio,10.0,312,Segmento=REFINO / RTC,4639.424935273002,0.1440947388831883,1
H3,Validação,60,4T20,Ridge Contábil,0.1,316,Custo_t,9985.691135588026,0.27760890083467044,1
H3,Validação,60,4T20,Ridge Contábil,0.1,316,Custo_t_1,3341.0242464172165,0.09288271148347,3
H3,Validação,60,4T20,Ridge Contábil,0.1,316,Custo_t_4,1808.7206853307118,0.05028364632489933,7
H3,Validação,60,4T20,Ridge Contábil,0.1,316,Receita_t,-2682.9060191438202,0.0745865840335125,4
H3,Validação,60,4T20,Ridge Contábil,0.1,316,Receita_t_1,59.178829108983635,0.0016452110803906132,20
H3,Validação,60,4T20,Ridge Contábil,0.1,316,Receita_t_4,-696.8548841707047,0.019373032453052042,10
H3,Validação,60,4T20,Ridge Contábil,0.1,316,Despesas_t,-376.3369803942037,0.010462420082104976,15
H3,Validação,60,4T20,Ridge Contábil,0.1,316,Despesas_t_1,-137.71504440592506,0.0038285704601532704,19
H3,Validação,60,4T20,Ridge Contábil,0.1,316,Despesas_t_4,579.0266077344827,0.01609732746032225,12
H3,Validação,60,4T20,Ridge Contábil,0.1,316,EBIT_t,309.63982420678263,0.008608194474024623,16
H3,Validação,60,4T20,Ridge Contábil,0.1,316,EBIT_t_1,-491.96086134562796,0.013676841404107291,14
H3,Validação,60,4T20,Ridge Contábil,0.1,316,EBIT_t_4,1375.2042968654234,0.038231600406239165,8
H3,Validação,60,4T20,Ridge Contábil,0.1,316,Trimestre_Sin,534.1842097769518,0.014850678766831696,13
H3,Validação,60,4T20,Ridge Contábil,0.1,316,Trimestre_Cos,250.12809872110063,0.00695372865142616,17
H3,Validação,60,4T20,Ridge Contábil,0.1,316,Segmento=CORPORATIVO / OUTROS NEGÓCIOS,209.92532606978733,0.005836064648534885,18
H3,Validação,60,4T20,Ridge Contábil,0.1,316,Segmento=DISTRIBUIÇÃO,2306.638957147439,0.06412610772969028,6
H3,Validação,60,4T20,Ridge Contábil,0.1,316,Segmento=E&P,2595.1874854371868,0.07214795005270157,5
H3,Validação,60,4T20,Ridge Contábil,0.1,316,Segmento=GÁS & ENERGIA / G&EBC,772.789158591868,0.021484056133987874,9
H3,Validação,60,4T20,Ridge Contábil,0.1,316,Segmento=INTERNACIONAL,640.3408342460871,0.01780190401854885,11
H3,Validação,60,4T20,Ridge Contábil,0.1,316,Segmento=REFINO / RTC,6816.903033279023,0.1895144695013322,2
H3,Validação,60,4T20,Ridge + Brent e Câmbio,10.0,316,Custo_t,3978.1632727698275,0.12442425183786482,2
H3,Validação,60,4T20,Ridge + Brent e Câmbio,10.0,316,Custo_t_1,3250.304128900009,0.10165914060192112,3
H3,Validação,60,4T20,Ridge + Brent e Câmbio,10.0,316,Custo_t_4,1083.8490275233037,0.03389933874204441,10
H3,Validação,60,4T20,Ridge + Brent e Câmbio,10.0,316,Receita_t,2049.6652050347984,0.0641069866086701,5
H3,Validação,60,4T20,Ridge + Brent e Câmbio,10.0,316,Receita_t_1,2280.1400965939047,0.07131550571243442,4
H3,Validação,60,4T20,Ridge + Brent e Câmbio,10.0,316,Receita_t_4,1310.3819298075246,0.04098456500118422,7
H3,Validação,60,4T20,Ridge + Brent e Câmbio,10.0,316,Despesas_t,-826.6800480217037,0.025855913755086835,16
H3,Validação,60,4T20,Ridge + Brent e Câmbio,10.0,316,Despesas_t_1,-234.11314696447698,0.007322312122242686,26
H3,Validação,60,4T20,Ridge + Brent e Câmbio,10.0,316,Despesas_t_4,243.93991529667522,0.00762966207594795,25
H3,Validação,60,4T20,Ridge + Brent e Câmbio,10.0,316,EBIT_t,-898.4450496774673,0.028100493986441797,12
H3,Validação,60,4T20,Ridge + Brent e Câmbio,10.0,316,EBIT_t_1,-887.5219820292693,0.027758855288702994,14
H3,Validação,60,4T20,Ridge + Brent e Câmbio,10.0,316,EBIT_t_4,847.8895943101008,0.026519280677912243,15
H3,Validação,60,4T20,Ridge + Brent e Câmbio,10.0,316,Trimestre_Sin,516.0396733519152,0.016140074168138147,18
H3,Validação,60,4T20,Ridge + Brent e Câmbio,10.0,316,Trimestre_Cos,275.3257387582106,0.008611310473651306,24
H3,Validação,60,4T20,Ridge + Brent e Câmbio,10.0,316,Brent_t,578.4873143351716,0.01809323709173312,17
H3,Validação,60,4T20,Ridge + Brent e Câmbio,10.0,316,Brent_t_1,-1559.6449994721934,0.048780718358218754,6
H3,Validação,60,4T20,Ridge + Brent e Câmbio,10.0,316,Brent_t_4,-284.211614618165,0.008889232313452813,23
H3,Validação,60,4T20,Ridge + Brent e Câmbio,10.0,316,USD_BRL_t,-487.5011303794502,0.015247479617734141,19
H3,Validação,60,4T20,Ridge + Brent e Câmbio,10.0,316,USD_BRL_t_1,-1262.1091227598934,0.039474745647582576,9
H3,Validação,60,4T20,Ridge + Brent e Câmbio,10.0,316,USD_BRL_t_4,344.4107402466504,0.010772068852336949,20
H3,Validação,60,4T20,Ridge + Brent e Câmbio,10.0,316,Brent_BRL_t,1046.6433491644923,0.03273566385579668,11
H3,Validação,60,4T20,Ridge + Brent e Câmbio,10.0,316,Brent_Var_AA,-285.4966388251353,0.008929423769806613,22
H3,Validação,60,4T20,Ridge + Brent e Câmbio,10.0,316,USD_BRL_Var_AA,-41.39372644739392,0.0012946636653282035,29
H3,Validação,60,4T20,Ridge + Brent e Câmbio,10.0,316,Segmento=CORPORATIVO / OUTROS NEGÓCIOS,-289.51089295421986,0.00905497682845487,21
H3,Validação,60,4T20,Ridge + Brent e Câmbio,10.0,316,Segmento=DISTRIBUIÇÃO,1292.3477542206504,0.04042051354048407,8
H3,Validação,60,4T20,Ridge + Brent e Câmbio,10.0,316,Segmento=E&P,895.5731603184042,0.02801067045222226,13
H3,Validação,60,4T20,Ridge + Brent e Câmbio,10.0,316,Segmento=GÁS & ENERGIA / G&EBC,182.70548960779888,0.005714444655081524,27
H3,Validação,60,4T20,Ridge + Brent e Câmbio,10.0,316,Segmento=INTERNACIONAL,50.10773350586683,0.001567209997496581,28
H3,Validação,60,4T20,Ridge + Brent e Câmbio,10.0,316,Segmento=REFINO / RTC,4689.968899930892,0.14668726030202794,1
H3,Validação,61,1T21,Ridge Contábil,0.1,320,Custo_t,9341.78498130575,0.2676326358011313,1
H3,Validação,61,1T21,Ridge Contábil,0.1,320,Custo_t_1,3353.520610105926,0.0960749537579934,3
H3,Validação,61,1T21,Ridge Contábil,0.1,320,Custo_t_4,1828.1995537200298,0.052376057285805085,7
H3,Validação,61,1T21,Ridge Contábil,0.1,320,Receita_t,-2121.7415338468186,0.06078573637998553,6
H3,Validação,61,1T21,Ridge Contábil,0.1,320,Receita_t_1,134.87092154302087,0.003863914690577791,20
H3,Validação,61,1T21,Ridge Contábil,0.1,320,Receita_t_4,-796.3718674430529,0.02281524380920427,9
H3,Validação,61,1T21,Ridge Contábil,0.1,320,Despesas_t,-356.8848699219456,0.010224388444595061,15
H3,Validação,61,1T21,Ridge Contábil,0.1,320,Despesas_t_1,-148.87288185484636,0.004265056608544831,18
H3,Validação,61,1T21,Ridge Contábil,0.1,320,Despesas_t_4,548.8451061789566,0.015723853921619006,12
H3,Validação,61,1T21,Ridge Contábil,0.1,320,EBIT_t,155.07155948692665,0.0044426424164471755,17
H3,Validação,61,1T21,Ridge Contábil,0.1,320,EBIT_t_1,-486.8416982155537,0.013947519362955366,14
H3,Validação,61,1T21,Ridge Contábil,0.1,320,EBIT_t_4,1365.5892369724631,0.03912274234998626,8
H3,Validação,61,1T21,Ridge Contábil,0.1,320,Trimestre_Sin,530.4154827246743,0.015195863959126582,13
H3,Validação,61,1T21,Ridge Contábil,0.1,320,Trimestre_Cos,225.42499319196125,0.006458196717666679,16
H3,Validação,61,1T21,Ridge Contábil,0.1,320,Segmento=CORPORATIVO / OUTROS NEGÓCIOS,146.63057962569275,0.004200816930897354,19
H3,Validação,61,1T21,Ridge Contábil,0.1,320,Segmento=DISTRIBUIÇÃO,2354.7501286381075,0.06746119556825662,5
H3,Validação,61,1T21,Ridge Contábil,0.1,320,Segmento=E&P,2622.2356151569943,0.07512438262927924,4
H3,Validação,61,1T21,Ridge Contábil,0.1,320,Segmento=GÁS & ENERGIA / G&EBC,774.3108999533648,0.022183219534464105,10
H3,Validação,61,1T21,Ridge Contábil,0.1,320,Segmento=INTERNACIONAL,644.4555539285673,0.018462995979861712,11
H3,Validação,61,1T21,Ridge Contábil,0.1,320,Segmento=REFINO / RTC,6968.435365632509,0.1996385838516025,2
H3,Validação,61,1T21,Ridge + Brent e Câmbio,10.0,320,Custo_t,3945.242457945884,0.12227443077306917,2
H3,Validação,61,1T21,Ridge + Brent e Câmbio,10.0,320,Custo_t_1,3283.916722716793,0.10177804083184855,3
H3,Validação,61,1T21,Ridge + Brent e Câmbio,10.0,320,Custo_t_4,1108.614244866081,0.034359149578982694,10
H3,Validação,61,1T21,Ridge + Brent e Câmbio,10.0,320,Receita_t,2043.0206365059628,0.06331909586019836,5
H3,Validação,61,1T21,Ridge + Brent e Câmbio,10.0,320,Receita_t_1,2258.6281149969896,0.07000139282519485,4
H3,Validação,61,1T21,Ridge + Brent e Câmbio,10.0,320,Receita_t_4,1329.1588224808868,0.04119446147055599,7
H3,Validação,61,1T21,Ridge + Brent e Câmbio,10.0,320,Despesas_t,-991.3344019480654,0.03072430934119875,12
H3,Validação,61,1T21,Ridge + Brent e Câmbio,10.0,320,Despesas_t_1,-243.03053808883544,0.007532216593034717,26
H3,Validação,61,1T21,Ridge + Brent e Câmbio,10.0,320,Despesas_t_4,243.4887633887772,0.007546418315315017,25
H3,Validação,61,1T21,Ridge + Brent e Câmbio,10.0,320,EBIT_t,-898.6693359977717,0.027852351961544976,14
H3,Validação,61,1T21,Ridge + Brent e Câmbio,10.0,320,EBIT_t_1,-917.4176852510914,0.028433417322500747,13
H3,Validação,61,1T21,Ridge + Brent e Câmbio,10.0,320,EBIT_t_4,849.3593891605598,0.026324094637631454,16
H3,Validação,61,1T21,Ridge + Brent e Câmbio,10.0,320,Trimestre_Sin,513.4165241176032,0.015912257334027905,19
H3,Validação,61,1T21,Ridge + Brent e Câmbio,10.0,320,Trimestre_Cos,271.91332057730943,0.0084273772391967,23
H3,Validação,61,1T21,Ridge + Brent e Câmbio,10.0,320,Brent_t,563.5312456536572,0.01746545694456903,17
H3,Validação,61,1T21,Ridge + Brent e Câmbio,10.0,320,Brent_t_1,-1549.4552657395786,0.04802208296351057,6
H3,Validação,61,1T21,Ridge + Brent e Câmbio,10.0,320,Brent_t_4,-280.966393748007,0.008707958060399344,22
H3,Validação,61,1T21,Ridge + Brent e Câmbio,10.0,320,USD_BRL_t,-550.5599892953551,0.017063440337344155,18
H3,Validação,61,1T21,Ridge + Brent e Câmbio,10.0,320,USD_BRL_t_1,-1261.9083782818186,0.039110176443379614,9
H3,Validação,61,1T21,Ridge + Brent e Câmbio,10.0,320,USD_BRL_t_4,331.72170204853444,0.010281011300425016,20
H3,Validação,61,1T21,Ridge + Brent e Câmbio,10.0,320,Brent_BRL_t,1057.5449430204142,0.03277636477431744,11
H3,Validação,61,1T21,Ridge + Brent e Câmbio,10.0,320,Brent_Var_AA,-265.0155139775608,0.00821359433876474,24
H3,Validação,61,1T21,Ridge + Brent e Câmbio,10.0,320,USD_BRL_Var_AA,-36.65012988562892,0.001135893121219623,29
H3,Validação,61,1T21,Ridge + Brent e Câmbio,10.0,320,Segmento=CORPORATIVO / OUTROS NEGÓCIOS,-316.4957408914158,0.009809114895247202,21
H3,Validação,61,1T21,Ridge + Brent e Câmbio,10.0,320,Segmento=DISTRIBUIÇÃO,1304.3405612236952,0.04042527204801783,8
H3,Validação,61,1T21,Ridge + Brent e Câmbio,10.0,320,Segmento=E&P,891.5209802346341,0.027630803820659328,15
H3,Validação,61,1T21,Ridge + Brent e Câmbio,10.0,320,Segmento=GÁS & ENERGIA / G&EBC,176.28346450224907,0.005463532471446579,27
H3,Validação,61,1T21,Ridge + Brent e Câmbio,10.0,320,Segmento=INTERNACIONAL,42.57264839007489,0.001319449033585816,28
H3,Validação,61,1T21,Ridge + Brent e Câmbio,10.0,320,Segmento=REFINO / RTC,4739.696011235924,0.14689683536281373,1
H3,Validação,62,2T21,Ridge Contábil,0.1,324,Custo_t,7875.899109467283,0.2256436103889029,1
H3,Validação,62,2T21,Ridge Contábil,0.1,324,Custo_t_1,5047.441622397075,0.1446086262755508,3
H3,Validação,62,2T21,Ridge Contábil,0.1,324,Custo_t_4,-449.1074830757814,0.012866878120883753,13
H3,Validação,62,2T21,Ridge Contábil,0.1,324,Receita_t,-2918.7334593123865,0.083621380412361,4
H3,Validação,62,2T21,Ridge Contábil,0.1,324,Receita_t_1,462.10936505581066,0.013239380555342016,12
H3,Validação,62,2T21,Ridge Contábil,0.1,324,Receita_t_4,2108.652493480925,0.06041265321855822,7
H3,Validação,62,2T21,Ridge Contábil,0.1,324,Despesas_t,-396.54850735922764,0.011361069466635003,15
H3,Validação,62,2T21,Ridge Contábil,0.1,324,Despesas_t_1,-221.16110419034115,0.006336240387731468,16
H3,Validação,62,2T21,Ridge Contábil,0.1,324,Despesas_t_4,160.59408709752137,0.0046010022622351345,17
H3,Validação,62,2T21,Ridge Contábil,0.1,324,EBIT_t,105.90974434461877,0.0030343020850227597,20
H3,Validação,62,2T21,Ridge Contábil,0.1,324,EBIT_t_1,-521.4933948148102,0.014940726228771935,11
H3,Validação,62,2T21,Ridge Contábil,0.1,324,EBIT_t_4,667.508882917381,0.019124053294066263,9
H3,Validação,62,2T21,Ridge Contábil,0.1,324,Trimestre_Sin,447.36784732975957,0.012817037755353665,14
H3,Validação,62,2T21,Ridge Contábil,0.1,324,Trimestre_Cos,145.46908754676488,0.004167672751746513,19
H3,Validação,62,2T21,Ridge Contábil,0.1,324,Segmento=CORPORATIVO / OUTROS NEGÓCIOS,151.23201696032646,0.0043327800215602315,18
H3,Validação,62,2T21,Ridge Contábil,0.1,324,Segmento=DISTRIBUIÇÃO,2301.97083424,0.06595120161245967,6
H3,Validação,62,2T21,Ridge Contábil,0.1,324,Segmento=E&P,2588.3888208296526,0.07415704423133256,5
H3,Validação,62,2T21,Ridge Contábil,0.1,324,Segmento=GÁS & ENERGIA / G&EBC,772.2997526293743,0.022126299748592856,8
H3,Validação,62,2T21,Ridge Contábil,0.1,324,Segmento=INTERNACIONAL,631.8645138509131,0.01810284618940385,10
H3,Validação,62,2T21,Ridge Contábil,0.1,324,Segmento=REFINO / RTC,6930.400912900095,0.19855519499348942,2
H3,Validação,62,2T21,Ridge + Brent e Câmbio,10.0,324,Custo_t,3441.5152209858234,0.10624067339754807,3
H3,Validação,62,2T21,Ridge + Brent e Câmbio,10.0,324,Custo_t_1,3749.3194971515336,0.11574268965337699,2
H3,Validação,62,2T21,Ridge + Brent e Câmbio,10.0,324,Custo_t_4,1203.9578149388374,0.03716656204841744,10
H3,Validação,62,2T21,Ridge + Brent e Câmbio,10.0,324,Receita_t,1595.5584383418955,0.04925539829111261,5
H3,Validação,62,2T21,Ridge + Brent e Câmbio,10.0,324,Receita_t_1,2505.658800847892,0.07735048698413687,4
H3,Validação,62,2T21,Ridge + Brent e Câmbio,10.0,324,Receita_t_4,1503.1126645157317,0.046401567744567565,6
H3,Validação,62,2T21,Ridge + Brent e Câmbio,10.0,324,Despesas_t,-1015.326326920082,0.031343447802433214,12
H3,Validação,62,2T21,Ridge + Brent e Câmbio,10.0,324,Despesas_t_1,-422.4013205406555,0.013039663594862146,19
H3,Validação,62,2T21,Ridge + Brent e Câmbio,10.0,324,Despesas_t_4,231.42357261550768,0.007144119556645477,23
H3,Validação,62,2T21,Ridge + Brent e Câmbio,10.0,324,EBIT_t,-876.404683401409,0.027054892323463055,16
H3,Validação,62,2T21,Ridge + Brent e Câmbio,10.0,324,EBIT_t_1,-1070.2128819145516,0.033037813274806066,11
H3,Validação,62,2T21,Ridge + Brent e Câmbio,10.0,324,EBIT_t_4,905.8867683610911,0.027965013696799053,15
H3,Validação,62,2T21,Ridge + Brent e Câmbio,10.0,324,Trimestre_Sin,462.95667493108186,0.014291620330093699,18
H3,Validação,62,2T21,Ridge + Brent e Câmbio,10.0,324,Trimestre_Cos,194.75885692534771,0.006012268079976304,25
H3,Validação,62,2T21,Ridge + Brent e Câmbio,10.0,324,Brent_t,994.1041423911203,0.03068831219193951,14
H3,Validação,62,2T21,Ridge + Brent e Câmbio,10.0,324,Brent_t_1,-1392.912545967338,0.042999654909291106,7
H3,Validação,62,2T21,Ridge + Brent e Câmbio,10.0,324,Brent_t_4,-134.8935754717372,0.004164207732608883,27
H3,Validação,62,2T21,Ridge + Brent e Câmbio,10.0,324,USD_BRL_t,344.04736455240896,0.010620851963057527,21
H3,Validação,62,2T21,Ridge + Brent e Câmbio,10.0,324,USD_BRL_t_1,-1385.5859383465413,0.042773480193396614,8
H3,Validação,62,2T21,Ridge + Brent e Câmbio,10.0,324,USD_BRL_t_4,355.1159770691632,0.010962543564531732,20
H3,Validação,62,2T21,Ridge + Brent e Câmbio,10.0,324,Brent_BRL_t,542.1005736666516,0.016734817746656548,17
H3,Validação,62,2T21,Ridge + Brent e Câmbio,10.0,324,Brent_Var_AA,-170.94446391623455,0.005277110166271855,26
H3,Validação,62,2T21,Ridge + Brent e Câmbio,10.0,324,USD_BRL_Var_AA,-102.99215028952094,0.0031794005543540364,28
H3,Validação,62,2T21,Ridge + Brent e Câmbio,10.0,324,Segmento=CORPORATIVO / OUTROS NEGÓCIOS,-269.0028695972339,0.00830420444971807,22
H3,Validação,62,2T21,Ridge + Brent e Câmbio,10.0,324,Segmento=DISTRIBUIÇÃO,1338.113754631911,0.04130799872908691,9
H3,Validação,62,2T21,Ridge + Brent e Câmbio,10.0,324,Segmento=E&P,995.9721212097763,0.030745977294327036,13
H3,Validação,62,2T21,Ridge + Brent e Câmbio,10.0,324,Segmento=GÁS & ENERGIA / G&EBC,200.72927885335838,0.006196576910642362,24
H3,Validação,62,2T21,Ridge + Brent e Câmbio,10.0,324,Segmento=INTERNACIONAL,94.76129352222964,0.002925311378672487,29
H3,Validação,62,2T21,Ridge + Brent e Câmbio,10.0,324,Segmento=REFINO / RTC,4893.805420893003,0.15107333543720672,1
H3,Validação,63,3T21,Ridge Contábil,0.1,328,Custo_t,7086.324563947284,0.19466906984604762,1
H3,Validação,63,3T21,Ridge Contábil,0.1,328,Custo_t_1,4377.80767991004,0.12026315494336579,3
H3,Validação,63,3T21,Ridge Contábil,0.1,328,Custo_t_4,270.0650744893155,0.007418982347522308,15
H3,Validação,63,3T21,Ridge Contábil,0.1,328,Receita_t,1291.351878589652,0.03547484549719304,8
H3,Validação,63,3T21,Ridge Contábil,0.1,328,Receita_t_1,-4029.63968091931,0.11069860001759889,4
H3,Validação,63,3T21,Ridge Contábil,0.1,328,Receita_t_4,3535.5812887248826,0.09712627676452039,5
H3,Validação,63,3T21,Ridge Contábil,0.1,328,Despesas_t,-295.6615506185463,0.00812214548300228,14
H3,Validação,63,3T21,Ridge Contábil,0.1,328,Despesas_t_1,-118.36966282562213,0.0032517438274685213,19
H3,Validação,63,3T21,Ridge Contábil,0.1,328,Despesas_t_4,42.9620436092466,0.0011802142270828657,20
H3,Validação,63,3T21,Ridge Contábil,0.1,328,EBIT_t,162.75347602059708,0.004471015616802666,17
H3,Validação,63,3T21,Ridge Contábil,0.1,328,EBIT_t_1,-909.4445432738843,0.024983434179181026,9
H3,Validação,63,3T21,Ridge Contábil,0.1,328,EBIT_t_4,888.9136405273287,0.024419427873132667,10
H3,Validação,63,3T21,Ridge Contábil,0.1,328,Trimestre_Sin,445.78147111842145,0.01224610354128163,13
H3,Validação,63,3T21,Ridge Contábil,0.1,328,Trimestre_Cos,219.50826778104377,0.006030131689120698,16
H3,Validação,63,3T21,Ridge Contábil,0.1,328,Segmento=CORPORATIVO / OUTROS NEGÓCIOS,138.03412676203135,0.0037919481137635297,18
H3,Validação,63,3T21,Ridge Contábil,0.1,328,Segmento=DISTRIBUIÇÃO,2170.548606234327,0.05962733916831851,7
H3,Validação,63,3T21,Ridge Contábil,0.1,328,Segmento=E&P,2242.503442364965,0.06160401704894237,6
H3,Validação,63,3T21,Ridge Contábil,0.1,328,Segmento=GÁS & ENERGIA / G&EBC,742.2679800717397,0.02039091153010658,11
H3,Validação,63,3T21,Ridge Contábil,0.1,328,Segmento=INTERNACIONAL,595.1914692228756,0.016350559256543475,12
H3,Validação,63,3T21,Ridge Contábil,0.1,328,Segmento=REFINO / RTC,6839.192379932301,0.1878800790290054,2
H3,Validação,63,3T21,Ridge + Brent e Câmbio,10.0,328,Custo_t,3864.113330674017,0.11932873113749187,2
H3,Validação,63,3T21,Ridge + Brent e Câmbio,10.0,328,Custo_t_1,2499.6113729929857,0.07719117633231237,3
H3,Validação,63,3T21,Ridge + Brent e Câmbio,10.0,328,Custo_t_4,1883.8639650513253,0.05817611372852961,6
H3,Validação,63,3T21,Ridge + Brent e Câmbio,10.0,328,Receita_t,2366.3032123138582,0.07307445088902978,4
H3,Validação,63,3T21,Ridge + Brent e Câmbio,10.0,328,Receita_t_1,1084.7968746360264,0.0334999063212399,13
H3,Validação,63,3T21,Ridge + Brent e Câmbio,10.0,328,Receita_t_4,2221.7966551683326,0.0686119047291284,5
H3,Validação,63,3T21,Ridge + Brent e Câmbio,10.0,328,Despesas_t,-908.8790015664026,0.02806733880020839,14
H3,Validação,63,3T21,Ridge + Brent e Câmbio,10.0,328,Despesas_t_1,-610.339758663613,0.018848067520676994,17
H3,Validação,63,3T21,Ridge + Brent e Câmbio,10.0,328,Despesas_t_4,1.4234002184200298,4.395640795951075e-05,29
H3,Validação,63,3T21,Ridge + Brent e Câmbio,10.0,328,EBIT_t,-626.2176063332977,0.019338395638275805,16
H3,Validação,63,3T21,Ridge + Brent e Câmbio,10.0,328,EBIT_t_1,-1389.3742390636053,0.042905642468219006,9
H3,Validação,63,3T21,Ridge + Brent e Câmbio,10.0,328,EBIT_t_4,891.2543255522903,0.027523066403025216,15
H3,Validação,63,3T21,Ridge + Brent e Câmbio,10.0,328,Trimestre_Sin,362.11166815810634,0.011182468575229436,18
H3,Validação,63,3T21,Ridge + Brent e Câmbio,10.0,328,Trimestre_Cos,302.0593284558739,0.00932797599561996,19
H3,Validação,63,3T21,Ridge + Brent e Câmbio,10.0,328,Brent_t,1586.561471407143,0.04899503483807577,7
H3,Validação,63,3T21,Ridge + Brent e Câmbio,10.0,328,Brent_t_1,-1174.7593624003632,0.03627806229033978,11
H3,Validação,63,3T21,Ridge + Brent e Câmbio,10.0,328,Brent_t_4,-38.33241821361025,0.0011837537969063457,27
H3,Validação,63,3T21,Ridge + Brent e Câmbio,10.0,328,USD_BRL_t,1087.4220299395824,0.033580974453720776,12
H3,Validação,63,3T21,Ridge + Brent e Câmbio,10.0,328,USD_BRL_t_1,-214.15842733803558,0.006613484442546341,24
H3,Validação,63,3T21,Ridge + Brent e Câmbio,10.0,328,USD_BRL_t_4,-221.97763782024,0.006854951600854474,23
H3,Validação,63,3T21,Ridge + Brent e Câmbio,10.0,328,Brent_BRL_t,-61.96194165102934,0.0019134635149903672,26
H3,Validação,63,3T21,Ridge + Brent e Câmbio,10.0,328,Brent_Var_AA,25.311795829736575,0.0007816604278132989,28
H3,Validação,63,3T21,Ridge + Brent e Câmbio,10.0,328,USD_BRL_Var_AA,-247.19201707049993,0.007633603680872064,21
H3,Validação,63,3T21,Ridge + Brent e Câmbio,10.0,328,Segmento=CORPORATIVO / OUTROS NEGÓCIOS,-196.13213552122414,0.006056809638901528,25
H3,Validação,63,3T21,Ridge + Brent e Câmbio,10.0,328,Segmento=DISTRIBUIÇÃO,1448.791575936582,0.044740525353339895,8
H3,Validação,63,3T21,Ridge + Brent e Câmbio,10.0,328,Segmento=E&P,1215.4036610873513,0.037533209894782725,10
H3,Validação,63,3T21,Ridge + Brent e Câmbio,10.0,328,Segmento=GÁS & ENERGIA / G&EBC,273.36671663678726,0.008441911672864967,20
H3,Validação,63,3T21,Ridge + Brent e Câmbio,10.0,328,Segmento=INTERNACIONAL,232.84720630085948,0.007190617691315168,22
H3,Validação,63,3T21,Ridge + Brent e Câmbio,10.0,328,Segmento=REFINO / RTC,5345.723674439643,0.1650827417557302,1
H3,Validação,64,4T21,Ridge Contábil,0.1,332,Custo_t,9604.676656101732,0.25596802345408404,1
H3,Validação,64,4T21,Ridge Contábil,0.1,332,Custo_t_1,2940.69373668767,0.07837052618377856,5
H3,Validação,64,4T21,Ridge Contábil,0.1,332,Custo_t_4,165.47229803204058,0.004409895156309978,18
H3,Validação,64,4T21,Ridge Contábil,0.1,332,Receita_t,-1469.1822211983397,0.03915422483432706,8
H3,Validação,64,4T21,Ridge Contábil,0.1,332,Receita_t_1,-3091.8438698077543,0.08239873058928456,4
H3,Validação,64,4T21,Ridge Contábil,0.1,332,Receita_t_4,5277.0435041043065,0.14063507224563102,3
H3,Validação,64,4T21,Ridge Contábil,0.1,332,Despesas_t,-66.6760590392721,0.0017769405108653893,20
H3,Validação,64,4T21,Ridge Contábil,0.1,332,Despesas_t_1,-226.266377395553,0.006030078832405213,16
H3,Validação,64,4T21,Ridge Contábil,0.1,332,Despesas_t_4,74.50195198886884,0.001985503320608592,19
H3,Validação,64,4T21,Ridge Contábil,0.1,332,EBIT_t,799.1987814504388,0.02129892965265217,11
H3,Validação,64,4T21,Ridge Contábil,0.1,332,EBIT_t_1,-899.6798482726807,0.02397678555451717,9
H3,Validação,64,4T21,Ridge Contábil,0.1,332,EBIT_t_4,894.3400800613222,0.02383447884668062,10
H3,Validação,64,4T21,Ridge Contábil,0.1,332,Trimestre_Sin,518.4101104767336,0.013815812449349082,13
H3,Validação,64,4T21,Ridge Contábil,0.1,332,Trimestre_Cos,424.96004373112834,0.011325335181555941,15
H3,Validação,64,4T21,Ridge Contábil,0.1,332,Segmento=CORPORATIVO / OUTROS NEGÓCIOS,185.6589727335257,0.004947877163248971,17
H3,Validação,64,4T21,Ridge Contábil,0.1,332,Segmento=DISTRIBUIÇÃO,1858.6427728585793,0.049533486020436564,6
H3,Validação,64,4T21,Ridge Contábil,0.1,332,Segmento=E&P,1641.5971650329502,0.04374914395211488,7
H3,Validação,64,4T21,Ridge Contábil,0.1,332,Segmento=GÁS & ENERGIA / G&EBC,664.0408982790028,0.01769692435373854,12
H3,Validação,64,4T21,Ridge Contábil,0.1,332,Segmento=INTERNACIONAL,509.7496874088551,0.013585009117354276,14
H3,Validação,64,4T21,Ridge Contábil,0.1,332,Segmento=REFINO / RTC,6210.320084866645,0.16550722258105727,2
H3,Validação,64,4T21,Ridge + Brent e Câmbio,10.0,332,Custo_t,4114.638299081021,0.11818770275629134,2
H3,Validação,64,4T21,Ridge + Brent e Câmbio,10.0,332,Custo_t_1,2380.2557153489092,0.06836978964407416,4
H3,Validação,64,4T21,Ridge + Brent e Câmbio,10.0,332,Custo_t_4,2181.443702187306,0.06265916980145728,5
H3,Validação,64,4T21,Ridge + Brent e Câmbio,10.0,332,Receita_t,1931.1386341483742,0.0554694780644252,7
H3,Validação,64,4T21,Ridge + Brent e Câmbio,10.0,332,Receita_t_1,1002.5014785094476,0.028795567955822436,12
H3,Validação,64,4T21,Ridge + Brent e Câmbio,10.0,332,Receita_t_4,2685.926454307172,0.07714978919965204,3
H3,Validação,64,4T21,Ridge + Brent e Câmbio,10.0,332,Despesas_t,-779.1618168258203,0.02238042289807809,15
H3,Validação,64,4T21,Ridge + Brent e Câmbio,10.0,332,Despesas_t_1,-734.4408310822921,0.021095869995528933,16
H3,Validação,64,4T21,Ridge + Brent e Câmbio,10.0,332,Despesas_t_4,-19.574954778551174,0.0005622654456290754,29
H3,Validação,64,4T21,Ridge + Brent e Câmbio,10.0,332,EBIT_t,-202.90250179212845,0.005828113877147321,25
H3,Validação,64,4T21,Ridge + Brent e Câmbio,10.0,332,EBIT_t_1,-1393.2941773212547,0.0400205865283697,10
H3,Validação,64,4T21,Ridge + Brent e Câmbio,10.0,332,EBIT_t_4,920.3742479170037,0.026436568692235884,14
H3,Validação,64,4T21,Ridge + Brent e Câmbio,10.0,332,Trimestre_Sin,406.03105710627966,0.011662720851506566,22
H3,Validação,64,4T21,Ridge + Brent e Câmbio,10.0,332,Trimestre_Cos,524.5958198423019,0.015068341447305936,19
H3,Validação,64,4T21,Ridge + Brent e Câmbio,10.0,332,Brent_t,1962.7895951652342,0.05637861128603719,6
H3,Validação,64,4T21,Ridge + Brent e Câmbio,10.0,332,Brent_t_1,-1009.2160621858721,0.028988435751725362,11
H3,Validação,64,4T21,Ridge + Brent e Câmbio,10.0,332,Brent_t_4,153.06410442387963,0.004396569895426234,27
H3,Validação,64,4T21,Ridge + Brent e Câmbio,10.0,332,USD_BRL_t,1614.130020160525,0.04636381260421993,8
H3,Validação,64,4T21,Ridge + Brent e Câmbio,10.0,332,USD_BRL_t_1,708.4596589173589,0.02034959417979685,17
H3,Validação,64,4T21,Ridge + Brent e Câmbio,10.0,332,USD_BRL_t_4,-616.0367101170161,0.01769486362836187,18
H3,Validação,64,4T21,Ridge + Brent e Câmbio,10.0,332,Brent_BRL_t,-511.22325407465877,0.014684231663369846,20
H3,Validação,64,4T21,Ridge + Brent e Câmbio,10.0,332,Brent_Var_AA,200.5975626493258,0.005761907459358,26
H3,Validação,64,4T21,Ridge + Brent e Câmbio,10.0,332,USD_BRL_Var_AA,-424.07377263666984,0.012180974691825493,21
H3,Validação,64,4T21,Ridge + Brent e Câmbio,10.0,332,Segmento=CORPORATIVO / OUTROS NEGÓCIOS,-122.1130626119972,0.0035075409544188794,28
H3,Validação,64,4T21,Ridge + Brent e Câmbio,10.0,332,Segmento=DISTRIBUIÇÃO,1393.6810804749186,0.040031699824751285,9
H3,Validação,64,4T21,Ridge + Brent e Câmbio,10.0,332,Segmento=E&P,962.8978670738354,0.027658005060567904,13
H3,Validação,64,4T21,Ridge + Brent e Câmbio,10.0,332,Segmento=GÁS & ENERGIA / G&EBC,273.39548991537913,0.007852934461881171,24
H3,Validação,64,4T21,Ridge + Brent e Câmbio,10.0,332,Segmento=INTERNACIONAL,281.6069006521921,0.008088796693462748,23
H3,Validação,64,4T21,Ridge + Brent e Câmbio,10.0,332,Segmento=REFINO / RTC,5304.871891992657,0.15237563468727325,1
H3,Validação,65,1T22,Ridge Contábil,0.1,336,Custo_t,8464.21555235876,0.2106637306001849,1
H3,Validação,65,1T22,Ridge Contábil,0.1,336,Custo_t_1,4663.636250747691,0.11607206889609299,5
H3,Validação,65,1T22,Ridge Contábil,0.1,336,Custo_t_4,1015.8962929496222,0.02528438715339969,8
H3,Validação,65,1T22,Ridge Contábil,0.1,336,Receita_t,2194.6742731301324,0.054622695626058454,6
H3,Validação,65,1T22,Ridge Contábil,0.1,336,Receita_t_1,-6593.701862820048,0.16410898615406433,2
H3,Validação,65,1T22,Ridge Contábil,0.1,336,Receita_t_4,4703.426981368363,0.11706241037593891,4
H3,Validação,65,1T22,Ridge Contábil,0.1,336,Despesas_t,-229.52814794704148,0.005712668306373661,18
H3,Validação,65,1T22,Ridge Contábil,0.1,336,Despesas_t_1,463.50948101246973,0.011536170816376643,14
H3,Validação,65,1T22,Ridge Contábil,0.1,336,Despesas_t_4,255.50608196441533,0.006359226567978938,17
H3,Validação,65,1T22,Ridge Contábil,0.1,336,EBIT_t,811.5330235865133,0.020198041176579015,11
H3,Validação,65,1T22,Ridge Contábil,0.1,336,EBIT_t_1,80.91959891617795,0.002013987531496904,20
H3,Validação,65,1T22,Ridge Contábil,0.1,336,EBIT_t_4,654.3223836380473,0.016285265125837136,12
H3,Validação,65,1T22,Ridge Contábil,0.1,336,Trimestre_Sin,918.5366940061953,0.022861228598860698,9
H3,Validação,65,1T22,Ridge Contábil,0.1,336,Trimestre_Cos,362.22164191732946,0.009015243281365175,16
H3,Validação,65,1T22,Ridge Contábil,0.1,336,Segmento=CORPORATIVO / OUTROS NEGÓCIOS,128.4633197898042,0.0031972912344680384,19
H3,Validação,65,1T22,Ridge Contábil,0.1,336,Segmento=DISTRIBUIÇÃO,1464.9019573690255,0.036459576128926974,7
H3,Validação,65,1T22,Ridge Contábil,0.1,336,Segmento=E&P,877.1278956193928,0.02183061543762052,10
H3,Validação,65,1T22,Ridge Contábil,0.1,336,Segmento=GÁS & ENERGIA / G&EBC,540.8803881422964,0.013461835851141447,13
H3,Validação,65,1T22,Ridge Contábil,0.1,336,Segmento=INTERNACIONAL,393.6541702308462,0.00979755956758925,15
H3,Validação,65,1T22,Ridge Contábil,0.1,336,Segmento=REFINO / RTC,5362.14235683023,0.1334570115696464,3
H3,Validação,65,1T22,Ridge + Brent e Câmbio,10.0,336,Custo_t,4285.437509479929,0.11998519456662987,2
H3,Validação,65,1T22,Ridge + Brent e Câmbio,10.0,336,Custo_t_1,2276.4621177538106,0.06373719124780824,6
H3,Validação,65,1T22,Ridge + Brent e Câmbio,10.0,336,Custo_t_4,2383.446922114296,0.06673258962626306,5
H3,Validação,65,1T22,Ridge + Brent e Câmbio,10.0,336,Receita_t,2412.8305244483113,0.06755528211339332,4
H3,Validação,65,1T22,Ridge + Brent e Câmbio,10.0,336,Receita_t_1,564.9763904699196,0.01581840873566075,18
H3,Validação,65,1T22,Ridge + Brent e Câmbio,10.0,336,Receita_t_4,2641.9411221298174,0.07397000163252788,3
H3,Validação,65,1T22,Ridge + Brent e Câmbio,10.0,336,Despesas_t,-965.1602236011004,0.027022897186244083,13
H3,Validação,65,1T22,Ridge + Brent e Câmbio,10.0,336,Despesas_t_1,-384.28864354153,0.010759449312486282,21
H3,Validação,65,1T22,Ridge + Brent e Câmbio,10.0,336,Despesas_t_4,169.27751894316643,0.004739491825798918,28
H3,Validação,65,1T22,Ridge + Brent e Câmbio,10.0,336,EBIT_t,-184.25521909673313,0.0051588427702732986,26
H3,Validação,65,1T22,Ridge + Brent e Câmbio,10.0,336,EBIT_t_1,-733.5599728077535,0.0205384714790326,15
H3,Validação,65,1T22,Ridge + Brent e Câmbio,10.0,336,EBIT_t_4,391.9836043990418,0.01097489554723565,20
H3,Validação,65,1T22,Ridge + Brent e Câmbio,10.0,336,Trimestre_Sin,724.5186645267789,0.020285329733101213,16
H3,Validação,65,1T22,Ridge + Brent e Câmbio,10.0,336,Trimestre_Cos,467.30375830646955,0.013083735846826898,19
H3,Validação,65,1T22,Ridge + Brent e Câmbio,10.0,336,Brent_t,1860.1188361312916,0.05208026484496599,8
H3,Validação,65,1T22,Ridge + Brent e Câmbio,10.0,336,Brent_t_1,-1176.9492586552021,0.032952641470656505,10
H3,Validação,65,1T22,Ridge + Brent e Câmbio,10.0,336,Brent_t_4,264.9607867628079,0.0074184657883673046,25
H3,Validação,65,1T22,Ridge + Brent e Câmbio,10.0,336,USD_BRL_t,2086.0674948694145,0.058406455279616104,7
H3,Validação,65,1T22,Ridge + Brent e Câmbio,10.0,336,USD_BRL_t_1,1047.852421173224,0.02933814257084836,12
H3,Validação,65,1T22,Ridge + Brent e Câmbio,10.0,336,USD_BRL_t_4,-1129.4080756781495,0.03162156662081657,11
H3,Validação,65,1T22,Ridge + Brent e Câmbio,10.0,336,Brent_BRL_t,-159.04451619699051,0.00445298459689062,29
H3,Validação,65,1T22,Ridge + Brent e Câmbio,10.0,336,Brent_Var_AA,371.73618721472604,0.010408001202152392,22
H3,Validação,65,1T22,Ridge + Brent e Câmbio,10.0,336,USD_BRL_Var_AA,-619.8537775040819,0.01735488522050892,17
H3,Validação,65,1T22,Ridge + Brent e Câmbio,10.0,336,Segmento=CORPORATIVO / OUTROS NEGÓCIOS,-181.88085380212416,0.005092364451264866,27
H3,Validação,65,1T22,Ridge + Brent e Câmbio,10.0,336,Segmento=DISTRIBUIÇÃO,1379.975776085802,0.03863704968853578,9
H3,Validação,65,1T22,Ridge + Brent e Câmbio,10.0,336,Segmento=E&P,862.3293327435878,0.02414380154671955,14
H3,Validação,65,1T22,Ridge + Brent e Câmbio,10.0,336,Segmento=GÁS & ENERGIA / G&EBC,296.88932707352393,0.008312412348767543,24
H3,Validação,65,1T22,Ridge + Brent e Câmbio,10.0,336,Segmento=INTERNACIONAL,355.76470783551923,0.009960826075554033,23
H3,Validação,65,1T22,Ridge + Brent e Câmbio,10.0,336,Segmento=REFINO / RTC,5338.112340416167,0.14945835667105334,1
H3,Validação,66,2T22,Ridge Contábil,0.1,340,Custo_t,9454.78806365606,0.2774638545069733,1
H3,Validação,66,2T22,Ridge Contábil,0.1,340,Custo_t_1,1283.7441885018318,0.03767325172648123,6
H3,Validação,66,2T22,Ridge Contábil,0.1,340,Custo_t_4,92.83608513374456,0.002724403534497177,19
H3,Validação,66,2T22,Ridge Contábil,0.1,340,Receita_t,7472.233403592395,0.2192830413519385,2
H3,Validação,66,2T22,Ridge Contábil,0.1,340,Receita_t_1,-3758.606827549371,0.11030152457429132,4
H3,Validação,66,2T22,Ridge Contábil,0.1,340,Receita_t_4,1306.11070740449,0.038329628210528495,5
H3,Validação,66,2T22,Ridge Contábil,0.1,340,Despesas_t,-206.26831148550517,0.006053229367182905,17
H3,Validação,66,2T22,Ridge Contábil,0.1,340,Despesas_t_1,337.8044687888679,0.009913340135050693,13
H3,Validação,66,2T22,Ridge Contábil,0.1,340,Despesas_t_4,216.04188606946713,0.006340048453778998,16
H3,Validação,66,2T22,Ridge Contábil,0.1,340,EBIT_t,986.6716465757924,0.028955246415729736,8
H3,Validação,66,2T22,Ridge Contábil,0.1,340,EBIT_t_1,-684.351502324194,0.020083242944642296,10
H3,Validação,66,2T22,Ridge Contábil,0.1,340,EBIT_t_4,578.9682883340943,0.016990626530909648,11
H3,Validação,66,2T22,Ridge Contábil,0.1,340,Trimestre_Sin,894.4447542723426,0.026248720488820758,9
H3,Validação,66,2T22,Ridge Contábil,0.1,340,Trimestre_Cos,143.53315419212677,0.004212179262354745,18
H3,Validação,66,2T22,Ridge Contábil,0.1,340,Segmento=CORPORATIVO / OUTROS NEGÓCIOS,52.36662754410542,0.0015367712346478551,20
H3,Validação,66,2T22,Ridge Contábil,0.1,340,Segmento=DISTRIBUIÇÃO,1094.3837350716665,0.03211620687828555,7
H3,Validação,66,2T22,Ridge Contábil,0.1,340,Segmento=E&P,-253.48203385085145,0.0074387814604622345,15
H3,Validação,66,2T22,Ridge Contábil,0.1,340,Segmento=GÁS & ENERGIA / G&EBC,383.20673541966147,0.01124573255018665,12
H3,Validação,66,2T22,Ridge Contábil,0.1,340,Segmento=INTERNACIONAL,254.8942156088803,0.0074802238906054655,14
H3,Validação,66,2T22,Ridge Contábil,0.1,340,Segmento=REFINO / RTC,4621.010205438511,0.1356099464826324,3
H3,Validação,66,2T22,Ridge + Brent e Câmbio,10.0,340,Custo_t,5766.158217658447,0.15716652309708926,1
H3,Validação,66,2T22,Ridge + Brent e Câmbio,10.0,340,Custo_t_1,2004.1154080820452,0.05462559969460359,5
H3,Validação,66,2T22,Ridge + Brent e Câmbio,10.0,340,Custo_t_4,979.5018314310065,0.026698000887626926,14
H3,Validação,66,2T22,Ridge + Brent e Câmbio,10.0,340,Receita_t,4261.908728404255,0.11616562558917118,3
H3,Validação,66,2T22,Ridge + Brent e Câmbio,10.0,340,Receita_t_1,1003.5442683725694,0.027353318705531152,13
H3,Validação,66,2T22,Ridge + Brent e Câmbio,10.0,340,Receita_t_4,1252.7456774691263,0.03414573014139113,10
H3,Validação,66,2T22,Ridge + Brent e Câmbio,10.0,340,Despesas_t,-877.7817694199279,0.023925446290262165,15
H3,Validação,66,2T22,Ridge + Brent e Câmbio,10.0,340,Despesas_t_1,-312.5806278525917,0.008519920649532033,24
H3,Validação,66,2T22,Ridge + Brent e Câmbio,10.0,340,Despesas_t_4,-5.865282023766852,0.0001598683122908888,29
H3,Validação,66,2T22,Ridge + Brent e Câmbio,10.0,340,EBIT_t,71.75997750286264,0.0019559411545648163,28
H3,Validação,66,2T22,Ridge + Brent e Câmbio,10.0,340,EBIT_t_1,-784.4784024690346,0.021382303139591097,16
H3,Validação,66,2T22,Ridge + Brent e Câmbio,10.0,340,EBIT_t_4,193.38100222926985,0.00527093059297755,26
H3,Validação,66,2T22,Ridge + Brent e Câmbio,10.0,340,Trimestre_Sin,653.5512023484187,0.017813657943769504,18
H3,Validação,66,2T22,Ridge + Brent e Câmbio,10.0,340,Trimestre_Cos,379.89042129912195,0.010354564411816848,23
H3,Validação,66,2T22,Ridge + Brent e Câmbio,10.0,340,Brent_t,1245.4744776584407,0.03394754113064044,11
H3,Validação,66,2T22,Ridge + Brent e Câmbio,10.0,340,Brent_t_1,-1126.793829739504,0.030712696700737917,12
H3,Validação,66,2T22,Ridge + Brent e Câmbio,10.0,340,Brent_t_4,1497.2351120499402,0.040809708637396365,7
H3,Validação,66,2T22,Ridge + Brent e Câmbio,10.0,340,USD_BRL_t,2006.144897002937,0.05468091689286981,4
H3,Validação,66,2T22,Ridge + Brent e Câmbio,10.0,340,USD_BRL_t_1,1402.0229660148943,0.03821453844190749,8
H3,Validação,66,2T22,Ridge + Brent e Câmbio,10.0,340,USD_BRL_t_4,-469.9660985724836,0.012809731349365546,20
H3,Validação,66,2T22,Ridge + Brent e Câmbio,10.0,340,Brent_BRL_t,-673.2169112054524,0.018349680537779207,17
H3,Validação,66,2T22,Ridge + Brent e Câmbio,10.0,340,Brent_Var_AA,1546.065284806278,0.04214065867113656,6
H3,Validação,66,2T22,Ridge + Brent e Câmbio,10.0,340,USD_BRL_Var_AA,-446.0757977402813,0.012158560261822014,21
H3,Validação,66,2T22,Ridge + Brent e Câmbio,10.0,340,Segmento=CORPORATIVO / OUTROS NEGÓCIOS,-188.47618404135196,0.005137241368381236,27
H3,Validação,66,2T22,Ridge + Brent e Câmbio,10.0,340,Segmento=DISTRIBUIÇÃO,1253.0430393356085,0.03415383524862067,9
H3,Validação,66,2T22,Ridge + Brent e Câmbio,10.0,340,Segmento=E&P,515.4567943611335,0.014049658215831736,19
H3,Validação,66,2T22,Ridge + Brent e Câmbio,10.0,340,Segmento=GÁS & ENERGIA / G&EBC,261.21791600668934,0.00711994192315288,25
H3,Validação,66,2T22,Ridge + Brent e Câmbio,10.0,340,Segmento=INTERNACIONAL,388.608520032296,0.01059219113210246,22
H3,Validação,66,2T22,Ridge + Brent e Câmbio,10.0,340,Segmento=REFINO / RTC,5121.14816697471,0.13958566887803756,2
H3,Validação,67,3T22,Ridge Contábil,0.1,344,Custo_t,9972.053056377787,0.27448486075471745,1
H3,Validação,67,3T22,Ridge Contábil,0.1,344,Custo_t_1,1920.8995671755115,0.05287355043530891,6
H3,Validação,67,3T22,Ridge Contábil,0.1,344,Custo_t_4,-2077.0715704111085,0.057172249040255856,5
H3,Validação,67,3T22,Ridge Contábil,0.1,344,Receita_t,9165.934826506882,0.25229612501223764,2
H3,Validação,67,3T22,Ridge Contábil,0.1,344,Receita_t_1,-2336.140933378363,0.06430323978186651,4
H3,Validação,67,3T22,Ridge Contábil,0.1,344,Receita_t_4,1479.763043852105,0.040731086241257784,7
H3,Validação,67,3T22,Ridge Contábil,0.1,344,Despesas_t,-447.2277097031424,0.01231012660376961,14
H3,Validação,67,3T22,Ridge Contábil,0.1,344,Despesas_t_1,237.05104380516127,0.006524927453028895,15
H3,Validação,67,3T22,Ridge Contábil,0.1,344,Despesas_t_4,198.19075792872528,0.005455282105438202,16
H3,Validação,67,3T22,Ridge Contábil,0.1,344,EBIT_t,814.2572377276123,0.022412765280389345,10
H3,Validação,67,3T22,Ridge Contábil,0.1,344,EBIT_t_1,-852.1444105002278,0.023455625289665986,9
H3,Validação,67,3T22,Ridge Contábil,0.1,344,EBIT_t_4,557.5377615847897,0.01534645613986394,12
H3,Validação,67,3T22,Ridge Contábil,0.1,344,Trimestre_Sin,709.9697191826858,0.019542208450775273,11
H3,Validação,67,3T22,Ridge Contábil,0.1,344,Trimestre_Cos,137.20200596562051,0.003776541629875834,18
H3,Validação,67,3T22,Ridge Contábil,0.1,344,Segmento=CORPORATIVO / OUTROS NEGÓCIOS,92.24152807538924,0.002538985988786177,19
H3,Validação,67,3T22,Ridge Contábil,0.1,344,Segmento=DISTRIBUIÇÃO,523.4681962949875,0.01440867734630205,13
H3,Validação,67,3T22,Ridge Contábil,0.1,344,Segmento=E&P,-1353.4487021775,0.037254232047857445,8
H3,Validação,67,3T22,Ridge Contábil,0.1,344,Segmento=GÁS & ENERGIA / G&EBC,168.6291391471813,0.004641586393124822,17
H3,Validação,67,3T22,Ridge Contábil,0.1,344,Segmento=INTERNACIONAL,87.71619744014924,0.0024144244022943685,20
H3,Validação,67,3T22,Ridge Contábil,0.1,344,Segmento=REFINO / RTC,3199.1184075384404,0.08805704960318408,3
H3,Validação,67,3T22,Ridge + Brent e Câmbio,10.0,344,Custo_t,6618.561838621726,0.18109802273839926,1
H3,Validação,67,3T22,Ridge + Brent e Câmbio,10.0,344,Custo_t_1,2829.9649845455465,0.07743390114291479,4
H3,Validação,67,3T22,Ridge + Brent e Câmbio,10.0,344,Custo_t_4,-19.075219872224928,0.0005219388571701448,29
H3,Validação,67,3T22,Ridge + Brent e Câmbio,10.0,344,Receita_t,5119.444936180953,0.14007897456670865,2
H3,Validação,67,3T22,Ridge + Brent e Câmbio,10.0,344,Receita_t_1,1941.7226597590068,0.05312968934379995,5
H3,Validação,67,3T22,Ridge + Brent e Câmbio,10.0,344,Receita_t_4,475.23214891317446,0.013003369101680649,18
H3,Validação,67,3T22,Ridge + Brent e Câmbio,10.0,344,Despesas_t,-975.1714480008964,0.026682778731985112,12
H3,Validação,67,3T22,Ridge + Brent e Câmbio,10.0,344,Despesas_t_1,-293.25993842243247,0.008024219806601795,22
H3,Validação,67,3T22,Ridge + Brent e Câmbio,10.0,344,Despesas_t_4,22.14325137198177,0.0006058867678873758,28
H3,Validação,67,3T22,Ridge + Brent e Câmbio,10.0,344,EBIT_t,83.44770118114782,0.0022833077720578764,26
H3,Validação,67,3T22,Ridge + Brent e Câmbio,10.0,344,EBIT_t_1,-750.78325115414,0.020543037234420657,14
H3,Validação,67,3T22,Ridge + Brent e Câmbio,10.0,344,EBIT_t_4,346.86880780601285,0.009491073253517574,21
H3,Validação,67,3T22,Ridge + Brent e Câmbio,10.0,344,Trimestre_Sin,506.0687222884536,0.013847123772627947,17
H3,Validação,67,3T22,Ridge + Brent e Câmbio,10.0,344,Trimestre_Cos,415.03832576672755,0.011356337220936525,19
H3,Validação,67,3T22,Ridge + Brent e Câmbio,10.0,344,Brent_t,1240.16274899141,0.033933508093192004,11
H3,Validação,67,3T22,Ridge + Brent e Câmbio,10.0,344,Brent_t_1,-1449.6516203039268,0.03966557214357431,9
H3,Validação,67,3T22,Ridge + Brent e Câmbio,10.0,344,Brent_t_4,1706.5728369838723,0.04669548671939266,7
H3,Validação,67,3T22,Ridge + Brent e Câmbio,10.0,344,USD_BRL_t,1824.5970382690002,0.04992488156515669,6
H3,Validação,67,3T22,Ridge + Brent e Câmbio,10.0,344,USD_BRL_t_1,1266.930073415769,0.03466591940027713,10
H3,Validação,67,3T22,Ridge + Brent e Câmbio,10.0,344,USD_BRL_t_4,-127.28021373753158,0.00348265916427365,25
H3,Validação,67,3T22,Ridge + Brent e Câmbio,10.0,344,Brent_BRL_t,-669.1372047345365,0.018309026594115627,15
H3,Validação,67,3T22,Ridge + Brent e Câmbio,10.0,344,Brent_Var_AA,1479.102972214923,0.040471424189396525,8
H3,Validação,67,3T22,Ridge + Brent e Câmbio,10.0,344,USD_BRL_Var_AA,-551.4908625375718,0.015089970782028188,16
H3,Validação,67,3T22,Ridge + Brent e Câmbio,10.0,344,Segmento=CORPORATIVO / OUTROS NEGÓCIOS,-79.3053296661006,0.0021699636182803336,27
H3,Validação,67,3T22,Ridge + Brent e Câmbio,10.0,344,Segmento=DISTRIBUIÇÃO,899.6781487877098,0.024617120428737545,13
H3,Validação,67,3T22,Ridge + Brent e Câmbio,10.0,344,Segmento=E&P,-171.17009600749128,0.0046835803146856895,23
H3,Validação,67,3T22,Ridge + Brent e Câmbio,10.0,344,Segmento=GÁS & ENERGIA / G&EBC,158.82862726836152,0.004345891305979594,24
H3,Validação,67,3T22,Ridge + Brent e Câmbio,10.0,344,Segmento=INTERNACIONAL,346.9072482144973,0.009492125065397485,20
H3,Validação,67,3T22,Ridge + Brent e Câmbio,10.0,344,Segmento=REFINO / RTC,4179.249350174055,0.11435321030480412,3
H3,Validação,68,4T22,Ridge Contábil,0.1,348,Custo_t,10673.412001384851,0.24549347316774342,1
H3,Validação,68,4T22,Ridge Contábil,0.1,348,Custo_t_1,1645.3773743298275,0.03784444995128481,7
H3,Validação,68,4T22,Ridge Contábil,0.1,348,Custo_t_4,-5711.904700548711,0.13137648234312754,3
H3,Validação,68,4T22,Ridge Contábil,0.1,348,Receita_t,10369.625424113998,0.2385062396620672,2
H3,Validação,68,4T22,Ridge Contábil,0.1,348,Receita_t_1,-1035.216384976668,0.023810461527682434,9
H3,Validação,68,4T22,Ridge Contábil,0.1,348,Receita_t_4,4330.51872254242,0.0996039581042071,4
H3,Validação,68,4T22,Ridge Contábil,0.1,348,Despesas_t,-534.5766020263954,0.012295512127578595,14
H3,Validação,68,4T22,Ridge Contábil,0.1,348,Despesas_t_1,-83.46647056940625,0.0019197679008810104,18
H3,Validação,68,4T22,Ridge Contábil,0.1,348,Despesas_t_4,-586.0083671570819,0.013478466805186997,13
H3,Validação,68,4T22,Ridge Contábil,0.1,348,EBIT_t,916.361072133259,0.02107673368595934,10
H3,Validação,68,4T22,Ridge Contábil,0.1,348,EBIT_t_1,-1561.9307036645876,0.03592513745746965,8
H3,Validação,68,4T22,Ridge Contábil,0.1,348,EBIT_t_4,-612.3189408779332,0.014083622318993612,12
H3,Validação,68,4T22,Ridge Contábil,0.1,348,Trimestre_Sin,709.6867076425034,0.016323126540747603,11
H3,Validação,68,4T22,Ridge Contábil,0.1,348,Trimestre_Cos,151.26572489498338,0.003479182492991717,16
H3,Validação,68,4T22,Ridge Contábil,0.1,348,Segmento=CORPORATIVO / OUTROS NEGÓCIOS,113.14834860755784,0.0026024649923810633,17
H3,Validação,68,4T22,Ridge Contábil,0.1,348,Segmento=DISTRIBUIÇÃO,195.9535929649225,0.004507024380808645,15
H3,Validação,68,4T22,Ridge Contábil,0.1,348,Segmento=E&P,-1805.008955958697,0.04151605106592806,6
H3,Validação,68,4T22,Ridge Contábil,0.1,348,Segmento=GÁS & ENERGIA / G&EBC,81.09722093651101,0.0018652740500762826,19
H3,Validação,68,4T22,Ridge Contábil,0.1,348,Segmento=INTERNACIONAL,3.566744808312649,8.203680048911076e-05,20
H3,Validação,68,4T22,Ridge Contábil,0.1,348,Segmento=REFINO / RTC,2356.9317888388637,0.05421053462439579,5
H3,Validação,68,4T22,Ridge + Brent e Câmbio,10.0,348,Custo_t,7378.1557587422085,0.18178051819612343,1
H3,Validação,68,4T22,Ridge + Brent e Câmbio,10.0,348,Custo_t_1,3307.903545798465,0.08149901416564129,4
H3,Validação,68,4T22,Ridge + Brent e Câmbio,10.0,348,Custo_t_4,-998.1734045163431,0.024592660368761586,13
H3,Validação,68,4T22,Ridge + Brent e Câmbio,10.0,348,Receita_t,5939.4280190146,0.14633362840107703,2
H3,Validação,68,4T22,Ridge + Brent e Câmbio,10.0,348,Receita_t_1,2643.0006426137375,0.06511736023432994,5
H3,Validação,68,4T22,Ridge + Brent e Câmbio,10.0,348,Receita_t_4,369.1775422968583,0.009095672026925957,22
H3,Validação,68,4T22,Ridge + Brent e Câmbio,10.0,348,Despesas_t,-992.8188918692609,0.02446073768841955,14
H3,Validação,68,4T22,Ridge + Brent e Câmbio,10.0,348,Despesas_t_1,-419.5616597932884,0.010337018955188257,21
H3,Validação,68,4T22,Ridge + Brent e Câmbio,10.0,348,Despesas_t_4,-486.9246180616173,0.011996684847539678,19
H3,Validação,68,4T22,Ridge + Brent e Câmbio,10.0,348,EBIT_t,312.5986764832689,0.007701700974694263,25
H3,Validação,68,4T22,Ridge + Brent e Câmbio,10.0,348,EBIT_t_1,-1031.9726807012505,0.0254253955590246,11
H3,Validação,68,4T22,Ridge + Brent e Câmbio,10.0,348,EBIT_t_4,-212.79146038962165,0.005242684378342468,26
H3,Validação,68,4T22,Ridge + Brent e Câmbio,10.0,348,Trimestre_Sin,492.9458759198668,0.012145034571977005,18
H3,Validação,68,4T22,Ridge + Brent e Câmbio,10.0,348,Trimestre_Cos,445.2149225291957,0.010969055407933123,20
H3,Validação,68,4T22,Ridge + Brent e Câmbio,10.0,348,Brent_t,1369.1599028742496,0.03373290084624942,9
H3,Validação,68,4T22,Ridge + Brent e Câmbio,10.0,348,Brent_t_1,-1687.8937728851824,0.04158575865405484,8
H3,Validação,68,4T22,Ridge + Brent e Câmbio,10.0,348,Brent_t_4,1691.7629187632367,0.04168108536789599,7
H3,Validação,68,4T22,Ridge + Brent e Câmbio,10.0,348,USD_BRL_t,2077.205485259669,0.05117748958646317,6
H3,Validação,68,4T22,Ridge + Brent e Câmbio,10.0,348,USD_BRL_t_1,1024.6243268179364,0.025244349289404368,12
H3,Validação,68,4T22,Ridge + Brent e Câmbio,10.0,348,USD_BRL_t_4,-85.28656652509086,0.0021012617197366024,28
H3,Validação,68,4T22,Ridge + Brent e Câmbio,10.0,348,Brent_BRL_t,-804.1799384999658,0.019813114648635614,15
H3,Validação,68,4T22,Ridge + Brent e Câmbio,10.0,348,Brent_Var_AA,1280.3040911776475,0.03154370126533693,10
H3,Validação,68,4T22,Ridge + Brent e Câmbio,10.0,348,USD_BRL_Var_AA,-635.4634364406774,0.015656334258599074,17
H3,Validação,68,4T22,Ridge + Brent e Câmbio,10.0,348,Segmento=CORPORATIVO / OUTROS NEGÓCIOS,-1.395239314654156,3.4375436615704314e-05,29
H3,Validação,68,4T22,Ridge + Brent e Câmbio,10.0,348,Segmento=DISTRIBUIÇÃO,645.0013801981578,0.015891326906552584,16
H3,Validação,68,4T22,Ridge + Brent e Câmbio,10.0,348,Segmento=E&P,-318.77371542294344,0.0078538395056551,24
H3,Validação,68,4T22,Ridge + Brent e Câmbio,10.0,348,Segmento=GÁS & ENERGIA / G&EBC,112.0491354231754,0.002760628884327691,27
H3,Validação,68,4T22,Ridge + Brent e Câmbio,10.0,348,Segmento=INTERNACIONAL,325.9782661756362,0.008031342802145281,23
H3,Validação,68,4T22,Ridge + Brent e Câmbio,10.0,348,Segmento=REFINO / RTC,3498.5186543780687,0.0861953250523496,3
H3,Teste,69,1T23,Ridge Contábil,0.1,352,Custo_t,14643.526564999069,0.3688762548810199,1
H3,Teste,69,1T23,Ridge Contábil,0.1,352,Custo_t_1,1519.9579077605742,0.03828834387009199,7
H3,Teste,69,1T23,Ridge Contábil,0.1,352,Custo_t_4,-4410.196003926962,0.11109459036378787,3
H3,Teste,69,1T23,Ridge Contábil,0.1,352,Receita_t,6688.10142961936,0.1684759334899012,2
H3,Teste,69,1T23,Ridge Contábil,0.1,352,Receita_t_1,-1005.0114523882226,0.025316637971320916,10
H3,Teste,69,1T23,Ridge Contábil,0.1,352,Receita_t_4,2740.670954998404,0.06903859075568684,4
H3,Teste,69,1T23,Ridge Contábil,0.1,352,Despesas_t,-234.96100862078924,0.005918761202664522,14
H3,Teste,69,1T23,Ridge Contábil,0.1,352,Despesas_t_1,-22.325424487503355,0.0005623863170544789,20
H3,Teste,69,1T23,Ridge Contábil,0.1,352,Despesas_t_4,-201.32577128229306,0.005071476204314843,15
H3,Teste,69,1T23,Ridge Contábil,0.1,352,EBIT_t,1368.457531558882,0.034471989173135195,8
H3,Teste,69,1T23,Ridge Contábil,0.1,352,EBIT_t_1,-1529.2062830586917,0.03852131412002194,6
H3,Teste,69,1T23,Ridge Contábil,0.1,352,EBIT_t_4,-277.15349070403755,0.006981606597584879,13
H3,Teste,69,1T23,Ridge Contábil,0.1,352,Trimestre_Sin,629.7923747689616,0.01586472025889435,11
H3,Teste,69,1T23,Ridge Contábil,0.1,352,Trimestre_Cos,139.42048859936673,0.00351205752657571,16
H3,Teste,69,1T23,Ridge Contábil,0.1,352,Segmento=CORPORATIVO / OUTROS NEGÓCIOS,43.043776547230436,0.0010842898408522025,19
H3,Teste,69,1T23,Ridge Contábil,0.1,352,Segmento=DISTRIBUIÇÃO,317.7074151006557,0.00800317607306276,12
H3,Teste,69,1T23,Ridge Contábil,0.1,352,Segmento=E&P,-1010.029925852295,0.02544305531269219,9
H3,Teste,69,1T23,Ridge Contábil,0.1,352,Segmento=GÁS & ENERGIA / G&EBC,127.40172257511522,0.003209300033041745,17
H3,Teste,69,1T23,Ridge Contábil,0.1,352,Segmento=INTERNACIONAL,57.885220062746676,0.0014581517023874793,18
H3,Teste,69,1T23,Ridge Contábil,0.1,352,Segmento=REFINO / RTC,2731.4918044972633,0.06880736430590915,5
H3,Teste,69,1T23,Ridge + Brent e Câmbio,10.0,352,Custo_t,8216.267969487388,0.19518575192447774,1
H3,Teste,69,1T23,Ridge + Brent e Câmbio,10.0,352,Custo_t_1,3777.6623134277224,0.08974218731684759,3
H3,Teste,69,1T23,Ridge + Brent e Câmbio,10.0,352,Custo_t_4,-903.9321790619681,0.021473822751906867,15
H3,Teste,69,1T23,Ridge + Brent e Câmbio,10.0,352,Receita_t,5728.557673133694,0.13608767886170792,2
H3,Teste,69,1T23,Ridge + Brent e Câmbio,10.0,352,Receita_t_1,2562.050692162112,0.06086410432028425,5
H3,Teste,69,1T23,Ridge + Brent e Câmbio,10.0,352,Receita_t_4,65.41045288281478,0.0015538914355113676,29
H3,Teste,69,1T23,Ridge + Brent e Câmbio,10.0,352,Despesas_t,-962.029084895652,0.022853973483570583,14
H3,Teste,69,1T23,Ridge + Brent e Câmbio,10.0,352,Despesas_t_1,-443.60330333019573,0.010538244935320492,19
H3,Teste,69,1T23,Ridge + Brent e Câmbio,10.0,352,Despesas_t_4,-330.9479366065167,0.007862002808852827,21
H3,Teste,69,1T23,Ridge + Brent e Câmbio,10.0,352,EBIT_t,207.51029162199308,0.00492961676185853,24
H3,Teste,69,1T23,Ridge + Brent e Câmbio,10.0,352,EBIT_t_1,-1149.3192969405152,0.027303241813404797,12
H3,Teste,69,1T23,Ridge + Brent e Câmbio,10.0,352,EBIT_t_4,-145.19902682162473,0.0034493496723974806,26
H3,Teste,69,1T23,Ridge + Brent e Câmbio,10.0,352,Trimestre_Sin,380.6475972595488,0.00904266849198033,20
H3,Teste,69,1T23,Ridge + Brent e Câmbio,10.0,352,Trimestre_Cos,444.18602794908685,0.010552088147752894,18
H3,Teste,69,1T23,Ridge + Brent e Câmbio,10.0,352,Brent_t,1436.5497728500734,0.034126692146844995,11
H3,Teste,69,1T23,Ridge + Brent e Câmbio,10.0,352,Brent_t_1,-1647.3697294412216,0.03913493334598109,8
H3,Teste,69,1T23,Ridge + Brent e Câmbio,10.0,352,Brent_t_4,1826.273424643766,0.0433849714898021,7
H3,Teste,69,1T23,Ridge + Brent e Câmbio,10.0,352,USD_BRL_t,2444.477704787951,0.05807103914375199,6
H3,Teste,69,1T23,Ridge + Brent e Câmbio,10.0,352,USD_BRL_t_1,1058.697986403857,0.02515044096718522,13
H3,Teste,69,1T23,Ridge + Brent e Câmbio,10.0,352,USD_BRL_t_4,-147.11849665863227,0.003494948618880728,25
H3,Teste,69,1T23,Ridge + Brent e Câmbio,10.0,352,Brent_BRL_t,-1534.2527688441799,0.03644772559039926,10
H3,Teste,69,1T23,Ridge + Brent e Câmbio,10.0,352,Brent_Var_AA,1604.7218542781443,0.03812178995623283,9
H3,Teste,69,1T23,Ridge + Brent e Câmbio,10.0,352,USD_BRL_Var_AA,-510.44726840216504,0.012126190902107143,17
H3,Teste,69,1T23,Ridge + Brent e Câmbio,10.0,352,Segmento=CORPORATIVO / OUTROS NEGÓCIOS,-67.68110106654814,0.0016078329786479648,27
H3,Teste,69,1T23,Ridge + Brent e Câmbio,10.0,352,Segmento=DISTRIBUIÇÃO,557.0158854693708,0.013232475479496934,16
H3,Teste,69,1T23,Ridge + Brent e Câmbio,10.0,352,Segmento=E&P,-231.97923449459861,0.005510901236893072,23
H3,Teste,69,1T23,Ridge + Brent e Câmbio,10.0,352,Segmento=GÁS & ENERGIA / G&EBC,66.05208503156044,0.0015691340558685579,28
H3,Teste,69,1T23,Ridge + Brent e Câmbio,10.0,352,Segmento=INTERNACIONAL,290.3176058565559,0.006896788226292649,22
H3,Teste,69,1T23,Ridge + Brent e Câmbio,10.0,352,Segmento=REFINO / RTC,3354.3305428497033,0.0796855131357417,4
H3,Teste,70,2T23,Ridge Contábil,0.1,356,Custo_t,16310.637965906082,0.43696841907394707,1
H3,Teste,70,2T23,Ridge Contábil,0.1,356,Custo_t_1,2029.7420027023654,0.054377588166862924,5
H3,Teste,70,2T23,Ridge Contábil,0.1,356,Custo_t_4,-3021.291538433093,0.08094159099541158,4
H3,Teste,70,2T23,Ridge Contábil,0.1,356,Receita_t,3968.826407511724,0.10632642355831912,3
H3,Teste,70,2T23,Ridge Contábil,0.1,356,Receita_t_1,-1292.7912211515936,0.034634386299304244,6
H3,Teste,70,2T23,Ridge Contábil,0.1,356,Receita_t_4,977.9146168656783,0.02619871797867852,9
H3,Teste,70,2T23,Ridge Contábil,0.1,356,Despesas_t,-254.7641168068899,0.00682523109093439,15
H3,Teste,70,2T23,Ridge Contábil,0.1,356,Despesas_t_1,248.9810231222761,0.006670299732025902,16
H3,Teste,70,2T23,Ridge Contábil,0.1,356,Despesas_t_4,104.03174440260364,0.002787051431104789,18
H3,Teste,70,2T23,Ridge Contábil,0.1,356,EBIT_t,1291.9799065940092,0.03461265086257023,7
H3,Teste,70,2T23,Ridge Contábil,0.1,356,EBIT_t_1,-1061.2642594693723,0.028431687751844063,8
H3,Teste,70,2T23,Ridge Contábil,0.1,356,EBIT_t_4,-1.8130590576604377,4.857256667517302e-05,20
H3,Teste,70,2T23,Ridge Contábil,0.1,356,Trimestre_Sin,600.7383948837191,0.016094018347906896,11
H3,Teste,70,2T23,Ridge Contábil,0.1,356,Trimestre_Cos,329.09813430143396,0.008816668714398412,12
H3,Teste,70,2T23,Ridge Contábil,0.1,356,Segmento=CORPORATIVO / OUTROS NEGÓCIOS,-5.651566448721238,0.00015140769242448775,19
H3,Teste,70,2T23,Ridge Contábil,0.1,356,Segmento=DISTRIBUIÇÃO,819.3078163613993,0.0219495792867646,10
H3,Teste,70,2T23,Ridge Contábil,0.1,356,Segmento=E&P,269.20412841845524,0.007212084692768022,14
H3,Teste,70,2T23,Ridge Contábil,0.1,356,Segmento=GÁS & ENERGIA / G&EBC,313.60501726760583,0.00840160200327707,13
H3,Teste,70,2T23,Ridge Contábil,0.1,356,Segmento=INTERNACIONAL,206.78173174494083,0.005539764085428912,17
H3,Teste,70,2T23,Ridge Contábil,0.1,356,Segmento=REFINO / RTC,4218.387204822928,0.11301225566935344,2
H3,Teste,70,2T23,Ridge + Brent e Câmbio,10.0,356,Custo_t,8309.93450421044,0.18216834077600022,1
H3,Teste,70,2T23,Ridge + Brent e Câmbio,10.0,356,Custo_t_1,4146.360532399105,0.09089549599500789,3
H3,Teste,70,2T23,Ridge + Brent e Câmbio,10.0,356,Custo_t_4,-696.8068173400319,0.015275227703891486,16
H3,Teste,70,2T23,Ridge + Brent e Câmbio,10.0,356,Receita_t,5281.604201332999,0.11578202854726363,2
H3,Teste,70,2T23,Ridge + Brent e Câmbio,10.0,356,Receita_t_1,2493.2247037071634,0.054655858866991494,6
H3,Teste,70,2T23,Ridge + Brent e Câmbio,10.0,356,Receita_t_4,-152.9013062552488,0.0033518648370680798,26
H3,Teste,70,2T23,Ridge + Brent e Câmbio,10.0,356,Despesas_t,-1149.1914731145541,0.025192292885718313,13
H3,Teste,70,2T23,Ridge + Brent e Câmbio,10.0,356,Despesas_t_1,-362.44636595425146,0.007945460108346592,18
H3,Teste,70,2T23,Ridge + Brent e Câmbio,10.0,356,Despesas_t_4,-261.08944584260064,0.00572353862947696,23
H3,Teste,70,2T23,Ridge + Brent e Câmbio,10.0,356,EBIT_t,-250.0017980251368,0.00548047794049167,24
H3,Teste,70,2T23,Ridge + Brent e Câmbio,10.0,356,EBIT_t_1,-995.2852880516654,0.021818399342530347,14
H3,Teste,70,2T23,Ridge + Brent e Câmbio,10.0,356,EBIT_t_4,-148.7043456090248,0.003259860097820446,27
H3,Teste,70,2T23,Ridge + Brent e Câmbio,10.0,356,Trimestre_Sin,357.6572592118363,0.007840474487987864,19
H3,Teste,70,2T23,Ridge + Brent e Câmbio,10.0,356,Trimestre_Cos,615.3660411744277,0.013489903035197558,17
H3,Teste,70,2T23,Ridge + Brent e Câmbio,10.0,356,Brent_t,1623.889406392766,0.035598504250112774,11
H3,Teste,70,2T23,Ridge + Brent e Câmbio,10.0,356,Brent_t_1,-1696.7212785238316,0.0371951066415039,10
H3,Teste,70,2T23,Ridge + Brent e Câmbio,10.0,356,Brent_t_4,2153.473212011452,0.04720791021143715,8
H3,Teste,70,2T23,Ridge + Brent e Câmbio,10.0,356,USD_BRL_t,2977.5274674632838,0.06527262496328051,5
H3,Teste,70,2T23,Ridge + Brent e Câmbio,10.0,356,USD_BRL_t_1,1221.5510365304938,0.026778541441597865,12
H3,Teste,70,2T23,Ridge + Brent e Câmbio,10.0,356,USD_BRL_t_4,-96.85024423762668,0.0021231272385575997,28
H3,Teste,70,2T23,Ridge + Brent e Câmbio,10.0,356,Brent_BRL_t,-2449.613794056841,0.05369983122962492,7
H3,Teste,70,2T23,Ridge + Brent e Câmbio,10.0,356,Brent_Var_AA,2117.456673716783,0.046418364515461955,9
H3,Teste,70,2T23,Ridge + Brent e Câmbio,10.0,356,USD_BRL_Var_AA,-333.33989669352485,0.0073073952465371895,22
H3,Teste,70,2T23,Ridge + Brent e Câmbio,10.0,356,Segmento=CORPORATIVO / OUTROS NEGÓCIOS,-158.99241887168358,0.0034853927100318765,25
H3,Teste,70,2T23,Ridge + Brent e Câmbio,10.0,356,Segmento=DISTRIBUIÇÃO,757.4779167659527,0.016605244626392592,15
H3,Teste,70,2T23,Ridge + Brent e Câmbio,10.0,356,Segmento=E&P,338.65881432585365,0.007423995250943315,21
H3,Teste,70,2T23,Ridge + Brent e Câmbio,10.0,356,Segmento=GÁS & ENERGIA / G&EBC,89.4322293607369,0.0019605113405273553,29
H3,Teste,70,2T23,Ridge + Brent e Câmbio,10.0,356,Segmento=INTERNACIONAL,340.26269931097414,0.007459155223189413,20
H3,Teste,70,2T23,Ridge + Brent e Câmbio,10.0,356,Segmento=REFINO / RTC,4040.9664052860644,0.08858507185700902,4
H3,Teste,71,3T23,Ridge Contábil,0.1,360,Custo_t,12680.600114371318,0.2182368773253227,1
H3,Teste,71,3T23,Ridge Contábil,0.1,360,Custo_t_1,6001.443049519966,0.10328660936863979,5
H3,Teste,71,3T23,Ridge Contábil,0.1,360,Custo_t_4,-3648.9254231179357,0.06279908543379856,6
H3,Teste,71,3T23,Ridge Contábil,0.1,360,Receita_t,10243.526823949605,0.17629412541156972,2
H3,Teste,71,3T23,Ridge Contábil,0.1,360,Receita_t_1,-9226.766042284144,0.15879537172671498,3
H3,Teste,71,3T23,Ridge Contábil,0.1,360,Receita_t_4,1181.8719155365393,0.02034036511827812,11
H3,Teste,71,3T23,Ridge Contábil,0.1,360,Despesas_t,198.80621568866283,0.0034215137543519483,17
H3,Teste,71,3T23,Ridge Contábil,0.1,360,Despesas_t_1,493.89656330812437,0.008500105888199714,13
H3,Teste,71,3T23,Ridge Contábil,0.1,360,Despesas_t_4,-36.06400091577857,0.0006206721190424747,19
H3,Teste,71,3T23,Ridge Contábil,0.1,360,EBIT_t,1788.3785713905709,0.030778523995364536,7
H3,Teste,71,3T23,Ridge Contábil,0.1,360,EBIT_t_1,-1440.7904919006642,0.024796430373674443,9
H3,Teste,71,3T23,Ridge Contábil,0.1,360,EBIT_t_4,-22.72842777656671,0.0003911629622994356,20
H3,Teste,71,3T23,Ridge Contábil,0.1,360,Trimestre_Sin,774.8250359612825,0.013334967966542065,12
H3,Teste,71,3T23,Ridge Contábil,0.1,360,Trimestre_Cos,382.7970008515574,0.00658804956877899,15
H3,Teste,71,3T23,Ridge Contábil,0.1,360,Segmento=CORPORATIVO / OUTROS NEGÓCIOS,-126.12172145291399,0.0021705921174490664,18
H3,Teste,71,3T23,Ridge Contábil,0.1,360,Segmento=DISTRIBUIÇÃO,1506.3848021389963,0.02592532784758014,8
H3,Teste,71,3T23,Ridge Contábil,0.1,360,Segmento=E&P,1183.7502521277502,0.020372691846393072,10
H3,Teste,71,3T23,Ridge Contábil,0.1,360,Segmento=GÁS & ENERGIA / G&EBC,493.5894703465602,0.008494820727530985,14
H3,Teste,71,3T23,Ridge Contábil,0.1,360,Segmento=INTERNACIONAL,379.1047103637231,0.0065245041577593876,16
H3,Teste,71,3T23,Ridge Contábil,0.1,360,Segmento=REFINO / RTC,6294.383567033495,0.10832820229070995,4
H3,Teste,71,3T23,Ridge + Brent e Câmbio,10.0,360,Custo_t,8092.346340773637,0.16371915756619868,1
H3,Teste,71,3T23,Ridge + Brent e Câmbio,10.0,360,Custo_t_1,3876.596194779515,0.07842880624569984,4
H3,Teste,71,3T23,Ridge + Brent e Câmbio,10.0,360,Custo_t_4,-687.0260105494626,0.01389946931787786,17
H3,Teste,71,3T23,Ridge + Brent e Câmbio,10.0,360,Receita_t,5755.866818307398,0.11644900340071633,2
H3,Teste,71,3T23,Ridge + Brent e Câmbio,10.0,360,Receita_t_1,1334.5258097183078,0.026999269694695602,13
H3,Teste,71,3T23,Ridge + Brent e Câmbio,10.0,360,Receita_t_4,-163.75912807610885,0.003313069579994356,26
H3,Teste,71,3T23,Ridge + Brent e Câmbio,10.0,360,Despesas_t,-800.9300864449988,0.01620390347871121,16
H3,Teste,71,3T23,Ridge + Brent e Câmbio,10.0,360,Despesas_t_1,-431.8700732357366,0.0087373181510973,20
H3,Teste,71,3T23,Ridge + Brent e Câmbio,10.0,360,Despesas_t_4,-295.5289565261439,0.005978952180419467,23
H3,Teste,71,3T23,Ridge + Brent e Câmbio,10.0,360,EBIT_t,242.91414386822453,0.004914483058472023,25
H3,Teste,71,3T23,Ridge + Brent e Câmbio,10.0,360,EBIT_t_1,-1557.1508040219223,0.03150327570058327,12
H3,Teste,71,3T23,Ridge + Brent e Câmbio,10.0,360,EBIT_t_4,-276.98477538598246,0.005603778209092386,24
H3,Teste,71,3T23,Ridge + Brent e Câmbio,10.0,360,Trimestre_Sin,510.42245414715455,0.010326539507434729,19
H3,Teste,71,3T23,Ridge + Brent e Câmbio,10.0,360,Trimestre_Cos,664.3076413548837,0.013439845852792856,18
H3,Teste,71,3T23,Ridge + Brent e Câmbio,10.0,360,Brent_t,1779.4555504892173,0.03600080265777891,9
H3,Teste,71,3T23,Ridge + Brent e Câmbio,10.0,360,Brent_t_1,-1754.1167183912435,0.03548816366902364,10
H3,Teste,71,3T23,Ridge + Brent e Câmbio,10.0,360,Brent_t_4,2365.7250247634215,0.04786183039843969,8
H3,Teste,71,3T23,Ridge + Brent e Câmbio,10.0,360,USD_BRL_t,2852.869108611199,0.057717416857841174,6
H3,Teste,71,3T23,Ridge + Brent e Câmbio,10.0,360,USD_BRL_t_1,1694.5953679918823,0.034283965908049614,11
H3,Teste,71,3T23,Ridge + Brent e Câmbio,10.0,360,USD_BRL_t_4,85.6242373070824,0.0017322946162761051,28
H3,Teste,71,3T23,Ridge + Brent e Câmbio,10.0,360,Brent_BRL_t,-2948.0147950845594,0.05964234332286282,5
H3,Teste,71,3T23,Ridge + Brent e Câmbio,10.0,360,Brent_Var_AA,2479.9066494983535,0.050171879749263175,7
H3,Teste,71,3T23,Ridge + Brent e Câmbio,10.0,360,USD_BRL_Var_AA,-68.21277165552965,0.001380037017747209,29
H3,Teste,71,3T23,Ridge + Brent e Câmbio,10.0,360,Segmento=CORPORATIVO / OUTROS NEGÓCIOS,-351.51547294840685,0.007111635448995779,22
H3,Teste,71,3T23,Ridge + Brent e Câmbio,10.0,360,Segmento=DISTRIBUIÇÃO,1213.3911051236923,0.024548550094579624,14
H3,Teste,71,3T23,Ridge + Brent e Câmbio,10.0,360,Segmento=E&P,1040.5989062591,0.0210527292237421,15
H3,Teste,71,3T23,Ridge + Brent e Câmbio,10.0,360,Segmento=GÁS & ENERGIA / G&EBC,136.6813631294679,0.002765249617877437,27
H3,Teste,71,3T23,Ridge + Brent e Câmbio,10.0,360,Segmento=INTERNACIONAL,424.9755395401453,0.008597832370222274,21
H3,Teste,71,3T23,Ridge + Brent e Câmbio,10.0,360,Segmento=REFINO / RTC,5542.306944931262,0.11212839710351445,3
H3,Teste,72,4T23,Ridge Contábil,0.1,364,Custo_t,13918.24266268992,0.23360243315621868,1
H3,Teste,72,4T23,Ridge Contábil,0.1,364,Custo_t_1,4539.9864417200015,0.07619869152914074,5
H3,Teste,72,4T23,Ridge Contábil,0.1,364,Custo_t_4,-4178.773331647951,0.07013612576953153,6
H3,Teste,72,4T23,Ridge Contábil,0.1,364,Receita_t,10335.774051289047,0.17347462790014298,2
H3,Teste,72,4T23,Ridge Contábil,0.1,364,Receita_t_1,-8933.717352710433,0.1499426444343769,3
H3,Teste,72,4T23,Ridge Contábil,0.1,364,Receita_t_4,1452.6447765584594,0.02438104885363054,10
H3,Teste,72,4T23,Ridge Contábil,0.1,364,Despesas_t,234.97180410838118,0.003943743940459209,17
H3,Teste,72,4T23,Ridge Contábil,0.1,364,Despesas_t_1,515.2421670862342,0.008647774493735222,13
H3,Teste,72,4T23,Ridge Contábil,0.1,364,Despesas_t_4,-20.93755758235976,0.0003514139330749677,20
H3,Teste,72,4T23,Ridge Contábil,0.1,364,EBIT_t,1805.261623147354,0.030299335761779556,7
H3,Teste,72,4T23,Ridge Contábil,0.1,364,EBIT_t_1,-1564.2448298560382,0.026254133309943622,9
H3,Teste,72,4T23,Ridge Contábil,0.1,364,EBIT_t_4,-50.188043458596134,0.0008423512473098557,19
H3,Teste,72,4T23,Ridge Contábil,0.1,364,Trimestre_Sin,786.6252374465128,0.01320264159082276,12
H3,Teste,72,4T23,Ridge Contábil,0.1,364,Trimestre_Cos,347.0012831631721,0.00582403583697691,16
H3,Teste,72,4T23,Ridge Contábil,0.1,364,Segmento=CORPORATIVO / OUTROS NEGÓCIOS,-161.8790905034267,0.0027169629338397957,18
H3,Teste,72,4T23,Ridge Contábil,0.1,364,Segmento=DISTRIBUIÇÃO,1678.4525189966462,0.02817098407300101,8
H3,Teste,72,4T23,Ridge Contábil,0.1,364,Segmento=E&P,1281.9954176849324,0.021516886587206862,11
H3,Teste,72,4T23,Ridge Contábil,0.1,364,Segmento=GÁS & ENERGIA / G&EBC,507.2858784959193,0.008514236918724195,14
H3,Teste,72,4T23,Ridge Contábil,0.1,364,Segmento=INTERNACIONAL,413.8648573437271,0.006946267572450924,15
H3,Teste,72,4T23,Ridge Contábil,0.1,364,Segmento=REFINO / RTC,6853.808733150735,0.1150336601576338,4
H3,Teste,72,4T23,Ridge + Brent e Câmbio,10.0,364,Custo_t,8480.904555210753,0.16648736683470358,1
H3,Teste,72,4T23,Ridge + Brent e Câmbio,10.0,364,Custo_t_1,3550.170819956581,0.06969287153040997,4
H3,Teste,72,4T23,Ridge + Brent e Câmbio,10.0,364,Custo_t_4,-849.5300729453949,0.016676997597464147,16
H3,Teste,72,4T23,Ridge + Brent e Câmbio,10.0,364,Receita_t,6034.03780006786,0.11845329211930994,3
H3,Teste,72,4T23,Ridge + Brent e Câmbio,10.0,364,Receita_t_1,1118.940240133592,0.0219657482303317,15
H3,Teste,72,4T23,Ridge + Brent e Câmbio,10.0,364,Receita_t_4,-332.08749478635013,0.006519159861520085,22
H3,Teste,72,4T23,Ridge + Brent e Câmbio,10.0,364,Despesas_t,-701.9345880251866,0.01377957274365431,17
H3,Teste,72,4T23,Ridge + Brent e Câmbio,10.0,364,Despesas_t_1,-329.5974114074038,0.006470277407736907,24
H3,Teste,72,4T23,Ridge + Brent e Câmbio,10.0,364,Despesas_t_4,-265.39218343331356,0.005209874195692681,26
H3,Teste,72,4T23,Ridge + Brent e Câmbio,10.0,364,EBIT_t,330.8535095792419,0.006494935682777477,23
H3,Teste,72,4T23,Ridge + Brent e Câmbio,10.0,364,EBIT_t_1,-1576.7774877935158,0.030953482652471366,12
H3,Teste,72,4T23,Ridge + Brent e Câmbio,10.0,364,EBIT_t_4,-326.43809858654873,0.006408257411034066,25
H3,Teste,72,4T23,Ridge + Brent e Câmbio,10.0,364,Trimestre_Sin,485.3438702419849,0.009527712809396677,19
H3,Teste,72,4T23,Ridge + Brent e Câmbio,10.0,364,Trimestre_Cos,582.6498508339884,0.011437911937398636,18
H3,Teste,72,4T23,Ridge + Brent e Câmbio,10.0,364,Brent_t,1713.8332648783828,0.033644004080674916,10
H3,Teste,72,4T23,Ridge + Brent e Câmbio,10.0,364,Brent_t_1,-1830.8212060731144,0.0359405768287973,9
H3,Teste,72,4T23,Ridge + Brent e Câmbio,10.0,364,Brent_t_4,2257.3647795803136,0.04431398982161852,8
H3,Teste,72,4T23,Ridge + Brent e Câmbio,10.0,364,USD_BRL_t,2887.6734691022475,0.05668748528173006,6
H3,Teste,72,4T23,Ridge + Brent e Câmbio,10.0,364,USD_BRL_t_1,1680.103813425821,0.03298186627207692,11
H3,Teste,72,4T23,Ridge + Brent e Câmbio,10.0,364,USD_BRL_t_4,-165.7525325176565,0.003253863135164413,27
H3,Teste,72,4T23,Ridge + Brent e Câmbio,10.0,364,Brent_BRL_t,-2937.806458075772,0.05767163847805711,5
H3,Teste,72,4T23,Ridge + Brent e Câmbio,10.0,364,Brent_Var_AA,2620.6171823545383,0.05144494332316479,7
H3,Teste,72,4T23,Ridge + Brent e Câmbio,10.0,364,USD_BRL_Var_AA,134.58725065997797,0.002642062155756112,28
H3,Teste,72,4T23,Ridge + Brent e Câmbio,10.0,364,Segmento=CORPORATIVO / OUTROS NEGÓCIOS,-435.24500184645495,0.008544229429024774,21
H3,Teste,72,4T23,Ridge + Brent e Câmbio,10.0,364,Segmento=DISTRIBUIÇÃO,1377.5041592100042,0.027041577791347613,13
H3,Teste,72,4T23,Ridge + Brent e Câmbio,10.0,364,Segmento=E&P,1225.783472795492,0.02406317172498218,14
H3,Teste,72,4T23,Ridge + Brent e Câmbio,10.0,364,Segmento=GÁS & ENERGIA / G&EBC,119.03292140492435,0.0023367174482787955,29
H3,Teste,72,4T23,Ridge + Brent e Câmbio,10.0,364,Segmento=INTERNACIONAL,440.580886982539,0.008648977390784733,20
H3,Teste,72,4T23,Ridge + Brent e Câmbio,10.0,364,Segmento=REFINO / RTC,6148.864396115928,0.12070743582464019,2
H3,Teste,73,1T24,Ridge Contábil,0.1,368,Custo_t,13983.76566894304,0.2301102757008395,1
H3,Teste,73,1T24,Ridge Contábil,0.1,368,Custo_t_1,5454.071928947785,0.08974964433576968,5
H3,Teste,73,1T24,Ridge Contábil,0.1,368,Custo_t_4,-4630.090500118068,0.07619059320110423,6
H3,Teste,73,1T24,Ridge Contábil,0.1,368,Receita_t,9857.874442755176,0.16221654878589717,2
H3,Teste,73,1T24,Ridge Contábil,0.1,368,Receita_t_1,-9239.865031017263,0.15204687636092487,3
H3,Teste,73,1T24,Ridge Contábil,0.1,368,Receita_t_4,2806.9183030505355,0.04618932838807442,7
H3,Teste,73,1T24,Ridge Contábil,0.1,368,Despesas_t,140.53446921932394,0.002312569176509525,17
H3,Teste,73,1T24,Ridge Contábil,0.1,368,Despesas_t_1,472.83226005426866,0.00778070544781681,13
H3,Teste,73,1T24,Ridge Contábil,0.1,368,Despesas_t_4,-100.55289335104239,0.0016546511547253617,20
H3,Teste,73,1T24,Ridge Contábil,0.1,368,EBIT_t,1749.2032153949747,0.028784066014870237,8
H3,Teste,73,1T24,Ridge Contábil,0.1,368,EBIT_t_1,-1454.7742689764925,0.023939081649526135,10
H3,Teste,73,1T24,Ridge Contábil,0.1,368,EBIT_t_4,-129.2065731550352,0.0021261626428064353,18
H3,Teste,73,1T24,Ridge Contábil,0.1,368,Trimestre_Sin,843.1170929801576,0.013873938630467524,12
H3,Teste,73,1T24,Ridge Contábil,0.1,368,Trimestre_Cos,317.7930432529323,0.005229452962098183,16
H3,Teste,73,1T24,Ridge Contábil,0.1,368,Segmento=CORPORATIVO / OUTROS NEGÓCIOS,-118.85269420724134,0.0019557840769998443,19
H3,Teste,73,1T24,Ridge Contábil,0.1,368,Segmento=DISTRIBUIÇÃO,1457.8734047127593,0.023990079570657675,9
H3,Teste,73,1T24,Ridge Contábil,0.1,368,Segmento=E&P,980.7341010828084,0.01613849943800136,11
H3,Teste,73,1T24,Ridge Contábil,0.1,368,Segmento=GÁS & ENERGIA / G&EBC,440.8223138965864,0.007253964818011188,14
H3,Teste,73,1T24,Ridge Contábil,0.1,368,Segmento=INTERNACIONAL,360.550701493134,0.005933052890680136,15
H3,Teste,73,1T24,Ridge Contábil,0.1,368,Segmento=REFINO / RTC,6230.41157927161,0.10252472475421975,4
H3,Teste,73,1T24,Ridge + Brent e Câmbio,10.0,368,Custo_t,8530.27967015337,0.16878769069264324,1
H3,Teste,73,1T24,Ridge + Brent e Câmbio,10.0,368,Custo_t_1,3765.769539217021,0.07451286109986499,4
H3,Teste,73,1T24,Ridge + Brent e Câmbio,10.0,368,Custo_t_4,-707.7236556468938,0.01400364889596251,17
H3,Teste,73,1T24,Ridge + Brent e Câmbio,10.0,368,Receita_t,6008.649373605883,0.11889247377214068,2
H3,Teste,73,1T24,Ridge + Brent e Câmbio,10.0,368,Receita_t_1,1291.7209307565033,0.025559137724944243,13
H3,Teste,73,1T24,Ridge + Brent e Câmbio,10.0,368,Receita_t_4,-91.62961674500818,0.0018130649881920946,28
H3,Teste,73,1T24,Ridge + Brent e Câmbio,10.0,368,Despesas_t,-730.4824139053392,0.014453973902646147,16
H3,Teste,73,1T24,Ridge + Brent e Câmbio,10.0,368,Despesas_t_1,-344.56326922269767,0.006817834907933447,22
H3,Teste,73,1T24,Ridge + Brent e Câmbio,10.0,368,Despesas_t_4,-261.06393423829144,0.005165642896491932,25
H3,Teste,73,1T24,Ridge + Brent e Câmbio,10.0,368,EBIT_t,288.8432962070503,0.00571531002780857,24
H3,Teste,73,1T24,Ridge + Brent e Câmbio,10.0,368,EBIT_t_1,-1594.0887376881128,0.03154205573528279,12
H3,Teste,73,1T24,Ridge + Brent e Câmbio,10.0,368,EBIT_t_4,-291.3264244339049,0.005764443408578133,23
H3,Teste,73,1T24,Ridge + Brent e Câmbio,10.0,368,Trimestre_Sin,492.12014892732503,0.009737526399210007,19
H3,Teste,73,1T24,Ridge + Brent e Câmbio,10.0,368,Trimestre_Cos,575.1557983095729,0.011380543515452063,18
H3,Teste,73,1T24,Ridge + Brent e Câmbio,10.0,368,Brent_t,1684.3633306578438,0.03332830901943863,11
H3,Teste,73,1T24,Ridge + Brent e Câmbio,10.0,368,Brent_t_1,-1859.2161323119528,0.03678810186838812,9
H3,Teste,73,1T24,Ridge + Brent e Câmbio,10.0,368,Brent_t_4,2241.98240963068,0.044361855428860335,8
H3,Teste,73,1T24,Ridge + Brent e Câmbio,10.0,368,USD_BRL_t,2860.745328539316,0.05660524816711392,6
H3,Teste,73,1T24,Ridge + Brent e Câmbio,10.0,368,USD_BRL_t_1,1702.22855179205,0.033681806153829985,10
H3,Teste,73,1T24,Ridge + Brent e Câmbio,10.0,368,USD_BRL_t_4,-211.7520835706253,0.004189914817247585,26
H3,Teste,73,1T24,Ridge + Brent e Câmbio,10.0,368,Brent_BRL_t,-2998.9955559275268,0.05934078996889512,5
H3,Teste,73,1T24,Ridge + Brent e Câmbio,10.0,368,Brent_Var_AA,2681.6066047557238,0.05306065025588082,7
H3,Teste,73,1T24,Ridge + Brent e Câmbio,10.0,368,USD_BRL_Var_AA,161.64047091342098,0.003198361936878579,27
H3,Teste,73,1T24,Ridge + Brent e Câmbio,10.0,368,Segmento=CORPORATIVO / OUTROS NEGÓCIOS,-404.7530705141377,0.008008803780709992,21
H3,Teste,73,1T24,Ridge + Brent e Câmbio,10.0,368,Segmento=DISTRIBUIÇÃO,1279.875414469862,0.02532475181775296,14
H3,Teste,73,1T24,Ridge + Brent e Câmbio,10.0,368,Segmento=E&P,1090.0073417391106,0.021567853477758653,15
H3,Teste,73,1T24,Ridge + Brent e Câmbio,10.0,368,Segmento=GÁS & ENERGIA / G&EBC,88.34033440649935,0.0017479803260917934,29
H3,Teste,73,1T24,Ridge + Brent e Câmbio,10.0,368,Segmento=INTERNACIONAL,416.8615227254329,0.008248392371662956,20
H3,Teste,73,1T24,Ridge + Brent e Câmbio,10.0,368,Segmento=REFINO / RTC,5882.732600004143,0.11640097264233963,3
H3,Teste,74,2T24,Ridge Contábil,0.1,372,Custo_t,14638.294944055344,0.24206432568840786,1
H3,Teste,74,2T24,Ridge Contábil,0.1,372,Custo_t_1,5990.763315786431,0.09906550509720417,4
H3,Teste,74,2T24,Ridge Contábil,0.1,372,Custo_t_4,-4490.866106449318,0.0742626432907096,6
H3,Teste,74,2T24,Ridge Contábil,0.1,372,Receita_t,8357.927102115325,0.13820981172045757,3
H3,Teste,74,2T24,Ridge Contábil,0.1,372,Receita_t_1,-9620.7061535686,0.1590915988925093,2
H3,Teste,74,2T24,Ridge Contábil,0.1,372,Receita_t_4,4162.610890442844,0.06883449214195997,7
H3,Teste,74,2T24,Ridge Contábil,0.1,372,Despesas_t,90.05935374781643,0.0014892551912784133,18
H3,Teste,74,2T24,Ridge Contábil,0.1,372,Despesas_t_1,439.5027021278035,0.007267781229671451,13
H3,Teste,74,2T24,Ridge Contábil,0.1,372,Despesas_t_4,-96.27376087906948,0.001592018954239133,17
H3,Teste,74,2T24,Ridge Contábil,0.1,372,EBIT_t,1768.3122466156399,0.02924147335597982,8
H3,Teste,74,2T24,Ridge Contábil,0.1,372,EBIT_t_1,-1257.1141529000136,0.020788110288669514,9
H3,Teste,74,2T24,Ridge Contábil,0.1,372,EBIT_t_4,-74.3915722844677,0.001230166891073133,19
H3,Teste,74,2T24,Ridge Contábil,0.1,372,Trimestre_Sin,845.5350224727157,0.013982083695062408,11
H3,Teste,74,2T24,Ridge Contábil,0.1,372,Trimestre_Cos,249.1613699015571,0.004120225697277244,16
H3,Teste,74,2T24,Ridge Contábil,0.1,372,Segmento=CORPORATIVO / OUTROS NEGÓCIOS,-65.41502396798089,0.0010817273273436008,20
H3,Teste,74,2T24,Ridge Contábil,0.1,372,Segmento=DISTRIBUIÇÃO,1245.739196563048,0.020600009751963164,10
H3,Teste,74,2T24,Ridge Contábil,0.1,372,Segmento=E&P,764.9514061144245,0.01264952284491881,12
H3,Teste,74,2T24,Ridge Contábil,0.1,372,Segmento=GÁS & ENERGIA / G&EBC,375.6672121625047,0.0062121736679646555,14
H3,Teste,74,2T24,Ridge Contábil,0.1,372,Segmento=INTERNACIONAL,313.7740440816676,0.00518868506813347,15
H3,Teste,74,2T24,Ridge Contábil,0.1,372,Segmento=REFINO / RTC,5625.682328376922,0.09302838920517677,5
H3,Teste,74,2T24,Ridge + Brent e Câmbio,10.0,372,Custo_t,8494.361279519475,0.1702001374042299,1
H3,Teste,74,2T24,Ridge + Brent e Câmbio,10.0,372,Custo_t_1,3880.9434377070725,0.07776183336449219,4
H3,Teste,74,2T24,Ridge + Brent e Câmbio,10.0,372,Custo_t_4,-443.59225078788023,0.0088881858860399,19
H3,Teste,74,2T24,Ridge + Brent e Câmbio,10.0,372,Receita_t,5859.589514844987,0.11740764346385546,2
H3,Teste,74,2T24,Ridge + Brent e Câmbio,10.0,372,Receita_t_1,1342.2965098641919,0.026895377168255737,13
H3,Teste,74,2T24,Ridge + Brent e Câmbio,10.0,372,Receita_t_4,207.27672950520284,0.004153170165665548,27
H3,Teste,74,2T24,Ridge + Brent e Câmbio,10.0,372,Despesas_t,-756.4027709728557,0.015155919476008332,16
H3,Teste,74,2T24,Ridge + Brent e Câmbio,10.0,372,Despesas_t_1,-372.12980405499775,0.00745630444693691,22
H3,Teste,74,2T24,Ridge + Brent e Câmbio,10.0,372,Despesas_t_4,-219.54326453613194,0.004398952735895012,25
H3,Teste,74,2T24,Ridge + Brent e Câmbio,10.0,372,EBIT_t,232.6479518266246,0.004661529226826592,24
H3,Teste,74,2T24,Ridge + Brent e Câmbio,10.0,372,EBIT_t_1,-1631.5994519337303,0.03269209323334743,12
H3,Teste,74,2T24,Ridge + Brent e Câmbio,10.0,372,EBIT_t_4,-211.58649294050355,0.004239524195677961,26
H3,Teste,74,2T24,Ridge + Brent e Câmbio,10.0,372,Trimestre_Sin,488.8574089757718,0.009795156509220077,18
H3,Teste,74,2T24,Ridge + Brent e Câmbio,10.0,372,Trimestre_Cos,567.3059935860404,0.011367018058366523,17
H3,Teste,74,2T24,Ridge + Brent e Câmbio,10.0,372,Brent_t,1640.3342665820735,0.032867111295851195,11
H3,Teste,74,2T24,Ridge + Brent e Câmbio,10.0,372,Brent_t_1,-1862.3957947821425,0.03731652207179397,9
H3,Teste,74,2T24,Ridge + Brent e Câmbio,10.0,372,Brent_t_4,2229.25564967072,0.044667233403166015,8
H3,Teste,74,2T24,Ridge + Brent e Câmbio,10.0,372,USD_BRL_t,2808.936420203323,0.05628220285744618,6
H3,Teste,74,2T24,Ridge + Brent e Câmbio,10.0,372,USD_BRL_t_1,1734.8676727071509,0.03476126180138376,10
H3,Teste,74,2T24,Ridge + Brent e Câmbio,10.0,372,USD_BRL_t_4,-263.80965013637615,0.0052859111149453075,23
H3,Teste,74,2T24,Ridge + Brent e Câmbio,10.0,372,Brent_BRL_t,-3003.6459574658265,0.06018356623315921,5
H3,Teste,74,2T24,Ridge + Brent e Câmbio,10.0,372,Brent_Var_AA,2773.140369327464,0.055564963199617005,7
H3,Teste,74,2T24,Ridge + Brent e Câmbio,10.0,372,USD_BRL_Var_AA,200.48241353804028,0.004017033560083799,28
H3,Teste,74,2T24,Ridge + Brent e Câmbio,10.0,372,Segmento=CORPORATIVO / OUTROS NEGÓCIOS,-381.1500792674213,0.00763704223640203,21
H3,Teste,74,2T24,Ridge + Brent e Câmbio,10.0,372,Segmento=DISTRIBUIÇÃO,1198.2553138485146,0.024009247117153798,14
H3,Teste,74,2T24,Ridge + Brent e Câmbio,10.0,372,Segmento=E&P,982.3966267754563,0.019684121661480983,15
H3,Teste,74,2T24,Ridge + Brent e Câmbio,10.0,372,Segmento=GÁS & ENERGIA / G&EBC,61.583789192216805,0.0012339443823351681,29
H3,Teste,74,2T24,Ridge + Brent e Câmbio,10.0,372,Segmento=INTERNACIONAL,396.6235808665519,0.007947082274921038,20
H3,Teste,74,2T24,Ridge + Brent e Câmbio,10.0,372,Segmento=REFINO / RTC,5663.0648891218925,0.11346991145544273,3
H3,Teste,75,3T24,Ridge Contábil,0.1,376,Custo_t,16218.450659829978,0.290507478799455,1
H3,Teste,75,3T24,Ridge Contábil,0.1,376,Custo_t_1,4985.386629747833,0.08929904163014162,5
H3,Teste,75,3T24,Ridge Contábil,0.1,376,Custo_t_4,-2856.545316279928,0.05116689598250276,7
H3,Teste,75,3T24,Ridge Contábil,0.1,376,Receita_t,6958.182957280547,0.12463608456457201,3
H3,Teste,75,3T24,Ridge Contábil,0.1,376,Receita_t_1,-8828.505977312867,0.1581376092469468,2
H3,Teste,75,3T24,Ridge Contábil,0.1,376,Receita_t_4,2938.1052139294266,0.05262780989680053,6
H3,Teste,75,3T24,Ridge Contábil,0.1,376,Despesas_t,107.17632964653377,0.0019197595359531224,17
H3,Teste,75,3T24,Ridge Contábil,0.1,376,Despesas_t_1,443.5942584145573,0.007945731212236393,13
H3,Teste,75,3T24,Ridge Contábil,0.1,376,Despesas_t_4,-33.7682228520008,0.0006048618015387996,20
H3,Teste,75,3T24,Ridge Contábil,0.1,376,EBIT_t,1944.3633910052636,0.03482774763374466,8
H3,Teste,75,3T24,Ridge Contábil,0.1,376,EBIT_t_1,-1157.079781829235,0.020725797873010782,10
H3,Teste,75,3T24,Ridge Contábil,0.1,376,EBIT_t_4,65.74135436786243,0.00117756964033391,18
H3,Teste,75,3T24,Ridge Contábil,0.1,376,Trimestre_Sin,883.114159579875,0.01581848188662545,12
H3,Teste,75,3T24,Ridge Contábil,0.1,376,Trimestre_Cos,238.00245480957648,0.004263137986790664,16
H3,Teste,75,3T24,Ridge Contábil,0.1,376,Segmento=CORPORATIVO / OUTROS NEGÓCIOS,-37.31597649164169,0.0006684097314163673,19
H3,Teste,75,3T24,Ridge Contábil,0.1,376,Segmento=DISTRIBUIÇÃO,1165.2163117786247,0.02087154069711592,9
H3,Teste,75,3T24,Ridge Contábil,0.1,376,Segmento=E&P,889.8817780384043,0.015939704549449433,11
H3,Teste,75,3T24,Ridge Contábil,0.1,376,Segmento=GÁS & ENERGIA / G&EBC,374.30660663440415,0.006704639726201815,14
H3,Teste,75,3T24,Ridge Contábil,0.1,376,Segmento=INTERNACIONAL,305.640683414373,0.005474684741445131,15
H3,Teste,75,3T24,Ridge Contábil,0.1,376,Segmento=REFINO / RTC,5397.618953749545,0.09668301286371893,4
H3,Teste,75,3T24,Ridge + Brent e Câmbio,10.0,376,Custo_t,8654.035405881035,0.17602378145528438,1
H3,Teste,75,3T24,Ridge + Brent e Câmbio,10.0,376,Custo_t_1,3778.4482676821367,0.07685394395990078,4
H3,Teste,75,3T24,Ridge + Brent e Câmbio,10.0,376,Custo_t_4,126.68595139933593,0.002576802517749953,28
H3,Teste,75,3T24,Ridge + Brent e Câmbio,10.0,376,Receita_t,5839.800438517269,0.11878201416110182,2
H3,Teste,75,3T24,Ridge + Brent e Câmbio,10.0,376,Receita_t_1,1175.4291406156299,0.023908323973725908,13
H3,Teste,75,3T24,Ridge + Brent e Câmbio,10.0,376,Receita_t_4,387.92850975221535,0.007890497325039117,19
H3,Teste,75,3T24,Ridge + Brent e Câmbio,10.0,376,Despesas_t,-782.9729893767255,0.015925734053939697,16
H3,Teste,75,3T24,Ridge + Brent e Câmbio,10.0,376,Despesas_t_1,-361.67683153229785,0.007356536062680869,21
H3,Teste,75,3T24,Ridge + Brent e Câmbio,10.0,376,Despesas_t_4,-257.94979091382424,0.0052467196507417985,25
H3,Teste,75,3T24,Ridge + Brent e Câmbio,10.0,376,EBIT_t,216.792302482254,0.0044095730007519185,27
H3,Teste,75,3T24,Ridge + Brent e Câmbio,10.0,376,EBIT_t_1,-1619.2782891388586,0.03293625162302502,11
H3,Teste,75,3T24,Ridge + Brent e Câmbio,10.0,376,EBIT_t_4,-281.09235145317325,0.00571744120752278,23
H3,Teste,75,3T24,Ridge + Brent e Câmbio,10.0,376,Trimestre_Sin,493.48533774003874,0.01003753176035179,18
H3,Teste,75,3T24,Ridge + Brent e Câmbio,10.0,376,Trimestre_Cos,562.9259490318062,0.011449959421305996,17
H3,Teste,75,3T24,Ridge + Brent e Câmbio,10.0,376,Brent_t,1591.1207306604736,0.03236352460176215,12
H3,Teste,75,3T24,Ridge + Brent e Câmbio,10.0,376,Brent_t_1,-1848.9981332008688,0.03760877186712225,9
H3,Teste,75,3T24,Ridge + Brent e Câmbio,10.0,376,Brent_t_4,2177.9422234470817,0.04429952131947117,8
H3,Teste,75,3T24,Ridge + Brent e Câmbio,10.0,376,USD_BRL_t,2766.9633580619966,0.05628025893022098,7
H3,Teste,75,3T24,Ridge + Brent e Câmbio,10.0,376,USD_BRL_t_1,1692.5078151692971,0.03442574611680722,10
H3,Teste,75,3T24,Ridge + Brent e Câmbio,10.0,376,USD_BRL_t_4,-266.1427371101814,0.005413364840309942,24
H3,Teste,75,3T24,Ridge + Brent e Câmbio,10.0,376,Brent_BRL_t,-2977.837261944486,0.06056945122384264,5
H3,Teste,75,3T24,Ridge + Brent e Câmbio,10.0,376,Brent_Var_AA,2811.0807180135744,0.05717760960678781,6
H3,Teste,75,3T24,Ridge + Brent e Câmbio,10.0,376,USD_BRL_Var_AA,228.2089602622337,0.004641788745171828,26
H3,Teste,75,3T24,Ridge + Brent e Câmbio,10.0,376,Segmento=CORPORATIVO / OUTROS NEGÓCIOS,-358.1647685234278,0.007285100416472349,22
H3,Teste,75,3T24,Ridge + Brent e Câmbio,10.0,376,Segmento=DISTRIBUIÇÃO,1112.5243805898629,0.022628836057169893,14
H3,Teste,75,3T24,Ridge + Brent e Câmbio,10.0,376,Segmento=E&P,942.8050374518707,0.019176730864145793,15
H3,Teste,75,3T24,Ridge + Brent e Câmbio,10.0,376,Segmento=GÁS & ENERGIA / G&EBC,46.52724239824442,0.0009463678808223959,29
H3,Teste,75,3T24,Ridge + Brent e Câmbio,10.0,376,Segmento=INTERNACIONAL,381.9135320431854,0.007768152190999893,20
H3,Teste,75,3T24,Ridge + Brent e Câmbio,10.0,376,Segmento=REFINO / RTC,5422.774125801255,0.11029966516577165,3
H3,Teste,76,4T24,Ridge Contábil,0.1,380,Custo_t,17103.587557330622,0.30450826584909907,1
H3,Teste,76,4T24,Ridge Contábil,0.1,380,Custo_t_1,5061.956809908922,0.09012189313041251,5
H3,Teste,76,4T24,Ridge Contábil,0.1,380,Custo_t_4,-2460.9413865332153,0.043814023897478904,7
H3,Teste,76,4T24,Ridge Contábil,0.1,380,Receita_t,6543.274254613555,0.1164949218734785,3
H3,Teste,76,4T24,Ridge Contábil,0.1,380,Receita_t_1,-9183.99648797118,0.16350972184883472,2
H3,Teste,76,4T24,Ridge Contábil,0.1,380,Receita_t_4,2731.1799645434257,0.048625288228987304,6
H3,Teste,76,4T24,Ridge Contábil,0.1,380,Despesas_t,104.07197698106988,0.0018528730962300499,18
H3,Teste,76,4T24,Ridge Contábil,0.1,380,Despesas_t_1,448.70217651615127,0.007988588428928071,13
H3,Teste,76,4T24,Ridge Contábil,0.1,380,Despesas_t_4,-3.248973853107318,5.7843969312434844e-05,20
H3,Teste,76,4T24,Ridge Contábil,0.1,380,EBIT_t,2060.546239692283,0.03668548250753695,8
H3,Teste,76,4T24,Ridge Contábil,0.1,380,EBIT_t_1,-1119.3839859316436,0.019929250236696876,10
H3,Teste,76,4T24,Ridge Contábil,0.1,380,EBIT_t_4,151.91285273745157,0.0027046208400555347,17
H3,Teste,76,4T24,Ridge Contábil,0.1,380,Trimestre_Sin,891.7645179621923,0.015876766555566194,12
H3,Teste,76,4T24,Ridge Contábil,0.1,380,Trimestre_Cos,236.15664940680423,0.004204477659353881,16
H3,Teste,76,4T24,Ridge Contábil,0.1,380,Segmento=CORPORATIVO / OUTROS NEGÓCIOS,-21.844641634441153,0.0003889168819057322,19
H3,Teste,76,4T24,Ridge Contábil,0.1,380,Segmento=DISTRIBUIÇÃO,1126.139277310094,0.02004951986177186,9
H3,Teste,76,4T24,Ridge Contábil,0.1,380,Segmento=E&P,944.2540781020765,0.01681127838706365,11
H3,Teste,76,4T24,Ridge Contábil,0.1,380,Segmento=GÁS & ENERGIA / G&EBC,374.84356241285724,0.006673626966999438,14
H3,Teste,76,4T24,Ridge Contábil,0.1,380,Segmento=INTERNACIONAL,301.278739702323,0.005363896098198169,15
H3,Teste,76,4T24,Ridge Contábil,0.1,380,Segmento=REFINO / RTC,5298.808418602323,0.09433874368209018,4
H3,Teste,76,4T24,Ridge + Brent e Câmbio,10.0,380,Custo_t,8856.932712337144,0.17874356137710062,1
H3,Teste,76,4T24,Ridge + Brent e Câmbio,10.0,380,Custo_t_1,3819.6064003246174,0.07708425402191325,4
H3,Teste,76,4T24,Ridge + Brent e Câmbio,10.0,380,Custo_t_4,410.08702037545635,0.008276049607369138,20
H3,Teste,76,4T24,Ridge + Brent e Câmbio,10.0,380,Receita_t,5860.5145196134345,0.11827223608448234,2
H3,Teste,76,4T24,Ridge + Brent e Câmbio,10.0,380,Receita_t_1,1100.6319082597863,0.022212076509692223,13
H3,Teste,76,4T24,Ridge + Brent e Câmbio,10.0,380,Receita_t_4,503.29052130813926,0.010157008425800263,18
H3,Teste,76,4T24,Ridge + Brent e Câmbio,10.0,380,Despesas_t,-833.3453484901528,0.016817912056471415,16
H3,Teste,76,4T24,Ridge + Brent e Câmbio,10.0,380,Despesas_t_1,-382.4739108251695,0.007718783824505141,21
H3,Teste,76,4T24,Ridge + Brent e Câmbio,10.0,380,Despesas_t_4,-252.73909309906946,0.0051005790680581425,26
H3,Teste,76,4T24,Ridge + Brent e Câmbio,10.0,380,EBIT_t,202.9149349757763,0.004095067594185469,28
H3,Teste,76,4T24,Ridge + Brent e Câmbio,10.0,380,EBIT_t_1,-1663.2865473826964,0.03356712427719839,11
H3,Teste,76,4T24,Ridge + Brent e Câmbio,10.0,380,EBIT_t_4,-291.9561482665423,0.005892026438725431,24
H3,Teste,76,4T24,Ridge + Brent e Câmbio,10.0,380,Trimestre_Sin,500.42830291169633,0.01009924541390489,19
H3,Teste,76,4T24,Ridge + Brent e Câmbio,10.0,380,Trimestre_Cos,573.7769959857603,0.011579510314659055,17
H3,Teste,76,4T24,Ridge + Brent e Câmbio,10.0,380,Brent_t,1553.9324729173334,0.03136022744780182,12
H3,Teste,76,4T24,Ridge + Brent e Câmbio,10.0,380,Brent_t_1,-1833.6664450364356,0.03700559566258832,9
H3,Teste,76,4T24,Ridge + Brent e Câmbio,10.0,380,Brent_t_4,2131.838883255833,0.04302307431381371,8
H3,Teste,76,4T24,Ridge + Brent e Câmbio,10.0,380,USD_BRL_t,2751.403255924778,0.055526628994652404,7
H3,Teste,76,4T24,Ridge + Brent e Câmbio,10.0,380,USD_BRL_t_1,1674.0422181658096,0.03378418665795865,10
H3,Teste,76,4T24,Ridge + Brent e Câmbio,10.0,380,USD_BRL_t_4,-271.2772937684525,0.005474702268130925,25
H3,Teste,76,4T24,Ridge + Brent e Câmbio,10.0,380,Brent_BRL_t,-2977.8929127300967,0.06009746284733245,5
H3,Teste,76,4T24,Ridge + Brent e Câmbio,10.0,380,Brent_Var_AA,2823.9112622346443,0.05698992782474579,6
H3,Teste,76,4T24,Ridge + Brent e Câmbio,10.0,380,USD_BRL_Var_AA,251.49203400937043,0.005075411914803156,27
H3,Teste,76,4T24,Ridge + Brent e Câmbio,10.0,380,Segmento=CORPORATIVO / OUTROS NEGÓCIOS,-341.21103108758217,0.006886049251880716,23
H3,Teste,76,4T24,Ridge + Brent e Câmbio,10.0,380,Segmento=DISTRIBUIÇÃO,1059.575431374394,0.021383507395029144,14
H3,Teste,76,4T24,Ridge + Brent e Câmbio,10.0,380,Segmento=E&P,926.8063759289548,0.018704068069726954,15
H3,Teste,76,4T24,Ridge + Brent e Câmbio,10.0,380,Segmento=GÁS & ENERGIA / G&EBC,44.04139942875201,0.0008888084439166147,29
H3,Teste,76,4T24,Ridge + Brent e Câmbio,10.0,380,Segmento=INTERNACIONAL,374.1832249603593,0.007551467805984332,22
H3,Teste,76,4T24,Ridge + Brent e Câmbio,10.0,380,Segmento=REFINO / RTC,5283.800152609158,0.10663344608756896,3
H3,Teste,77,1T25,Ridge Contábil,0.1,384,Custo_t,17022.45926999425,0.3007110523749893,1
H3,Teste,77,1T25,Ridge Contábil,0.1,384,Custo_t_1,5596.51831163995,0.0988655566411419,4
H3,Teste,77,1T25,Ridge Contábil,0.1,384,Custo_t_4,-2466.5347101472007,0.04357268457180185,7
H3,Teste,77,1T25,Ridge Contábil,0.1,384,Receita_t,6437.8149077236485,0.11372752110556976,3
H3,Teste,77,1T25,Ridge Contábil,0.1,384,Receita_t_1,-9352.61720569784,0.16521909776828494,2
H3,Teste,77,1T25,Ridge Contábil,0.1,384,Receita_t_4,2941.7983428661255,0.051968476559531275,6
H3,Teste,77,1T25,Ridge Contábil,0.1,384,Despesas_t,83.90108674325761,0.0014821585817769312,18
H3,Teste,77,1T25,Ridge Contábil,0.1,384,Despesas_t_1,430.0061429070919,0.007596293679447018,13
H3,Teste,77,1T25,Ridge Contábil,0.1,384,Despesas_t_4,-2.4443553788423533,4.318087455470222e-05,20
H3,Teste,77,1T25,Ridge Contábil,0.1,384,EBIT_t,2086.8487955162273,0.03686532524435733,8
H3,Teste,77,1T25,Ridge Contábil,0.1,384,EBIT_t_1,-1098.7728406128,0.01941042313457937,9
H3,Teste,77,1T25,Ridge Contábil,0.1,384,EBIT_t_4,119.69743051778467,0.002114520571127637,17
H3,Teste,77,1T25,Ridge Contábil,0.1,384,Trimestre_Sin,912.5527600514287,0.016120743570024642,11
H3,Teste,77,1T25,Ridge Contábil,0.1,384,Trimestre_Cos,229.63237799066343,0.0040565815402868665,16
H3,Teste,77,1T25,Ridge Contábil,0.1,384,Segmento=CORPORATIVO / OUTROS NEGÓCIOS,-19.039122870002718,0.00033633651775729446,19
H3,Teste,77,1T25,Ridge Contábil,0.1,384,Segmento=DISTRIBUIÇÃO,1074.1561599937347,0.018975556008888155,10
H3,Teste,77,1T25,Ridge Contábil,0.1,384,Segmento=E&P,907.685850939031,0.01603476695890228,12
H3,Teste,77,1T25,Ridge Contábil,0.1,384,Segmento=GÁS & ENERGIA / G&EBC,366.5972997927797,0.006476141788327713,14
H3,Teste,77,1T25,Ridge Contábil,0.1,384,Segmento=INTERNACIONAL,289.80830554327076,0.00511962220996748,15
H3,Teste,77,1T25,Ridge Contábil,0.1,384,Segmento=REFINO / RTC,5168.476293433303,0.09130396029868353,5
H3,Teste,77,1T25,Ridge + Brent e Câmbio,10.0,384,Custo_t,8874.147273985378,0.17800325585567012,1
H3,Teste,77,1T25,Ridge + Brent e Câmbio,10.0,384,Custo_t_1,3950.371592183013,0.07923905064204848,4
H3,Teste,77,1T25,Ridge + Brent e Câmbio,10.0,384,Custo_t_4,510.5478439510098,0.010240891399197899,19
H3,Teste,77,1T25,Ridge + Brent e Câmbio,10.0,384,Receita_t,5848.955662018455,0.11732205011368586,2
H3,Teste,77,1T25,Ridge + Brent e Câmbio,10.0,384,Receita_t_1,1173.0603195077258,0.02352998544430196,13
H3,Teste,77,1T25,Ridge + Brent e Câmbio,10.0,384,Receita_t_4,544.5321454656695,0.010922570002315498,18
H3,Teste,77,1T25,Ridge + Brent e Câmbio,10.0,384,Despesas_t,-833.4774340666492,0.01671841725920151,16
H3,Teste,77,1T25,Ridge + Brent e Câmbio,10.0,384,Despesas_t_1,-415.6098569856361,0.008336565241150014,21
H3,Teste,77,1T25,Ridge + Brent e Câmbio,10.0,384,Despesas_t_4,-233.67857080775332,0.004687272494273051,27
H3,Teste,77,1T25,Ridge + Brent e Câmbio,10.0,384,EBIT_t,197.8976418127786,0.003969556001408753,28
H3,Teste,77,1T25,Ridge + Brent e Câmbio,10.0,384,EBIT_t_1,-1692.5854837816498,0.033950949609592274,10
H3,Teste,77,1T25,Ridge + Brent e Câmbio,10.0,384,EBIT_t_4,-303.63341018651903,0.0060904708848141245,24
H3,Teste,77,1T25,Ridge + Brent e Câmbio,10.0,384,Trimestre_Sin,508.63892948932966,0.010202601186196234,20
H3,Teste,77,1T25,Ridge + Brent e Câmbio,10.0,384,Trimestre_Cos,568.3562988286914,0.011400449931021952,17
H3,Teste,77,1T25,Ridge + Brent e Câmbio,10.0,384,Brent_t,1536.684911390955,0.03082379737529727,12
H3,Teste,77,1T25,Ridge + Brent e Câmbio,10.0,384,Brent_t_1,-1834.417886404856,0.036795913601431085,9
H3,Teste,77,1T25,Ridge + Brent e Câmbio,10.0,384,Brent_t_4,2107.505002150819,0.04227366760237238,8
H3,Teste,77,1T25,Ridge + Brent e Câmbio,10.0,384,USD_BRL_t,2745.176259645704,0.05506448079209902,7
H3,Teste,77,1T25,Ridge + Brent e Câmbio,10.0,384,USD_BRL_t_1,1668.161663287313,0.033461041178483496,11
H3,Teste,77,1T25,Ridge + Brent e Câmbio,10.0,384,USD_BRL_t_4,-269.4474385640017,0.005404747055186406,25
H3,Teste,77,1T25,Ridge + Brent e Câmbio,10.0,384,Brent_BRL_t,-2980.6851963569566,0.059788467922738904,5
H3,Teste,77,1T25,Ridge + Brent e Câmbio,10.0,384,Brent_Var_AA,2820.807501546796,0.05658154005279756,6
H3,Teste,77,1T25,Ridge + Brent e Câmbio,10.0,384,USD_BRL_Var_AA,263.66975469572566,0.0052888546197664065,26
H3,Teste,77,1T25,Ridge + Brent e Câmbio,10.0,384,Segmento=CORPORATIVO / OUTROS NEGÓCIOS,-343.4576087933325,0.006889289835524647,23
H3,Teste,77,1T25,Ridge + Brent e Câmbio,10.0,384,Segmento=DISTRIBUIÇÃO,1039.7460352660758,0.02085588325572912,14
H3,Teste,77,1T25,Ridge + Brent e Câmbio,10.0,384,Segmento=E&P,922.7216440378658,0.018508534038952598,15
H3,Teste,77,1T25,Ridge + Brent e Câmbio,10.0,384,Segmento=GÁS & ENERGIA / G&EBC,46.049801548794505,0.0009236960300650526,29
H3,Teste,77,1T25,Ridge + Brent e Câmbio,10.0,384,Segmento=INTERNACIONAL,370.30907097874217,0.0074278934383181115,22
H3,Teste,77,1T25,Ridge + Brent e Câmbio,10.0,384,Segmento=REFINO / RTC,5249.515835584557,0.10529810713636004,3
H3,Teste,78,2T25,Ridge Contábil,0.1,388,Custo_t,17331.44544173147,0.3070554111114384,1
H3,Teste,78,2T25,Ridge Contábil,0.1,388,Custo_t_1,5186.491915226089,0.0918873392649239,4
H3,Teste,78,2T25,Ridge Contábil,0.1,388,Custo_t_4,-2622.8577927427064,0.046468292592507114,7
H3,Teste,78,2T25,Ridge Contábil,0.1,388,Receita_t,6688.615812839932,0.11849996499615985,3
H3,Teste,78,2T25,Ridge Contábil,0.1,388,Receita_t_1,-9069.647941521534,0.16068391333444873,2
H3,Teste,78,2T25,Ridge Contábil,0.1,388,Receita_t_4,3212.9656327583125,0.05692303544850591,6
H3,Teste,78,2T25,Ridge Contábil,0.1,388,Despesas_t,59.433872220327586,0.00105296999779461,17
H3,Teste,78,2T25,Ridge Contábil,0.1,388,Despesas_t_1,400.5798028109169,0.007096938131823637,13
H3,Teste,78,2T25,Ridge Contábil,0.1,388,Despesas_t_4,-32.986377664797146,0.0005844085993285493,18
H3,Teste,78,2T25,Ridge Contábil,0.1,388,EBIT_t,2024.164803593457,0.03586144952619716,8
H3,Teste,78,2T25,Ridge Contábil,0.1,388,EBIT_t_1,-1152.6835105375455,0.020421707491127903,9
H3,Teste,78,2T25,Ridge Contábil,0.1,388,EBIT_t_4,32.537962962369754,0.0005764641863097295,19
H3,Teste,78,2T25,Ridge Contábil,0.1,388,Trimestre_Sin,915.163122800038,0.01621363837483367,11
H3,Teste,78,2T25,Ridge Contábil,0.1,388,Trimestre_Cos,167.6486006065459,0.002970174077780643,16
H3,Teste,78,2T25,Ridge Contábil,0.1,388,Segmento=CORPORATIVO / OUTROS NEGÓCIOS,-13.667794054982368,0.00024214772718459502,20
H3,Teste,78,2T25,Ridge Contábil,0.1,388,Segmento=DISTRIBUIÇÃO,1026.7270139975913,0.018190178450041283,10
H3,Teste,78,2T25,Ridge Contábil,0.1,388,Segmento=E&P,827.5124040540143,0.014660759962628682,12
H3,Teste,78,2T25,Ridge Contábil,0.1,388,Segmento=GÁS & ENERGIA / G&EBC,350.64835120377643,0.0062123193357649445,14
H3,Teste,78,2T25,Ridge Contábil,0.1,388,Segmento=INTERNACIONAL,276.08137303772384,0.004891241171044511,15
H3,Teste,78,2T25,Ridge Contábil,0.1,388,Segmento=REFINO / RTC,5052.172444925359,0.08950764622015608,5
H3,Teste,78,2T25,Ridge + Brent e Câmbio,10.0,388,Custo_t,9004.369504269645,0.18109083338499166,1
H3,Teste,78,2T25,Ridge + Brent e Câmbio,10.0,388,Custo_t_1,3915.502273770373,0.07874638746685012,4
H3,Teste,78,2T25,Ridge + Brent e Câmbio,10.0,388,Custo_t_4,552.6200193890113,0.01111398413947068,18
H3,Teste,78,2T25,Ridge + Brent e Câmbio,10.0,388,Receita_t,5984.655030368632,0.12036002814602882,2
H3,Teste,78,2T25,Ridge + Brent e Câmbio,10.0,388,Receita_t_1,1249.1172862045835,0.025121546849796318,13
H3,Teste,78,2T25,Ridge + Brent e Câmbio,10.0,388,Receita_t_4,639.3698156232592,0.012858647426399217,17
H3,Teste,78,2T25,Ridge + Brent e Câmbio,10.0,388,Despesas_t,-850.0565924437668,0.0170958618120963,16
H3,Teste,78,2T25,Ridge + Brent e Câmbio,10.0,388,Despesas_t_1,-427.59128433082736,0.008599476286586388,21
H3,Teste,78,2T25,Ridge + Brent e Câmbio,10.0,388,Despesas_t_4,-258.6368852923508,0.005201560095849185,26
H3,Teste,78,2T25,Ridge + Brent e Câmbio,10.0,388,EBIT_t,152.29160317677972,0.003062803378264563,28
H3,Teste,78,2T25,Ridge + Brent e Câmbio,10.0,388,EBIT_t_1,-1682.0400165434623,0.03382824619073286,10
H3,Teste,78,2T25,Ridge + Brent e Câmbio,10.0,388,EBIT_t_4,-354.2704222350288,0.007124888197421651,23
H3,Teste,78,2T25,Ridge + Brent e Câmbio,10.0,388,Trimestre_Sin,514.6717951279971,0.01035079071947064,19
H3,Teste,78,2T25,Ridge + Brent e Câmbio,10.0,388,Trimestre_Cos,492.51612592743646,0.009905208316635078,20
H3,Teste,78,2T25,Ridge + Brent e Câmbio,10.0,388,Brent_t,1517.7690714167911,0.030524521000443477,11
H3,Teste,78,2T25,Ridge + Brent e Câmbio,10.0,388,Brent_t_1,-1836.0399479399246,0.03692540650879767,9
H3,Teste,78,2T25,Ridge + Brent e Câmbio,10.0,388,Brent_t_4,1986.017050044212,0.03994166193854798,8
H3,Teste,78,2T25,Ridge + Brent e Câmbio,10.0,388,USD_BRL_t,2873.0305783565623,0.057780780934017756,5
H3,Teste,78,2T25,Ridge + Brent e Câmbio,10.0,388,USD_BRL_t_1,1498.066883350569,0.03012828163524104,12
H3,Teste,78,2T25,Ridge + Brent e Câmbio,10.0,388,USD_BRL_t_4,-327.8151545727332,0.006592834679835945,25
H3,Teste,78,2T25,Ridge + Brent e Câmbio,10.0,388,Brent_BRL_t,-2837.012535100207,0.057056406232702216,6
H3,Teste,78,2T25,Ridge + Brent e Câmbio,10.0,388,Brent_Var_AA,2694.0140483522378,0.054180500804154076,7
H3,Teste,78,2T25,Ridge + Brent e Câmbio,10.0,388,USD_BRL_Var_AA,240.14766092102303,0.00482971517672873,27
H3,Teste,78,2T25,Ridge + Brent e Câmbio,10.0,388,Segmento=CORPORATIVO / OUTROS NEGÓCIOS,-331.1200203006256,0.006659300287295273,24
H3,Teste,78,2T25,Ridge + Brent e Câmbio,10.0,388,Segmento=DISTRIBUIÇÃO,1010.6064533115664,0.020324750641081836,14
H3,Teste,78,2T25,Ridge + Brent e Câmbio,10.0,388,Segmento=E&P,907.559525352116,0.018252328573874183,15
H3,Teste,78,2T25,Ridge + Brent e Câmbio,10.0,388,Segmento=GÁS & ENERGIA / G&EBC,37.017750156833294,0.0007444802462581839,29
H3,Teste,78,2T25,Ridge + Brent e Câmbio,10.0,388,Segmento=INTERNACIONAL,372.03327295144993,0.007482124696657342,22
H3,Teste,78,2T25,Ridge + Brent e Câmbio,10.0,388,Segmento=REFINO / RTC,5176.986149444479,0.10411664423377101,3
H3,Teste,79,3T25,Ridge Contábil,0.1,392,Custo_t,17358.62571332907,0.3030773829073833,1
H3,Teste,79,3T25,Ridge Contábil,0.1,392,Custo_t_1,5254.826302919934,0.09174798914518553,4
H3,Teste,79,3T25,Ridge Contábil,0.1,392,Custo_t_4,-2771.883617244975,0.048396413766406556,7
H3,Teste,79,3T25,Ridge Contábil,0.1,392,Receita_t,6974.473996437964,0.12177261961313565,3
H3,Teste,79,3T25,Ridge Contábil,0.1,392,Receita_t_1,-9148.842182691127,0.15973655928496452,2
H3,Teste,79,3T25,Ridge Contábil,0.1,392,Receita_t_4,3355.637240219856,0.05858861004022089,6
H3,Teste,79,3T25,Ridge Contábil,0.1,392,Despesas_t,53.79508571775276,0.0009392491123358654,17
H3,Teste,79,3T25,Ridge Contábil,0.1,392,Despesas_t_1,397.19097675422796,0.006934857847454105,13
H3,Teste,79,3T25,Ridge Contábil,0.1,392,Despesas_t_4,-37.992606062949285,0.0006633416611171081,18
H3,Teste,79,3T25,Ridge Contábil,0.1,392,EBIT_t,2027.1527285943728,0.0353935935875488,8
H3,Teste,79,3T25,Ridge Contábil,0.1,392,EBIT_t_1,-1190.124091114515,0.02077927716322882,9
H3,Teste,79,3T25,Ridge Contábil,0.1,392,EBIT_t_4,12.700069680116618,0.00022174012764360505,20
H3,Teste,79,3T25,Ridge Contábil,0.1,392,Trimestre_Sin,919.2587723677054,0.01605003457905807,11
H3,Teste,79,3T25,Ridge Contábil,0.1,392,Trimestre_Cos,168.07354294921538,0.0029345231802483883,16
H3,Teste,79,3T25,Ridge Contábil,0.1,392,Segmento=CORPORATIVO / OUTROS NEGÓCIOS,-15.67980832190444,0.000273765639583044,19
H3,Teste,79,3T25,Ridge Contábil,0.1,392,Segmento=DISTRIBUIÇÃO,1036.8020049939169,0.01810231083128874,10
H3,Teste,79,3T25,Ridge Contábil,0.1,392,Segmento=E&P,817.9977807829833,0.014282042295167852,12
H3,Teste,79,3T25,Ridge Contábil,0.1,392,Segmento=GÁS & ENERGIA / G&EBC,350.6123562349729,0.006121606462261089,14
H3,Teste,79,3T25,Ridge Contábil,0.1,392,Segmento=INTERNACIONAL,277.05413126968074,0.004837297745547723,15
H3,Teste,79,3T25,Ridge Contábil,0.1,392,Segmento=REFINO / RTC,5105.843463785996,0.08914678501022029,5
H3,Teste,79,3T25,Ridge + Brent e Câmbio,10.0,392,Custo_t,9034.465528418319,0.18060646283334042,1
H3,Teste,79,3T25,Ridge + Brent e Câmbio,10.0,392,Custo_t_1,3969.86270195799,0.07936084965727504,4
H3,Teste,79,3T25,Ridge + Brent e Câmbio,10.0,392,Custo_t_4,569.9323119198236,0.01139341985272793,18
H3,Teste,79,3T25,Ridge + Brent e Câmbio,10.0,392,Receita_t,6056.946816759495,0.12108339300245342,2
H3,Teste,79,3T25,Ridge + Brent e Câmbio,10.0,392,Receita_t_1,1322.8111912066965,0.026444093398630204,13
H3,Teste,79,3T25,Ridge + Brent e Câmbio,10.0,392,Receita_t_4,685.5527351168973,0.013704768055810088,17
H3,Teste,79,3T25,Ridge + Brent e Câmbio,10.0,392,Despesas_t,-845.699183051075,0.016906228441677457,16
H3,Teste,79,3T25,Ridge + Brent e Câmbio,10.0,392,Despesas_t_1,-426.6239230757499,0.008528566240518246,21
H3,Teste,79,3T25,Ridge + Brent e Câmbio,10.0,392,Despesas_t_4,-256.9797754355508,0.005137238956209338,27
H3,Teste,79,3T25,Ridge + Brent e Câmbio,10.0,392,EBIT_t,155.28647230961568,0.0031043054402596377,28
H3,Teste,79,3T25,Ridge + Brent e Câmbio,10.0,392,EBIT_t_1,-1698.5642496474354,0.03395570884177112,10
H3,Teste,79,3T25,Ridge + Brent e Câmbio,10.0,392,EBIT_t_4,-356.45375255187975,0.007125806303600623,23
H3,Teste,79,3T25,Ridge + Brent e Câmbio,10.0,392,Trimestre_Sin,514.0218002381804,0.01027572232892194,19
H3,Teste,79,3T25,Ridge + Brent e Câmbio,10.0,392,Trimestre_Cos,491.5527210744535,0.009826546791296806,20
H3,Teste,79,3T25,Ridge + Brent e Câmbio,10.0,392,Brent_t,1498.5349301992471,0.029956956758998787,12
H3,Teste,79,3T25,Ridge + Brent e Câmbio,10.0,392,Brent_t_1,-1838.4081586439074,0.03675130462695556,9
H3,Teste,79,3T25,Ridge + Brent e Câmbio,10.0,392,Brent_t_4,1966.0001886739374,0.039301975184827885,8
H3,Teste,79,3T25,Ridge + Brent e Câmbio,10.0,392,USD_BRL_t,2862.7688536547016,0.05722912494841858,5
H3,Teste,79,3T25,Ridge + Brent e Câmbio,10.0,392,USD_BRL_t_1,1507.278536655886,0.03013174870762851,11
H3,Teste,79,3T25,Ridge + Brent e Câmbio,10.0,392,USD_BRL_t_4,-321.96843119412074,0.006436416113278397,25
H3,Teste,79,3T25,Ridge + Brent e Câmbio,10.0,392,Brent_BRL_t,-2846.1005028919553,0.05689591078505101,6
H3,Teste,79,3T25,Ridge + Brent e Câmbio,10.0,392,Brent_Var_AA,2690.568669475495,0.053786700372661624,7
H3,Teste,79,3T25,Ridge + Brent e Câmbio,10.0,392,USD_BRL_Var_AA,260.4504624602457,0.005206620869855475,26
H3,Teste,79,3T25,Ridge + Brent e Câmbio,10.0,392,Segmento=CORPORATIVO / OUTROS NEGÓCIOS,-332.8357855918119,0.006653663545564185,24
H3,Teste,79,3T25,Ridge + Brent e Câmbio,10.0,392,Segmento=DISTRIBUIÇÃO,1009.59536547931,0.020182649131660835,14
H3,Teste,79,3T25,Ridge + Brent e Câmbio,10.0,392,Segmento=E&P,900.831341719201,0.018008366042855502,15
H3,Teste,79,3T25,Ridge + Brent e Câmbio,10.0,392,Segmento=GÁS & ENERGIA / G&EBC,32.8870717051453,0.0006574398535175535,29
H3,Teste,79,3T25,Ridge + Brent e Câmbio,10.0,392,Segmento=INTERNACIONAL,369.8311023707703,0.007393230627183938,22
H3,Teste,79,3T25,Ridge + Brent e Câmbio,10.0,392,Segmento=REFINO / RTC,5200.123419466071,0.10395478228704973,3
H3,Teste,80,4T25,Ridge Contábil,0.1,396,Custo_t,17487.754582104364,0.30516699311893036,1
H3,Teste,80,4T25,Ridge Contábil,0.1,396,Custo_t_1,5267.734428623131,0.09192367542583313,4
H3,Teste,80,4T25,Ridge Contábil,0.1,396,Custo_t_4,-3126.941708075447,0.05456614765671816,7
H3,Teste,80,4T25,Ridge Contábil,0.1,396,Receita_t,6661.478060314051,0.11624495413916897,3
H3,Teste,80,4T25,Ridge Contábil,0.1,396,Receita_t_1,-8736.003574189235,0.15244609764478725,2
H3,Teste,80,4T25,Ridge Contábil,0.1,396,Receita_t_4,4048.820949829754,0.07065323962179013,6
H3,Teste,80,4T25,Ridge Contábil,0.1,396,Despesas_t,70.8185887442804,0.0012358073578030274,18
H3,Teste,80,4T25,Ridge Contábil,0.1,396,Despesas_t_1,334.0757110802517,0.005829729582822238,13
H3,Teste,80,4T25,Ridge Contábil,0.1,396,Despesas_t_4,-12.56752803585718,0.0002193074430244486,20
H3,Teste,80,4T25,Ridge Contábil,0.1,396,EBIT_t,1918.1010652196758,0.033471486108931296,8
H3,Teste,80,4T25,Ridge Contábil,0.1,396,EBIT_t_1,-1218.0014249915353,0.02125452016919327,9
H3,Teste,80,4T25,Ridge Contábil,0.1,396,EBIT_t_4,-97.31920778870877,0.0016982517609200635,17
H3,Teste,80,4T25,Ridge Contábil,0.1,396,Trimestre_Sin,912.627537854478,0.015925646729373903,11
H3,Teste,80,4T25,Ridge Contábil,0.1,396,Trimestre_Cos,208.77671289105953,0.003643221398556029,16
H3,Teste,80,4T25,Ridge Contábil,0.1,396,Segmento=CORPORATIVO / OUTROS NEGÓCIOS,-33.0826843267813,0.000577303578507319,19
H3,Teste,80,4T25,Ridge Contábil,0.1,396,Segmento=DISTRIBUIÇÃO,970.0361558318122,0.016927445745079685,10
H3,Teste,80,4T25,Ridge Contábil,0.1,396,Segmento=E&P,713.6781576811069,0.01245391547620825,12
H3,Teste,80,4T25,Ridge Contábil,0.1,396,Segmento=GÁS & ENERGIA / G&EBC,305.7706821523849,0.005335797641616894,14
H3,Teste,80,4T25,Ridge Contábil,0.1,396,Segmento=INTERNACIONAL,257.3415674585285,0.00449069387251096,15
H3,Teste,80,4T25,Ridge Contábil,0.1,396,Segmento=REFINO / RTC,4924.594111648153,0.08593576552822466,5
H3,Teste,80,4T25,Ridge + Brent e Câmbio,10.0,396,Custo_t,9000.751202305964,0.17885271016282397,1
H3,Teste,80,4T25,Ridge + Brent e Câmbio,10.0,396,Custo_t_1,4060.3268994555046,0.08068220682831259,4
H3,Teste,80,4T25,Ridge + Brent e Câmbio,10.0,396,Custo_t_4,647.2513800263719,0.01286144465860655,18
H3,Teste,80,4T25,Ridge + Brent e Câmbio,10.0,396,Receita_t,6019.6546299382035,0.1196157432429428,2
H3,Teste,80,4T25,Ridge + Brent e Câmbio,10.0,396,Receita_t_1,1490.581319302302,0.029619139856570387,12
H3,Teste,80,4T25,Ridge + Brent e Câmbio,10.0,396,Receita_t_4,888.1734211607009,0.017648773963275553,15
H3,Teste,80,4T25,Ridge + Brent e Câmbio,10.0,396,Despesas_t,-840.310348224503,0.016697693312455346,16
H3,Teste,80,4T25,Ridge + Brent e Câmbio,10.0,396,Despesas_t_1,-445.53105910428343,0.00885308743586863,21
H3,Teste,80,4T25,Ridge + Brent e Câmbio,10.0,396,Despesas_t_4,-220.9614861087455,0.0043906958145926225,27
H3,Teste,80,4T25,Ridge + Brent e Câmbio,10.0,396,EBIT_t,88.59470214932028,0.0017604533476510888,28
H3,Teste,80,4T25,Ridge + Brent e Câmbio,10.0,396,EBIT_t_1,-1705.847076741486,0.03389665661688116,10
H3,Teste,80,4T25,Ridge + Brent e Câmbio,10.0,396,EBIT_t_4,-340.49162109945195,0.006765862965500981,24
H3,Teste,80,4T25,Ridge + Brent e Câmbio,10.0,396,Trimestre_Sin,511.95897313281586,0.010173067533910033,19
H3,Teste,80,4T25,Ridge + Brent e Câmbio,10.0,396,Trimestre_Cos,511.5200434880662,0.010164345622286238,20
H3,Teste,80,4T25,Ridge + Brent e Câmbio,10.0,396,Brent_t,1471.7204294785988,0.02924435766503647,13
H3,Teste,80,4T25,Ridge + Brent e Câmbio,10.0,396,Brent_t_1,-1855.4801653389488,0.036869995488733744,9
H3,Teste,80,4T25,Ridge + Brent e Câmbio,10.0,396,Brent_t_4,1936.2644789989301,0.0384752496627442,8
H3,Teste,80,4T25,Ridge + Brent e Câmbio,10.0,396,USD_BRL_t,2905.728035416675,0.057739328912594055,5
H3,Teste,80,4T25,Ridge + Brent e Câmbio,10.0,396,USD_BRL_t_1,1530.1886987396708,0.03040617273811541,11
H3,Teste,80,4T25,Ridge + Brent e Câmbio,10.0,396,USD_BRL_t_4,-435.8095600413368,0.008659912842418262,22
H3,Teste,80,4T25,Ridge + Brent e Câmbio,10.0,396,Brent_BRL_t,-2822.1165221842075,0.05607789583814018,6
H3,Teste,80,4T25,Ridge + Brent e Câmbio,10.0,396,Brent_Var_AA,2726.007437068899,0.05416812520258049,7
H3,Teste,80,4T25,Ridge + Brent e Câmbio,10.0,396,USD_BRL_Var_AA,277.28442592614914,0.005509881336363235,26
H3,Teste,80,4T25,Ridge + Brent e Câmbio,10.0,396,Segmento=CORPORATIVO / OUTROS NEGÓCIOS,-338.55853637915936,0.006727450900393561,25
H3,Teste,80,4T25,Ridge + Brent e Câmbio,10.0,396,Segmento=DISTRIBUIÇÃO,966.9317064992763,0.019213769202447634,14
H3,Teste,80,4T25,Ridge + Brent e Câmbio,10.0,396,Segmento=E&P,837.2894096701705,0.016637664650898817,17
H3,Teste,80,4T25,Ridge + Brent e Câmbio,10.0,396,Segmento=GÁS & ENERGIA / G&EBC,7.158307941368686,0.00014224176923875533,29
H3,Teste,80,4T25,Ridge + Brent e Câmbio,10.0,396,Segmento=INTERNACIONAL,357.78343428700913,0.007109466247350559,23
H3,Teste,80,4T25,Ridge + Brent e Câmbio,10.0,396,Segmento=REFINO / RTC,5084.660745342048,0.10103660618126663,3
H3,Teste,81,1T26,Ridge Contábil,0.1,400,Custo_t,18104.427313858727,0.322586380736042,1
H3,Teste,81,1T26,Ridge Contábil,0.1,400,Custo_t_1,5326.192485750205,0.09490259632606178,4
H3,Teste,81,1T26,Ridge Contábil,0.1,400,Custo_t_4,-2788.927387524347,0.049693369278155354,7
H3,Teste,81,1T26,Ridge Contábil,0.1,400,Receita_t,5845.160578400684,0.10414961838444266,3
H3,Teste,81,1T26,Ridge Contábil,0.1,400,Receita_t_1,-8430.015298457714,0.1502068017692702,2
H3,Teste,81,1T26,Ridge Contábil,0.1,400,Receita_t_4,3705.2311700832743,0.06602015585616333,6
H3,Teste,81,1T26,Ridge Contábil,0.1,400,Despesas_t,89.28589349787504,0.0015909044089019763,17
H3,Teste,81,1T26,Ridge Contábil,0.1,400,Despesas_t_1,278.74655128013643,0.00496673214574869,14
H3,Teste,81,1T26,Ridge Contábil,0.1,400,Despesas_t_4,23.045984376025885,0.00041063550707680634,19
H3,Teste,81,1T26,Ridge Contábil,0.1,400,EBIT_t,1971.6269836146585,0.035130634169185035,8
H3,Teste,81,1T26,Ridge Contábil,0.1,400,EBIT_t_1,-1060.4457383560625,0.018895121440344022,9
H3,Teste,81,1T26,Ridge Contábil,0.1,400,EBIT_t_4,-79.52861987922951,0.001417048394131451,18
H3,Teste,81,1T26,Ridge Contábil,0.1,400,Trimestre_Sin,882.356034161477,0.015721902419021713,11
H3,Teste,81,1T26,Ridge Contábil,0.1,400,Trimestre_Cos,202.1179592402218,0.003601356719146139,16
H3,Teste,81,1T26,Ridge Contábil,0.1,400,Segmento=CORPORATIVO / OUTROS NEGÓCIOS,-16.5819394394836,0.00029545854926173604,20
H3,Teste,81,1T26,Ridge Contábil,0.1,400,Segmento=DISTRIBUIÇÃO,973.44844859574,0.01734499558708688,10
H3,Teste,81,1T26,Ridge Contábil,0.1,400,Segmento=E&P,801.492688742806,0.014281071760277295,12
H3,Teste,81,1T26,Ridge Contábil,0.1,400,Segmento=GÁS & ENERGIA / G&EBC,322.9598724305367,0.005754529241065262,13
H3,Teste,81,1T26,Ridge Contábil,0.1,400,Segmento=INTERNACIONAL,262.44626292066465,0.004676292081797553,15
H3,Teste,81,1T26,Ridge Contábil,0.1,400,Segmento=REFINO / RTC,4958.689584458292,0.08835439522681997,5
H3,Teste,81,1T26,Ridge + Brent e Câmbio,10.0,400,Custo_t,9056.478379341273,0.1796917487762561,1
H3,Teste,81,1T26,Ridge + Brent e Câmbio,10.0,400,Custo_t_1,4186.021203480745,0.08305584565671477,4
H3,Teste,81,1T26,Ridge + Brent e Câmbio,10.0,400,Custo_t_4,740.5328193576778,0.014693088390751638,18
H3,Teste,81,1T26,Ridge + Brent e Câmbio,10.0,400,Receita_t,5997.173521620427,0.11899135101706228,2
H3,Teste,81,1T26,Ridge + Brent e Câmbio,10.0,400,Receita_t_1,1568.9313065994281,0.0311295404663875,11
H3,Teste,81,1T26,Ridge + Brent e Câmbio,10.0,400,Receita_t_4,880.7005942859547,0.01747419066295413,15
H3,Teste,81,1T26,Ridge + Brent e Câmbio,10.0,400,Despesas_t,-839.9344966781701,0.016665340791834668,16
H3,Teste,81,1T26,Ridge + Brent e Câmbio,10.0,400,Despesas_t_1,-492.19549721413176,0.009765768318506072,20
H3,Teste,81,1T26,Ridge + Brent e Câmbio,10.0,400,Despesas_t_4,-213.11815417249463,0.004228528155776237,27
H3,Teste,81,1T26,Ridge + Brent e Câmbio,10.0,400,EBIT_t,65.61952024894636,0.0013019725608012507,28
H3,Teste,81,1T26,Ridge + Brent e Câmbio,10.0,400,EBIT_t_1,-1655.4456036828271,0.032846091280722384,10
H3,Teste,81,1T26,Ridge + Brent e Câmbio,10.0,400,EBIT_t_4,-364.5699205899604,0.007233518795944579,22
H3,Teste,81,1T26,Ridge + Brent e Câmbio,10.0,400,Trimestre_Sin,483.9579778373783,0.00960232573073778,21
H3,Teste,81,1T26,Ridge + Brent e Câmbio,10.0,400,Trimestre_Cos,505.92911684577626,0.010038260343029364,19
H3,Teste,81,1T26,Ridge + Brent e Câmbio,10.0,400,Brent_t,1455.8657683546264,0.028886180139940737,13
H3,Teste,81,1T26,Ridge + Brent e Câmbio,10.0,400,Brent_t_1,-1862.8145552824076,0.036960548136251,9
H3,Teste,81,1T26,Ridge + Brent e Câmbio,10.0,400,Brent_t_4,1918.6103005369037,0.03806760483302679,8
H3,Teste,81,1T26,Ridge + Brent e Câmbio,10.0,400,USD_BRL_t,2863.6229962939497,0.056817827248806345,6
H3,Teste,81,1T26,Ridge + Brent e Câmbio,10.0,400,USD_BRL_t_1,1458.1156929079093,0.028930821429927835,12
H3,Teste,81,1T26,Ridge + Brent e Câmbio,10.0,400,USD_BRL_t_4,-300.05382315565254,0.005953439510531066,26
H3,Teste,81,1T26,Ridge + Brent e Câmbio,10.0,400,Brent_BRL_t,-2883.2338381331856,0.05720693064169968,5
H3,Teste,81,1T26,Ridge + Brent e Câmbio,10.0,400,Brent_Var_AA,2743.1144673389094,0.05442678876747114,7
H3,Teste,81,1T26,Ridge + Brent e Câmbio,10.0,400,USD_BRL_Var_AA,333.2909352047737,0.006612904982452543,24
H3,Teste,81,1T26,Ridge + Brent e Câmbio,10.0,400,Segmento=CORPORATIVO / OUTROS NEGÓCIOS,-333.0931474391081,0.0066089806281936,25
H3,Teste,81,1T26,Ridge + Brent e Câmbio,10.0,400,Segmento=DISTRIBUIÇÃO,947.8001497728361,0.018805528956109104,14
H3,Teste,81,1T26,Ridge + Brent e Câmbio,10.0,400,Segmento=E&P,835.2168115137187,0.01657173607465124,17
H3,Teste,81,1T26,Ridge + Brent e Câmbio,10.0,400,Segmento=GÁS & ENERGIA / G&EBC,2.9563198701446254,5.865704804420027e-05,29
H3,Teste,81,1T26,Ridge + Brent e Câmbio,10.0,400,Segmento=INTERNACIONAL,351.0244331269387,0.006964759546675078,23
H3,Teste,81,1T26,Ridge + Brent e Câmbio,10.0,400,Segmento=REFINO / RTC,5060.657901600654,0.10040972110874102,3
H3,Teste,82,2T26,Ridge Contábil,0.1,404,Custo_t,18309.852543557427,0.3216791969025851,1
H3,Teste,82,2T26,Ridge Contábil,0.1,404,Custo_t_1,4993.3886053755905,0.08772704381854389,5
H3,Teste,82,2T26,Ridge Contábil,0.1,404,Custo_t_4,-3377.058777521745,0.05933032791289523,7
H3,Teste,82,2T26,Ridge Contábil,0.1,404,Receita_t,5884.031607171631,0.10337442955598214,3
H3,Teste,82,2T26,Ridge Contábil,0.1,404,Receita_t_1,-8072.534802792028,0.1418234530372565,2
H3,Teste,82,2T26,Ridge Contábil,0.1,404,Receita_t_4,4190.820830995893,0.07362701999212608,6
H3,Teste,82,2T26,Ridge Contábil,0.1,404,Despesas_t,80.78862055840489,0.0014193461426449119,18
H3,Teste,82,2T26,Ridge Contábil,0.1,404,Despesas_t_1,253.6828387469149,0.004456862317265863,15
H3,Teste,82,2T26,Ridge Contábil,0.1,404,Despesas_t_4,19.027741107700965,0.0003342915222192355,20
H3,Teste,82,2T26,Ridge Contábil,0.1,404,EBIT_t,1919.9291072199583,0.03373054216855094,8
H3,Teste,82,2T26,Ridge Contábil,0.1,404,EBIT_t_1,-1112.601363443017,0.019546892156212543,9
H3,Teste,82,2T26,Ridge Contábil,0.1,404,EBIT_t_4,-160.84114597188426,0.002825760095120611,17
H3,Teste,82,2T26,Ridge Contábil,0.1,404,Trimestre_Sin,874.4567429878673,0.015363015193116059,11
H3,Teste,82,2T26,Ridge Contábil,0.1,404,Trimestre_Cos,208.2242687024337,0.003658217092272286,16
H3,Teste,82,2T26,Ridge Contábil,0.1,404,Segmento=CORPORATIVO / OUTROS NEGÓCIOS,-23.944398744233812,0.0004206705073149593,19
H3,Teste,82,2T26,Ridge Contábil,0.1,404,Segmento=DISTRIBUIÇÃO,1003.7802478910337,0.017635053217393643,10
H3,Teste,82,2T26,Ridge Contábil,0.1,404,Segmento=E&P,774.4643885240872,0.013606285574251637,12
H3,Teste,82,2T26,Ridge Contábil,0.1,404,Segmento=GÁS & ENERGIA / G&EBC,321.3507921824629,0.0056456961904718895,13
H3,Teste,82,2T26,Ridge Contábil,0.1,404,Segmento=INTERNACIONAL,265.6242328488247,0.00466665636423929,14
H3,Teste,82,2T26,Ridge Contábil,0.1,404,Segmento=REFINO / RTC,5073.2010705667035,0.08912924023953726,4
H3,Teste,82,2T26,Ridge + Brent e Câmbio,10.0,404,Custo_t,9078.409545307051,0.18017390341172337,1
H3,Teste,82,2T26,Ridge + Brent e Câmbio,10.0,404,Custo_t_1,4145.665107292974,0.08227659931963259,4
H3,Teste,82,2T26,Ridge + Brent e Câmbio,10.0,404,Custo_t_4,621.6103907068975,0.012336739154144447,18
H3,Teste,82,2T26,Ridge + Brent e Câmbio,10.0,404,Receita_t,6073.3560007542765,0.12053435703730431,2
H3,Teste,82,2T26,Ridge + Brent e Câmbio,10.0,404,Receita_t_1,1652.6175991601674,0.03279853835648118,11
H3,Teste,82,2T26,Ridge + Brent e Câmbio,10.0,404,Receita_t_4,932.7081362961031,0.018510914805249492,15
H3,Teste,82,2T26,Ridge + Brent e Câmbio,10.0,404,Despesas_t,-821.5228675724569,0.01630428557489313,17
H3,Teste,82,2T26,Ridge + Brent e Câmbio,10.0,404,Despesas_t_1,-475.71113213874736,0.009441161598416226,21
H3,Teste,82,2T26,Ridge + Brent e Câmbio,10.0,404,Despesas_t_4,-196.41301297396163,0.0038980946003553773,27
H3,Teste,82,2T26,Ridge + Brent e Câmbio,10.0,404,EBIT_t,66.12182535765196,0.001312281332533064,28
H3,Teste,82,2T26,Ridge + Brent e Câmbio,10.0,404,EBIT_t_1,-1652.9582481554435,0.03280529901856256,10
H3,Teste,82,2T26,Ridge + Brent e Câmbio,10.0,404,EBIT_t_4,-328.3895315005454,0.006517355648554759,25
H3,Teste,82,2T26,Ridge + Brent e Câmbio,10.0,404,Trimestre_Sin,480.7977358882169,0.009542112458594636,20
H3,Teste,82,2T26,Ridge + Brent e Câmbio,10.0,404,Trimestre_Cos,540.3073208868307,0.010723164510289594,19
H3,Teste,82,2T26,Ridge + Brent e Câmbio,10.0,404,Brent_t,1457.3218269359495,0.028922616982165823,12
H3,Teste,82,2T26,Ridge + Brent e Câmbio,10.0,404,Brent_t_1,-1912.876164743713,0.03796373843073465,8
H3,Teste,82,2T26,Ridge + Brent e Câmbio,10.0,404,Brent_t_4,1900.7671532366367,0.03772341793640145,9
H3,Teste,82,2T26,Ridge + Brent e Câmbio,10.0,404,USD_BRL_t,2843.7073321607313,0.05643740212852536,5
H3,Teste,82,2T26,Ridge + Brent e Câmbio,10.0,404,USD_BRL_t_1,1353.7143211111177,0.02686637919579468,13
H3,Teste,82,2T26,Ridge + Brent e Câmbio,10.0,404,USD_BRL_t_4,-241.94399076151004,0.004801721381367448,26
H3,Teste,82,2T26,Ridge + Brent e Câmbio,10.0,404,Brent_BRL_t,-2811.295421768253,0.05579414183240196,6
H3,Teste,82,2T26,Ridge + Brent e Câmbio,10.0,404,Brent_Var_AA,2748.0971554398116,0.05453988267209175,7
H3,Teste,82,2T26,Ridge + Brent e Câmbio,10.0,404,USD_BRL_Var_AA,384.8231430045849,0.0076373606469588755,22
H3,Teste,82,2T26,Ridge + Brent e Câmbio,10.0,404,Segmento=CORPORATIVO / OUTROS NEGÓCIOS,-342.0219615749742,0.00678791054335645,24
H3,Teste,82,2T26,Ridge + Brent e Câmbio,10.0,404,Segmento=DISTRIBUIÇÃO,973.4866760346952,0.01932022271799179,14
H3,Teste,82,2T26,Ridge + Brent e Câmbio,10.0,404,Segmento=E&P,829.9578371536882,0.01647168950033018,16
H3,Teste,82,2T26,Ridge + Brent e Câmbio,10.0,404,Segmento=GÁS & ENERGIA / G&EBC,0.16276573091914745,3.2303166028156043e-06,29
H3,Teste,82,2T26,Ridge + Brent e Câmbio,10.0,404,Segmento=INTERNACIONAL,348.64843082607484,0.00691942221672282,23
H3,Teste,82,2T26,Ridge + Brent e Câmbio,10.0,404,Segmento=REFINO / RTC,5171.515624284866,0.1026360566718193,3
H4,Validação,53,1T19,Ridge Contábil,0.1,275,Custo_t,10510.507318537264,0.22435599467442924,1
H4,Validação,53,1T19,Ridge Contábil,0.1,275,Custo_t_1,5655.7805727631785,0.12072759550099324,3
H4,Validação,53,1T19,Ridge Contábil,0.1,275,Custo_t_4,-340.1083651216292,0.007259911271778307,17
H4,Validação,53,1T19,Ridge Contábil,0.1,275,Receita_t,-3466.0478631338847,0.07398583078393255,5
H4,Validação,53,1T19,Ridge Contábil,0.1,275,Receita_t_1,-4135.409168230039,0.08827393475932861,4
H4,Validação,53,1T19,Ridge Contábil,0.1,275,Receita_t_4,2578.261893864417,0.05503526082979132,7
H4,Validação,53,1T19,Ridge Contábil,0.1,275,Despesas_t,-698.5402900340158,0.014910954993993258,14
H4,Validação,53,1T19,Ridge Contábil,0.1,275,Despesas_t_1,286.8641884577343,0.0061233676346333366,18
H4,Validação,53,1T19,Ridge Contábil,0.1,275,Despesas_t_4,1077.0904807890843,0.02299144074098077,10
H4,Validação,53,1T19,Ridge Contábil,0.1,275,EBIT_t,-399.0353449108871,0.008517759324503781,15
H4,Validação,53,1T19,Ridge Contábil,0.1,275,EBIT_t_1,1017.7663141750751,0.02172511438721444,11
H4,Validação,53,1T19,Ridge Contábil,0.1,275,EBIT_t_4,1738.4276848225466,0.037108263243396625,9
H4,Validação,53,1T19,Ridge Contábil,0.1,275,Trimestre_Sin,-389.457244913317,0.008313306381660958,16
H4,Validação,53,1T19,Ridge Contábil,0.1,275,Trimestre_Cos,281.1692387885823,0.006001803940425165,19
H4,Validação,53,1T19,Ridge Contábil,0.1,275,Segmento=CORPORATIVO / OUTROS NEGÓCIOS,185.53819714429125,0.003960475504069288,20
H4,Validação,53,1T19,Ridge Contábil,0.1,275,Segmento=DISTRIBUIÇÃO,2780.753980812507,0.05935763197745371,6
H4,Validação,53,1T19,Ridge Contábil,0.1,275,Segmento=E&P,2337.11753516227,0.04988782304994904,8
H4,Validação,53,1T19,Ridge Contábil,0.1,275,Segmento=GÁS & ENERGIA / G&EBC,868.3371797904974,0.018535418489371087,12
H4,Validação,53,1T19,Ridge Contábil,0.1,275,Segmento=INTERNACIONAL,720.080182466858,0.01537074288486198,13
H4,Validação,53,1T19,Ridge Contábil,0.1,275,Segmento=REFINO / RTC,7381.161751258773,0.15755736962723307,2
H4,Validação,53,1T19,Ridge + Brent e Câmbio,100.0,275,Custo_t,2808.491024841655,0.11716868488826344,2
H4,Validação,53,1T19,Ridge + Brent e Câmbio,100.0,275,Custo_t_1,2528.1858259137375,0.10547450775355857,3
H4,Validação,53,1T19,Ridge + Brent e Câmbio,100.0,275,Custo_t_4,2029.6427766998388,0.08467556877889308,7
H4,Validação,53,1T19,Ridge + Brent e Câmbio,100.0,275,Receita_t,2277.576475557393,0.09501922491938591,4
H4,Validação,53,1T19,Ridge + Brent e Câmbio,100.0,275,Receita_t_1,2149.3783747990024,0.08967087139495881,5
H4,Validação,53,1T19,Ridge + Brent e Câmbio,100.0,275,Receita_t_4,2145.093412581552,0.08949210515238452,6
H4,Validação,53,1T19,Ridge + Brent e Câmbio,100.0,275,Despesas_t,-474.0363974042974,0.019776535079425176,12
H4,Validação,53,1T19,Ridge + Brent e Câmbio,100.0,275,Despesas_t_1,-409.32838351919554,0.017076952698143986,14
H4,Validação,53,1T19,Ridge + Brent e Câmbio,100.0,275,Despesas_t_4,219.7616734702674,0.009168334896426086,22
H4,Validação,53,1T19,Ridge + Brent e Câmbio,100.0,275,EBIT_t,-675.8880759870916,0.02819767494166415,9
H4,Validação,53,1T19,Ridge + Brent e Câmbio,100.0,275,EBIT_t_1,-324.11748924819693,0.01352200154053839,18
H4,Validação,53,1T19,Ridge + Brent e Câmbio,100.0,275,EBIT_t_4,580.2949654858659,0.02420958349229284,10
H4,Validação,53,1T19,Ridge + Brent e Câmbio,100.0,275,Trimestre_Sin,-312.5287505302528,0.013038525801045234,19
H4,Validação,53,1T19,Ridge + Brent e Câmbio,100.0,275,Trimestre_Cos,121.63429305128852,0.005074515114370587,26
H4,Validação,53,1T19,Ridge + Brent e Câmbio,100.0,275,Brent_t,155.77287495191453,0.006498757780580334,25
H4,Validação,53,1T19,Ridge + Brent e Câmbio,100.0,275,Brent_t_1,-253.32280620058233,0.010568486704136834,21
H4,Validação,53,1T19,Ridge + Brent e Câmbio,100.0,275,Brent_t_4,-205.0008628433322,0.008552522079598512,23
H4,Validação,53,1T19,Ridge + Brent e Câmbio,100.0,275,USD_BRL_t,-285.11700178645134,0.011894922876061769,20
H4,Validação,53,1T19,Ridge + Brent e Câmbio,100.0,275,USD_BRL_t_1,-187.2290852319654,0.007811093393363727,24
H4,Validação,53,1T19,Ridge + Brent e Câmbio,100.0,275,USD_BRL_t_4,66.12415629350204,0.0027586630556145158,27
H4,Validação,53,1T19,Ridge + Brent e Câmbio,100.0,275,Brent_BRL_t,64.06325441626396,0.0026726833745317345,28
H4,Validação,53,1T19,Ridge + Brent e Câmbio,100.0,275,Brent_Var_AA,43.570644550138056,0.0018177430785848744,29
H4,Validação,53,1T19,Ridge + Brent e Câmbio,100.0,275,USD_BRL_Var_AA,-369.8882984407221,0.015431534265380258,16
H4,Validação,53,1T19,Ridge + Brent e Câmbio,100.0,275,Segmento=CORPORATIVO / OUTROS NEGÓCIOS,-725.4405972445054,0.030264978592369686,8
H4,Validação,53,1T19,Ridge + Brent e Câmbio,100.0,275,Segmento=DISTRIBUIÇÃO,573.0397047403308,0.02390689804571082,11
H4,Validação,53,1T19,Ridge + Brent e Câmbio,100.0,275,Segmento=E&P,-348.1117795792194,0.014523029999609784,17
H4,Validação,53,1T19,Ridge + Brent e Câmbio,100.0,275,Segmento=GÁS & ENERGIA / G&EBC,-390.23500579563824,0.016280387589636937,15
H4,Validação,53,1T19,Ridge + Brent e Câmbio,100.0,275,Segmento=INTERNACIONAL,-417.24572613478637,0.017407259832428273,13
H4,Validação,53,1T19,Ridge + Brent e Câmbio,100.0,275,Segmento=REFINO / RTC,2829.5188215302173,0.11804595288104101,1
H4,Validação,54,2T19,Ridge Contábil,0.1,281,Custo_t,11275.341049743909,0.2404248336150388,1
H4,Validação,54,2T19,Ridge Contábil,0.1,281,Custo_t_1,5462.997603986337,0.11648785470729528,3
H4,Validação,54,2T19,Ridge Contábil,0.1,281,Custo_t_4,-420.7903433955786,0.008972539974743808,15
H4,Validação,54,2T19,Ridge Contábil,0.1,281,Receita_t,-3913.5939957647515,0.08344982037504986,5
H4,Validação,54,2T19,Ridge Contábil,0.1,281,Receita_t_1,-4063.3082140204147,0.08664218642900091,4
H4,Validação,54,2T19,Ridge Contábil,0.1,281,Receita_t_4,2590.2060664671976,0.0552311331259629,7
H4,Validação,54,2T19,Ridge Contábil,0.1,281,Despesas_t,-540.0092525950358,0.011514652561989844,14
H4,Validação,54,2T19,Ridge Contábil,0.1,281,Despesas_t_1,320.74058561406906,0.0068391724551519545,16
H4,Validação,54,2T19,Ridge Contábil,0.1,281,Despesas_t_4,1038.9258080862226,0.022153082859801655,10
H4,Validação,54,2T19,Ridge Contábil,0.1,281,EBIT_t,-109.07852228441392,0.0023258884547709678,20
H4,Validação,54,2T19,Ridge Contábil,0.1,281,EBIT_t_1,1013.5361219282332,0.021611696923612055,11
H4,Validação,54,2T19,Ridge Contábil,0.1,281,EBIT_t_4,1724.1581179479224,0.03676433615664891,9
H4,Validação,54,2T19,Ridge Contábil,0.1,281,Trimestre_Sin,-318.63426103228693,0.006794259158527039,17
H4,Validação,54,2T19,Ridge Contábil,0.1,281,Trimestre_Cos,281.46726096605465,0.006001744788675939,18
H4,Validação,54,2T19,Ridge Contábil,0.1,281,Segmento=CORPORATIVO / OUTROS NEGÓCIOS,193.35345539096892,0.004122888357538628,19
H4,Validação,54,2T19,Ridge Contábil,0.1,281,Segmento=DISTRIBUIÇÃO,2698.1434348391804,0.05753268868132843,6
H4,Validação,54,2T19,Ridge Contábil,0.1,281,Segmento=E&P,2183.372285093344,0.04655618983473471,8
H4,Validação,54,2T19,Ridge Contábil,0.1,281,Segmento=GÁS & ENERGIA / G&EBC,854.9346434649576,0.018229827239812268,12
H4,Validação,54,2T19,Ridge Contábil,0.1,281,Segmento=INTERNACIONAL,680.2775385452161,0.014505602384461486,13
H4,Validação,54,2T19,Ridge Contábil,0.1,281,Segmento=REFINO / RTC,7214.7038742906125,0.15383960191585452,2
H4,Validação,54,2T19,Ridge + Brent e Câmbio,100.0,281,Custo_t,2825.1046451243988,0.11775604034849761,2
H4,Validação,54,2T19,Ridge + Brent e Câmbio,100.0,281,Custo_t_1,2539.657299916865,0.10585802122285573,3
H4,Validação,54,2T19,Ridge + Brent e Câmbio,100.0,281,Custo_t_4,2039.277147504392,0.08500117065671466,7
H4,Validação,54,2T19,Ridge + Brent e Câmbio,100.0,281,Receita_t,2289.711145476967,0.09543976308931304,4
H4,Validação,54,2T19,Ridge + Brent e Câmbio,100.0,281,Receita_t_1,2161.6719255136168,0.09010283102974662,5
H4,Validação,54,2T19,Ridge + Brent e Câmbio,100.0,281,Receita_t_4,2151.4401627339253,0.08967635059023407,6
H4,Validação,54,2T19,Ridge + Brent e Câmbio,100.0,281,Despesas_t,-477.58211005762473,0.019906582334471342,12
H4,Validação,54,2T19,Ridge + Brent e Câmbio,100.0,281,Despesas_t_1,-393.70841467624865,0.01641055811655356,14
H4,Validação,54,2T19,Ridge + Brent e Câmbio,100.0,281,Despesas_t_4,209.04815682257,0.008713547383832806,23
H4,Validação,54,2T19,Ridge + Brent e Câmbio,100.0,281,EBIT_t,-661.13316532645,0.027557359273848524,9
H4,Validação,54,2T19,Ridge + Brent e Câmbio,100.0,281,EBIT_t_1,-303.93383774632804,0.012668573294336988,18
H4,Validação,54,2T19,Ridge + Brent e Câmbio,100.0,281,EBIT_t_4,598.3679060343311,0.024941177102174944,10
H4,Validação,54,2T19,Ridge + Brent e Câmbio,100.0,281,Trimestre_Sin,-283.68647709884647,0.011824622603352784,19
H4,Validação,54,2T19,Ridge + Brent e Câmbio,100.0,281,Trimestre_Cos,122.05166604830211,0.0050873587768117375,26
H4,Validação,54,2T19,Ridge + Brent e Câmbio,100.0,281,Brent_t,147.21337980808698,0.0061361495838524825,25
H4,Validação,54,2T19,Ridge + Brent e Câmbio,100.0,281,Brent_t_1,-264.84759096722127,0.011039379961362535,21
H4,Validação,54,2T19,Ridge + Brent e Câmbio,100.0,281,Brent_t_4,-224.0899549145092,0.009340519763806487,22
H4,Validação,54,2T19,Ridge + Brent e Câmbio,100.0,281,USD_BRL_t,-269.61243729789015,0.011237988334237135,20
H4,Validação,54,2T19,Ridge + Brent e Câmbio,100.0,281,USD_BRL_t_1,-173.51663499800776,0.007232522132312454,24
H4,Validação,54,2T19,Ridge + Brent e Câmbio,100.0,281,USD_BRL_t_4,68.75332923277607,0.0028657769634129145,28
H4,Validação,54,2T19,Ridge + Brent e Câmbio,100.0,281,Brent_BRL_t,104.76744142340753,0.004366917551445391,27
H4,Validação,54,2T19,Ridge + Brent e Câmbio,100.0,281,Brent_Var_AA,57.32665471357654,0.0023894902007069053,29
H4,Validação,54,2T19,Ridge + Brent e Câmbio,100.0,281,USD_BRL_Var_AA,-368.8363326740606,0.015373839743357926,16
H4,Validação,54,2T19,Ridge + Brent e Câmbio,100.0,281,Segmento=CORPORATIVO / OUTROS NEGÓCIOS,-701.9113006556671,0.029257073922454874,8
H4,Validação,54,2T19,Ridge + Brent e Câmbio,100.0,281,Segmento=DISTRIBUIÇÃO,572.1588766216037,0.02384873207351152,11
H4,Validação,54,2T19,Ridge + Brent e Câmbio,100.0,281,Segmento=E&P,-363.51353714466325,0.015151974926347256,17
H4,Validação,54,2T19,Ridge + Brent e Câmbio,100.0,281,Segmento=GÁS & ENERGIA / G&EBC,-372.13386519722565,0.015511287527289912,15
H4,Validação,54,2T19,Ridge + Brent e Câmbio,100.0,281,Segmento=INTERNACIONAL,-402.78046857451744,0.01678869955875888,13
H4,Validação,54,2T19,Ridge + Brent e Câmbio,100.0,281,Segmento=REFINO / RTC,2843.3295719957014,0.1185156919343988,1
H4,Validação,55,3T19,Ridge Contábil,0.1,287,Custo_t,11025.986812851912,0.2149339576229535,1
H4,Validação,55,3T19,Ridge Contábil,0.1,287,Custo_t_1,6218.1922460421565,0.12121370099448833,3
H4,Validação,55,3T19,Ridge Contábil,0.1,287,Custo_t_4,-3400.810791666605,0.06629336085616905,6
H4,Validação,55,3T19,Ridge Contábil,0.1,287,Receita_t,-2855.8535060758372,0.055670291183080096,7
H4,Validação,55,3T19,Ridge Contábil,0.1,287,Receita_t_1,-5161.9437833283755,0.1006238285252401,5
H4,Validação,55,3T19,Ridge Contábil,0.1,287,Receita_t_4,5470.525526884268,0.10663913550124257,4
H4,Validação,55,3T19,Ridge Contábil,0.1,287,Despesas_t,-517.2817309713806,0.01008357905109568,14
H4,Validação,55,3T19,Ridge Contábil,0.1,287,Despesas_t_1,482.3359240553225,0.009402366502025599,15
H4,Validação,55,3T19,Ridge Contábil,0.1,287,Despesas_t_4,353.3025659149017,0.0068870677989495,16
H4,Validação,55,3T19,Ridge Contábil,0.1,287,EBIT_t,-59.30703134648512,0.001156095611080413,20
H4,Validação,55,3T19,Ridge Contábil,0.1,287,EBIT_t_1,1272.7282998278902,0.024809800256779563,10
H4,Validação,55,3T19,Ridge Contábil,0.1,287,EBIT_t_4,596.6925597082272,0.01163156600121922,13
H4,Validação,55,3T19,Ridge Contábil,0.1,287,Trimestre_Sin,-306.5074540254297,0.005974872023049451,17
H4,Validação,55,3T19,Ridge Contábil,0.1,287,Trimestre_Cos,254.11078292256983,0.004953482819746659,18
H4,Validação,55,3T19,Ridge Contábil,0.1,287,Segmento=CORPORATIVO / OUTROS NEGÓCIOS,200.49281591611356,0.003908286408395811,19
H4,Validação,55,3T19,Ridge Contábil,0.1,287,Segmento=DISTRIBUIÇÃO,2595.8469158415887,0.05060187904041747,8
H4,Validação,55,3T19,Ridge Contábil,0.1,287,Segmento=E&P,2028.7052682080312,0.03954636075187766,9
H4,Validação,55,3T19,Ridge Contábil,0.1,287,Segmento=GÁS & ENERGIA / G&EBC,803.4992300074907,0.015662930890794027,11
H4,Validação,55,3T19,Ridge Contábil,0.1,287,Segmento=INTERNACIONAL,643.7109274042415,0.012548113791580821,12
H4,Validação,55,3T19,Ridge Contábil,0.1,287,Segmento=REFINO / RTC,7051.583261049341,0.13745932436981442,2
H4,Validação,55,3T19,Ridge + Brent e Câmbio,100.0,287,Custo_t,2857.271693771847,0.11910082561835975,2
H4,Validação,55,3T19,Ridge + Brent e Câmbio,100.0,287,Custo_t_1,2557.196157630117,0.10659265421126017,3
H4,Validação,55,3T19,Ridge + Brent e Câmbio,100.0,287,Custo_t_4,2041.7668626073912,0.08510780391896676,7
H4,Validação,55,3T19,Ridge + Brent e Câmbio,100.0,287,Receita_t,2324.5840422981655,0.09689658818951742,4
H4,Validação,55,3T19,Ridge + Brent e Câmbio,100.0,287,Receita_t_1,2172.912195793538,0.090574388525713,5
H4,Validação,55,3T19,Ridge + Brent e Câmbio,100.0,287,Receita_t_4,2153.1291797668355,0.08974976497061413,6
H4,Validação,55,3T19,Ridge + Brent e Câmbio,100.0,287,Despesas_t,-467.4883402626204,0.019486507850688378,12
H4,Validação,55,3T19,Ridge + Brent e Câmbio,100.0,287,Despesas_t_1,-398.70643208859514,0.01661944341681283,13
H4,Validação,55,3T19,Ridge + Brent e Câmbio,100.0,287,Despesas_t_4,192.61811308053905,0.008028979654594448,23
H4,Validação,55,3T19,Ridge + Brent e Câmbio,100.0,287,EBIT_t,-618.5500197289653,0.025783273672067883,9
H4,Validação,55,3T19,Ridge + Brent e Câmbio,100.0,287,EBIT_t_1,-294.1881834147844,0.01226276647343011,18
H4,Validação,55,3T19,Ridge + Brent e Câmbio,100.0,287,EBIT_t_4,591.6729944046208,0.02466294762352565,10
H4,Validação,55,3T19,Ridge + Brent e Câmbio,100.0,287,Trimestre_Sin,-283.65288623111036,0.011823619368362912,19
H4,Validação,55,3T19,Ridge + Brent e Câmbio,100.0,287,Trimestre_Cos,116.91025424907217,0.004873217984368792,27
H4,Validação,55,3T19,Ridge + Brent e Câmbio,100.0,287,Brent_t,144.1734191926234,0.006009639648722338,25
H4,Validação,55,3T19,Ridge + Brent e Câmbio,100.0,287,Brent_t_1,-267.497744697257,0.01115021799079793,20
H4,Validação,55,3T19,Ridge + Brent e Câmbio,100.0,287,Brent_t_4,-230.9042311067328,0.009624875584470885,22
H4,Validação,55,3T19,Ridge + Brent e Câmbio,100.0,287,USD_BRL_t,-254.5284601656064,0.01060961399476704,21
H4,Validação,55,3T19,Ridge + Brent e Câmbio,100.0,287,USD_BRL_t_1,-176.24889475902418,0.007346654826658336,24
H4,Validação,55,3T19,Ridge + Brent e Câmbio,100.0,287,USD_BRL_t_4,65.76334457490965,0.002741240411742882,29
H4,Validação,55,3T19,Ridge + Brent e Câmbio,100.0,287,Brent_BRL_t,118.18911161781007,0.004926525119562415,26
H4,Validação,55,3T19,Ridge + Brent e Câmbio,100.0,287,Brent_Var_AA,68.21764423117871,0.002843543988967849,28
H4,Validação,55,3T19,Ridge + Brent e Câmbio,100.0,287,USD_BRL_Var_AA,-362.5020631445152,0.015110321886077525,17
H4,Validação,55,3T19,Ridge + Brent e Câmbio,100.0,287,Segmento=CORPORATIVO / OUTROS NEGÓCIOS,-674.9304910228616,0.02813340393601592,8
H4,Validação,55,3T19,Ridge + Brent e Câmbio,100.0,287,Segmento=DISTRIBUIÇÃO,559.7324513047195,0.023331556890824535,11
H4,Validação,55,3T19,Ridge + Brent e Câmbio,100.0,287,Segmento=E&P,-373.36364422950544,0.015563069616565625,16
H4,Validação,55,3T19,Ridge + Brent e Câmbio,100.0,287,Segmento=GÁS & ENERGIA / G&EBC,-373.49315024205725,0.015568467868699325,15
H4,Validação,55,3T19,Ridge + Brent e Câmbio,100.0,287,Segmento=INTERNACIONAL,-388.673050237698,0.016201217854017774,14
H4,Validação,55,3T19,Ridge + Brent e Câmbio,100.0,287,Segmento=REFINO / RTC,2861.495035581886,0.119276868903827,1
H4,Validação,56,4T19,Ridge Contábil,0.1,293,Custo_t,10770.929899891054,0.21333618499064494,1
H4,Validação,56,4T19,Ridge Contábil,0.1,293,Custo_t_1,6311.979908633002,0.1250192625855809,3
H4,Validação,56,4T19,Ridge Contábil,0.1,293,Custo_t_4,-3140.484417538934,0.06220251834218144,6
H4,Validação,56,4T19,Ridge Contábil,0.1,293,Receita_t,-2918.3718662141496,0.05780320976078889,7
H4,Validação,56,4T19,Ridge Contábil,0.1,293,Receita_t_1,-4937.004384071705,0.09778558493734137,5
H4,Validação,56,4T19,Ridge Contábil,0.1,293,Receita_t_4,5034.699553869904,0.0997206002991043,4
H4,Validação,56,4T19,Ridge Contábil,0.1,293,Despesas_t,-458.4939829358265,0.009081236074304453,15
H4,Validação,56,4T19,Ridge Contábil,0.1,293,Despesas_t_1,523.3456710043342,0.010365731642591337,13
H4,Validação,56,4T19,Ridge Contábil,0.1,293,Despesas_t_4,336.5057588035342,0.006665056357970935,16
H4,Validação,56,4T19,Ridge Contábil,0.1,293,EBIT_t,-87.84231631143649,0.0017398632074295565,20
H4,Validação,56,4T19,Ridge Contábil,0.1,293,EBIT_t_1,1429.3650137357547,0.028310951962705753,10
H4,Validação,56,4T19,Ridge Contábil,0.1,293,EBIT_t_4,520.2995623235668,0.010305398392717676,14
H4,Validação,56,4T19,Ridge Contábil,0.1,293,Trimestre_Sin,-215.19077797923487,0.0042622113453475545,18
H4,Validação,56,4T19,Ridge Contábil,0.1,293,Trimestre_Cos,235.6031432200023,0.004666512196580931,17
H4,Validação,56,4T19,Ridge Contábil,0.1,293,Segmento=CORPORATIVO / OUTROS NEGÓCIOS,188.78713350016858,0.003739243241816375,19
H4,Validação,56,4T19,Ridge Contábil,0.1,293,Segmento=DISTRIBUIÇÃO,2495.5020300042247,0.04942756917607422,8
H4,Validação,56,4T19,Ridge Contábil,0.1,293,Segmento=E&P,2139.961647145206,0.042385500423029646,9
H4,Validação,56,4T19,Ridge Contábil,0.1,293,Segmento=GÁS & ENERGIA / G&EBC,813.2392577606106,0.016107556390003733,11
H4,Validação,56,4T19,Ridge Contábil,0.1,293,Segmento=INTERNACIONAL,660.8316008560921,0.013088869202400554,12
H4,Validação,56,4T19,Ridge Contábil,0.1,293,Segmento=REFINO / RTC,7269.621098803077,0.14398693947138544,2
H4,Validação,56,4T19,Ridge + Brent e Câmbio,100.0,293,Custo_t,2874.0035405056597,0.12068458243237944,2
H4,Validação,56,4T19,Ridge + Brent e Câmbio,100.0,293,Custo_t_1,2571.687210848763,0.10798977552176828,3
H4,Validação,56,4T19,Ridge + Brent e Câmbio,100.0,293,Custo_t_4,2047.8423977772884,0.08599258879813061,7
H4,Validação,56,4T19,Ridge + Brent e Câmbio,100.0,293,Receita_t,2345.9501649689514,0.09851067059459387,4
H4,Validação,56,4T19,Ridge + Brent e Câmbio,100.0,293,Receita_t_1,2194.3145866250334,0.09214321968633633,5
H4,Validação,56,4T19,Ridge + Brent e Câmbio,100.0,293,Receita_t_4,2154.0944888478493,0.09045430537665705,6
H4,Validação,56,4T19,Ridge + Brent e Câmbio,100.0,293,Despesas_t,-408.8825582771274,0.017169714690357038,13
H4,Validação,56,4T19,Ridge + Brent e Câmbio,100.0,293,Despesas_t_1,-373.9581507001503,0.015703175945458996,16
H4,Validação,56,4T19,Ridge + Brent e Câmbio,100.0,293,Despesas_t_4,223.86005670249241,0.009400286772672429,21
H4,Validação,56,4T19,Ridge + Brent e Câmbio,100.0,293,EBIT_t,-608.9535779365071,0.025571056972685753,9
H4,Validação,56,4T19,Ridge + Brent e Câmbio,100.0,293,EBIT_t_1,-247.773752112649,0.010404465892257676,20
H4,Validação,56,4T19,Ridge + Brent e Câmbio,100.0,293,EBIT_t_4,584.1517837900475,0.024529584988412314,10
H4,Validação,56,4T19,Ridge + Brent e Câmbio,100.0,293,Trimestre_Sin,-210.9103299708256,0.008856504435177581,22
H4,Validação,56,4T19,Ridge + Brent e Câmbio,100.0,293,Trimestre_Cos,102.40641953446075,0.00430022990776727,26
H4,Validação,56,4T19,Ridge + Brent e Câmbio,100.0,293,Brent_t,185.58861349631962,0.00779319997638795,24
H4,Validação,56,4T19,Ridge + Brent e Câmbio,100.0,293,Brent_t_1,-255.12105345972913,0.010712992302396062,19
H4,Validação,56,4T19,Ridge + Brent e Câmbio,100.0,293,Brent_t_4,-159.63245854333644,0.00670325430377414,25
H4,Validação,56,4T19,Ridge + Brent e Câmbio,100.0,293,USD_BRL_t,-320.31131424126653,0.0134504487077885,18
H4,Validação,56,4T19,Ridge + Brent e Câmbio,100.0,293,USD_BRL_t_1,-210.03103875816177,0.008819581414262262,23
H4,Validação,56,4T19,Ridge + Brent e Câmbio,100.0,293,USD_BRL_t_4,84.5096465724195,0.0035487121934115544,27
H4,Validação,56,4T19,Ridge + Brent e Câmbio,100.0,293,Brent_BRL_t,-18.462794865672855,0.0007752859930389565,28
H4,Validação,56,4T19,Ridge + Brent e Câmbio,100.0,293,Brent_Var_AA,-17.2477002338703,0.0007242619820423952,29
H4,Validação,56,4T19,Ridge + Brent e Câmbio,100.0,293,USD_BRL_Var_AA,-447.46001493107065,0.01878965154219725,11
H4,Validação,56,4T19,Ridge + Brent e Câmbio,100.0,293,Segmento=CORPORATIVO / OUTROS NEGÓCIOS,-668.4416909444508,0.028069069928087588,8
H4,Validação,56,4T19,Ridge + Brent e Câmbio,100.0,293,Segmento=DISTRIBUIÇÃO,443.15998068651686,0.018609085363368676,12
H4,Validação,56,4T19,Ridge + Brent e Câmbio,100.0,293,Segmento=E&P,-392.92191938077644,0.016499498730838353,15
H4,Validação,56,4T19,Ridge + Brent e Câmbio,100.0,293,Segmento=GÁS & ENERGIA / G&EBC,-365.4697961327147,0.01534673465647968,17
H4,Validação,56,4T19,Ridge + Brent e Câmbio,100.0,293,Segmento=INTERNACIONAL,-394.4494203656571,0.01656364124699299,14
H4,Validação,56,4T19,Ridge + Brent e Câmbio,100.0,293,Segmento=REFINO / RTC,2902.5766716010276,0.12188441964427911,1
H4,Validação,57,1T20,Ridge Contábil,0.1,297,Custo_t,10501.279359485843,0.21516686616243488,1
H4,Validação,57,1T20,Ridge Contábil,0.1,297,Custo_t_1,6258.249869712455,0.12822894868625084,3
H4,Validação,57,1T20,Ridge Contábil,0.1,297,Custo_t_4,-2905.376186627663,0.05952995513208093,6
H4,Validação,57,1T20,Ridge Contábil,0.1,297,Receita_t,-2516.369378892187,0.051559366704615896,7
H4,Validação,57,1T20,Ridge Contábil,0.1,297,Receita_t_1,-4797.41824565006,0.09829711354689166,4
H4,Validação,57,1T20,Ridge Contábil,0.1,297,Receita_t_4,4700.60391798035,0.09631342805760909,5
H4,Validação,57,1T20,Ridge Contábil,0.1,297,Despesas_t,-394.0248597935371,0.008073406236477757,15
H4,Validação,57,1T20,Ridge Contábil,0.1,297,Despesas_t_1,501.9589341906164,0.0102849307322226,13
H4,Validação,57,1T20,Ridge Contábil,0.1,297,Despesas_t_4,334.2052134135536,0.006847726449671641,16
H4,Validação,57,1T20,Ridge Contábil,0.1,297,EBIT_t,-30.968633494472353,0.0006345344781557055,20
H4,Validação,57,1T20,Ridge Contábil,0.1,297,EBIT_t_1,1401.6453907666057,0.028719133724392047,10
H4,Validação,57,1T20,Ridge Contábil,0.1,297,EBIT_t_4,480.8406844533966,0.009852226538834136,14
H4,Validação,57,1T20,Ridge Contábil,0.1,297,Trimestre_Sin,-212.27291570341367,0.004349384154018211,18
H4,Validação,57,1T20,Ridge Contábil,0.1,297,Trimestre_Cos,259.98131853939003,0.005326909575105061,17
H4,Validação,57,1T20,Ridge Contábil,0.1,297,Segmento=CORPORATIVO / OUTROS NEGÓCIOS,202.18613992162494,0.00414271029454316,19
H4,Validação,57,1T20,Ridge Contábil,0.1,297,Segmento=DISTRIBUIÇÃO,2478.1036937286062,0.05077531865900623,8
H4,Validação,57,1T20,Ridge Contábil,0.1,297,Segmento=E&P,2122.403157122123,0.043487161936960825,9
H4,Validação,57,1T20,Ridge Contábil,0.1,297,Segmento=GÁS & ENERGIA / G&EBC,792.0842289642047,0.016229477899658593,11
H4,Validação,57,1T20,Ridge Contábil,0.1,297,Segmento=INTERNACIONAL,651.2258715519891,0.013343348476790015,12
H4,Validação,57,1T20,Ridge Contábil,0.1,297,Segmento=REFINO / RTC,7264.082974626768,0.14883805255428095,2
H4,Validação,57,1T20,Ridge + Brent e Câmbio,100.0,297,Custo_t,2891.0124690958683,0.1210386645338017,2
H4,Validação,57,1T20,Ridge + Brent e Câmbio,100.0,297,Custo_t_1,2595.9920090940973,0.10868697706428007,3
H4,Validação,57,1T20,Ridge + Brent e Câmbio,100.0,297,Custo_t_4,2063.567126113461,0.08639582561148265,7
H4,Validação,57,1T20,Ridge + Brent e Câmbio,100.0,297,Receita_t,2364.097216151882,0.09897818599191012,4
H4,Validação,57,1T20,Ridge + Brent e Câmbio,100.0,297,Receita_t_1,2216.854939341147,0.09281356071318853,5
H4,Validação,57,1T20,Ridge + Brent e Câmbio,100.0,297,Receita_t_4,2167.2271132601054,0.09073578143801174,6
H4,Validação,57,1T20,Ridge + Brent e Câmbio,100.0,297,Despesas_t,-411.91269840640217,0.017245640913896812,13
H4,Validação,57,1T20,Ridge + Brent e Câmbio,100.0,297,Despesas_t_1,-366.1182289163067,0.015328353635005012,17
H4,Validação,57,1T20,Ridge + Brent e Câmbio,100.0,297,Despesas_t_4,257.388269472004,0.01077613214629292,19
H4,Validação,57,1T20,Ridge + Brent e Câmbio,100.0,297,EBIT_t,-608.4574548944536,0.02547442411726878,9
H4,Validação,57,1T20,Ridge + Brent e Câmbio,100.0,297,EBIT_t_1,-227.12461403230876,0.009509076926888271,21
H4,Validação,57,1T20,Ridge + Brent e Câmbio,100.0,297,EBIT_t_4,573.7979306364898,0.024023326076563052,10
H4,Validação,57,1T20,Ridge + Brent e Câmbio,100.0,297,Trimestre_Sin,-203.7900528518468,0.008532123643926921,22
H4,Validação,57,1T20,Ridge + Brent e Câmbio,100.0,297,Trimestre_Cos,130.74210572075202,0.005473808931625254,26
H4,Validação,57,1T20,Ridge + Brent e Câmbio,100.0,297,Brent_t,188.11421008045406,0.007875819634596718,23
H4,Validação,57,1T20,Ridge + Brent e Câmbio,100.0,297,Brent_t_1,-236.86486171758526,0.009916874051479374,20
H4,Validação,57,1T20,Ridge + Brent e Câmbio,100.0,297,Brent_t_4,-165.97921212695465,0.0069490887330908215,24
H4,Validação,57,1T20,Ridge + Brent e Câmbio,100.0,297,USD_BRL_t,-310.7636897378094,0.013010812783946462,18
H4,Validação,57,1T20,Ridge + Brent e Câmbio,100.0,297,USD_BRL_t_1,-164.63258122689945,0.006892709036529497,25
H4,Validação,57,1T20,Ridge + Brent e Câmbio,100.0,297,USD_BRL_t_4,71.91988768976998,0.0030110859958045015,27
H4,Validação,57,1T20,Ridge + Brent e Câmbio,100.0,297,Brent_BRL_t,10.597803676084546,0.0004437006127288865,29
H4,Validação,57,1T20,Ridge + Brent e Câmbio,100.0,297,Brent_Var_AA,-14.157254145475168,0.0005927249202663743,28
H4,Validação,57,1T20,Ridge + Brent e Câmbio,100.0,297,USD_BRL_Var_AA,-451.7670653622986,0.01891423259371423,11
H4,Validação,57,1T20,Ridge + Brent e Câmbio,100.0,297,Segmento=CORPORATIVO / OUTROS NEGÓCIOS,-651.9475207028859,0.027295232412705168,8
H4,Validação,57,1T20,Ridge + Brent e Câmbio,100.0,297,Segmento=DISTRIBUIÇÃO,443.7734940271887,0.018579563957864326,12
H4,Validação,57,1T20,Ridge + Brent e Câmbio,100.0,297,Segmento=E&P,-386.6128229590763,0.016186405379719566,15
H4,Validação,57,1T20,Ridge + Brent e Câmbio,100.0,297,Segmento=GÁS & ENERGIA / G&EBC,-382.01173719339016,0.015993770694661184,16
H4,Validação,57,1T20,Ridge + Brent e Câmbio,100.0,297,Segmento=INTERNACIONAL,-391.0899135571242,0.016373848731409443,14
H4,Validação,57,1T20,Ridge + Brent e Câmbio,100.0,297,Segmento=REFINO / RTC,2936.718490032129,0.12295224871734178,1
H4,Validação,58,2T20,Ridge Contábil,0.1,301,Custo_t,9835.916588292208,0.20363961015881651,1
H4,Validação,58,2T20,Ridge Contábil,0.1,301,Custo_t_1,7406.807580979304,0.15334812925389793,2
H4,Validação,58,2T20,Ridge Contábil,0.1,301,Custo_t_4,-2734.988178917426,0.056624303545504004,6
H4,Validação,58,2T20,Ridge Contábil,0.1,301,Receita_t,-2656.101897306733,0.05499106769098266,7
H4,Validação,58,2T20,Ridge Contábil,0.1,301,Receita_t_1,-4571.530066693449,0.09464746800708694,4
H4,Validação,58,2T20,Ridge Contábil,0.1,301,Receita_t_4,4281.045161067303,0.08863336323019802,5
H4,Validação,58,2T20,Ridge Contábil,0.1,301,Despesas_t,-371.8918719874173,0.007699528066646542,16
H4,Validação,58,2T20,Ridge Contábil,0.1,301,Despesas_t_1,415.41210311786426,0.008600556742710638,15
H4,Validação,58,2T20,Ridge Contábil,0.1,301,Despesas_t_4,474.9543806603739,0.009833300643889856,14
H4,Validação,58,2T20,Ridge Contábil,0.1,301,EBIT_t,59.850867574560304,0.001239132848590636,20
H4,Validação,58,2T20,Ridge Contábil,0.1,301,EBIT_t_1,1308.095286333445,0.027082378319129206,10
H4,Validação,58,2T20,Ridge Contábil,0.1,301,EBIT_t_4,728.0644262580505,0.015073608504383872,12
H4,Validação,58,2T20,Ridge Contábil,0.1,301,Trimestre_Sin,-212.3999195970288,0.004397458684835478,19
H4,Validação,58,2T20,Ridge Contábil,0.1,301,Trimestre_Cos,244.17488038181614,0.00505531711307061,17
H4,Validação,58,2T20,Ridge Contábil,0.1,301,Segmento=CORPORATIVO / OUTROS NEGÓCIOS,234.13976628387417,0.0048475533826180155,18
H4,Validação,58,2T20,Ridge Contábil,0.1,301,Segmento=DISTRIBUIÇÃO,2361.898936497608,0.04889998551181361,8
H4,Validação,58,2T20,Ridge Contábil,0.1,301,Segmento=E&P,1960.764914661775,0.0405950375087653,9
H4,Validação,58,2T20,Ridge Contábil,0.1,301,Segmento=GÁS & ENERGIA / G&EBC,745.4109600268124,0.015432745483898534,11
H4,Validação,58,2T20,Ridge Contábil,0.1,301,Segmento=INTERNACIONAL,617.3551086684395,0.012781518888482462,13
H4,Validação,58,2T20,Ridge Contábil,0.1,301,Segmento=REFINO / RTC,7079.80316370864,0.14657793641467914,3
H4,Validação,58,2T20,Ridge + Brent e Câmbio,100.0,301,Custo_t,2903.6264139312443,0.12044168930437162,2
H4,Validação,58,2T20,Ridge + Brent e Câmbio,100.0,301,Custo_t_1,2672.912277538397,0.11087172527586155,3
H4,Validação,58,2T20,Ridge + Brent e Câmbio,100.0,301,Custo_t_4,2068.810132769172,0.0858137210920897,7
H4,Validação,58,2T20,Ridge + Brent e Câmbio,100.0,301,Receita_t,2377.412900648563,0.09861448585613379,4
H4,Validação,58,2T20,Ridge + Brent e Câmbio,100.0,301,Receita_t_1,2270.733234933963,0.09418944030225478,5
H4,Validação,58,2T20,Ridge + Brent e Câmbio,100.0,301,Receita_t_4,2176.29554732052,0.09027218890393804,6
H4,Validação,58,2T20,Ridge + Brent e Câmbio,100.0,301,Despesas_t,-421.58578919990197,0.017487271914297737,13
H4,Validação,58,2T20,Ridge + Brent e Câmbio,100.0,301,Despesas_t_1,-383.10985336850246,0.01589129982681896,16
H4,Validação,58,2T20,Ridge + Brent e Câmbio,100.0,301,Despesas_t_4,249.18719349837602,0.010336221765294359,20
H4,Validação,58,2T20,Ridge + Brent e Câmbio,100.0,301,EBIT_t,-591.9304942387689,0.024553127198055965,10
H4,Validação,58,2T20,Ridge + Brent e Câmbio,100.0,301,EBIT_t_1,-271.8803556157098,0.011277528390677045,19
H4,Validação,58,2T20,Ridge + Brent e Câmbio,100.0,301,EBIT_t_4,604.9677678054671,0.025093910008393613,9
H4,Validação,58,2T20,Ridge + Brent e Câmbio,100.0,301,Trimestre_Sin,-172.4506419399171,0.007153209013809018,23
H4,Validação,58,2T20,Ridge + Brent e Câmbio,100.0,301,Trimestre_Cos,132.2890571428267,0.005487316633544676,25
H4,Validação,58,2T20,Ridge + Brent e Câmbio,100.0,301,Brent_t,188.98411463189962,0.007839013279652573,22
H4,Validação,58,2T20,Ridge + Brent e Câmbio,100.0,301,Brent_t_1,-228.17371151158937,0.009464587846925032,21
H4,Validação,58,2T20,Ridge + Brent e Câmbio,100.0,301,Brent_t_4,-171.63255148150844,0.007119274828494482,24
H4,Validação,58,2T20,Ridge + Brent e Câmbio,100.0,301,USD_BRL_t,-291.9199826431472,0.012108767051626649,18
H4,Validação,58,2T20,Ridge + Brent e Câmbio,100.0,301,USD_BRL_t_1,-130.80799973561687,0.005425882746862404,26
H4,Validação,58,2T20,Ridge + Brent e Câmbio,100.0,301,USD_BRL_t_4,74.71137031232516,0.003099008745576866,27
H4,Validação,58,2T20,Ridge + Brent e Câmbio,100.0,301,Brent_BRL_t,33.810097635319636,0.001402434299125391,28
H4,Validação,58,2T20,Ridge + Brent e Câmbio,100.0,301,Brent_Var_AA,-27.898788340670993,0.001157234684590897,29
H4,Validação,58,2T20,Ridge + Brent e Câmbio,100.0,301,USD_BRL_Var_AA,-463.2601004986242,0.01921591180727166,11
H4,Validação,58,2T20,Ridge + Brent e Câmbio,100.0,301,Segmento=CORPORATIVO / OUTROS NEGÓCIOS,-634.5311474107243,0.026320191517653878,8
H4,Validação,58,2T20,Ridge + Brent e Câmbio,100.0,301,Segmento=DISTRIBUIÇÃO,430.85004948588164,0.017871551087970117,12
H4,Validação,58,2T20,Ridge + Brent e Câmbio,100.0,301,Segmento=E&P,-396.3346364426797,0.016439860484104497,14
H4,Validação,58,2T20,Ridge + Brent e Câmbio,100.0,301,Segmento=GÁS & ENERGIA / G&EBC,-393.4799340621685,0.01632144815133319,15
H4,Validação,58,2T20,Ridge + Brent e Câmbio,100.0,301,Segmento=INTERNACIONAL,-381.1043119125846,0.015808110474441615,17
H4,Validação,58,2T20,Ridge + Brent e Câmbio,100.0,301,Segmento=REFINO / RTC,2963.4603902294493,0.12292358750882988,1
H4,Validação,59,3T20,Ridge Contábil,0.1,305,Custo_t,10177.228113043275,0.209401223418321,1
H4,Validação,59,3T20,Ridge Contábil,0.1,305,Custo_t_1,7048.220878511448,0.14502043763677744,3
H4,Validação,59,3T20,Ridge Contábil,0.1,305,Custo_t_4,-2028.7259615840928,0.041741984518531776,9
H4,Validação,59,3T20,Ridge Contábil,0.1,305,Receita_t,-3794.0830906473348,0.07806503225707329,4
H4,Validação,59,3T20,Ridge Contábil,0.1,305,Receita_t_1,-3415.2015094862763,0.07026936670408127,5
H4,Validação,59,3T20,Ridge Contábil,0.1,305,Receita_t_4,2762.733624117521,0.0568445351173471,6
H4,Validação,59,3T20,Ridge Contábil,0.1,305,Despesas_t,-488.17795797785686,0.01004448957132128,16
H4,Validação,59,3T20,Ridge Contábil,0.1,305,Despesas_t_1,622.6567358093711,0.012811453256219862,13
H4,Validação,59,3T20,Ridge Contábil,0.1,305,Despesas_t_4,500.1920292248846,0.010291684700429004,15
H4,Validação,59,3T20,Ridge Contábil,0.1,305,EBIT_t,-206.5929566616817,0.004250746607430432,19
H4,Validação,59,3T20,Ridge Contábil,0.1,305,EBIT_t_1,1687.0459727385123,0.03471175910871457,10
H4,Validação,59,3T20,Ridge Contábil,0.1,305,EBIT_t_4,590.7485375574277,0.01215492716907556,14
H4,Validação,59,3T20,Ridge Contábil,0.1,305,Trimestre_Sin,-237.19785882808316,0.004880456768690255,18
H4,Validação,59,3T20,Ridge Contábil,0.1,305,Trimestre_Cos,320.67182963352417,0.0065979727186218995,17
H4,Validação,59,3T20,Ridge Contábil,0.1,305,Segmento=CORPORATIVO / OUTROS NEGÓCIOS,192.40710578395704,0.0039588660977248145,20
H4,Validação,59,3T20,Ridge Contábil,0.1,305,Segmento=DISTRIBUIÇÃO,2655.5350303704886,0.05463887396580201,7
H4,Validação,59,3T20,Ridge Contábil,0.1,305,Segmento=E&P,2553.8151208597865,0.052545939302163766,8
H4,Validação,59,3T20,Ridge Contábil,0.1,305,Segmento=GÁS & ENERGIA / G&EBC,849.0325605694695,0.017469241617703402,11
H4,Validação,59,3T20,Ridge Contábil,0.1,305,Segmento=INTERNACIONAL,700.14136373439,0.01440573567805314,12
H4,Validação,59,3T20,Ridge Contábil,0.1,305,Segmento=REFINO / RTC,7771.161261393198,0.15989527378591822,2
H4,Validação,59,3T20,Ridge + Brent e Câmbio,100.0,305,Custo_t,2893.802892098107,0.12052856663395964,2
H4,Validação,59,3T20,Ridge + Brent e Câmbio,100.0,305,Custo_t_1,2685.3797174103765,0.11184762068321524,3
H4,Validação,59,3T20,Ridge + Brent e Câmbio,100.0,305,Custo_t_4,2037.7135511152271,0.08487194970920904,7
H4,Validação,59,3T20,Ridge + Brent e Câmbio,100.0,305,Receita_t,2340.0081750877757,0.09746269589584594,4
H4,Validação,59,3T20,Ridge + Brent e Câmbio,100.0,305,Receita_t_1,2296.1533285620253,0.09563611613599622,5
H4,Validação,59,3T20,Ridge + Brent e Câmbio,100.0,305,Receita_t_4,2096.977818342612,0.0873403407668839,6
H4,Validação,59,3T20,Ridge + Brent e Câmbio,100.0,305,Despesas_t,-411.59761267542115,0.01714327897770528,13
H4,Validação,59,3T20,Ridge + Brent e Câmbio,100.0,305,Despesas_t_1,-324.9709902100313,0.013535229975264572,18
H4,Validação,59,3T20,Ridge + Brent e Câmbio,100.0,305,Despesas_t_4,256.10123375024864,0.010666764727270732,19
H4,Validação,59,3T20,Ridge + Brent e Câmbio,100.0,305,EBIT_t,-622.6534076776251,0.02593387508944074,9
H4,Validação,59,3T20,Ridge + Brent e Câmbio,100.0,305,EBIT_t_1,-252.49159115167373,0.010516421022226026,20
H4,Validação,59,3T20,Ridge + Brent e Câmbio,100.0,305,EBIT_t_4,492.79347034085345,0.020525133480564686,10
H4,Validação,59,3T20,Ridge + Brent e Câmbio,100.0,305,Trimestre_Sin,-178.43084519926722,0.007431748055086439,25
H4,Validação,59,3T20,Ridge + Brent e Câmbio,100.0,305,Trimestre_Cos,204.99414039176838,0.008538124686117317,22
H4,Validação,59,3T20,Ridge + Brent e Câmbio,100.0,305,Brent_t,190.74577429561532,0.007944671985128375,23
H4,Validação,59,3T20,Ridge + Brent e Câmbio,100.0,305,Brent_t_1,-216.33351289898314,0.009010416119149996,21
H4,Validação,59,3T20,Ridge + Brent e Câmbio,100.0,305,Brent_t_4,-187.93539031361493,0.007827617864418738,24
H4,Validação,59,3T20,Ridge + Brent e Câmbio,100.0,305,USD_BRL_t,-348.70004085303134,0.014523558679128646,17
H4,Validação,59,3T20,Ridge + Brent e Câmbio,100.0,305,USD_BRL_t_1,-152.18778804476878,0.006338709523829922,26
H4,Validação,59,3T20,Ridge + Brent e Câmbio,100.0,305,USD_BRL_t_4,-10.408419071022315,0.0004335166831789034,29
H4,Validação,59,3T20,Ridge + Brent e Câmbio,100.0,305,Brent_BRL_t,-62.41131893395455,0.0025994675841209377,27
H4,Validação,59,3T20,Ridge + Brent e Câmbio,100.0,305,Brent_Var_AA,36.04252274984303,0.0015011919494491903,28
H4,Validação,59,3T20,Ridge + Brent e Câmbio,100.0,305,USD_BRL_Var_AA,-396.28757290527204,0.01650560695324093,15
H4,Validação,59,3T20,Ridge + Brent e Câmbio,100.0,305,Segmento=CORPORATIVO / OUTROS NEGÓCIOS,-691.0054142850321,0.028780775756186778,8
H4,Validação,59,3T20,Ridge + Brent e Câmbio,100.0,305,Segmento=DISTRIBUIÇÃO,455.5758593156361,0.01897499842379952,11
H4,Validação,59,3T20,Ridge + Brent e Câmbio,100.0,305,Segmento=E&P,-358.85389694887675,0.014946472666940864,16
H4,Validação,59,3T20,Ridge + Brent e Câmbio,100.0,305,Segmento=GÁS & ENERGIA / G&EBC,-406.5251778594829,0.016932009129513936,14
H4,Validação,59,3T20,Ridge + Brent e Câmbio,100.0,305,Segmento=INTERNACIONAL,-413.6911999433528,0.017230478100083636,12
H4,Validação,59,3T20,Ridge + Brent e Câmbio,100.0,305,Segmento=REFINO / RTC,2988.497280074898,0.12447264274304376,1
H4,Validação,60,4T20,Ridge Contábil,0.1,309,Custo_t,9801.948477283679,0.2458095057056655,1
H4,Validação,60,4T20,Ridge Contábil,0.1,309,Custo_t_1,2698.956368225351,0.06768339298376741,5
H4,Validação,60,4T20,Ridge Contábil,0.1,309,Custo_t_4,-2041.0114671299152,0.051183703019609325,8
H4,Validação,60,4T20,Ridge Contábil,0.1,309,Receita_t,-3372.9577159408504,0.08458574035999147,3
H4,Validação,60,4T20,Ridge Contábil,0.1,309,Receita_t_1,1557.4403188695783,0.03905689117165164,9
H4,Validação,60,4T20,Ridge Contábil,0.1,309,Receita_t_4,2406.2488672840204,0.06034298650341545,7
H4,Validação,60,4T20,Ridge Contábil,0.1,309,Despesas_t,-475.094727676575,0.01191424342253935,14
H4,Validação,60,4T20,Ridge Contábil,0.1,309,Despesas_t_1,-396.1066238327103,0.009933410039515004,15
H4,Validação,60,4T20,Ridge Contábil,0.1,309,Despesas_t_4,530.0645245701331,0.013292754912827333,13
H4,Validação,60,4T20,Ridge Contábil,0.1,309,EBIT_t,-217.03704788386818,0.005442771871714104,18
H4,Validação,60,4T20,Ridge Contábil,0.1,309,EBIT_t_1,-60.32734518079043,0.0015128660320743279,20
H4,Validação,60,4T20,Ridge Contábil,0.1,309,EBIT_t_4,602.9153645615613,0.015119680346075276,12
H4,Validação,60,4T20,Ridge Contábil,0.1,309,Trimestre_Sin,-231.8377134411955,0.005813937287773269,17
H4,Validação,60,4T20,Ridge Contábil,0.1,309,Trimestre_Cos,310.6225433145693,0.007789673044103801,16
H4,Validação,60,4T20,Ridge Contábil,0.1,309,Segmento=CORPORATIVO / OUTROS NEGÓCIOS,184.81931958105127,0.0046348280340752545,19
H4,Validação,60,4T20,Ridge Contábil,0.1,309,Segmento=DISTRIBUIÇÃO,2719.7562347812695,0.06820500406228952,4
H4,Validação,60,4T20,Ridge Contábil,0.1,309,Segmento=E&P,2691.499113912609,0.06749638281933074,6
H4,Validação,60,4T20,Ridge Contábil,0.1,309,Segmento=GÁS & ENERGIA / G&EBC,886.0479839183457,0.022219971617196934,10
H4,Validação,60,4T20,Ridge Contábil,0.1,309,Segmento=INTERNACIONAL,719.5478801976761,0.01804454585461818,11
H4,Validação,60,4T20,Ridge Contábil,0.1,309,Segmento=REFINO / RTC,7971.958189444667,0.19991771091176627,2
H4,Validação,60,4T20,Ridge + Brent e Câmbio,100.0,309,Custo_t,2908.6651175890997,0.12013300816088404,2
H4,Validação,60,4T20,Ridge + Brent e Câmbio,100.0,309,Custo_t_1,2711.450278233993,0.11198768687160064,3
H4,Validação,60,4T20,Ridge + Brent e Câmbio,100.0,309,Custo_t_4,2021.5288931588586,0.08349271476828128,7
H4,Validação,60,4T20,Ridge + Brent e Câmbio,100.0,309,Receita_t,2353.641214280319,0.09720954038094737,4
H4,Validação,60,4T20,Ridge + Brent e Câmbio,100.0,309,Receita_t_1,2315.691859684212,0.095642164990145,5
H4,Validação,60,4T20,Ridge + Brent e Câmbio,100.0,309,Receita_t_4,2062.424164665527,0.08518176173210787,6
H4,Validação,60,4T20,Ridge + Brent e Câmbio,100.0,309,Despesas_t,-391.74231261612766,0.016179649611050576,14
H4,Validação,60,4T20,Ridge + Brent e Câmbio,100.0,309,Despesas_t_1,-347.041653567174,0.014333433418663366,17
H4,Validação,60,4T20,Ridge + Brent e Câmbio,100.0,309,Despesas_t_4,262.57202708044935,0.010844688610361907,20
H4,Validação,60,4T20,Ridge + Brent e Câmbio,100.0,309,EBIT_t,-616.3231378911346,0.02545523446693216,9
H4,Validação,60,4T20,Ridge + Brent e Câmbio,100.0,309,EBIT_t_1,-291.6561237360746,0.012045913185770644,19
H4,Validação,60,4T20,Ridge + Brent e Câmbio,100.0,309,EBIT_t_4,465.0110194725876,0.019205776649704034,11
H4,Validação,60,4T20,Ridge + Brent e Câmbio,100.0,309,Trimestre_Sin,-149.94033980364205,0.006192800936880242,26
H4,Validação,60,4T20,Ridge + Brent e Câmbio,100.0,309,Trimestre_Cos,200.20858000349392,0.008268968067171102,23
H4,Validação,60,4T20,Ridge + Brent e Câmbio,100.0,309,Brent_t,192.712748894841,0.007959376999329368,24
H4,Validação,60,4T20,Ridge + Brent e Câmbio,100.0,309,Brent_t_1,-232.23624317054873,0.009591767139967414,21
H4,Validação,60,4T20,Ridge + Brent e Câmbio,100.0,309,Brent_t_4,-204.8196203686593,0.00845941218068174,22
H4,Validação,60,4T20,Ridge + Brent e Câmbio,100.0,309,USD_BRL_t,-364.8388603708874,0.015068489502384543,15
H4,Validação,60,4T20,Ridge + Brent e Câmbio,100.0,309,USD_BRL_t_1,-171.6401565142273,0.007089041704584423,25
H4,Validação,60,4T20,Ridge + Brent e Câmbio,100.0,309,USD_BRL_t_4,-62.77896008980519,0.0025928819647177397,29
H4,Validação,60,4T20,Ridge + Brent e Câmbio,100.0,309,Brent_BRL_t,-73.15603383415842,0.003021473443770431,27
H4,Validação,60,4T20,Ridge + Brent e Câmbio,100.0,309,Brent_Var_AA,64.8707779046607,0.0026792777361331205,28
H4,Validação,60,4T20,Ridge + Brent e Câmbio,100.0,309,USD_BRL_Var_AA,-354.5968111145868,0.014645474773239242,16
H4,Validação,60,4T20,Ridge + Brent e Câmbio,100.0,309,Segmento=CORPORATIVO / OUTROS NEGÓCIOS,-714.9077477530006,0.029526953025887353,8
H4,Validação,60,4T20,Ridge + Brent e Câmbio,100.0,309,Segmento=DISTRIBUIÇÃO,466.07197102355303,0.019249595823166012,10
H4,Validação,60,4T20,Ridge + Brent e Câmbio,100.0,309,Segmento=E&P,-331.12499028211005,0.01367604710466118,18
H4,Validação,60,4T20,Ridge + Brent e Câmbio,100.0,309,Segmento=GÁS & ENERGIA / G&EBC,-423.9816374373272,0.017511190684110497,13
H4,Validação,60,4T20,Ridge + Brent e Câmbio,100.0,309,Segmento=INTERNACIONAL,-427.6636225690905,0.017663263175098736,12
H4,Validação,60,4T20,Ridge + Brent e Câmbio,100.0,309,Segmento=REFINO / RTC,3028.742419952246,0.1250924128917681,1
H4,Validação,61,1T21,Ridge Contábil,0.1,313,Custo_t,10187.583314115598,0.24763824262684145,1
H4,Validação,61,1T21,Ridge Contábil,0.1,313,Custo_t_1,2519.039267676464,0.0612324275661209,6
H4,Validação,61,1T21,Ridge Contábil,0.1,313,Custo_t_4,-1930.215628713067,0.04691939113008995,9
H4,Validação,61,1T21,Ridge Contábil,0.1,313,Receita_t,-4003.884312215852,0.0973258175355976,3
H4,Validação,61,1T21,Ridge Contábil,0.1,313,Receita_t_1,1943.0814051842692,0.047232130489084326,8
H4,Validação,61,1T21,Ridge Contábil,0.1,313,Receita_t_4,2262.163362717038,0.054988326711584316,7
H4,Validação,61,1T21,Ridge Contábil,0.1,313,Despesas_t,-476.0507840444213,0.01157177084368459,14
H4,Validação,61,1T21,Ridge Contábil,0.1,313,Despesas_t_1,-391.7932411675896,0.009523651166747676,15
H4,Validação,61,1T21,Ridge Contábil,0.1,313,Despesas_t_4,516.5547024812242,0.012556333999825173,13
H4,Validação,61,1T21,Ridge Contábil,0.1,313,EBIT_t,-231.87609880039662,0.005636409327277529,18
H4,Validação,61,1T21,Ridge Contábil,0.1,313,EBIT_t_1,-33.49240263147432,0.0008141282847245031,20
H4,Validação,61,1T21,Ridge Contábil,0.1,313,EBIT_t_4,585.9750235061144,0.014243792720027786,12
H4,Validação,61,1T21,Ridge Contábil,0.1,313,Trimestre_Sin,-238.07410853536774,0.005787069615515432,17
H4,Validação,61,1T21,Ridge Contábil,0.1,313,Trimestre_Cos,284.31915976750383,0.006911187363975642,16
H4,Validação,61,1T21,Ridge Contábil,0.1,313,Segmento=CORPORATIVO / OUTROS NEGÓCIOS,183.86838206788914,0.004469444971001497,19
H4,Validação,61,1T21,Ridge Contábil,0.1,313,Segmento=DISTRIBUIÇÃO,2756.6050923513903,0.06700714189402057,5
H4,Validação,61,1T21,Ridge Contábil,0.1,313,Segmento=E&P,2827.596937346433,0.0687328009824769,4
H4,Validação,61,1T21,Ridge Contábil,0.1,313,Segmento=GÁS & ENERGIA / G&EBC,911.0404746132776,0.02214543480420519,10
H4,Validação,61,1T21,Ridge Contábil,0.1,313,Segmento=INTERNACIONAL,733.0809997038988,0.017819622659504236,11
H4,Validação,61,1T21,Ridge Contábil,0.1,313,Segmento=REFINO / RTC,8122.679662903903,0.1974448753076949,2
H4,Validação,61,1T21,Ridge + Brent e Câmbio,100.0,313,Custo_t,2930.657712717801,0.12017580442472814,2
H4,Validação,61,1T21,Ridge + Brent e Câmbio,100.0,313,Custo_t_1,2736.2175434520436,0.11220250762770204,3
H4,Validação,61,1T21,Ridge + Brent e Câmbio,100.0,313,Custo_t_4,2030.3859608334951,0.08325887567045787,7
H4,Validação,61,1T21,Ridge + Brent e Câmbio,100.0,313,Receita_t,2340.140531811578,0.09596080417612643,4
H4,Validação,61,1T21,Ridge + Brent e Câmbio,100.0,313,Receita_t_1,2331.4324161608583,0.09560371545887111,5
H4,Validação,61,1T21,Ridge + Brent e Câmbio,100.0,313,Receita_t_4,2057.548004707881,0.08437269406632811,6
H4,Validação,61,1T21,Ridge + Brent e Câmbio,100.0,313,Despesas_t,-404.1804686129592,0.01657399727629097,14
H4,Validação,61,1T21,Ridge + Brent e Câmbio,100.0,313,Despesas_t_1,-333.49712616258194,0.013675525884855374,16
H4,Validação,61,1T21,Ridge + Brent e Câmbio,100.0,313,Despesas_t_4,234.16411378131886,0.009602233866805483,20
H4,Validação,61,1T21,Ridge + Brent e Câmbio,100.0,313,EBIT_t,-657.4299401960702,0.026958853493229972,9
H4,Validação,61,1T21,Ridge + Brent e Câmbio,100.0,313,EBIT_t_1,-297.8571471883699,0.012214057653911968,19
H4,Validação,61,1T21,Ridge + Brent e Câmbio,100.0,313,EBIT_t_4,450.3229086609908,0.018466133920849687,11
H4,Validação,61,1T21,Ridge + Brent e Câmbio,100.0,313,Trimestre_Sin,-158.11206404105448,0.006483610966552177,26
H4,Validação,61,1T21,Ridge + Brent e Câmbio,100.0,313,Trimestre_Cos,163.99198355835483,0.006724725462754781,25
H4,Validação,61,1T21,Ridge + Brent e Câmbio,100.0,313,Brent_t,188.31057290444448,0.007721943945301727,23
H4,Validação,61,1T21,Ridge + Brent e Câmbio,100.0,313,Brent_t_1,-223.51752228473765,0.009165655179389755,21
H4,Validação,61,1T21,Ridge + Brent e Câmbio,100.0,313,Brent_t_4,-212.50983501517024,0.008714269244165908,22
H4,Validação,61,1T21,Ridge + Brent e Câmbio,100.0,313,USD_BRL_t,-379.56426419802943,0.015564574662858464,15
H4,Validação,61,1T21,Ridge + Brent e Câmbio,100.0,313,USD_BRL_t_1,-186.27604394285322,0.007638515179969082,24
H4,Validação,61,1T21,Ridge + Brent e Câmbio,100.0,313,USD_BRL_t_4,-87.64562128249499,0.0035940338567075577,28
H4,Validação,61,1T21,Ridge + Brent e Câmbio,100.0,313,Brent_BRL_t,-100.44846714620382,0.004119032833531149,27
H4,Validação,61,1T21,Ridge + Brent e Câmbio,100.0,313,Brent_Var_AA,80.10520914212994,0.003284828489349253,29
H4,Validação,61,1T21,Ridge + Brent e Câmbio,100.0,313,USD_BRL_Var_AA,-332.6006376249437,0.01363876409220361,17
H4,Validação,61,1T21,Ridge + Brent e Câmbio,100.0,313,Segmento=CORPORATIVO / OUTROS NEGÓCIOS,-734.1542801217602,0.030105044612552246,8
H4,Validação,61,1T21,Ridge + Brent e Câmbio,100.0,313,Segmento=DISTRIBUIÇÃO,472.5164290787687,0.019376210917439535,10
H4,Validação,61,1T21,Ridge + Brent e Câmbio,100.0,313,Segmento=E&P,-312.0057033237984,0.012794239402072086,18
H4,Validação,61,1T21,Ridge + Brent e Câmbio,100.0,313,Segmento=GÁS & ENERGIA / G&EBC,-434.5911824951226,0.01782103202485942,13
H4,Validação,61,1T21,Ridge + Brent e Câmbio,100.0,313,Segmento=INTERNACIONAL,-440.1559030280539,0.018049221336610757,12
H4,Validação,61,1T21,Ridge + Brent e Câmbio,100.0,313,Segmento=REFINO / RTC,3076.0810071339083,0.12613909427352551,1
H4,Validação,62,2T21,Ridge Contábil,0.1,317,Custo_t,10267.029231929304,0.24521551381945084,1
H4,Validação,62,2T21,Ridge Contábil,0.1,317,Custo_t_1,1417.332480870527,0.03385126356403233,9
H4,Validação,62,2T21,Ridge Contábil,0.1,317,Custo_t_4,-2247.5204558197706,0.053679294267481865,8
H4,Validação,62,2T21,Ridge Contábil,0.1,317,Receita_t,-4136.5403061430125,0.09879623732357089,3
H4,Validação,62,2T21,Ridge Contábil,0.1,317,Receita_t_1,3447.4461036542357,0.08233805987845444,4
H4,Validação,62,2T21,Ridge Contábil,0.1,317,Receita_t_4,2378.123489969284,0.05679858899255728,7
H4,Validação,62,2T21,Ridge Contábil,0.1,317,Despesas_t,-439.5212950121288,0.010497431901315125,14
H4,Validação,62,2T21,Ridge Contábil,0.1,317,Despesas_t_1,-393.5875429728451,0.009400360065487535,16
H4,Validação,62,2T21,Ridge Contábil,0.1,317,Despesas_t_4,409.3520170803615,0.009776875368117258,15
H4,Validação,62,2T21,Ridge Contábil,0.1,317,EBIT_t,-551.7131634144627,0.013176998310952473,12
H4,Validação,62,2T21,Ridge Contábil,0.1,317,EBIT_t_1,-6.373922620568901,0.00015223339440658426,20
H4,Validação,62,2T21,Ridge Contábil,0.1,317,EBIT_t_4,444.91638479030604,0.0106262870630345,13
H4,Validação,62,2T21,Ridge Contábil,0.1,317,Trimestre_Sin,-193.1127252520471,0.004612262717679699,18
H4,Validação,62,2T21,Ridge Contábil,0.1,317,Trimestre_Cos,230.46767831284458,0.0055044403672785056,17
H4,Validação,62,2T21,Ridge Contábil,0.1,317,Segmento=CORPORATIVO / OUTROS NEGÓCIOS,88.94023481380049,0.0021242294033081673,19
H4,Validação,62,2T21,Ridge Contábil,0.1,317,Segmento=DISTRIBUIÇÃO,2738.1314358053296,0.06539694119581502,5
H4,Validação,62,2T21,Ridge Contábil,0.1,317,Segmento=E&P,2724.6383427785277,0.06507467506947624,6
H4,Validação,62,2T21,Ridge Contábil,0.1,317,Segmento=GÁS & ENERGIA / G&EBC,895.707121669962,0.02139287588555621,10
H4,Validação,62,2T21,Ridge Contábil,0.1,317,Segmento=INTERNACIONAL,715.0792796882204,0.017078799429641786,11
H4,Validação,62,2T21,Ridge Contábil,0.1,317,Segmento=REFINO / RTC,8143.878196212392,0.19450663198238327,2
H4,Validação,62,2T21,Ridge + Brent e Câmbio,100.0,317,Custo_t,2961.406490122314,0.12136146582966066,2
H4,Validação,62,2T21,Ridge + Brent e Câmbio,100.0,317,Custo_t_1,2760.37495021669,0.11312298778136923,3
H4,Validação,62,2T21,Ridge + Brent e Câmbio,100.0,317,Custo_t_4,2041.6997063664357,0.08367094148509963,7
H4,Validação,62,2T21,Ridge + Brent e Câmbio,100.0,317,Receita_t,2349.133807698884,0.0962699052910408,4
H4,Validação,62,2T21,Ridge + Brent e Câmbio,100.0,317,Receita_t_1,2349.032336058614,0.09626574687947373,5
H4,Validação,62,2T21,Ridge + Brent e Câmbio,100.0,317,Receita_t_4,2059.4369555234925,0.08439783209085278,6
H4,Validação,62,2T21,Ridge + Brent e Câmbio,100.0,317,Despesas_t,-380.35425984019395,0.015587306458173873,14
H4,Validação,62,2T21,Ridge + Brent e Câmbio,100.0,317,Despesas_t_1,-329.79966768607966,0.013515527582592843,18
H4,Validação,62,2T21,Ridge + Brent e Câmbio,100.0,317,Despesas_t_4,207.18964159192504,0.008490843351693842,21
H4,Validação,62,2T21,Ridge + Brent e Câmbio,100.0,317,EBIT_t,-667.0965944722449,0.027338300508614903,9
H4,Validação,62,2T21,Ridge + Brent e Câmbio,100.0,317,EBIT_t_1,-287.1348632023073,0.011767080272587578,19
H4,Validação,62,2T21,Ridge + Brent e Câmbio,100.0,317,EBIT_t_4,448.9712094153236,0.018399299208569208,11
H4,Validação,62,2T21,Ridge + Brent e Câmbio,100.0,317,Trimestre_Sin,-123.55027894625832,0.005063216754131605,26
H4,Validação,62,2T21,Ridge + Brent e Câmbio,100.0,317,Trimestre_Cos,154.044984086661,0.006312920949832783,25
H4,Validação,62,2T21,Ridge + Brent e Câmbio,100.0,317,Brent_t,196.80795595618525,0.008065391259676554,23
H4,Validação,62,2T21,Ridge + Brent e Câmbio,100.0,317,Brent_t_1,-197.86977439201345,0.00810890566482387,22
H4,Validação,62,2T21,Ridge + Brent e Câmbio,100.0,317,Brent_t_4,-212.7832555500909,0.008720075370841684,20
H4,Validação,62,2T21,Ridge + Brent e Câmbio,100.0,317,USD_BRL_t,-349.3776550698289,0.014317853522922728,15
H4,Validação,62,2T21,Ridge + Brent e Câmbio,100.0,317,USD_BRL_t_1,-181.8334163551359,0.007451719316237075,24
H4,Validação,62,2T21,Ridge + Brent e Câmbio,100.0,317,USD_BRL_t_4,-78.21252332653717,0.003205229173639392,28
H4,Validação,62,2T21,Ridge + Brent e Câmbio,100.0,317,Brent_BRL_t,-110.1438227243091,0.004513806470840934,27
H4,Validação,62,2T21,Ridge + Brent e Câmbio,100.0,317,Brent_Var_AA,70.51501026766633,0.0028897772182312252,29
H4,Validação,62,2T21,Ridge + Brent e Câmbio,100.0,317,USD_BRL_Var_AA,-345.9108782547911,0.014175781464466514,16
H4,Validação,62,2T21,Ridge + Brent e Câmbio,100.0,317,Segmento=CORPORATIVO / OUTROS NEGÓCIOS,-747.7870203206444,0.030645076661110212,8
H4,Validação,62,2T21,Ridge + Brent e Câmbio,100.0,317,Segmento=DISTRIBUIÇÃO,474.774473653831,0.019456743359387553,10
H4,Validação,62,2T21,Ridge + Brent e Câmbio,100.0,317,Segmento=E&P,-341.3447654611415,0.013988657493600226,17
H4,Validação,62,2T21,Ridge + Brent e Câmbio,100.0,317,Segmento=GÁS & ENERGIA / G&EBC,-437.5509949490574,0.01793128714324213,12
H4,Validação,62,2T21,Ridge + Brent e Câmbio,100.0,317,Segmento=INTERNACIONAL,-432.17638150767965,0.01771102998918745,13
H4,Validação,62,2T21,Ridge + Brent e Câmbio,100.0,317,Segmento=REFINO / RTC,3105.2249033127905,0.12725529144809886,1
H4,Validação,63,3T21,Ridge Contábil,0.1,321,Custo_t,6387.4992503478725,0.12947229213923825,2
H4,Validação,63,3T21,Ridge Contábil,0.1,321,Custo_t_1,5936.28062267072,0.12032625427816127,4
H4,Validação,63,3T21,Ridge Contábil,0.1,321,Custo_t_4,-3565.2968272773674,0.07226727304260971,7
H4,Validação,63,3T21,Ridge Contábil,0.1,321,Receita_t,-6341.2125317979735,0.12853407714908655,3
H4,Validação,63,3T21,Ridge Contábil,0.1,321,Receita_t_1,4298.497193815163,0.0871289784350304,6
H4,Validação,63,3T21,Ridge Contábil,0.1,321,Receita_t_4,4911.025756646517,0.09954471015135267,5
H4,Validação,63,3T21,Ridge Contábil,0.1,321,Despesas_t,-544.5187073035808,0.011037196621737378,14
H4,Validação,63,3T21,Ridge Contábil,0.1,321,Despesas_t_1,-549.290788018899,0.01113392496631637,13
H4,Validação,63,3T21,Ridge Contábil,0.1,321,Despesas_t_4,398.9528067158601,0.00808662863452732,16
H4,Validação,63,3T21,Ridge Contábil,0.1,321,EBIT_t,-674.2865918756538,0.013667544556524433,12
H4,Validação,63,3T21,Ridge Contábil,0.1,321,EBIT_t_1,-40.65648312619482,0.0008240921610099645,19
H4,Validação,63,3T21,Ridge Contábil,0.1,321,EBIT_t_4,342.8890789868474,0.006950237215843375,17
H4,Validação,63,3T21,Ridge Contábil,0.1,321,Trimestre_Sin,-415.5232404794898,0.008422505314434831,15
H4,Validação,63,3T21,Ridge Contábil,0.1,321,Trimestre_Cos,19.72367721917336,0.00039979178061614256,20
H4,Validação,63,3T21,Ridge Contábil,0.1,321,Segmento=CORPORATIVO / OUTROS NEGÓCIOS,87.04800574997321,0.0017644314917116938,18
H4,Validação,63,3T21,Ridge Contábil,0.1,321,Segmento=DISTRIBUIÇÃO,2625.518595112437,0.05321830926945106,8
H4,Validação,63,3T21,Ridge Contábil,0.1,321,Segmento=E&P,2604.722841272967,0.05279678688473798,9
H4,Validação,63,3T21,Ridge Contábil,0.1,321,Segmento=GÁS & ENERGIA / G&EBC,876.1779047322052,0.017759808213089902,10
H4,Validação,63,3T21,Ridge Contábil,0.1,321,Segmento=INTERNACIONAL,685.4923387177406,0.01389468097907634,11
H4,Validação,63,3T21,Ridge Contábil,0.1,321,Segmento=REFINO / RTC,8030.260998859492,0.16277047671544445,1
H4,Validação,63,3T21,Ridge + Brent e Câmbio,100.0,321,Custo_t,2750.7262242499633,0.11239875393156853,3
H4,Validação,63,3T21,Ridge + Brent e Câmbio,100.0,321,Custo_t_1,2979.9224178166405,0.12176405038878955,2
H4,Validação,63,3T21,Ridge + Brent e Câmbio,100.0,321,Custo_t_4,2139.90585556933,0.0874397275804657,7
H4,Validação,63,3T21,Ridge + Brent e Câmbio,100.0,321,Receita_t,2155.0974529389778,0.0880604787841025,6
H4,Validação,63,3T21,Ridge + Brent e Câmbio,100.0,321,Receita_t_1,2492.5502472750727,0.10184930053587282,4
H4,Validação,63,3T21,Ridge + Brent e Câmbio,100.0,321,Receita_t_4,2184.3924709348803,0.08925751667544705,5
H4,Validação,63,3T21,Ridge + Brent e Câmbio,100.0,321,Despesas_t,-409.853511316443,0.016747222446322246,14
H4,Validação,63,3T21,Ridge + Brent e Câmbio,100.0,321,Despesas_t_1,-291.76171761948257,0.01192181657929473,19
H4,Validação,63,3T21,Ridge + Brent e Câmbio,100.0,321,Despesas_t_4,204.8416640966054,0.00837013425572924,21
H4,Validação,63,3T21,Ridge + Brent e Câmbio,100.0,321,EBIT_t,-673.4670739214175,0.027518863656941013,9
H4,Validação,63,3T21,Ridge + Brent e Câmbio,100.0,321,EBIT_t_1,-439.3694521954816,0.01795328757438724,13
H4,Validação,63,3T21,Ridge + Brent e Câmbio,100.0,321,EBIT_t_4,567.5702062571298,0.023191760557479475,10
H4,Validação,63,3T21,Ridge + Brent e Câmbio,100.0,321,Trimestre_Sin,-167.99908670219838,0.006864691891363131,23
H4,Validação,63,3T21,Ridge + Brent e Câmbio,100.0,321,Trimestre_Cos,-8.174026735564722,0.0003340028577112635,29
H4,Validação,63,3T21,Ridge + Brent e Câmbio,100.0,321,Brent_t,281.29391315156886,0.01149408656086528,20
H4,Validação,63,3T21,Ridge + Brent e Câmbio,100.0,321,Brent_t_1,-19.564086374589284,0.0007994175904993985,27
H4,Validação,63,3T21,Ridge + Brent e Câmbio,100.0,321,Brent_t_4,-204.40474901149213,0.008352281257234624,22
H4,Validação,63,3T21,Ridge + Brent e Câmbio,100.0,321,USD_BRL_t,14.364235861942179,0.0005869439851294837,28
H4,Validação,63,3T21,Ridge + Brent e Câmbio,100.0,321,USD_BRL_t_1,-153.27518742249902,0.006263051525461802,24
H4,Validação,63,3T21,Ridge + Brent e Câmbio,100.0,321,USD_BRL_t_4,24.0416070830021,0.000982375728569144,26
H4,Validação,63,3T21,Ridge + Brent e Câmbio,100.0,321,Brent_BRL_t,-363.3218711443077,0.01484587060416783,16
H4,Validação,63,3T21,Ridge + Brent e Câmbio,100.0,321,Brent_Var_AA,39.70454366697282,0.0016223865516845992,25
H4,Validação,63,3T21,Ridge + Brent e Câmbio,100.0,321,USD_BRL_Var_AA,-301.0290694468398,0.012300494322087697,18
H4,Validação,63,3T21,Ridge + Brent e Câmbio,100.0,321,Segmento=CORPORATIVO / OUTROS NEGÓCIOS,-765.8095818981483,0.031292115513123296,8
H4,Validação,63,3T21,Ridge + Brent e Câmbio,100.0,321,Segmento=DISTRIBUIÇÃO,455.586249645096,0.01861592997406637,11
H4,Validação,63,3T21,Ridge + Brent e Câmbio,100.0,321,Segmento=E&P,-359.7455650930634,0.01469973743384573,17
H4,Validação,63,3T21,Ridge + Brent e Câmbio,100.0,321,Segmento=GÁS & ENERGIA / G&EBC,-449.3162233405867,0.01835972739834942,12
H4,Validação,63,3T21,Ridge + Brent e Câmbio,100.0,321,Segmento=INTERNACIONAL,-388.00374195963036,0.01585440845860249,15
H4,Validação,63,3T21,Ridge + Brent e Câmbio,100.0,321,Segmento=REFINO / RTC,3187.8325152129596,0.13025956538083833,1
H4,Validação,64,4T21,Ridge Contábil,0.1,325,Custo_t,4776.1471013186665,0.11857489401379463,4
H4,Validação,64,4T21,Ridge Contábil,0.1,325,Custo_t_1,5602.30775719886,0.13908555043438817,3
H4,Validação,64,4T21,Ridge Contábil,0.1,325,Custo_t_4,-2894.2356024275487,0.07185366625622704,5
H4,Validação,64,4T21,Ridge Contábil,0.1,325,Receita_t,-43.4574926590749,0.0010788963314660807,20
H4,Validação,64,4T21,Ridge Contábil,0.1,325,Receita_t_1,-2419.6865233227027,0.06007228566523451,7
H4,Validação,64,4T21,Ridge Contábil,0.1,325,Receita_t_4,7171.698315819847,0.17804798505105965,2
H4,Validação,64,4T21,Ridge Contábil,0.1,325,Despesas_t,-408.7710217195705,0.010148343329485462,16
H4,Validação,64,4T21,Ridge Contábil,0.1,325,Despesas_t_1,-427.13845370522154,0.010604341910518036,15
H4,Validação,64,4T21,Ridge Contábil,0.1,325,Despesas_t_4,230.33807678453337,0.005718482379767274,17
H4,Validação,64,4T21,Ridge Contábil,0.1,325,EBIT_t,-604.0949939217159,0.014997548936203116,13
H4,Validação,64,4T21,Ridge Contábil,0.1,325,EBIT_t_1,-610.8318968065355,0.015164802483592426,12
H4,Validação,64,4T21,Ridge Contábil,0.1,325,EBIT_t_4,644.0345573082311,0.01598910748644244,10
H4,Validação,64,4T21,Ridge Contábil,0.1,325,Trimestre_Sin,-427.49597450651356,0.010613217891559161,14
H4,Validação,64,4T21,Ridge Contábil,0.1,325,Trimestre_Cos,123.02770660840025,0.0030543442156175673,18
H4,Validação,64,4T21,Ridge Contábil,0.1,325,Segmento=CORPORATIVO / OUTROS NEGÓCIOS,51.8157468882997,0.0012864023165930986,19
H4,Validação,64,4T21,Ridge Contábil,0.1,325,Segmento=DISTRIBUIÇÃO,2430.941550223011,0.060351708303087934,6
H4,Validação,64,4T21,Ridge Contábil,0.1,325,Segmento=E&P,2095.659800266365,0.05202784450188874,8
H4,Validação,64,4T21,Ridge Contábil,0.1,325,Segmento=GÁS & ENERGIA / G&EBC,841.1712112018336,0.02088331558887174,9
H4,Validação,64,4T21,Ridge Contábil,0.1,325,Segmento=INTERNACIONAL,631.7470313355066,0.015684051536740785,11
H4,Validação,64,4T21,Ridge Contábil,0.1,325,Segmento=REFINO / RTC,7844.980635681619,0.19476321136746216,1
H4,Validação,64,4T21,Ridge + Brent e Câmbio,100.0,325,Custo_t,2842.9402408547257,0.1115627112501403,2
H4,Validação,64,4T21,Ridge + Brent e Câmbio,100.0,325,Custo_t_1,2732.6943628975987,0.10723644055605376,3
H4,Validação,64,4T21,Ridge + Brent e Câmbio,100.0,325,Custo_t_4,2366.9224237459102,0.09288281164589583,5
H4,Validação,64,4T21,Ridge + Brent e Câmbio,100.0,325,Receita_t,2306.5146100909374,0.09051228715326146,6
H4,Validação,64,4T21,Ridge + Brent e Câmbio,100.0,325,Receita_t_1,2219.8186179981813,0.0871101614970849,7
H4,Validação,64,4T21,Ridge + Brent e Câmbio,100.0,325,Receita_t_4,2394.8098797536363,0.09397717168814405,4
H4,Validação,64,4T21,Ridge + Brent e Câmbio,100.0,325,Despesas_t,-415.2261476637765,0.016294311835902273,15
H4,Validação,64,4T21,Ridge + Brent e Câmbio,100.0,325,Despesas_t_1,-364.1855553580287,0.01429137600924898,18
H4,Validação,64,4T21,Ridge + Brent e Câmbio,100.0,325,Despesas_t_4,91.92586597549459,0.0036073564596489373,26
H4,Validação,64,4T21,Ridge + Brent e Câmbio,100.0,325,EBIT_t,-532.1872149753141,0.02088410010948986,11
H4,Validação,64,4T21,Ridge + Brent e Câmbio,100.0,325,EBIT_t_1,-555.63201917215,0.02180412153074257,10
H4,Validação,64,4T21,Ridge + Brent e Câmbio,100.0,325,EBIT_t_4,594.8818380388278,0.02334436361740951,9
H4,Validação,64,4T21,Ridge + Brent e Câmbio,100.0,325,Trimestre_Sin,-343.7506200993006,0.013489467918138565,19
H4,Validação,64,4T21,Ridge + Brent e Câmbio,100.0,325,Trimestre_Cos,46.00731053063357,0.0018054196941478704,28
H4,Validação,64,4T21,Ridge + Brent e Câmbio,100.0,325,Brent_t,454.54435618256616,0.017837237670507846,12
H4,Validação,64,4T21,Ridge + Brent e Câmbio,100.0,325,Brent_t_1,-122.34960804131879,0.004801245484279946,25
H4,Validação,64,4T21,Ridge + Brent e Câmbio,100.0,325,Brent_t_4,-196.63077468148447,0.007716188340310181,24
H4,Validação,64,4T21,Ridge + Brent e Câmbio,100.0,325,USD_BRL_t,250.77341786775906,0.009840854902521746,21
H4,Validação,64,4T21,Ridge + Brent e Câmbio,100.0,325,USD_BRL_t_1,238.4099864215951,0.009355688906885267,22
H4,Validação,64,4T21,Ridge + Brent e Câmbio,100.0,325,USD_BRL_t_4,-24.442992544110965,0.0009591923460438752,29
H4,Validação,64,4T21,Ridge + Brent e Câmbio,100.0,325,Brent_BRL_t,-409.2320618000636,0.016059091812346344,16
H4,Validação,64,4T21,Ridge + Brent e Câmbio,100.0,325,Brent_Var_AA,76.59199288360062,0.0030056243403754957,27
H4,Validação,64,4T21,Ridge + Brent e Câmbio,100.0,325,USD_BRL_Var_AA,-225.76574745028276,0.008859503457376773,23
H4,Validação,64,4T21,Ridge + Brent e Câmbio,100.0,325,Segmento=CORPORATIVO / OUTROS NEGÓCIOS,-760.1923788327088,0.029831482785150992,8
H4,Validação,64,4T21,Ridge + Brent e Câmbio,100.0,325,Segmento=DISTRIBUIÇÃO,439.58696104345375,0.017250279305720914,14
H4,Validação,64,4T21,Ridge + Brent e Câmbio,100.0,325,Segmento=E&P,-373.9092983341909,0.014672955303224579,17
H4,Validação,64,4T21,Ridge + Brent e Câmbio,100.0,325,Segmento=GÁS & ENERGIA / G&EBC,-443.68435040728804,0.017411069131658095,13
H4,Validação,64,4T21,Ridge + Brent e Câmbio,100.0,325,Segmento=INTERNACIONAL,-322.11979188132614,0.01264063057435474,20
H4,Validação,64,4T21,Ridge + Brent e Câmbio,100.0,325,Segmento=REFINO / RTC,3337.159054278756,0.1309568546739343,1
H4,Validação,65,1T22,Ridge Contábil,0.1,329,Custo_t,8404.020808092951,0.18629293644072667,2
H4,Validação,65,1T22,Ridge Contábil,0.1,329,Custo_t_1,3766.4711694555895,0.08349181780958043,5
H4,Validação,65,1T22,Ridge Contábil,0.1,329,Custo_t_4,-3130.5937249946937,0.06939624629088897,6
H4,Validação,65,1T22,Ridge Contábil,0.1,329,Receita_t,-3975.125748043009,0.08811708885953078,4
H4,Validação,65,1T22,Ridge Contábil,0.1,329,Receita_t_1,-1295.1059039841098,0.028708767786793547,8
H4,Validação,65,1T22,Ridge Contábil,0.1,329,Receita_t_4,9509.601627725237,0.2108004789688824,1
H4,Validação,65,1T22,Ridge Contábil,0.1,329,Despesas_t,43.42767740197313,0.0009626665296001347,20
H4,Validação,65,1T22,Ridge Contábil,0.1,329,Despesas_t_1,-570.7544883518652,0.01265198314590102,13
H4,Validação,65,1T22,Ridge Contábil,0.1,329,Despesas_t_4,271.6765246705939,0.006022286081700129,18
H4,Validação,65,1T22,Ridge Contábil,0.1,329,EBIT_t,377.76838004071607,0.008374036954367213,16
H4,Validação,65,1T22,Ridge Contábil,0.1,329,EBIT_t_1,-620.1307390116962,0.013746512411820412,12
H4,Validação,65,1T22,Ridge Contábil,0.1,329,EBIT_t_4,641.0295691049104,0.01420977928313652,11
H4,Validação,65,1T22,Ridge Contábil,0.1,329,Trimestre_Sin,-325.71128094971124,0.007220080999985204,17
H4,Validação,65,1T22,Ridge Contábil,0.1,329,Trimestre_Cos,423.08535049611953,0.009378583669506831,15
H4,Validação,65,1T22,Ridge Contábil,0.1,329,Segmento=CORPORATIVO / OUTROS NEGÓCIOS,111.86625762200589,0.002479752739423227,19
H4,Validação,65,1T22,Ridge Contábil,0.1,329,Segmento=DISTRIBUIÇÃO,2038.1902679991188,0.04518080793955453,7
H4,Validação,65,1T22,Ridge Contábil,0.1,329,Segmento=E&P,1294.8850417256485,0.028703871906640793,9
H4,Validação,65,1T22,Ridge Contábil,0.1,329,Segmento=GÁS & ENERGIA / G&EBC,758.3421348476545,0.016810260987390042,10
H4,Validação,65,1T22,Ridge Contábil,0.1,329,Segmento=INTERNACIONAL,524.0389438383223,0.01161643407200121,14
H4,Validação,65,1T22,Ridge Contábil,0.1,329,Segmento=REFINO / RTC,7030.034041664102,0.15583560712256986,3
H4,Validação,65,1T22,Ridge + Brent e Câmbio,100.0,329,Custo_t,2886.040260570621,0.10876868513321104,2
H4,Validação,65,1T22,Ridge + Brent e Câmbio,100.0,329,Custo_t_1,2719.315683634966,0.10248519239735553,3
H4,Validação,65,1T22,Ridge + Brent e Câmbio,100.0,329,Custo_t_4,2510.255442279541,0.09460615901153388,5
H4,Validação,65,1T22,Ridge + Brent e Câmbio,100.0,329,Receita_t,2286.7649056627474,0.08618327865895067,6
H4,Validação,65,1T22,Ridge + Brent e Câmbio,100.0,329,Receita_t_1,2216.3985702737436,0.08353132196850893,7
H4,Validação,65,1T22,Ridge + Brent e Câmbio,100.0,329,Receita_t_4,2544.479837885606,0.09589600328723864,4
H4,Validação,65,1T22,Ridge + Brent e Câmbio,100.0,329,Despesas_t,-430.60882613250834,0.016228725726760294,17
H4,Validação,65,1T22,Ridge + Brent e Câmbio,100.0,329,Despesas_t_1,-443.03514438260805,0.016697047085812624,16
H4,Validação,65,1T22,Ridge + Brent e Câmbio,100.0,329,Despesas_t_4,93.89232352581489,0.003538600868993333,27
H4,Validação,65,1T22,Ridge + Brent e Câmbio,100.0,329,EBIT_t,-299.2633448609309,0.011278595442273678,21
H4,Validação,65,1T22,Ridge + Brent e Câmbio,100.0,329,EBIT_t_1,-513.7335942263193,0.01936152045976907,13
H4,Validação,65,1T22,Ridge + Brent e Câmbio,100.0,329,EBIT_t_4,614.3468489781811,0.023153418852818193,9
H4,Validação,65,1T22,Ridge + Brent e Câmbio,100.0,329,Trimestre_Sin,-305.8396653495727,0.011526442896911316,20
H4,Validação,65,1T22,Ridge + Brent e Câmbio,100.0,329,Trimestre_Cos,271.9528099182464,0.010249319788505396,22
H4,Validação,65,1T22,Ridge + Brent e Câmbio,100.0,329,Brent_t,578.7537117983538,0.021811989634484844,11
H4,Validação,65,1T22,Ridge + Brent e Câmbio,100.0,329,Brent_t_1,-119.15803377611152,0.0044908114533107205,26
H4,Validação,65,1T22,Ridge + Brent e Câmbio,100.0,329,Brent_t_4,-151.38661943808785,0.005705437920601629,25
H4,Validação,65,1T22,Ridge + Brent e Câmbio,100.0,329,USD_BRL_t,486.2349192369028,0.01832515421000893,14
H4,Validação,65,1T22,Ridge + Brent e Câmbio,100.0,329,USD_BRL_t_1,600.0639740222815,0.02261512784208638,10
H4,Validação,65,1T22,Ridge + Brent e Câmbio,100.0,329,USD_BRL_t_4,3.235003301134439,0.00012192035581527882,29
H4,Validação,65,1T22,Ridge + Brent e Câmbio,100.0,329,Brent_BRL_t,-446.48489049083366,0.016827060638763172,15
H4,Validação,65,1T22,Ridge + Brent e Câmbio,100.0,329,Brent_Var_AA,59.69009854045245,0.0022495921565671953,28
H4,Validação,65,1T22,Ridge + Brent e Câmbio,100.0,329,USD_BRL_Var_AA,-209.38221007100606,0.007891167698127068,24
H4,Validação,65,1T22,Ridge + Brent e Câmbio,100.0,329,Segmento=CORPORATIVO / OUTROS NEGÓCIOS,-720.9592275576423,0.027171411392783437,8
H4,Validação,65,1T22,Ridge + Brent e Câmbio,100.0,329,Segmento=DISTRIBUIÇÃO,426.37000350288884,0.01606897356729269,18
H4,Validação,65,1T22,Ridge + Brent e Câmbio,100.0,329,Segmento=E&P,-520.0562007401945,0.019599805977308215,12
H4,Validação,65,1T22,Ridge + Brent e Câmbio,100.0,329,Segmento=GÁS & ENERGIA / G&EBC,-405.23687799733136,0.015272511263769543,19
H4,Validação,65,1T22,Ridge + Brent e Câmbio,100.0,329,Segmento=INTERNACIONAL,-249.1411966521001,0.009389598871017061,23
H4,Validação,65,1T22,Ridge + Brent e Câmbio,100.0,329,Segmento=REFINO / RTC,3421.6620654124968,0.12895512543942125,1
H4,Validação,66,2T22,Ridge Contábil,0.1,333,Custo_t,7032.766956714386,0.1745746436394738,2
H4,Validação,66,2T22,Ridge Contábil,0.1,333,Custo_t_1,5716.694775944363,0.14190573346857724,4
H4,Validação,66,2T22,Ridge Contábil,0.1,333,Custo_t_4,-1671.1977116028056,0.04148420483002397,6
H4,Validação,66,2T22,Ridge Contábil,0.1,333,Receita_t,278.4584220551821,0.0069121840803046284,16
H4,Validação,66,2T22,Ridge Contábil,0.1,333,Receita_t_1,-5362.688272246205,0.13311821646289015,5
H4,Validação,66,2T22,Ridge Contábil,0.1,333,Receita_t_4,8484.750601213187,0.2106172892821989,1
H4,Validação,66,2T22,Ridge Contábil,0.1,333,Despesas_t,-141.1183663612804,0.003502986615386826,18
H4,Validação,66,2T22,Ridge Contábil,0.1,333,Despesas_t_1,170.08603562523135,0.004222052179473561,17
H4,Validação,66,2T22,Ridge Contábil,0.1,333,Despesas_t_4,521.3489956613935,0.012941466095715193,9
H4,Validação,66,2T22,Ridge Contábil,0.1,333,EBIT_t,415.32482562869285,0.010309624060489145,13
H4,Validação,66,2T22,Ridge Contábil,0.1,333,EBIT_t_1,492.281486610722,0.012219922204777158,10
H4,Validação,66,2T22,Ridge Contábil,0.1,333,EBIT_t_4,427.98182068891305,0.010623809133844229,12
H4,Validação,66,2T22,Ridge Contábil,0.1,333,Trimestre_Sin,115.42041371638253,0.002865085352219844,19
H4,Validação,66,2T22,Ridge Contábil,0.1,333,Trimestre_Cos,361.2852695574545,0.008968198089511258,15
H4,Validação,66,2T22,Ridge Contábil,0.1,333,Segmento=CORPORATIVO / OUTROS NEGÓCIOS,83.93624742671882,0.0020835526860397903,20
H4,Validação,66,2T22,Ridge Contábil,0.1,333,Segmento=DISTRIBUIÇÃO,1573.656042318623,0.039062924235900465,7
H4,Validação,66,2T22,Ridge Contábil,0.1,333,Segmento=E&P,453.15015743836045,0.011248563721345271,11
H4,Validação,66,2T22,Ridge Contábil,0.1,333,Segmento=GÁS & ENERGIA / G&EBC,572.5303024918165,0.014211941636269428,8
H4,Validação,66,2T22,Ridge Contábil,0.1,333,Segmento=INTERNACIONAL,392.0857157369537,0.009732758745198748,14
H4,Validação,66,2T22,Ridge Contábil,0.1,333,Segmento=REFINO / RTC,6018.394749823949,0.14939484348036036,3
H4,Validação,66,2T22,Ridge + Brent e Câmbio,100.0,333,Custo_t,2970.375579667605,0.11287981647215223,2
H4,Validação,66,2T22,Ridge + Brent e Câmbio,100.0,333,Custo_t_1,2701.6332512470794,0.1026671063630143,3
H4,Validação,66,2T22,Ridge + Brent e Câmbio,100.0,333,Custo_t_4,2648.8214481902187,0.10066015926937807,4
H4,Validação,66,2T22,Ridge + Brent e Câmbio,100.0,333,Receita_t,2433.1459863487,0.09246408914381447,6
H4,Validação,66,2T22,Ridge + Brent e Câmbio,100.0,333,Receita_t_1,2194.3624752955097,0.08338987001517606,7
H4,Validação,66,2T22,Ridge + Brent e Câmbio,100.0,333,Receita_t_4,2595.921296464914,0.09864985476143111,5
H4,Validação,66,2T22,Ridge + Brent e Câmbio,100.0,333,Despesas_t,-544.7305368730582,0.02070077718450964,13
H4,Validação,66,2T22,Ridge + Brent e Câmbio,100.0,333,Despesas_t_1,-395.34343030433143,0.015023788291855626,16
H4,Validação,66,2T22,Ridge + Brent e Câmbio,100.0,333,Despesas_t_4,254.73939652829344,0.00968057255963515,17
H4,Validação,66,2T22,Ridge + Brent e Câmbio,100.0,333,EBIT_t,-170.7779179406154,0.006489879652454638,24
H4,Validação,66,2T22,Ridge + Brent e Câmbio,100.0,333,EBIT_t_1,-203.7082299651783,0.007741292976462416,21
H4,Validação,66,2T22,Ridge + Brent e Câmbio,100.0,333,EBIT_t_4,239.36061150937186,0.009096150023177721,18
H4,Validação,66,2T22,Ridge + Brent e Câmbio,100.0,333,Trimestre_Sin,-68.20000971099068,0.002591727669817803,28
H4,Validação,66,2T22,Ridge + Brent e Câmbio,100.0,333,Trimestre_Cos,237.7090119416308,0.00903338615676021,19
H4,Validação,66,2T22,Ridge + Brent e Câmbio,100.0,333,Brent_t,607.8305367143308,0.023098694959699788,11
H4,Validação,66,2T22,Ridge + Brent e Câmbio,100.0,333,Brent_t_1,-230.6345960916205,0.00876454514949398,20
H4,Validação,66,2T22,Ridge + Brent e Câmbio,100.0,333,Brent_t_4,-157.5198142169649,0.00598604696363961,26
H4,Validação,66,2T22,Ridge + Brent e Câmbio,100.0,333,USD_BRL_t,632.8923623372777,0.02405109111328381,10
H4,Validação,66,2T22,Ridge + Brent e Câmbio,100.0,333,USD_BRL_t_1,764.7522569572133,0.029062013235933788,8
H4,Validação,66,2T22,Ridge + Brent e Câmbio,100.0,333,USD_BRL_t_4,23.611788384257967,0.0008972920319027771,29
H4,Validação,66,2T22,Ridge + Brent e Câmbio,100.0,333,Brent_BRL_t,-162.01903102361396,0.006157025600442098,25
H4,Validação,66,2T22,Ridge + Brent e Câmbio,100.0,333,Brent_Var_AA,153.11512133088095,0.005818660412255091,27
H4,Validação,66,2T22,Ridge + Brent e Câmbio,100.0,333,USD_BRL_Var_AA,-172.84005615927515,0.006568244753910451,23
H4,Validação,66,2T22,Ridge + Brent e Câmbio,100.0,333,Segmento=CORPORATIVO / OUTROS NEGÓCIOS,-732.6330647479361,0.027841423978927204,9
H4,Validação,66,2T22,Ridge + Brent e Câmbio,100.0,333,Segmento=DISTRIBUIÇÃO,409.95314203634683,0.015578984607873513,14
H4,Validação,66,2T22,Ridge + Brent e Câmbio,100.0,333,Segmento=E&P,-566.508539727201,0.021528381943359945,12
H4,Validação,66,2T22,Ridge + Brent e Câmbio,100.0,333,Segmento=GÁS & ENERGIA / G&EBC,-400.80994936771594,0.015231526219961478,15
H4,Validação,66,2T22,Ridge + Brent e Câmbio,100.0,333,Segmento=INTERNACIONAL,-181.072608561679,0.006881097111922603,22
H4,Validação,66,2T22,Ridge + Brent e Câmbio,100.0,333,Segmento=REFINO / RTC,3459.47484183905,0.1314665013777546,1
H4,Validação,67,3T22,Ridge Contábil,0.1,337,Custo_t,9260.044375720854,0.25762104140139414,1
H4,Validação,67,3T22,Ridge Contábil,0.1,337,Custo_t_1,713.1246399148723,0.019839636283553137,9
H4,Validação,67,3T22,Ridge Contábil,0.1,337,Custo_t_4,-3287.2819089463987,0.09145452812117963,5
H4,Validação,67,3T22,Ridge Contábil,0.1,337,Receita_t,7327.9662330919155,0.20386924897176106,2
H4,Validação,67,3T22,Ridge Contábil,0.1,337,Receita_t_1,-1486.7061156196833,0.041361224873606384,6
H4,Validação,67,3T22,Ridge Contábil,0.1,337,Receita_t_4,3828.7114027731877,0.10651748293927993,4
H4,Validação,67,3T22,Ridge Contábil,0.1,337,Despesas_t,-81.99697217133001,0.002281214269115719,17
H4,Validação,67,3T22,Ridge Contábil,0.1,337,Despesas_t_1,7.237213381280236,0.00020134443988389412,20
H4,Validação,67,3T22,Ridge Contábil,0.1,337,Despesas_t_4,502.0078512086364,0.013966216593857026,12
H4,Validação,67,3T22,Ridge Contábil,0.1,337,EBIT_t,679.9914461907767,0.018917847194233447,10
H4,Validação,67,3T22,Ridge Contábil,0.1,337,EBIT_t_1,-592.2355602513021,0.01647641583521045,11
H4,Validação,67,3T22,Ridge Contábil,0.1,337,EBIT_t_4,344.07355038581176,0.009572371661789968,13
H4,Validação,67,3T22,Ridge Contábil,0.1,337,Trimestre_Sin,105.23628242184925,0.002927748461099308,16
H4,Validação,67,3T22,Ridge Contábil,0.1,337,Trimestre_Cos,67.22774261731482,0.0018703237653533704,18
H4,Validação,67,3T22,Ridge Contábil,0.1,337,Segmento=CORPORATIVO / OUTROS NEGÓCIOS,-27.513977515882225,0.0007654584852013021,19
H4,Validação,67,3T22,Ridge Contábil,0.1,337,Segmento=DISTRIBUIÇÃO,1043.925575218644,0.0290427543239976,8
H4,Validação,67,3T22,Ridge Contábil,0.1,337,Segmento=E&P,-1139.136839037946,0.03169159961491037,7
H4,Validação,67,3T22,Ridge Contábil,0.1,337,Segmento=GÁS & ENERGIA / G&EBC,303.7391089615891,0.008450238723496909,14
H4,Validação,67,3T22,Ridge Contábil,0.1,337,Segmento=INTERNACIONAL,187.73524533697224,0.005222928470868375,15
H4,Validação,67,3T22,Ridge Contábil,0.1,337,Segmento=REFINO / RTC,4958.549163836164,0.13795037557020806,3
H4,Validação,67,3T22,Ridge + Brent e Câmbio,100.0,337,Custo_t,3572.5476655790703,0.13205834190185,1
H4,Validação,67,3T22,Ridge + Brent e Câmbio,100.0,337,Custo_t_1,2821.9938599216057,0.10431430589129549,4
H4,Validação,67,3T22,Ridge + Brent e Câmbio,100.0,337,Custo_t_4,2202.7260239162283,0.08142322331626109,6
H4,Validação,67,3T22,Ridge + Brent e Câmbio,100.0,337,Receita_t,3023.152402999087,0.11175008174228003,3
H4,Validação,67,3T22,Ridge + Brent e Câmbio,100.0,337,Receita_t_1,2393.036234649338,0.08845799324209005,5
H4,Validação,67,3T22,Ridge + Brent e Câmbio,100.0,337,Receita_t_4,2144.0795186006903,0.07925536973520814,7
H4,Validação,67,3T22,Ridge + Brent e Câmbio,100.0,337,Despesas_t,-580.6387886877383,0.021463169383793983,13
H4,Validação,67,3T22,Ridge + Brent e Câmbio,100.0,337,Despesas_t_1,-429.21071645043287,0.015865668102083088,15
H4,Validação,67,3T22,Ridge + Brent e Câmbio,100.0,337,Despesas_t_4,181.47649014983438,0.0067082336267359505,20
H4,Validação,67,3T22,Ridge + Brent e Câmbio,100.0,337,EBIT_t,-61.04437485423161,0.0022564902361850354,28
H4,Validação,67,3T22,Ridge + Brent e Câmbio,100.0,337,EBIT_t_1,-137.5683834355336,0.005085181309028053,21
H4,Validação,67,3T22,Ridge + Brent e Câmbio,100.0,337,EBIT_t_4,124.48240613377563,0.00460146139080681,22
H4,Validação,67,3T22,Ridge + Brent e Câmbio,100.0,337,Trimestre_Sin,-89.30948875042039,0.003301303188790556,25
H4,Validação,67,3T22,Ridge + Brent e Câmbio,100.0,337,Trimestre_Cos,82.52176549426375,0.0030503966754546787,26
H4,Validação,67,3T22,Ridge + Brent e Câmbio,100.0,337,Brent_t,430.516207241015,0.015913925246650668,14
H4,Validação,67,3T22,Ridge + Brent e Câmbio,100.0,337,Brent_t_1,-225.6596333051237,0.00834145259854044,19
H4,Validação,67,3T22,Ridge + Brent e Câmbio,100.0,337,Brent_t_4,33.90108638211818,0.001253145283246558,29
H4,Validação,67,3T22,Ridge + Brent e Câmbio,100.0,337,USD_BRL_t,703.4418871691879,0.026002555582085956,9
H4,Validação,67,3T22,Ridge + Brent e Câmbio,100.0,337,USD_BRL_t_1,922.2754847285299,0.034091685455576184,8
H4,Validação,67,3T22,Ridge + Brent e Câmbio,100.0,337,USD_BRL_t_4,290.6275916365677,0.010742977128685043,18
H4,Validação,67,3T22,Ridge + Brent e Câmbio,100.0,337,Brent_BRL_t,-66.42923834201103,0.002455540384743011,27
H4,Validação,67,3T22,Ridge + Brent e Câmbio,100.0,337,Brent_Var_AA,671.797599838099,0.02483283231824478,12
H4,Validação,67,3T22,Ridge + Brent e Câmbio,100.0,337,USD_BRL_Var_AA,-105.87359162572513,0.003913591159607553,24
H4,Validação,67,3T22,Ridge + Brent e Câmbio,100.0,337,Segmento=CORPORATIVO / OUTROS NEGÓCIOS,-702.3871518194226,0.02596356755044196,10
H4,Validação,67,3T22,Ridge + Brent e Câmbio,100.0,337,Segmento=DISTRIBUIÇÃO,368.0759663582702,0.01360583716755408,17
H4,Validação,67,3T22,Ridge + Brent e Câmbio,100.0,337,Segmento=E&P,-692.1469449399538,0.025585040832866206,11
H4,Validação,67,3T22,Ridge + Brent e Câmbio,100.0,337,Segmento=GÁS & ENERGIA / G&EBC,-414.6683633697573,0.015328113612974825,16
H4,Validação,67,3T22,Ridge + Brent e Câmbio,100.0,337,Segmento=INTERNACIONAL,-113.53916557706984,0.00419694720702827,23
H4,Validação,67,3T22,Ridge + Brent e Câmbio,100.0,337,Segmento=REFINO / RTC,3467.6701035409733,0.12818156872989162,2
H4,Validação,68,4T22,Ridge Contábil,0.1,341,Custo_t,9348.137022135377,0.23779657930562753,2
H4,Validação,68,4T22,Ridge Contábil,0.1,341,Custo_t_1,1565.549270951252,0.03982421957285207,7
H4,Validação,68,4T22,Ridge Contábil,0.1,341,Custo_t_4,-5642.049112610504,0.14352164244878135,3
H4,Validação,68,4T22,Ridge Contábil,0.1,341,Receita_t,9520.394134098744,0.2421784312071306,1
H4,Validação,68,4T22,Ridge Contábil,0.1,341,Receita_t_1,-228.37479651171415,0.005809365575356018,13
H4,Validação,68,4T22,Ridge Contábil,0.1,341,Receita_t_4,4220.688211428106,0.10736526610774105,4
H4,Validação,68,4T22,Ridge Contábil,0.1,341,Despesas_t,-492.90949435192164,0.012538561575061181,10
H4,Validação,68,4T22,Ridge Contábil,0.1,341,Despesas_t_1,-90.09582757887867,0.002291844841088242,16
H4,Validação,68,4T22,Ridge Contábil,0.1,341,Despesas_t_4,498.94807549777767,0.012692170142944154,9
H4,Validação,68,4T22,Ridge Contábil,0.1,341,EBIT_t,192.3816904603331,0.004893778065530667,14
H4,Validação,68,4T22,Ridge Contábil,0.1,341,EBIT_t_1,-754.1102781402079,0.019182949943537943,8
H4,Validação,68,4T22,Ridge Contábil,0.1,341,EBIT_t_4,319.2181747821991,0.008120226504558995,12
H4,Validação,68,4T22,Ridge Contábil,0.1,341,Trimestre_Sin,-68.62080225181295,0.0017455662027685574,17
H4,Validação,68,4T22,Ridge Contábil,0.1,341,Trimestre_Cos,61.757836168978685,0.0015709870481707853,18
H4,Validação,68,4T22,Ridge Contábil,0.1,341,Segmento=CORPORATIVO / OUTROS NEGÓCIOS,1.4812802327784758,3.768059577150945e-05,20
H4,Validação,68,4T22,Ridge Contábil,0.1,341,Segmento=DISTRIBUIÇÃO,470.6714920114617,0.011972874436048326,11
H4,Validação,68,4T22,Ridge Contábil,0.1,341,Segmento=E&P,-2210.0775337982186,0.05621963780515742,6
H4,Validação,68,4T22,Ridge Contábil,0.1,341,Segmento=GÁS & ENERGIA / G&EBC,100.32112850515507,0.0025519545909647753,15
H4,Validação,68,4T22,Ridge Contábil,0.1,341,Segmento=INTERNACIONAL,21.31898205954659,0.0005423092318858829,19
H4,Validação,68,4T22,Ridge Contábil,0.1,341,Segmento=REFINO / RTC,3504.3813775187828,0.08914395479902298,5
H4,Validação,68,4T22,Ridge + Brent e Câmbio,100.0,341,Custo_t,3937.885866136247,0.13815762646045562,1
H4,Validação,68,4T22,Ridge + Brent e Câmbio,100.0,341,Custo_t_1,3168.7414108518174,0.11117279857066724,4
H4,Validação,68,4T22,Ridge + Brent e Câmbio,100.0,341,Custo_t_4,1991.0616373500566,0.0698548305623327,6
H4,Validação,68,4T22,Ridge + Brent e Câmbio,100.0,341,Receita_t,3329.7598320215316,0.11682200315440619,2
H4,Validação,68,4T22,Ridge + Brent e Câmbio,100.0,341,Receita_t_1,2708.4402303501465,0.09502349391409183,5
H4,Validação,68,4T22,Ridge + Brent e Câmbio,100.0,341,Receita_t_4,1967.7491195800696,0.0690369292235418,7
H4,Validação,68,4T22,Ridge + Brent e Câmbio,100.0,341,Despesas_t,-696.8880445547627,0.024449768585807725,12
H4,Validação,68,4T22,Ridge + Brent e Câmbio,100.0,341,Despesas_t_1,-452.65438363214673,0.015881022806508674,14
H4,Validação,68,4T22,Ridge + Brent e Câmbio,100.0,341,Despesas_t_4,163.88105106104592,0.005749637700559873,24
H4,Validação,68,4T22,Ridge + Brent e Câmbio,100.0,341,EBIT_t,-170.34090226679413,0.005976276496150351,23
H4,Validação,68,4T22,Ridge + Brent e Câmbio,100.0,341,EBIT_t_1,-98.02591275748568,0.003439162001788028,25
H4,Validação,68,4T22,Ridge + Brent e Câmbio,100.0,341,EBIT_t_4,189.08071217713947,0.006633747978449492,21
H4,Validação,68,4T22,Ridge + Brent e Câmbio,100.0,341,Trimestre_Sin,-189.84988045677161,0.00666073364219777,20
H4,Validação,68,4T22,Ridge + Brent e Câmbio,100.0,341,Trimestre_Cos,96.57855320807177,0.0033883825310823163,26
H4,Validação,68,4T22,Ridge + Brent e Câmbio,100.0,341,Brent_t,390.8914575346462,0.01371411915237723,17
H4,Validação,68,4T22,Ridge + Brent e Câmbio,100.0,341,Brent_t_1,-263.25293256246016,0.00923602195643867,19
H4,Validação,68,4T22,Ridge + Brent e Câmbio,100.0,341,Brent_t_4,62.31925969092753,0.0021864221804171005,28
H4,Validação,68,4T22,Ridge + Brent e Câmbio,100.0,341,USD_BRL_t,717.9517801710086,0.025188773172547165,10
H4,Validação,68,4T22,Ridge + Brent e Câmbio,100.0,341,USD_BRL_t_1,961.2158180851036,0.03372350049169461,8
H4,Validação,68,4T22,Ridge + Brent e Câmbio,100.0,341,USD_BRL_t_4,442.297473027604,0.015517658748933613,15
H4,Validação,68,4T22,Ridge + Brent e Câmbio,100.0,341,Brent_BRL_t,68.44569685688374,0.0024013634068214373,27
H4,Validação,68,4T22,Ridge + Brent e Câmbio,100.0,341,Brent_Var_AA,703.3703081760101,0.024677193703357213,11
H4,Validação,68,4T22,Ridge + Brent e Câmbio,100.0,341,USD_BRL_Var_AA,-181.5945547926689,0.006371102038291083,22
H4,Validação,68,4T22,Ridge + Brent e Câmbio,100.0,341,Segmento=CORPORATIVO / OUTROS NEGÓCIOS,-628.4765019530994,0.022049603454150978,13
H4,Validação,68,4T22,Ridge + Brent e Câmbio,100.0,341,Segmento=DISTRIBUIÇÃO,309.6031813090519,0.010862183955634423,18
H4,Validação,68,4T22,Ridge + Brent e Câmbio,100.0,341,Segmento=E&P,-831.3602333246578,0.02916761949793171,9
H4,Validação,68,4T22,Ridge + Brent e Câmbio,100.0,341,Segmento=GÁS & ENERGIA / G&EBC,-399.04666740576647,0.01400023827247919,16
H4,Validação,68,4T22,Ridge + Brent e Câmbio,100.0,341,Segmento=INTERNACIONAL,-56.5289120959153,0.001983272392103703,29
H4,Validação,68,4T22,Ridge + Brent e Câmbio,100.0,341,Segmento=REFINO / RTC,3325.5559695702577,0.11667451394878224,3
H4,Teste,69,1T23,Ridge Contábil,0.1,345,Custo_t,9779.344911668972,0.20060341614632904,2
H4,Teste,69,1T23,Ridge Contábil,0.1,345,Custo_t_1,746.5324838246354,0.015313599006077802,10
H4,Teste,69,1T23,Ridge Contábil,0.1,345,Custo_t_4,-9146.142714574675,0.18761455799726115,3
H4,Teste,69,1T23,Ridge Contábil,0.1,345,Receita_t,10022.719472021932,0.2055957513846188,1
H4,Teste,69,1T23,Ridge Contábil,0.1,345,Receita_t_1,1279.0801340661922,0.026237733379504316,8
H4,Teste,69,1T23,Ridge Contábil,0.1,345,Receita_t_4,7673.314649361699,0.1574024789728914,4
H4,Teste,69,1T23,Ridge Contábil,0.1,345,Despesas_t,-519.3386483998942,0.010653178504985992,11
H4,Teste,69,1T23,Ridge Contábil,0.1,345,Despesas_t_1,-490.293674110921,0.01005737979690505,12
H4,Teste,69,1T23,Ridge Contábil,0.1,345,Despesas_t_4,-299.8075733708625,0.006149943983770598,14
H4,Teste,69,1T23,Ridge Contábil,0.1,345,EBIT_t,231.39882523041223,0.004746677333987801,15
H4,Teste,69,1T23,Ridge Contábil,0.1,345,EBIT_t_1,-1491.22213315156,0.030589396002003374,7
H4,Teste,69,1T23,Ridge Contábil,0.1,345,EBIT_t_4,-1041.012011844253,0.021354248951393234,9
H4,Teste,69,1T23,Ridge Contábil,0.1,345,Trimestre_Sin,-69.59948938580298,0.0014276922901218614,17
H4,Teste,69,1T23,Ridge Contábil,0.1,345,Trimestre_Cos,4.544121122297344,9.321342367501867e-05,19
H4,Teste,69,1T23,Ridge Contábil,0.1,345,Segmento=CORPORATIVO / OUTROS NEGÓCIOS,-0.5744897500309915,1.1784491439682695e-05,20
H4,Teste,69,1T23,Ridge Contábil,0.1,345,Segmento=DISTRIBUIÇÃO,345.78774294562515,0.0070931338574275575,13
H4,Teste,69,1T23,Ridge Contábil,0.1,345,Segmento=E&P,-2319.3259350519197,0.04757626506996679,6
H4,Teste,69,1T23,Ridge Contábil,0.1,345,Segmento=GÁS & ENERGIA / G&EBC,87.8978636439716,0.0018030463060879696,16
H4,Teste,69,1T23,Ridge Contábil,0.1,345,Segmento=INTERNACIONAL,-7.30593102448935,0.0001498663494211383,18
H4,Teste,69,1T23,Ridge Contábil,0.1,345,Segmento=REFINO / RTC,3194.4001453759124,0.0655266367521315,5
H4,Teste,69,1T23,Ridge + Brent e Câmbio,100.0,345,Custo_t,4177.293815735917,0.14359725091729872,1
H4,Teste,69,1T23,Ridge + Brent e Câmbio,100.0,345,Custo_t_1,3387.3235896438246,0.11644149942430564,3
H4,Teste,69,1T23,Ridge + Brent e Câmbio,100.0,345,Custo_t_4,1932.124717871484,0.06641807116141968,7
H4,Teste,69,1T23,Ridge + Brent e Câmbio,100.0,345,Receita_t,3527.4446059650463,0.12125825247712403,2
H4,Teste,69,1T23,Ridge + Brent e Câmbio,100.0,345,Receita_t_1,2911.928912682549,0.10009949148241751,5
H4,Teste,69,1T23,Ridge + Brent e Câmbio,100.0,345,Receita_t_4,1967.656863088912,0.06763951226599231,6
H4,Teste,69,1T23,Ridge + Brent e Câmbio,100.0,345,Despesas_t,-695.9118558772645,0.023922432510801412,11
H4,Teste,69,1T23,Ridge + Brent e Câmbio,100.0,345,Despesas_t_1,-545.4117941762257,0.01874889287570497,14
H4,Teste,69,1T23,Ridge + Brent e Câmbio,100.0,345,Despesas_t_4,-103.99045764043295,0.0035747410877698246,23
H4,Teste,69,1T23,Ridge + Brent e Câmbio,100.0,345,EBIT_t,-80.91983024353134,0.0027816729395220927,26
H4,Teste,69,1T23,Ridge + Brent e Câmbio,100.0,345,EBIT_t_1,-226.59377468608386,0.0077893115866840565,20
H4,Teste,69,1T23,Ridge + Brent e Câmbio,100.0,345,EBIT_t_4,-84.58249626275197,0.002907579517940645,25
H4,Teste,69,1T23,Ridge + Brent e Câmbio,100.0,345,Trimestre_Sin,-191.18380077499302,0.006572070201955144,21
H4,Teste,69,1T23,Ridge + Brent e Câmbio,100.0,345,Trimestre_Cos,94.60071812514204,0.003251962552023527,24
H4,Teste,69,1T23,Ridge + Brent e Câmbio,100.0,345,Brent_t,378.9905036047128,0.013028050417806625,17
H4,Teste,69,1T23,Ridge + Brent e Câmbio,100.0,345,Brent_t_1,-292.03774088131183,0.010038991415131506,18
H4,Teste,69,1T23,Ridge + Brent e Câmbio,100.0,345,Brent_t_4,37.25344665104593,0.0012806119852361928,29
H4,Teste,69,1T23,Ridge + Brent e Câmbio,100.0,345,USD_BRL_t,746.4122257934617,0.025658416286459058,10
H4,Teste,69,1T23,Ridge + Brent e Câmbio,100.0,345,USD_BRL_t_1,972.3957852518093,0.033426751319173956,8
H4,Teste,69,1T23,Ridge + Brent e Câmbio,100.0,345,USD_BRL_t_4,461.84893067069686,0.015876363911386124,15
H4,Teste,69,1T23,Ridge + Brent e Câmbio,100.0,345,Brent_BRL_t,65.03266663261725,0.002235541132655474,27
H4,Teste,69,1T23,Ridge + Brent e Câmbio,100.0,345,Brent_Var_AA,680.7752246439093,0.023402100753176214,12
H4,Teste,69,1T23,Ridge + Brent e Câmbio,100.0,345,USD_BRL_Var_AA,-183.0063409036503,0.006290964584584423,22
H4,Teste,69,1T23,Ridge + Brent e Câmbio,100.0,345,Segmento=CORPORATIVO / OUTROS NEGÓCIOS,-615.0163787643012,0.021141596726326352,13
H4,Teste,69,1T23,Ridge + Brent e Câmbio,100.0,345,Segmento=DISTRIBUIÇÃO,257.88555743157053,0.008864987413370344,19
H4,Teste,69,1T23,Ridge + Brent e Câmbio,100.0,345,Segmento=E&P,-774.3796140531514,0.026619813843485017,9
H4,Teste,69,1T23,Ridge + Brent e Câmbio,100.0,345,Segmento=GÁS & ENERGIA / G&EBC,-410.14384334815315,0.014098967174295911,16
H4,Teste,69,1T23,Ridge + Brent e Câmbio,100.0,345,Segmento=INTERNACIONAL,-43.01030884480249,0.0014785079488428457,28
H4,Teste,69,1T23,Ridge + Brent e Câmbio,100.0,345,Segmento=REFINO / RTC,3245.190909394315,0.11155559408711034,4
H4,Teste,70,2T23,Ridge Contábil,0.1,349,Custo_t,14695.885168145353,0.33703479089590627,1
H4,Teste,70,2T23,Ridge Contábil,0.1,349,Custo_t_1,-522.6652656284845,0.011986782456049963,12
H4,Teste,70,2T23,Ridge Contábil,0.1,349,Custo_t_4,-6553.785201690701,0.15030422460134613,2
H4,Teste,70,2T23,Ridge Contábil,0.1,349,Receita_t,4736.560159220924,0.10862806456117481,4
H4,Teste,70,2T23,Ridge Contábil,0.1,349,Receita_t_1,1892.8494842545267,0.0434105276969621,6
H4,Teste,70,2T23,Ridge Contábil,0.1,349,Receita_t_4,5084.177857537385,0.11660031372638724,3
H4,Teste,70,2T23,Ridge Contábil,0.1,349,Despesas_t,-82.57485088112621,0.0018937680365321802,19
H4,Teste,70,2T23,Ridge Contábil,0.1,349,Despesas_t_1,-391.62015906592376,0.008981399685097192,13
H4,Teste,70,2T23,Ridge Contábil,0.1,349,Despesas_t_4,248.12946609695337,0.005690590377119392,14
H4,Teste,70,2T23,Ridge Contábil,0.1,349,EBIT_t,812.2620717450279,0.018628383004561145,9
H4,Teste,70,2T23,Ridge Contábil,0.1,349,EBIT_t_1,-1443.426535700571,0.03310348135326643,7
H4,Teste,70,2T23,Ridge Contábil,0.1,349,EBIT_t_4,-549.4487825141798,0.012601034466714423,11
H4,Teste,70,2T23,Ridge Contábil,0.1,349,Trimestre_Sin,-226.88436454482283,0.005203356142688568,15
H4,Teste,70,2T23,Ridge Contábil,0.1,349,Trimestre_Cos,10.565663565952617,0.00024231246841436362,20
H4,Teste,70,2T23,Ridge Contábil,0.1,349,Segmento=CORPORATIVO / OUTROS NEGÓCIOS,-100.60422608330279,0.0023072529427983803,18
H4,Teste,70,2T23,Ridge Contábil,0.1,349,Segmento=DISTRIBUIÇÃO,697.4180068298783,0.015994554217696844,10
H4,Teste,70,2T23,Ridge Contábil,0.1,349,Segmento=E&P,-1014.366919141805,0.02326344677935643,8
H4,Teste,70,2T23,Ridge Contábil,0.1,349,Segmento=GÁS & ENERGIA / G&EBC,187.3692444858214,0.004297118098914241,16
H4,Teste,70,2T23,Ridge Contábil,0.1,349,Segmento=INTERNACIONAL,115.222212397201,0.002642501204761064,17
H4,Teste,70,2T23,Ridge Contábil,0.1,349,Segmento=REFINO / RTC,4237.6507239298435,0.0971860972842527,5
H4,Teste,70,2T23,Ridge + Brent e Câmbio,100.0,349,Custo_t,4364.161226217912,0.1458172026047069,1
H4,Teste,70,2T23,Ridge + Brent e Câmbio,100.0,349,Custo_t_1,3518.4778470041306,0.117560871489938,2
H4,Teste,70,2T23,Ridge + Brent e Câmbio,100.0,349,Custo_t_4,2048.1321181707476,0.06843305747788132,6
H4,Teste,70,2T23,Ridge + Brent e Câmbio,100.0,349,Receita_t,3498.7866109401757,0.11690293957362263,3
H4,Teste,70,2T23,Ridge + Brent e Câmbio,100.0,349,Receita_t_1,2918.4386706220284,0.0975121084819094,5
H4,Teste,70,2T23,Ridge + Brent e Câmbio,100.0,349,Receita_t_4,1986.0109710175152,0.06635743940812228,7
H4,Teste,70,2T23,Ridge + Brent e Câmbio,100.0,349,Despesas_t,-654.1690011179658,0.021857371629783635,13
H4,Teste,70,2T23,Ridge + Brent e Câmbio,100.0,349,Despesas_t_1,-537.4307170182832,0.017956862656369442,14
H4,Teste,70,2T23,Ridge + Brent e Câmbio,100.0,349,Despesas_t_4,-14.035005451446692,0.00046894354433494516,29
H4,Teste,70,2T23,Ridge + Brent e Câmbio,100.0,349,EBIT_t,-216.1769983918376,0.007222997396065038,23
H4,Teste,70,2T23,Ridge + Brent e Câmbio,100.0,349,EBIT_t_1,-320.1234330587902,0.010696099680373525,19
H4,Teste,70,2T23,Ridge + Brent e Câmbio,100.0,349,EBIT_t_4,-110.59401613229291,0.003695214090705444,24
H4,Teste,70,2T23,Ridge + Brent e Câmbio,100.0,349,Trimestre_Sin,-326.8464417067021,0.010920731691729196,18
H4,Teste,70,2T23,Ridge + Brent e Câmbio,100.0,349,Trimestre_Cos,87.26265835355501,0.002915656886487881,25
H4,Teste,70,2T23,Ridge + Brent e Câmbio,100.0,349,Brent_t,334.1461986098959,0.011164634259976105,17
H4,Teste,70,2T23,Ridge + Brent e Câmbio,100.0,349,Brent_t_1,-260.94005232127483,0.00871863950589855,20
H4,Teste,70,2T23,Ridge + Brent e Câmbio,100.0,349,Brent_t_4,-18.80057632660356,0.0006281728160802649,28
H4,Teste,70,2T23,Ridge + Brent e Câmbio,100.0,349,USD_BRL_t,807.8702254263301,0.02699290201095319,9
H4,Teste,70,2T23,Ridge + Brent e Câmbio,100.0,349,USD_BRL_t_1,916.8927246182487,0.03063560791229234,8
H4,Teste,70,2T23,Ridge + Brent e Câmbio,100.0,349,USD_BRL_t_4,381.8194138556599,0.012757511911825316,16
H4,Teste,70,2T23,Ridge + Brent e Câmbio,100.0,349,Brent_BRL_t,-256.33524363204475,0.00856478168837349,21
H4,Teste,70,2T23,Ridge + Brent e Câmbio,100.0,349,Brent_Var_AA,787.3789226170215,0.026308237925806912,10
H4,Teste,70,2T23,Ridge + Brent e Câmbio,100.0,349,USD_BRL_Var_AA,-59.51297054261829,0.0019884725685859923,27
H4,Teste,70,2T23,Ridge + Brent e Câmbio,100.0,349,Segmento=CORPORATIVO / OUTROS NEGÓCIOS,-685.6204186511211,0.02290823970841597,12
H4,Teste,70,2T23,Ridge + Brent e Câmbio,100.0,349,Segmento=DISTRIBUIÇÃO,241.70267004529248,0.008075871944501165,22
H4,Teste,70,2T23,Ridge + Brent e Câmbio,100.0,349,Segmento=E&P,-720.671408153982,0.02407937820969986,11
H4,Teste,70,2T23,Ridge + Brent e Câmbio,100.0,349,Segmento=GÁS & ENERGIA / G&EBC,-459.064331633476,0.015338451808849487,15
H4,Teste,70,2T23,Ridge + Brent e Câmbio,100.0,349,Segmento=INTERNACIONAL,-68.30315838348395,0.0022821740463464146,26
H4,Teste,70,2T23,Ridge + Brent e Câmbio,100.0,349,Segmento=REFINO / RTC,3329.2834163279526,0.1112394270703654,4
H4,Teste,71,3T23,Ridge Contábil,0.1,353,Custo_t,16489.03212236884,0.41617568948958034,1
H4,Teste,71,3T23,Ridge Contábil,0.1,353,Custo_t_1,-75.25215429711004,0.0018993302316204625,18
H4,Teste,71,3T23,Ridge Contábil,0.1,353,Custo_t_4,-4931.631131525639,0.12447213221730975,3
H4,Teste,71,3T23,Ridge Contábil,0.1,353,Receita_t,560.3601984672681,0.014143237166920524,11
H4,Teste,71,3T23,Ridge Contábil,0.1,353,Receita_t_1,2246.2181134384523,0.05669352604608392,5
H4,Teste,71,3T23,Ridge Contábil,0.1,353,Receita_t_4,2936.1814444377474,0.07410788747555921,4
H4,Teste,71,3T23,Ridge Contábil,0.1,353,Despesas_t,-55.04552908679698,0.0013893241793094036,20
H4,Teste,71,3T23,Ridge Contábil,0.1,353,Despesas_t_1,-59.302099270413315,0.0014967580794850329,19
H4,Teste,71,3T23,Ridge Contábil,0.1,353,Despesas_t_4,634.5168997518916,0.016014918661526486,10
H4,Teste,71,3T23,Ridge Contábil,0.1,353,EBIT_t,724.359382594995,0.018282502165834245,8
H4,Teste,71,3T23,Ridge Contábil,0.1,353,EBIT_t_1,-802.7273172706238,0.0202604732805402,7
H4,Teste,71,3T23,Ridge Contábil,0.1,353,EBIT_t_4,-242.19179556666785,0.00611281103467201,16
H4,Teste,71,3T23,Ridge Contábil,0.1,353,Trimestre_Sin,-275.1879084005684,0.006945617951852772,14
H4,Teste,71,3T23,Ridge Contábil,0.1,353,Trimestre_Cos,252.07211581797884,0.006362185834990883,15
H4,Teste,71,3T23,Ridge Contábil,0.1,353,Segmento=CORPORATIVO / OUTROS NEGÓCIOS,-170.04695996971333,0.004291908117214321,17
H4,Teste,71,3T23,Ridge Contábil,0.1,353,Segmento=DISTRIBUIÇÃO,1400.1935325836237,0.035340249477185524,6
H4,Teste,71,3T23,Ridge Contábil,0.1,353,Segmento=E&P,637.8490903838218,0.01609902164122006,9
H4,Teste,71,3T23,Ridge Contábil,0.1,353,Segmento=GÁS & ENERGIA / G&EBC,452.22035432331904,0.011413836565119873,12
H4,Teste,71,3T23,Ridge Contábil,0.1,353,Segmento=INTERNACIONAL,317.7163442366708,0.008019016376675573,13
H4,Teste,71,3T23,Ridge Contábil,0.1,353,Segmento=REFINO / RTC,6358.259066106934,0.16047957400729948,2
H4,Teste,71,3T23,Ridge + Brent e Câmbio,100.0,353,Custo_t,4320.5699679832,0.1364331683718696,1
H4,Teste,71,3T23,Ridge + Brent e Câmbio,100.0,353,Custo_t_1,3588.802900267436,0.11332573108964057,3
H4,Teste,71,3T23,Ridge + Brent e Câmbio,100.0,353,Custo_t_4,2189.0144480253093,0.06912379129814235,6
H4,Teste,71,3T23,Ridge + Brent e Câmbio,100.0,353,Receita_t,3279.2519077405823,0.10355085809925835,4
H4,Teste,71,3T23,Ridge + Brent e Câmbio,100.0,353,Receita_t_1,2856.0665217593396,0.0901876853128113,5
H4,Teste,71,3T23,Ridge + Brent e Câmbio,100.0,353,Receita_t_4,2028.9170291939665,0.06406830133705411,7
H4,Teste,71,3T23,Ridge + Brent e Câmbio,100.0,353,Despesas_t,-746.774959658631,0.0235813502760056,12
H4,Teste,71,3T23,Ridge + Brent e Câmbio,100.0,353,Despesas_t_1,-475.87819072869587,0.015027084343340808,17
H4,Teste,71,3T23,Ridge + Brent e Câmbio,100.0,353,Despesas_t_4,94.20001155535851,0.0029746089364138875,28
H4,Teste,71,3T23,Ridge + Brent e Câmbio,100.0,353,EBIT_t,-555.2078779646409,0.017532124339395223,14
H4,Teste,71,3T23,Ridge + Brent e Câmbio,100.0,353,EBIT_t_1,-341.3845952674583,0.010780101308584757,18
H4,Teste,71,3T23,Ridge + Brent e Câmbio,100.0,353,EBIT_t_4,-141.4469466538747,0.004466553077839193,25
H4,Teste,71,3T23,Ridge + Brent e Câmbio,100.0,353,Trimestre_Sin,-338.52067925589137,0.010689665755334964,19
H4,Teste,71,3T23,Ridge + Brent e Câmbio,100.0,353,Trimestre_Cos,259.9758366756892,0.008209409258646659,24
H4,Teste,71,3T23,Ridge + Brent e Câmbio,100.0,353,Brent_t,305.6137688572849,0.009650544972595551,21
H4,Teste,71,3T23,Ridge + Brent e Câmbio,100.0,353,Brent_t_1,-319.2933521017656,0.010082513184632732,20
H4,Teste,71,3T23,Ridge + Brent e Câmbio,100.0,353,Brent_t_4,-32.09763158732117,0.001013565711733026,29
H4,Teste,71,3T23,Ridge + Brent e Câmbio,100.0,353,USD_BRL_t,910.7258853003347,0.02875852467858558,10
H4,Teste,71,3T23,Ridge + Brent e Câmbio,100.0,353,USD_BRL_t_1,911.6433675715459,0.02878749655361919,9
H4,Teste,71,3T23,Ridge + Brent e Câmbio,100.0,353,USD_BRL_t_4,299.993654241713,0.009473075321763013,22
H4,Teste,71,3T23,Ridge + Brent e Câmbio,100.0,353,Brent_BRL_t,-634.0397064694326,0.02002144315870763,13
H4,Teste,71,3T23,Ridge + Brent e Câmbio,100.0,353,Brent_Var_AA,959.2274466367201,0.030290086887539806,8
H4,Teste,71,3T23,Ridge + Brent e Câmbio,100.0,353,USD_BRL_Var_AA,105.59238349373538,0.003334352537452957,27
H4,Teste,71,3T23,Ridge + Brent e Câmbio,100.0,353,Segmento=CORPORATIVO / OUTROS NEGÓCIOS,-876.1817407365461,0.02766770399370878,11
H4,Teste,71,3T23,Ridge + Brent e Câmbio,100.0,353,Segmento=DISTRIBUIÇÃO,278.6661957768432,0.008799605674646088,23
H4,Teste,71,3T23,Ridge + Brent e Câmbio,100.0,353,Segmento=E&P,-478.7704480171008,0.015118414845688377,16
H4,Teste,71,3T23,Ridge + Brent e Câmbio,100.0,353,Segmento=GÁS & ENERGIA / G&EBC,-546.5161195400899,0.017257659592990957,15
H4,Teste,71,3T23,Ridge + Brent e Câmbio,100.0,353,Segmento=INTERNACIONAL,-121.38770547210206,0.0038331306706464183,26
H4,Teste,71,3T23,Ridge + Brent e Câmbio,100.0,353,Segmento=REFINO / RTC,3672.2709129270247,0.11596144941135235,2
H4,Teste,72,4T23,Ridge Contábil,0.1,357,Custo_t,14203.344277489095,0.28211838629841623,1
H4,Teste,72,4T23,Ridge Contábil,0.1,357,Custo_t_1,2852.0823955833553,0.05665038228407579,7
H4,Teste,72,4T23,Ridge Contábil,0.1,357,Custo_t_4,-5540.623459075218,0.11005237349902362,3
H4,Teste,72,4T23,Ridge Contábil,0.1,357,Receita_t,4874.371028369782,0.09681872535631708,4
H4,Teste,72,4T23,Ridge Contábil,0.1,357,Receita_t_1,-3441.6524855663474,0.0683609033519505,5
H4,Teste,72,4T23,Ridge Contábil,0.1,357,Receita_t_4,3207.5787933287143,0.06371154112860043,6
H4,Teste,72,4T23,Ridge Contábil,0.1,357,Despesas_t,292.6768857496468,0.005813386558924779,16
H4,Teste,72,4T23,Ridge Contábil,0.1,357,Despesas_t_1,121.19394498822913,0.0024072527935134033,20
H4,Teste,72,4T23,Ridge Contábil,0.1,357,Despesas_t_4,507.5894727150283,0.010082155311223865,13
H4,Teste,72,4T23,Ridge Contábil,0.1,357,EBIT_t,1117.4547691051864,0.02219579629010838,10
H4,Teste,72,4T23,Ridge Contábil,0.1,357,EBIT_t_1,-1066.1425814871063,0.02117659184885594,11
H4,Teste,72,4T23,Ridge Contábil,0.1,357,EBIT_t_4,-322.580353694266,0.006407353582214719,15
H4,Teste,72,4T23,Ridge Contábil,0.1,357,Trimestre_Sin,-128.6803207388544,0.0025559532829704796,19
H4,Teste,72,4T23,Ridge Contábil,0.1,357,Trimestre_Cos,286.87781186518805,0.0056982006326847376,17
H4,Teste,72,4T23,Ridge Contábil,0.1,357,Segmento=CORPORATIVO / OUTROS NEGÓCIOS,-264.18005286744744,0.005247359266318523,18
H4,Teste,72,4T23,Ridge Contábil,0.1,357,Segmento=DISTRIBUIÇÃO,1888.9833703436598,0.03752052543220528,8
H4,Teste,72,4T23,Ridge Contábil,0.1,357,Segmento=E&P,1344.2943357039194,0.02670146842106513,9
H4,Teste,72,4T23,Ridge Contábil,0.1,357,Segmento=GÁS & ENERGIA / G&EBC,561.6608784662042,0.011156165589182528,12
H4,Teste,72,4T23,Ridge Contábil,0.1,357,Segmento=INTERNACIONAL,440.3240933076644,0.008746075587927107,14
H4,Teste,72,4T23,Ridge Contábil,0.1,357,Segmento=REFINO / RTC,7883.04230586618,0.15657940348442143,2
H4,Teste,72,4T23,Ridge + Brent e Câmbio,100.0,357,Custo_t,4316.718290537225,0.13194314962989473,1
H4,Teste,72,4T23,Ridge + Brent e Câmbio,100.0,357,Custo_t_1,3574.9602343290926,0.10927085840950347,3
H4,Teste,72,4T23,Ridge + Brent e Câmbio,100.0,357,Custo_t_4,2300.9297689946334,0.0703293336199049,6
H4,Teste,72,4T23,Ridge + Brent e Câmbio,100.0,357,Receita_t,3307.2795958545094,0.10108903505246383,4
H4,Teste,72,4T23,Ridge + Brent e Câmbio,100.0,357,Receita_t_1,2705.2234133414922,0.08268681752785625,5
H4,Teste,72,4T23,Ridge + Brent e Câmbio,100.0,357,Receita_t_4,2119.3877059494102,0.06478038880203153,7
H4,Teste,72,4T23,Ridge + Brent e Câmbio,100.0,357,Despesas_t,-608.3049906345625,0.018593216188290816,14
H4,Teste,72,4T23,Ridge + Brent e Câmbio,100.0,357,Despesas_t_1,-513.5955244430074,0.01569836310128879,16
H4,Teste,72,4T23,Ridge + Brent e Câmbio,100.0,357,Despesas_t_4,22.512824589132475,0.0006881183305074572,29
H4,Teste,72,4T23,Ridge + Brent e Câmbio,100.0,357,EBIT_t,-432.3996116135864,0.013216560084568209,18
H4,Teste,72,4T23,Ridge + Brent e Câmbio,100.0,357,EBIT_t_1,-546.3694447798797,0.016700118134607866,15
H4,Teste,72,4T23,Ridge + Brent e Câmbio,100.0,357,EBIT_t_4,-297.49208104212516,0.00909302843521088,22
H4,Teste,72,4T23,Ridge + Brent e Câmbio,100.0,357,Trimestre_Sin,-219.81515413228618,0.006718785387541495,25
H4,Teste,72,4T23,Ridge + Brent e Câmbio,100.0,357,Trimestre_Cos,264.9874960892586,0.008099505803563785,23
H4,Teste,72,4T23,Ridge + Brent e Câmbio,100.0,357,Brent_t,340.2633354274045,0.010400358132769828,19
H4,Teste,72,4T23,Ridge + Brent e Câmbio,100.0,357,Brent_t_1,-471.433765797382,0.014409663015894303,17
H4,Teste,72,4T23,Ridge + Brent e Câmbio,100.0,357,Brent_t_4,-33.19215992941632,0.0010145387837113963,28
H4,Teste,72,4T23,Ridge + Brent e Câmbio,100.0,357,USD_BRL_t,876.2120504501814,0.02678196025288396,11
H4,Teste,72,4T23,Ridge + Brent e Câmbio,100.0,357,USD_BRL_t_1,968.4450024996584,0.029601117161906283,10
H4,Teste,72,4T23,Ridge + Brent e Câmbio,100.0,357,USD_BRL_t_4,222.9657614964229,0.006815085639467271,24
H4,Teste,72,4T23,Ridge + Brent e Câmbio,100.0,357,Brent_BRL_t,-811.8529314560421,0.024814784195528804,12
H4,Teste,72,4T23,Ridge + Brent e Câmbio,100.0,357,Brent_Var_AA,1095.4969598274824,0.03348453838335222,8
H4,Teste,72,4T23,Ridge + Brent e Câmbio,100.0,357,USD_BRL_Var_AA,218.98975830896072,0.006693556656526164,26
H4,Teste,72,4T23,Ridge + Brent e Câmbio,100.0,357,Segmento=CORPORATIVO / OUTROS NEGÓCIOS,-1022.3601698137857,0.031249067412410906,9
H4,Teste,72,4T23,Ridge + Brent e Câmbio,100.0,357,Segmento=DISTRIBUIÇÃO,318.6438355734762,0.009739544822250243,20
H4,Teste,72,4T23,Ridge + Brent e Câmbio,100.0,357,Segmento=E&P,-308.90798056210264,0.009441962425604952,21
H4,Teste,72,4T23,Ridge + Brent e Câmbio,100.0,357,Segmento=GÁS & ENERGIA / G&EBC,-639.083880234525,0.01953399188005468,13
H4,Teste,72,4T23,Ridge + Brent e Câmbio,100.0,357,Segmento=INTERNACIONAL,-166.3855639587203,0.005085677101001581,27
H4,Teste,72,4T23,Ridge + Brent e Câmbio,100.0,357,Segmento=REFINO / RTC,3992.292494488155,0.1220268756294033,2
H4,Teste,73,1T24,Ridge Contábil,0.1,361,Custo_t,14645.250550242768,0.28255985196836614,1
H4,Teste,73,1T24,Ridge Contábil,0.1,361,Custo_t_1,2932.0892369928033,0.056570606144323875,7
H4,Teste,73,1T24,Ridge Contábil,0.1,361,Custo_t_4,-5946.381111089037,0.11472719846837683,3
H4,Teste,73,1T24,Ridge Contábil,0.1,361,Receita_t,4992.852772444943,0.09633018810036703,4
H4,Teste,73,1T24,Ridge Contábil,0.1,361,Receita_t_1,-3525.2328884017265,0.06801449245839607,6
H4,Teste,73,1T24,Ridge Contábil,0.1,361,Receita_t_4,3581.427007515968,0.06909868025866212,5
H4,Teste,73,1T24,Ridge Contábil,0.1,361,Despesas_t,280.40712267195966,0.005410067571138345,16
H4,Teste,73,1T24,Ridge Contábil,0.1,361,Despesas_t_1,110.48047932762188,0.002131568031363553,20
H4,Teste,73,1T24,Ridge Contábil,0.1,361,Despesas_t_4,505.61539525379266,0.009755149681168845,13
H4,Teste,73,1T24,Ridge Contábil,0.1,361,EBIT_t,1108.454100402314,0.021386088646889994,11
H4,Teste,73,1T24,Ridge Contábil,0.1,361,EBIT_t_1,-1113.1113096841284,0.02147594305810274,10
H4,Teste,73,1T24,Ridge Contábil,0.1,361,EBIT_t_4,-331.5657615088613,0.006397102744559699,15
H4,Teste,73,1T24,Ridge Contábil,0.1,361,Trimestre_Sin,-128.25838812937934,0.0024745681911831773,19
H4,Teste,73,1T24,Ridge Contábil,0.1,361,Trimestre_Cos,278.6285673699451,0.0053757528066943555,17
H4,Teste,73,1T24,Ridge Contábil,0.1,361,Segmento=CORPORATIVO / OUTROS NEGÓCIOS,-263.84313633173167,0.005090488366109089,18
H4,Teste,73,1T24,Ridge Contábil,0.1,361,Segmento=DISTRIBUIÇÃO,1884.7309311291058,0.03636327634498634,8
H4,Teste,73,1T24,Ridge Contábil,0.1,361,Segmento=E&P,1310.516397930226,0.025284601183906873,9
H4,Teste,73,1T24,Ridge Contábil,0.1,361,Segmento=GÁS & ENERGIA / G&EBC,537.8965441713904,0.010377969798054724,12
H4,Teste,73,1T24,Ridge Contábil,0.1,361,Segmento=INTERNACIONAL,437.11843835556294,0.0084335956432199,14
H4,Teste,73,1T24,Ridge Contábil,0.1,361,Segmento=REFINO / RTC,7916.753616755986,0.1527428105341303,2
H4,Teste,73,1T24,Ridge + Brent e Câmbio,100.0,361,Custo_t,4435.881901020781,0.13250851979276995,1
H4,Teste,73,1T24,Ridge + Brent e Câmbio,100.0,361,Custo_t_1,3624.2406919531245,0.10826320000830497,3
H4,Teste,73,1T24,Ridge + Brent e Câmbio,100.0,361,Custo_t_4,2359.9928520249464,0.07049762967570904,6
H4,Teste,73,1T24,Ridge + Brent e Câmbio,100.0,361,Receita_t,3400.7121822744257,0.10158596364135114,4
H4,Teste,73,1T24,Ridge + Brent e Câmbio,100.0,361,Receita_t_1,2708.344378391392,0.08090357513511083,5
H4,Teste,73,1T24,Ridge + Brent e Câmbio,100.0,361,Receita_t_4,2120.1663727024834,0.06333354088993276,7
H4,Teste,73,1T24,Ridge + Brent e Câmbio,100.0,361,Despesas_t,-559.548551230629,0.0167148161132733,15
H4,Teste,73,1T24,Ridge + Brent e Câmbio,100.0,361,Despesas_t_1,-470.9788517334637,0.014069064932170154,17
H4,Teste,73,1T24,Ridge + Brent e Câmbio,100.0,361,Despesas_t_4,58.36826068666032,0.0017435747837849511,29
H4,Teste,73,1T24,Ridge + Brent e Câmbio,100.0,361,EBIT_t,-399.02904266559585,0.011919782577118806,18
H4,Teste,73,1T24,Ridge + Brent e Câmbio,100.0,361,EBIT_t_1,-586.4104071589805,0.017517232599414068,14
H4,Teste,73,1T24,Ridge + Brent e Câmbio,100.0,361,EBIT_t_4,-344.3843594284426,0.01028743837773115,19
H4,Teste,73,1T24,Ridge + Brent e Câmbio,100.0,361,Trimestre_Sin,-236.99976291694193,0.007079649205298864,24
H4,Teste,73,1T24,Ridge + Brent e Câmbio,100.0,361,Trimestre_Cos,189.71540504267713,0.005667172405628295,25
H4,Teste,73,1T24,Ridge + Brent e Câmbio,100.0,361,Brent_t,330.1634609052131,0.009862632159828303,22
H4,Teste,73,1T24,Ridge + Brent e Câmbio,100.0,361,Brent_t_1,-542.4139776136567,0.016202972687788333,16
H4,Teste,73,1T24,Ridge + Brent e Câmbio,100.0,361,Brent_t_4,-95.43864062738507,0.0028509399670128117,28
H4,Teste,73,1T24,Ridge + Brent e Câmbio,100.0,361,USD_BRL_t,850.3477088587503,0.0254015590866197,11
H4,Teste,73,1T24,Ridge + Brent e Câmbio,100.0,361,USD_BRL_t_1,928.7434446786909,0.027743393955842636,10
H4,Teste,73,1T24,Ridge + Brent e Câmbio,100.0,361,USD_BRL_t_4,115.02747694678857,0.003436097048077051,27
H4,Teste,73,1T24,Ridge + Brent e Câmbio,100.0,361,Brent_BRL_t,-833.600907418788,0.024901299178987316,12
H4,Teste,73,1T24,Ridge + Brent e Câmbio,100.0,361,Brent_Var_AA,1188.6509993008622,0.03550734396948414,8
H4,Teste,73,1T24,Ridge + Brent e Câmbio,100.0,361,USD_BRL_Var_AA,339.20573670424625,0.010132742728239094,20
H4,Teste,73,1T24,Ridge + Brent e Câmbio,100.0,361,Segmento=CORPORATIVO / OUTROS NEGÓCIOS,-1087.9045851685707,0.03249785036506079,9
H4,Teste,73,1T24,Ridge + Brent e Câmbio,100.0,361,Segmento=DISTRIBUIÇÃO,338.5609836297141,0.010113482685378523,21
H4,Teste,73,1T24,Ridge + Brent e Câmbio,100.0,361,Segmento=E&P,-275.61522028138376,0.008233168891047377,23
H4,Teste,73,1T24,Ridge + Brent e Câmbio,100.0,361,Segmento=GÁS & ENERGIA / G&EBC,-699.2953103285562,0.02088932675334284,13
H4,Teste,73,1T24,Ridge + Brent e Câmbio,100.0,361,Segmento=INTERNACIONAL,-189.60933928027978,0.005664004012625602,26
H4,Teste,73,1T24,Ridge + Brent e Câmbio,100.0,361,Segmento=REFINO / RTC,4166.850628436321,0.12447202637306722,2
H4,Teste,74,2T24,Ridge Contábil,0.1,365,Custo_t,15056.46170307886,0.2866356960307144,1
H4,Teste,74,2T24,Ridge Contábil,0.1,365,Custo_t_1,2862.88722955304,0.054501893597788356,7
H4,Teste,74,2T24,Ridge Contábil,0.1,365,Custo_t_4,-5901.75582160578,0.11235401258871938,3
H4,Teste,74,2T24,Ridge Contábil,0.1,365,Receita_t,5171.670904663995,0.0984551031067963,4
H4,Teste,74,2T24,Ridge Contábil,0.1,365,Receita_t_1,-3600.6784356442326,0.06854751069254342,5
H4,Teste,74,2T24,Ridge Contábil,0.1,365,Receita_t_4,3266.53534605698,0.062186299210956725,6
H4,Teste,74,2T24,Ridge Contábil,0.1,365,Despesas_t,306.94724018163896,0.0058434735576805355,16
H4,Teste,74,2T24,Ridge Contábil,0.1,365,Despesas_t_1,120.1654275555001,0.002287635810155573,20
H4,Teste,74,2T24,Ridge Contábil,0.1,365,Despesas_t_4,528.6125343486108,0.010063401661134647,13
H4,Teste,74,2T24,Ridge Contábil,0.1,365,EBIT_t,1164.1774256805913,0.022162896787693828,10
H4,Teste,74,2T24,Ridge Contábil,0.1,365,EBIT_t_1,-1151.5577503783652,0.02192265113866491,11
H4,Teste,74,2T24,Ridge Contábil,0.1,365,EBIT_t_4,-320.4529225400544,0.006100586466378236,15
H4,Teste,74,2T24,Ridge Contábil,0.1,365,Trimestre_Sin,-146.54916449462445,0.002789913234332246,19
H4,Teste,74,2T24,Ridge Contábil,0.1,365,Trimestre_Cos,281.78634641376675,0.005364475872823797,17
H4,Teste,74,2T24,Ridge Contábil,0.1,365,Segmento=CORPORATIVO / OUTROS NEGÓCIOS,-273.71174062236946,0.005210756473350445,18
H4,Teste,74,2T24,Ridge Contábil,0.1,365,Segmento=DISTRIBUIÇÃO,1918.4267153780854,0.03652183279779931,8
H4,Teste,74,2T24,Ridge Contábil,0.1,365,Segmento=E&P,1402.9019954966843,0.026707588932387838,9
H4,Teste,74,2T24,Ridge Contábil,0.1,365,Segmento=GÁS & ENERGIA / G&EBC,546.6881513187949,0.010407514185950078,12
H4,Teste,74,2T24,Ridge Contábil,0.1,365,Segmento=INTERNACIONAL,446.1915693201855,0.0084943218106134,14
H4,Teste,74,2T24,Ridge Contábil,0.1,365,Segmento=REFINO / RTC,8060.057396580402,0.15344243604351637,2
H4,Teste,74,2T24,Ridge + Brent e Câmbio,100.0,365,Custo_t,4553.937061055223,0.13313243247449344,1
H4,Teste,74,2T24,Ridge + Brent e Câmbio,100.0,365,Custo_t_1,3639.54334930334,0.10640051733100639,3
H4,Teste,74,2T24,Ridge + Brent e Câmbio,100.0,365,Custo_t_4,2349.087486704243,0.06867458355427142,6
H4,Teste,74,2T24,Ridge + Brent e Câmbio,100.0,365,Receita_t,3499.9081697348506,0.10231834165186819,4
H4,Teste,74,2T24,Ridge + Brent e Câmbio,100.0,365,Receita_t_1,2708.471792917911,0.07918103242212142,5
H4,Teste,74,2T24,Ridge + Brent e Câmbio,100.0,365,Receita_t_4,1993.1772571678769,0.05826969785526875,7
H4,Teste,74,2T24,Ridge + Brent e Câmbio,100.0,365,Despesas_t,-499.8143761704483,0.014611862832789018,16
H4,Teste,74,2T24,Ridge + Brent e Câmbio,100.0,365,Despesas_t_1,-435.6988751752531,0.01273747315801533,19
H4,Teste,74,2T24,Ridge + Brent e Câmbio,100.0,365,Despesas_t_4,81.18160871751859,0.0023733101480878653,28
H4,Teste,74,2T24,Ridge + Brent e Câmbio,100.0,365,EBIT_t,-367.93596883738724,0.010756453123844956,20
H4,Teste,74,2T24,Ridge + Brent e Câmbio,100.0,365,EBIT_t_1,-591.4700263681416,0.017291377173293036,14
H4,Teste,74,2T24,Ridge + Brent e Câmbio,100.0,365,EBIT_t_4,-445.6287147797862,0.013027767837741696,18
H4,Teste,74,2T24,Ridge + Brent e Câmbio,100.0,365,Trimestre_Sin,-331.7712936842695,0.009699194073437967,22
H4,Teste,74,2T24,Ridge + Brent e Câmbio,100.0,365,Trimestre_Cos,196.67233496163206,0.00574963290068249,27
H4,Teste,74,2T24,Ridge + Brent e Câmbio,100.0,365,Brent_t,328.3077533218621,0.009597938929320092,23
H4,Teste,74,2T24,Ridge + Brent e Câmbio,100.0,365,Brent_t_1,-571.2869201935131,0.016701332562686005,15
H4,Teste,74,2T24,Ridge + Brent e Câmbio,100.0,365,Brent_t_4,-207.67346597434675,0.006071246333643269,26
H4,Teste,74,2T24,Ridge + Brent e Câmbio,100.0,365,USD_BRL_t,819.7170320713294,0.02396408227810267,12
H4,Teste,74,2T24,Ridge + Brent e Câmbio,100.0,365,USD_BRL_t_1,877.3534685990103,0.025649059231278627,10
H4,Teste,74,2T24,Ridge + Brent e Câmbio,100.0,365,USD_BRL_t_4,45.396733900898745,0.0013271544005976018,29
H4,Teste,74,2T24,Ridge + Brent e Câmbio,100.0,365,Brent_BRL_t,-822.4248139716307,0.024043243141804633,11
H4,Teste,74,2T24,Ridge + Brent e Câmbio,100.0,365,Brent_Var_AA,1276.0021368387268,0.03730338519009477,8
H4,Teste,74,2T24,Ridge + Brent e Câmbio,100.0,365,USD_BRL_Var_AA,472.7052909364368,0.013819340140671259,17
H4,Teste,74,2T24,Ridge + Brent e Câmbio,100.0,365,Segmento=CORPORATIVO / OUTROS NEGÓCIOS,-1172.173221189453,0.03426799055985502,9
H4,Teste,74,2T24,Ridge + Brent e Câmbio,100.0,365,Segmento=DISTRIBUIÇÃO,366.10457860080805,0.010702913201413677,21
H4,Teste,74,2T24,Ridge + Brent e Câmbio,100.0,365,Segmento=E&P,-213.83862921273055,0.006251482284980324,25
H4,Teste,74,2T24,Ridge + Brent e Câmbio,100.0,365,Segmento=GÁS & ENERGIA / G&EBC,-753.83128951407,0.022037940336649554,13
H4,Teste,74,2T24,Ridge + Brent e Câmbio,100.0,365,Segmento=INTERNACIONAL,-216.92096118895347,0.00634159296244177,24
H4,Teste,74,2T24,Ridge + Brent e Câmbio,100.0,365,Segmento=REFINO / RTC,4368.033560371395,0.1276976219095387,2
H4,Teste,75,3T24,Ridge Contábil,0.1,369,Custo_t,15868.079757855072,0.30770433751769233,1
H4,Teste,75,3T24,Ridge Contábil,0.1,369,Custo_t_1,3715.9135697394713,0.07205677944010055,6
H4,Teste,75,3T24,Ridge Contábil,0.1,369,Custo_t_4,-5558.687451493714,0.10779075135938102,3
H4,Teste,75,3T24,Ridge Contábil,0.1,369,Receita_t,2909.762937428387,0.05642438723889818,7
H4,Teste,75,3T24,Ridge Contábil,0.1,369,Receita_t_1,-3998.073170543793,0.07752825011359346,5
H4,Teste,75,3T24,Ridge Contábil,0.1,369,Receita_t_4,5017.002018788601,0.09728671055816174,4
H4,Teste,75,3T24,Ridge Contábil,0.1,369,Despesas_t,244.01943772096874,0.004731879381196153,16
H4,Teste,75,3T24,Ridge Contábil,0.1,369,Despesas_t_1,132.43596808784196,0.0025681192964643936,20
H4,Teste,75,3T24,Ridge Contábil,0.1,369,Despesas_t_4,435.96465624975167,0.008453966565554461,13
H4,Teste,75,3T24,Ridge Contábil,0.1,369,EBIT_t,1208.307367519364,0.02343077572799836,9
H4,Teste,75,3T24,Ridge Contábil,0.1,369,EBIT_t_1,-739.4619528366269,0.014339205107946212,11
H4,Teste,75,3T24,Ridge Contábil,0.1,369,EBIT_t_4,-415.2387983425605,0.008052063091779625,14
H4,Teste,75,3T24,Ridge Contábil,0.1,369,Trimestre_Sin,-140.1478002013698,0.0027176625447812588,19
H4,Teste,75,3T24,Ridge Contábil,0.1,369,Trimestre_Cos,193.51840860148005,0.0037525935478563257,18
H4,Teste,75,3T24,Ridge Contábil,0.1,369,Segmento=CORPORATIVO / OUTROS NEGÓCIOS,-193.90753208492882,0.0037601391983392023,17
H4,Teste,75,3T24,Ridge Contábil,0.1,369,Segmento=DISTRIBUIÇÃO,1619.3580983555185,0.03140162631283302,8
H4,Teste,75,3T24,Ridge Contábil,0.1,369,Segmento=E&P,1144.4291692110564,0.02219208780909301,10
H4,Teste,75,3T24,Ridge Contábil,0.1,369,Segmento=GÁS & ENERGIA / G&EBC,461.8497303884531,0.008955914483071238,12
H4,Teste,75,3T24,Ridge Contábil,0.1,369,Segmento=INTERNACIONAL,385.70957388847194,0.007479449985045105,15
H4,Teste,75,3T24,Ridge Contábil,0.1,369,Segmento=REFINO / RTC,7187.375614478361,0.13937330072021434,2
H4,Teste,75,3T24,Ridge + Brent e Câmbio,100.0,369,Custo_t,4625.976714986481,0.13323821120170154,1
H4,Teste,75,3T24,Ridge + Brent e Câmbio,100.0,369,Custo_t_1,3718.612186613572,0.10710413528285305,3
H4,Teste,75,3T24,Ridge + Brent e Câmbio,100.0,369,Custo_t_4,2438.556816453516,0.07023575088162372,6
H4,Teste,75,3T24,Ridge + Brent e Câmbio,100.0,369,Receita_t,3559.6539724142476,0.10252579228187737,4
H4,Teste,75,3T24,Ridge + Brent e Câmbio,100.0,369,Receita_t_1,2769.487531718658,0.07976727670854435,5
H4,Teste,75,3T24,Ridge + Brent e Câmbio,100.0,369,Receita_t_4,2010.5593530428023,0.05790849116175375,7
H4,Teste,75,3T24,Ridge + Brent e Câmbio,100.0,369,Despesas_t,-484.4794235351139,0.013954063267704701,18
H4,Teste,75,3T24,Ridge + Brent e Câmbio,100.0,369,Despesas_t_1,-408.3694609001006,0.01176193047048046,19
H4,Teste,75,3T24,Ridge + Brent e Câmbio,100.0,369,Despesas_t_4,52.62815178951335,0.0015158054688364075,28
H4,Teste,75,3T24,Ridge + Brent e Câmbio,100.0,369,EBIT_t,-365.4431709034341,0.010525559765424275,21
H4,Teste,75,3T24,Ridge + Brent e Câmbio,100.0,369,EBIT_t_1,-591.4320246174019,0.017034531270366245,14
H4,Teste,75,3T24,Ridge + Brent e Câmbio,100.0,369,EBIT_t_4,-526.4511442123011,0.015162940295980499,16
H4,Teste,75,3T24,Ridge + Brent e Câmbio,100.0,369,Trimestre_Sin,-332.5647719383879,0.009578590220357848,22
H4,Teste,75,3T24,Ridge + Brent e Câmbio,100.0,369,Trimestre_Cos,211.5105238765168,0.006091964051687674,26
H4,Teste,75,3T24,Ridge + Brent e Câmbio,100.0,369,Brent_t,326.65687271270986,0.009408429847038382,23
H4,Teste,75,3T24,Ridge + Brent e Câmbio,100.0,369,Brent_t_1,-579.786800798627,0.0166991234448944,15
H4,Teste,75,3T24,Ridge + Brent e Câmbio,100.0,369,Brent_t_4,-232.1099110929956,0.0066852712976327834,24
H4,Teste,75,3T24,Ridge + Brent e Câmbio,100.0,369,USD_BRL_t,817.2478203945636,0.023538518329567364,11
H4,Teste,75,3T24,Ridge + Brent e Câmbio,100.0,369,USD_BRL_t_1,862.1091370676983,0.024830622020084753,10
H4,Teste,75,3T24,Ridge + Brent e Câmbio,100.0,369,USD_BRL_t_4,44.50345858020414,0.0012817965975284301,29
H4,Teste,75,3T24,Ridge + Brent e Câmbio,100.0,369,Brent_BRL_t,-809.5605651400369,0.023317108624705284,12
H4,Teste,75,3T24,Ridge + Brent e Câmbio,100.0,369,Brent_Var_AA,1280.7725442520236,0.036889040578080484,8
H4,Teste,75,3T24,Ridge + Brent e Câmbio,100.0,369,USD_BRL_Var_AA,492.78587031397717,0.014193307037927854,17
H4,Teste,75,3T24,Ridge + Brent e Câmbio,100.0,369,Segmento=CORPORATIVO / OUTROS NEGÓCIOS,-1188.0530905567746,0.03421851823975305,9
H4,Teste,75,3T24,Ridge + Brent e Câmbio,100.0,369,Segmento=DISTRIBUIÇÃO,367.4376007355412,0.010583003691230554,20
H4,Teste,75,3T24,Ridge + Brent e Câmbio,100.0,369,Segmento=E&P,-206.63829981102168,0.005951633380122167,27
H4,Teste,75,3T24,Ridge + Brent e Câmbio,100.0,369,Segmento=GÁS & ENERGIA / G&EBC,-775.5346178497525,0.022337087186915985,13
H4,Teste,75,3T24,Ridge + Brent e Câmbio,100.0,369,Segmento=INTERNACIONAL,-220.58887622795865,0.006353440384684826,25
H4,Teste,75,3T24,Ridge + Brent e Câmbio,100.0,369,Segmento=REFINO / RTC,4420.084163917978,0.12730805701064168,2
H4,Teste,76,4T24,Ridge Contábil,0.1,373,Custo_t,17571.143002110526,0.3698179691685564,1
H4,Teste,76,4T24,Ridge Contábil,0.1,373,Custo_t_1,2624.7653864975205,0.05524315661547129,6
H4,Teste,76,4T24,Ridge Contábil,0.1,373,Custo_t_4,-3485.1338623320426,0.07335123999010158,5
H4,Teste,76,4T24,Ridge Contábil,0.1,373,Receita_t,1867.4309882999894,0.03930362046297051,7
H4,Teste,76,4T24,Ridge Contábil,0.1,373,Receita_t_1,-4150.362406852891,0.08735223408240994,4
H4,Teste,76,4T24,Ridge Contábil,0.1,373,Receita_t_4,4215.216592288176,0.0887172131931529,3
H4,Teste,76,4T24,Ridge Contábil,0.1,373,Despesas_t,243.0019692654185,0.005114436480706057,16
H4,Teste,76,4T24,Ridge Contábil,0.1,373,Despesas_t_1,166.29893969329984,0.003500076013545242,18
H4,Teste,76,4T24,Ridge Contábil,0.1,373,Despesas_t_4,441.2174064232066,0.009286255605890236,12
H4,Teste,76,4T24,Ridge Contábil,0.1,373,EBIT_t,1382.6589613536996,0.029100675413040178,9
H4,Teste,76,4T24,Ridge Contábil,0.1,373,EBIT_t_1,-596.5917430144661,0.01255640266531543,11
H4,Teste,76,4T24,Ridge Contábil,0.1,373,EBIT_t_4,-249.9954538062796,0.0052616276025358845,15
H4,Teste,76,4T24,Ridge Contábil,0.1,373,Trimestre_Sin,-97.21159324254707,0.0020460020152519606,20
H4,Teste,76,4T24,Ridge Contábil,0.1,373,Trimestre_Cos,197.71425903917088,0.004161270882875952,17
H4,Teste,76,4T24,Ridge Contábil,0.1,373,Segmento=CORPORATIVO / OUTROS NEGÓCIOS,-154.37018568119186,0.0032490128025213965,19
H4,Teste,76,4T24,Ridge Contábil,0.1,373,Segmento=DISTRIBUIÇÃO,1442.9907754332496,0.0303704726571053,8
H4,Teste,76,4T24,Ridge Contábil,0.1,373,Segmento=E&P,1172.1188935419514,0.02466946110345322,10
H4,Teste,76,4T24,Ridge Contábil,0.1,373,Segmento=GÁS & ENERGIA / G&EBC,433.35369923612325,0.009120749001014615,13
H4,Teste,76,4T24,Ridge Contábil,0.1,373,Segmento=INTERNACIONAL,359.02510829758944,0.0075563630900498426,14
H4,Teste,76,4T24,Ridge Contábil,0.1,373,Segmento=REFINO / RTC,6662.349649436054,0.14022176115403215,2
H4,Teste,76,4T24,Ridge + Brent e Câmbio,100.0,373,Custo_t,4688.1378813243455,0.13288484843282514,1
H4,Teste,76,4T24,Ridge + Brent e Câmbio,100.0,373,Custo_t_1,3780.088983633513,0.10714628374173005,3
H4,Teste,76,4T24,Ridge + Brent e Câmbio,100.0,373,Custo_t_4,2619.7037282509536,0.07425526758807599,6
H4,Teste,76,4T24,Ridge + Brent e Câmbio,100.0,373,Receita_t,3581.0080812798774,0.10150335339181044,4
H4,Teste,76,4T24,Ridge + Brent e Câmbio,100.0,373,Receita_t_1,2809.130901598259,0.07962456385378316,5
H4,Teste,76,4T24,Ridge + Brent e Câmbio,100.0,373,Receita_t_4,2111.406149088933,0.059847618223753896,7
H4,Teste,76,4T24,Ridge + Brent e Câmbio,100.0,373,Despesas_t,-495.05130048163744,0.014032184781304238,17
H4,Teste,76,4T24,Ridge + Brent e Câmbio,100.0,373,Despesas_t_1,-400.90810465375176,0.011363704325896562,19
H4,Teste,76,4T24,Ridge + Brent e Câmbio,100.0,373,Despesas_t_4,52.36054050409746,0.0014841548318076045,28
H4,Teste,76,4T24,Ridge + Brent e Câmbio,100.0,373,EBIT_t,-391.7612985662203,0.011104438926423562,20
H4,Teste,76,4T24,Ridge + Brent e Câmbio,100.0,373,EBIT_t_1,-609.991630044374,0.017290158130084787,14
H4,Teste,76,4T24,Ridge + Brent e Câmbio,100.0,373,EBIT_t_4,-579.37921303323,0.01642245191118425,16
H4,Teste,76,4T24,Ridge + Brent e Câmbio,100.0,373,Trimestre_Sin,-336.2754448362106,0.009531697371092985,22
H4,Teste,76,4T24,Ridge + Brent e Câmbio,100.0,373,Trimestre_Cos,209.58693550428535,0.005940722918780642,27
H4,Teste,76,4T24,Ridge + Brent e Câmbio,100.0,373,Brent_t,322.1608841068233,0.009131621411149012,23
H4,Teste,76,4T24,Ridge + Brent e Câmbio,100.0,373,Brent_t_1,-587.8423516409171,0.016662338817162108,15
H4,Teste,76,4T24,Ridge + Brent e Câmbio,100.0,373,Brent_t_4,-233.35005059726194,0.006614286288151925,24
H4,Teste,76,4T24,Ridge + Brent e Câmbio,100.0,373,USD_BRL_t,812.7641621649101,0.023037727395169166,11
H4,Teste,76,4T24,Ridge + Brent e Câmbio,100.0,373,USD_BRL_t_1,856.6538447605449,0.024281776518109675,10
H4,Teste,76,4T24,Ridge + Brent e Câmbio,100.0,373,USD_BRL_t_4,47.65891262694387,0.0013508876106510012,29
H4,Teste,76,4T24,Ridge + Brent e Câmbio,100.0,373,Brent_BRL_t,-793.9474356259483,0.02250436896642229,12
H4,Teste,76,4T24,Ridge + Brent e Câmbio,100.0,373,Brent_Var_AA,1282.288353244971,0.03634634854638699,8
H4,Teste,76,4T24,Ridge + Brent e Câmbio,100.0,373,USD_BRL_Var_AA,490.75482750952466,0.013910401639650209,18
H4,Teste,76,4T24,Ridge + Brent e Câmbio,100.0,373,Segmento=CORPORATIVO / OUTROS NEGÓCIOS,-1192.6643360648422,0.03380596380506663,9
H4,Teste,76,4T24,Ridge + Brent e Câmbio,100.0,373,Segmento=DISTRIBUIÇÃO,358.1650399718508,0.01015215598504351,21
H4,Teste,76,4T24,Ridge + Brent e Câmbio,100.0,373,Segmento=E&P,-209.755379054716,0.0059454974361338175,26
H4,Teste,76,4T24,Ridge + Brent e Câmbio,100.0,373,Segmento=GÁS & ENERGIA / G&EBC,-784.2323354489959,0.022228995321874244,13
H4,Teste,76,4T24,Ridge + Brent e Câmbio,100.0,373,Segmento=INTERNACIONAL,-218.31809646551767,0.0061882068943688775,25
H4,Teste,76,4T24,Ridge + Brent e Câmbio,100.0,373,Segmento=REFINO / RTC,4424.356010876167,0.12540797493610722,2
H4,Teste,77,1T25,Ridge Contábil,0.1,377,Custo_t,17765.524947052127,0.37020872668969224,1
H4,Teste,77,1T25,Ridge Contábil,0.1,377,Custo_t_1,2953.023645551621,0.06153688826885026,6
H4,Teste,77,1T25,Ridge Contábil,0.1,377,Custo_t_4,-3533.8387845354,0.07364026453755775,5
H4,Teste,77,1T25,Ridge Contábil,0.1,377,Receita_t,1703.9407304462586,0.03550774491906505,7
H4,Teste,77,1T25,Ridge Contábil,0.1,377,Receita_t_1,-4093.4100879173666,0.08530094894370605,3
H4,Teste,77,1T25,Ridge Contábil,0.1,377,Receita_t_4,3963.234299380805,0.08258826732784737,4
H4,Teste,77,1T25,Ridge Contábil,0.1,377,Despesas_t,247.79244772829622,0.005163648517576535,15
H4,Teste,77,1T25,Ridge Contábil,0.1,377,Despesas_t_1,168.73870975668555,0.0035162790330408814,17
H4,Teste,77,1T25,Ridge Contábil,0.1,377,Despesas_t_4,472.45335128528706,0.009845267962578647,12
H4,Teste,77,1T25,Ridge Contábil,0.1,377,EBIT_t,1441.899807013603,0.030047178068734425,9
H4,Teste,77,1T25,Ridge Contábil,0.1,377,EBIT_t_1,-596.7892041727501,0.012436253476180511,11
H4,Teste,77,1T25,Ridge Contábil,0.1,377,EBIT_t_4,-216.29142769988218,0.0045072112578331495,16
H4,Teste,77,1T25,Ridge Contábil,0.1,377,Trimestre_Sin,-118.32283619584555,0.0024656826441621996,20
H4,Teste,77,1T25,Ridge Contábil,0.1,377,Trimestre_Cos,166.53125127047795,0.003470278681357782,18
H4,Teste,77,1T25,Ridge Contábil,0.1,377,Segmento=CORPORATIVO / OUTROS NEGÓCIOS,-155.2424252678135,0.0032350353146279203,19
H4,Teste,77,1T25,Ridge Contábil,0.1,377,Segmento=DISTRIBUIÇÃO,1482.4379537768425,0.030891936427426717,8
H4,Teste,77,1T25,Ridge Contábil,0.1,377,Segmento=E&P,1265.3905489650813,0.02636897166245942,10
H4,Teste,77,1T25,Ridge Contábil,0.1,377,Segmento=GÁS & ENERGIA / G&EBC,456.0971066932427,0.009504426670137655,13
H4,Teste,77,1T25,Ridge Contábil,0.1,377,Segmento=INTERNACIONAL,369.44599753921324,0.007698738581450711,14
H4,Teste,77,1T25,Ridge Contábil,0.1,377,Segmento=REFINO / RTC,6817.455517922894,0.1420662510157148,2
H4,Teste,77,1T25,Ridge + Brent e Câmbio,100.0,377,Custo_t,4727.895503475446,0.13244406028091107,1
H4,Teste,77,1T25,Ridge + Brent e Câmbio,100.0,377,Custo_t_1,3869.4020093235413,0.10839480538374953,3
H4,Teste,77,1T25,Ridge + Brent e Câmbio,100.0,377,Custo_t_4,2641.144113471999,0.07398722114693952,6
H4,Teste,77,1T25,Ridge + Brent e Câmbio,100.0,377,Receita_t,3602.341022369344,0.10091353989705665,4
H4,Teste,77,1T25,Ridge + Brent e Câmbio,100.0,377,Receita_t_1,2871.95759827252,0.08045307367521466,5
H4,Teste,77,1T25,Ridge + Brent e Câmbio,100.0,377,Receita_t_4,2104.596147100862,0.05895673006493032,7
H4,Teste,77,1T25,Ridge + Brent e Câmbio,100.0,377,Despesas_t,-512.3393427917492,0.01435232710856491,18
H4,Teste,77,1T25,Ridge + Brent e Câmbio,100.0,377,Despesas_t_1,-391.06672780296014,0.010955078265355083,19
H4,Teste,77,1T25,Ridge + Brent e Câmbio,100.0,377,Despesas_t_4,60.01169156588728,0.001681126854320099,28
H4,Teste,77,1T25,Ridge + Brent e Câmbio,100.0,377,EBIT_t,-386.0676650459146,0.010815037909417544,20
H4,Teste,77,1T25,Ridge + Brent e Câmbio,100.0,377,EBIT_t_1,-618.4014635598359,0.01732347947566009,14
H4,Teste,77,1T25,Ridge + Brent e Câmbio,100.0,377,EBIT_t_4,-595.9229005941264,0.01669378024769065,15
H4,Teste,77,1T25,Ridge + Brent e Câmbio,100.0,377,Trimestre_Sin,-343.32403234945514,0.009617646752757348,22
H4,Teste,77,1T25,Ridge + Brent e Câmbio,100.0,377,Trimestre_Cos,179.53452541819885,0.0050293585146950525,27
H4,Teste,77,1T25,Ridge + Brent e Câmbio,100.0,377,Brent_t,313.85600970527474,0.008792149538494448,23
H4,Teste,77,1T25,Ridge + Brent e Câmbio,100.0,377,Brent_t_1,-593.8417221854996,0.01663547952627985,16
H4,Teste,77,1T25,Ridge + Brent e Câmbio,100.0,377,Brent_t_4,-246.23534604333898,0.006897870096892329,24
H4,Teste,77,1T25,Ridge + Brent e Câmbio,100.0,377,USD_BRL_t,810.205755359337,0.02269655490986898,11
H4,Teste,77,1T25,Ridge + Brent e Câmbio,100.0,377,USD_BRL_t_1,861.5324316159965,0.024134385631626412,10
H4,Teste,77,1T25,Ridge + Brent e Câmbio,100.0,377,USD_BRL_t_4,28.64474956913983,0.0008024346003159203,29
H4,Teste,77,1T25,Ridge + Brent e Câmbio,100.0,377,Brent_BRL_t,-786.5616943269024,0.022034206208980108,13
H4,Teste,77,1T25,Ridge + Brent e Câmbio,100.0,377,Brent_Var_AA,1297.09056026748,0.03633581584609551,8
H4,Teste,77,1T25,Ridge + Brent e Câmbio,100.0,377,USD_BRL_Var_AA,523.6974453685168,0.014670505296142949,17
H4,Teste,77,1T25,Ridge + Brent e Câmbio,100.0,377,Segmento=CORPORATIVO / OUTROS NEGÓCIOS,-1224.5206487402347,0.03430289152917067,9
H4,Teste,77,1T25,Ridge + Brent e Câmbio,100.0,377,Segmento=DISTRIBUIÇÃO,368.0253182096796,0.01030961183343282,21
H4,Teste,77,1T25,Ridge + Brent e Câmbio,100.0,377,Segmento=E&P,-193.16013038918067,0.0054110569775341795,26
H4,Teste,77,1T25,Ridge + Brent e Câmbio,100.0,377,Segmento=GÁS & ENERGIA / G&EBC,-802.660894704592,0.022485198297051805,12
H4,Teste,77,1T25,Ridge + Brent e Câmbio,100.0,377,Segmento=INTERNACIONAL,-226.9269779855637,0.006356978560459223,25
H4,Teste,77,1T25,Ridge + Brent e Câmbio,100.0,377,Segmento=REFINO / RTC,4516.336708034268,0.12651759557039213,2
H4,Teste,78,2T25,Ridge Contábil,0.1,381,Custo_t,17459.414857296015,0.36532888432394034,1
H4,Teste,78,2T25,Ridge Contábil,0.1,381,Custo_t_1,3514.6232819366323,0.0735416056553748,6
H4,Teste,78,2T25,Ridge Contábil,0.1,381,Custo_t_4,-3781.4150252577533,0.07912407968047734,4
H4,Teste,78,2T25,Ridge Contábil,0.1,381,Receita_t,1342.985863128493,0.028101258321067343,9
H4,Teste,78,2T25,Ridge Contábil,0.1,381,Receita_t_1,-3727.4440293620164,0.0779947655609837,5
H4,Teste,78,2T25,Ridge Contábil,0.1,381,Receita_t_4,4610.367419039034,0.09646946356951545,3
H4,Teste,78,2T25,Ridge Contábil,0.1,381,Despesas_t,181.66676065799848,0.0038012794548035324,16
H4,Teste,78,2T25,Ridge Contábil,0.1,381,Despesas_t_1,159.83912442710013,0.0033445478829358423,17
H4,Teste,78,2T25,Ridge Contábil,0.1,381,Despesas_t_4,418.4762858991983,0.008756391659924022,13
H4,Teste,78,2T25,Ridge Contábil,0.1,381,EBIT_t,1422.099248103936,0.029756663436553848,7
H4,Teste,78,2T25,Ridge Contábil,0.1,381,EBIT_t_1,-566.4186957577215,0.011852007176226606,11
H4,Teste,78,2T25,Ridge Contábil,0.1,381,EBIT_t_4,-361.49331303325187,0.007564053539046035,14
H4,Teste,78,2T25,Ridge Contábil,0.1,381,Trimestre_Sin,-73.31746696493018,0.0015341286421498982,20
H4,Teste,78,2T25,Ridge Contábil,0.1,381,Trimestre_Cos,157.32122012361725,0.0032918620869029098,18
H4,Teste,78,2T25,Ridge Contábil,0.1,381,Segmento=CORPORATIVO / OUTROS NEGÓCIOS,-136.91750599859634,0.0028649253207922417,19
H4,Teste,78,2T25,Ridge Contábil,0.1,381,Segmento=DISTRIBUIÇÃO,1389.7321272598995,0.029079398806359864,8
H4,Teste,78,2T25,Ridge Contábil,0.1,381,Segmento=E&P,1145.660129746762,0.02397232326717427,10
H4,Teste,78,2T25,Ridge Contábil,0.1,381,Segmento=GÁS & ENERGIA / G&EBC,425.596670383304,0.008905381883296188,12
H4,Teste,78,2T25,Ridge Contábil,0.1,381,Segmento=INTERNACIONAL,347.0339519787954,0.007261499170229134,15
H4,Teste,78,2T25,Ridge Contábil,0.1,381,Segmento=REFINO / RTC,6569.128154173662,0.13745548056224646,2
H4,Teste,78,2T25,Ridge + Brent e Câmbio,100.0,381,Custo_t,4764.118498700534,0.13219019792965847,1
H4,Teste,78,2T25,Ridge + Brent e Câmbio,100.0,381,Custo_t_1,3937.656194331363,0.10925831333741721,3
H4,Teste,78,2T25,Ridge + Brent e Câmbio,100.0,381,Custo_t_4,2731.8192924918067,0.07579990570785569,6
H4,Teste,78,2T25,Ridge + Brent e Câmbio,100.0,381,Receita_t,3629.236509619585,0.10070057927211776,4
H4,Teste,78,2T25,Ridge + Brent e Câmbio,100.0,381,Receita_t_1,2930.985305244662,0.0813261735061571,5
H4,Teste,78,2T25,Ridge + Brent e Câmbio,100.0,381,Receita_t_4,2188.161329715501,0.06071500516958464,7
H4,Teste,78,2T25,Ridge + Brent e Câmbio,100.0,381,Despesas_t,-518.0327408418042,0.014373876419026927,17
H4,Teste,78,2T25,Ridge + Brent e Câmbio,100.0,381,Despesas_t_1,-386.16779175550687,0.010715014087106227,20
H4,Teste,78,2T25,Ridge + Brent e Câmbio,100.0,381,Despesas_t_4,63.60607933790562,0.001764880579586907,28
H4,Teste,78,2T25,Ridge + Brent e Câmbio,100.0,381,EBIT_t,-390.58292105426403,0.010837520866911752,19
H4,Teste,78,2T25,Ridge + Brent e Câmbio,100.0,381,EBIT_t_1,-625.7297360035342,0.01736214950894728,14
H4,Teste,78,2T25,Ridge + Brent e Câmbio,100.0,381,EBIT_t_4,-585.3373866717322,0.01624138127984651,16
H4,Teste,78,2T25,Ridge + Brent e Câmbio,100.0,381,Trimestre_Sin,-320.46249407913484,0.008891886407298127,22
H4,Teste,78,2T25,Ridge + Brent e Câmbio,100.0,381,Trimestre_Cos,178.92621576683322,0.004964673293385521,27
H4,Teste,78,2T25,Ridge + Brent e Câmbio,100.0,381,Brent_t,312.603848241351,0.008673832228117007,23
H4,Teste,78,2T25,Ridge + Brent e Câmbio,100.0,381,Brent_t_1,-593.9133422715805,0.016479338683401675,15
H4,Teste,78,2T25,Ridge + Brent e Câmbio,100.0,381,Brent_t_4,-245.22159508987122,0.00680417399365663,24
H4,Teste,78,2T25,Ridge + Brent e Câmbio,100.0,381,USD_BRL_t,809.0105275042865,0.02244764939980796,12
H4,Teste,78,2T25,Ridge + Brent e Câmbio,100.0,381,USD_BRL_t_1,858.0162447206853,0.02380741311271468,10
H4,Teste,78,2T25,Ridge + Brent e Câmbio,100.0,381,USD_BRL_t_4,44.20745068527328,0.001226626008073865,29
H4,Teste,78,2T25,Ridge + Brent e Câmbio,100.0,381,Brent_BRL_t,-770.5585847933272,0.021380721715467607,13
H4,Teste,78,2T25,Ridge + Brent e Câmbio,100.0,381,Brent_Var_AA,1283.2968642441692,0.035607692489852585,8
H4,Teste,78,2T25,Ridge + Brent e Câmbio,100.0,381,USD_BRL_Var_AA,513.2697792237025,0.014241718321112281,18
H4,Teste,78,2T25,Ridge + Brent e Câmbio,100.0,381,Segmento=CORPORATIVO / OUTROS NEGÓCIOS,-1224.8986473675054,0.033987314690733836,9
H4,Teste,78,2T25,Ridge + Brent e Câmbio,100.0,381,Segmento=DISTRIBUIÇÃO,363.77312760181564,0.010093628391546356,21
H4,Teste,78,2T25,Ridge + Brent e Câmbio,100.0,381,Segmento=E&P,-206.9822672782665,0.005743145743941202,26
H4,Teste,78,2T25,Ridge + Brent e Câmbio,100.0,381,Segmento=GÁS & ENERGIA / G&EBC,-812.7323515359008,0.022550919008977557,11
H4,Teste,78,2T25,Ridge + Brent e Câmbio,100.0,381,Segmento=INTERNACIONAL,-224.342706868154,0.0062248465971334686,25
H4,Teste,78,2T25,Ridge + Brent e Câmbio,100.0,381,Segmento=REFINO / RTC,4526.227353887477,0.12558942225056305,2
H4,Teste,79,3T25,Ridge Contábil,0.1,385,Custo_t,17694.091135348168,0.3690364113530713,1
H4,Teste,79,3T25,Ridge Contábil,0.1,385,Custo_t_1,3324.3112878306283,0.06933342314659567,6
H4,Teste,79,3T25,Ridge Contábil,0.1,385,Custo_t_4,-3897.538030240718,0.08128891372774376,4
H4,Teste,79,3T25,Ridge Contábil,0.1,385,Receita_t,1484.5755353746229,0.030963016058096905,7
H4,Teste,79,3T25,Ridge Contábil,0.1,385,Receita_t_1,-3578.922266186175,0.07464371125490753,5
H4,Teste,79,3T25,Ridge Contábil,0.1,385,Receita_t_4,4792.041988851863,0.09994511529819405,3
H4,Teste,79,3T25,Ridge Contábil,0.1,385,Despesas_t,167.57970062352453,0.003495122233782405,16
H4,Teste,79,3T25,Ridge Contábil,0.1,385,Despesas_t_1,144.37040781991084,0.0030110581436423086,17
H4,Teste,79,3T25,Ridge Contábil,0.1,385,Despesas_t_4,398.7989016921122,0.008317540268456828,14
H4,Teste,79,3T25,Ridge Contábil,0.1,385,EBIT_t,1388.6711526258198,0.028962788469580343,8
H4,Teste,79,3T25,Ridge Contábil,0.1,385,EBIT_t_1,-594.7533752791961,0.012404460312442162,11
H4,Teste,79,3T25,Ridge Contábil,0.1,385,EBIT_t_4,-412.34147542497493,0.0085999906510524,13
H4,Teste,79,3T25,Ridge Contábil,0.1,385,Trimestre_Sin,-69.4992886126094,0.001449510340203415,20
H4,Teste,79,3T25,Ridge Contábil,0.1,385,Trimestre_Cos,125.85266698325974,0.0026248433009329274,19
H4,Teste,79,3T25,Ridge Contábil,0.1,385,Segmento=CORPORATIVO / OUTROS NEGÓCIOS,-133.05761800977913,0.0027751131989719163,18
H4,Teste,79,3T25,Ridge Contábil,0.1,385,Segmento=DISTRIBUIÇÃO,1362.5822107660251,0.028418665044065497,9
H4,Teste,79,3T25,Ridge Contábil,0.1,385,Segmento=E&P,1104.742381335482,0.023041034476375795,10
H4,Teste,79,3T25,Ridge Contábil,0.1,385,Segmento=GÁS & ENERGIA / G&EBC,416.34488991422364,0.008683487774751496,12
H4,Teste,79,3T25,Ridge Contábil,0.1,385,Segmento=INTERNACIONAL,339.2712250350129,0.007076002627349291,15
H4,Teste,79,3T25,Ridge Contábil,0.1,385,Segmento=REFINO / RTC,6517.389773265763,0.13592979231978383,2
H4,Teste,79,3T25,Ridge + Brent e Câmbio,100.0,385,Custo_t,4814.520705473037,0.13250538291304792,1
H4,Teste,79,3T25,Ridge + Brent e Câmbio,100.0,385,Custo_t_1,3986.862188522034,0.10972654044485196,3
H4,Teste,79,3T25,Ridge + Brent e Câmbio,100.0,385,Custo_t_4,2792.0032038149757,0.07684159571593555,6
H4,Teste,79,3T25,Ridge + Brent e Câmbio,100.0,385,Receita_t,3668.3753028907504,0.10096113484894623,4
H4,Teste,79,3T25,Ridge + Brent e Câmbio,100.0,385,Receita_t_1,2973.055870934494,0.0818245326377414,5
H4,Teste,79,3T25,Ridge + Brent e Câmbio,100.0,385,Receita_t_4,2235.55365613245,0.06152697461488849,7
H4,Teste,79,3T25,Ridge + Brent e Câmbio,100.0,385,Despesas_t,-527.2125708390561,0.014509960149550916,17
H4,Teste,79,3T25,Ridge + Brent e Câmbio,100.0,385,Despesas_t_1,-389.4391535432852,0.010718156036368356,20
H4,Teste,79,3T25,Ridge + Brent e Câmbio,100.0,385,Despesas_t_4,64.40474811310031,0.0017725494046465578,28
H4,Teste,79,3T25,Ridge + Brent e Câmbio,100.0,385,EBIT_t,-402.0851979954156,0.011066200850166769,19
H4,Teste,79,3T25,Ridge + Brent e Câmbio,100.0,385,EBIT_t_1,-623.7567637299803,0.01716705231502872,14
H4,Teste,79,3T25,Ridge + Brent e Câmbio,100.0,385,EBIT_t_4,-597.0287957699244,0.016431444381094843,15
H4,Teste,79,3T25,Ridge + Brent e Câmbio,100.0,385,Trimestre_Sin,-318.50685711259274,0.008765955251611888,22
H4,Teste,79,3T25,Ridge + Brent e Câmbio,100.0,385,Trimestre_Cos,161.46649379596673,0.004443885673550078,27
H4,Teste,79,3T25,Ridge + Brent e Câmbio,100.0,385,Brent_t,306.6365334474556,0.008439259848523726,23
H4,Teste,79,3T25,Ridge + Brent e Câmbio,100.0,385,Brent_t_1,-595.8834978050785,0.01639992345623748,16
H4,Teste,79,3T25,Ridge + Brent e Câmbio,100.0,385,Brent_t_4,-253.30065307401475,0.0069713481530036805,24
H4,Teste,79,3T25,Ridge + Brent e Câmbio,100.0,385,USD_BRL_t,811.2779690669735,0.022328016539203393,12
H4,Teste,79,3T25,Ridge + Brent e Câmbio,100.0,385,USD_BRL_t_1,849.5878225439747,0.023382381472880433,10
H4,Teste,79,3T25,Ridge + Brent e Câmbio,100.0,385,USD_BRL_t_4,47.26279802478872,0.0013007681414055447,29
H4,Teste,79,3T25,Ridge + Brent e Câmbio,100.0,385,Brent_BRL_t,-747.0530446728827,0.02056041624833199,13
H4,Teste,79,3T25,Ridge + Brent e Câmbio,100.0,385,Brent_Var_AA,1273.0659115170988,0.035037358108640136,8
H4,Teste,79,3T25,Ridge + Brent e Câmbio,100.0,385,USD_BRL_Var_AA,516.4328839152045,0.014213281283489752,18
H4,Teste,79,3T25,Ridge + Brent e Câmbio,100.0,385,Segmento=CORPORATIVO / OUTROS NEGÓCIOS,-1226.8356708329857,0.03376500804126019,9
H4,Teste,79,3T25,Ridge + Brent e Câmbio,100.0,385,Segmento=DISTRIBUIÇÃO,358.8188803010155,0.009875423959994316,21
H4,Teste,79,3T25,Ridge + Brent e Câmbio,100.0,385,Segmento=E&P,-211.94039146259843,0.0058330297953789025,26
H4,Teste,79,3T25,Ridge + Brent e Câmbio,100.0,385,Segmento=GÁS & ENERGIA / G&EBC,-823.46814963297,0.022663515053487564,11
H4,Teste,79,3T25,Ridge + Brent e Câmbio,100.0,385,Segmento=INTERNACIONAL,-221.68202152160558,0.0061011392293457405,25
H4,Teste,79,3T25,Ridge + Brent e Câmbio,100.0,385,Segmento=REFINO / RTC,4537.011470017549,0.12486776543138757,2
H4,Teste,80,4T25,Ridge Contábil,0.1,389,Custo_t,17993.129745356022,0.3686751296454813,1
H4,Teste,80,4T25,Ridge Contábil,0.1,389,Custo_t_1,3396.150431611216,0.06958634870028545,6
H4,Teste,80,4T25,Ridge Contábil,0.1,389,Custo_t_4,-4027.447143708364,0.08252147452169807,4
H4,Teste,80,4T25,Ridge Contábil,0.1,389,Receita_t,1578.3876685345372,0.03234080377139444,7
H4,Teste,80,4T25,Ridge Contábil,0.1,389,Receita_t_1,-3728.2746897828324,0.07639149909228064,5
H4,Teste,80,4T25,Ridge Contábil,0.1,389,Receita_t_4,5030.97725399729,0.10308357787725266,3
H4,Teste,80,4T25,Ridge Contábil,0.1,389,Despesas_t,156.5410643146182,0.00320749074773548,16
H4,Teste,80,4T25,Ridge Contábil,0.1,389,Despesas_t_1,142.610396291643,0.0029220545333523713,17
H4,Teste,80,4T25,Ridge Contábil,0.1,389,Despesas_t_4,385.07061945222057,0.007890009273448064,14
H4,Teste,80,4T25,Ridge Contábil,0.1,389,EBIT_t,1391.9925517270542,0.028521610288836485,8
H4,Teste,80,4T25,Ridge Contábil,0.1,389,EBIT_t_1,-603.259967333488,0.012360659307978656,11
H4,Teste,80,4T25,Ridge Contábil,0.1,389,EBIT_t_4,-431.5438922941213,0.00884223604736213,12
H4,Teste,80,4T25,Ridge Contábil,0.1,389,Trimestre_Sin,-80.29970679337148,0.001645322699914461,20
H4,Teste,80,4T25,Ridge Contábil,0.1,389,Trimestre_Cos,125.53101431468228,0.0025721018873294706,19
H4,Teste,80,4T25,Ridge Contábil,0.1,389,Segmento=CORPORATIVO / OUTROS NEGÓCIOS,-133.08732879341773,0.0027269290496695206,18
H4,Teste,80,4T25,Ridge Contábil,0.1,389,Segmento=DISTRIBUIÇÃO,1333.6461335575848,0.0273261054718643,9
H4,Teste,80,4T25,Ridge Contábil,0.1,389,Segmento=E&P,1076.8313335581636,0.022064028722314825,10
H4,Teste,80,4T25,Ridge Contábil,0.1,389,Segmento=GÁS & ENERGIA / G&EBC,402.2090880453569,0.008241172590776466,13
H4,Teste,80,4T25,Ridge Contábil,0.1,389,Segmento=INTERNACIONAL,332.1005107878973,0.00680466381351245,15
H4,Teste,80,4T25,Ridge Contábil,0.1,389,Segmento=REFINO / RTC,6455.746831494651,0.13227678195751277,2
H4,Teste,80,4T25,Ridge + Brent e Câmbio,100.0,389,Custo_t,4870.483594786984,0.1325830239969709,1
H4,Teste,80,4T25,Ridge + Brent e Câmbio,100.0,389,Custo_t_1,4048.375634305968,0.11020381722390661,3
H4,Teste,80,4T25,Ridge + Brent e Câmbio,100.0,389,Custo_t_4,2867.058494163854,0.0780463125960022,6
H4,Teste,80,4T25,Ridge + Brent e Câmbio,100.0,389,Receita_t,3711.336054559428,0.10102901438968848,4
H4,Teste,80,4T25,Ridge + Brent e Câmbio,100.0,389,Receita_t_1,3020.5212080768024,0.08222383424973248,5
H4,Teste,80,4T25,Ridge + Brent e Câmbio,100.0,389,Receita_t_4,2292.182900263554,0.06239720031012253,7
H4,Teste,80,4T25,Ridge + Brent e Câmbio,100.0,389,Despesas_t,-533.4759563551318,0.014522142236336364,17
H4,Teste,80,4T25,Ridge + Brent e Câmbio,100.0,389,Despesas_t_1,-400.1180942710484,0.010891909573648984,20
H4,Teste,80,4T25,Ridge + Brent e Câmbio,100.0,389,Despesas_t_4,63.70069234170323,0.001734043500403799,28
H4,Teste,80,4T25,Ridge + Brent e Câmbio,100.0,389,EBIT_t,-418.6175537072536,0.011395496995026727,19
H4,Teste,80,4T25,Ridge + Brent e Câmbio,100.0,389,EBIT_t_1,-630.9840995505904,0.01717648327610923,14
H4,Teste,80,4T25,Ridge + Brent e Câmbio,100.0,389,EBIT_t_4,-597.6520528395035,0.016269127063331047,16
H4,Teste,80,4T25,Ridge + Brent e Câmbio,100.0,389,Trimestre_Sin,-330.11857607858684,0.008986401091858597,22
H4,Teste,80,4T25,Ridge + Brent e Câmbio,100.0,389,Trimestre_Cos,161.61946883661113,0.0043995626919012916,27
H4,Teste,80,4T25,Ridge + Brent e Câmbio,100.0,389,Brent_t,299.30944626262306,0.008147723059540049,23
H4,Teste,80,4T25,Ridge + Brent e Câmbio,100.0,389,Brent_t_1,-600.0965952469014,0.01633567175409,15
H4,Teste,80,4T25,Ridge + Brent e Câmbio,100.0,389,Brent_t_4,-258.7454569049643,0.007043500805270336,24
H4,Teste,80,4T25,Ridge + Brent e Câmbio,100.0,389,USD_BRL_t,813.8160749678483,0.022153487245510767,12
H4,Teste,80,4T25,Ridge + Brent e Câmbio,100.0,389,USD_BRL_t_1,847.0355653641058,0.02305777947987703,10
H4,Teste,80,4T25,Ridge + Brent e Câmbio,100.0,389,USD_BRL_t_4,48.02437613379112,0.0013073069417995774,29
H4,Teste,80,4T25,Ridge + Brent e Câmbio,100.0,389,Brent_BRL_t,-729.0841558036561,0.019846937217525958,13
H4,Teste,80,4T25,Ridge + Brent e Câmbio,100.0,389,Brent_Var_AA,1268.4263877866917,0.03452876966679717,8
H4,Teste,80,4T25,Ridge + Brent e Câmbio,100.0,389,USD_BRL_Var_AA,524.230227877034,0.014270457446351003,18
H4,Teste,80,4T25,Ridge + Brent e Câmbio,100.0,389,Segmento=CORPORATIVO / OUTROS NEGÓCIOS,-1230.5413052938109,0.033497471910932226,9
H4,Teste,80,4T25,Ridge + Brent e Câmbio,100.0,389,Segmento=DISTRIBUIÇÃO,353.78246366926544,0.00963057321876087,21
H4,Teste,80,4T25,Ridge + Brent e Câmbio,100.0,389,Segmento=E&P,-217.1544812286996,0.005911322199423947,26
H4,Teste,80,4T25,Ridge + Brent e Câmbio,100.0,389,Segmento=GÁS & ENERGIA / G&EBC,-831.6720737681001,0.02263955855061845,11
H4,Teste,80,4T25,Ridge + Brent e Câmbio,100.0,389,Segmento=INTERNACIONAL,-219.08690607752004,0.005963926160635874,25
H4,Teste,80,4T25,Ridge + Brent e Câmbio,100.0,389,Segmento=REFINO / RTC,4548.098626666433,0.12380714514782776,2
H4,Teste,81,1T26,Ridge Contábil,0.1,393,Custo_t,18128.869364405105,0.37005834761736794,1
H4,Teste,81,1T26,Ridge Contábil,0.1,393,Custo_t_1,3524.456062007681,0.07194350405091447,6
H4,Teste,81,1T26,Ridge Contábil,0.1,393,Custo_t_4,-4160.216415462531,0.0849210605190564,4
H4,Teste,81,1T26,Ridge Contábil,0.1,393,Receita_t,1383.4786823467964,0.028240472412379206,7
H4,Teste,81,1T26,Ridge Contábil,0.1,393,Receita_t_1,-3586.1822698363594,0.07320349980766125,5
H4,Teste,81,1T26,Ridge Contábil,0.1,393,Receita_t_4,5366.748860120091,0.10954959050854213,3
H4,Teste,81,1T26,Ridge Contábil,0.1,393,Despesas_t,163.57866327873205,0.0033390747443544063,16
H4,Teste,81,1T26,Ridge Contábil,0.1,393,Despesas_t_1,114.61664515925231,0.002339629982681545,19
H4,Teste,81,1T26,Ridge Contábil,0.1,393,Despesas_t_4,396.8956305113423,0.008101693395836348,13
H4,Teste,81,1T26,Ridge Contábil,0.1,393,EBIT_t,1349.740154618488,0.027551779501022337,8
H4,Teste,81,1T26,Ridge Contábil,0.1,393,EBIT_t_1,-597.5600559375467,0.01219778699142537,11
H4,Teste,81,1T26,Ridge Contábil,0.1,393,EBIT_t_4,-477.7228035509177,0.009751590556899037,12
H4,Teste,81,1T26,Ridge Contábil,0.1,393,Trimestre_Sin,-81.79631739907315,0.0016696799700768351,20
H4,Teste,81,1T26,Ridge Contábil,0.1,393,Trimestre_Cos,141.84643993722682,0.002895462376801063,17
H4,Teste,81,1T26,Ridge Contábil,0.1,393,Segmento=CORPORATIVO / OUTROS NEGÓCIOS,-137.2095763350731,0.002800811681920488,18
H4,Teste,81,1T26,Ridge Contábil,0.1,393,Segmento=DISTRIBUIÇÃO,1292.6928503579418,0.026387292586458718,9
H4,Teste,81,1T26,Ridge Contábil,0.1,393,Segmento=E&P,1036.132216247032,0.02115020899264338,10
H4,Teste,81,1T26,Ridge Contábil,0.1,393,Segmento=GÁS & ENERGIA / G&EBC,372.2482516964982,0.007598574966662327,14
H4,Teste,81,1T26,Ridge Contábil,0.1,393,Segmento=INTERNACIONAL,321.68713497682285,0.006566488357681132,15
H4,Teste,81,1T26,Ridge Contábil,0.1,393,Segmento=REFINO / RTC,6355.54041719588,0.12973345097961558,2
H4,Teste,81,1T26,Ridge + Brent e Câmbio,100.0,393,Custo_t,4911.724519088969,0.1326034888571318,1
H4,Teste,81,1T26,Ridge + Brent e Câmbio,100.0,393,Custo_t_1,4094.221657723721,0.11053308748457542,3
H4,Teste,81,1T26,Ridge + Brent e Câmbio,100.0,393,Custo_t_4,2925.577039644817,0.0789827932876777,6
H4,Teste,81,1T26,Ridge + Brent e Câmbio,100.0,393,Receita_t,3749.0515684911875,0.1012144137878977,4
H4,Teste,81,1T26,Ridge + Brent e Câmbio,100.0,393,Receita_t_1,3065.469122333326,0.08275950718030199,5
H4,Teste,81,1T26,Ridge + Brent e Câmbio,100.0,393,Receita_t_4,2341.4443585775975,0.06321276563976096,7
H4,Teste,81,1T26,Ridge + Brent e Câmbio,100.0,393,Despesas_t,-536.2816063165741,0.014478175991163822,17
H4,Teste,81,1T26,Ridge + Brent e Câmbio,100.0,393,Despesas_t_1,-394.7434764493191,0.010657023205870192,20
H4,Teste,81,1T26,Ridge + Brent e Câmbio,100.0,393,Despesas_t_4,67.15568277646469,0.0018130246918639762,28
H4,Teste,81,1T26,Ridge + Brent e Câmbio,100.0,393,EBIT_t,-416.58766036884185,0.011246758030717993,19
H4,Teste,81,1T26,Ridge + Brent e Câmbio,100.0,393,EBIT_t_1,-627.2452331285182,0.01693395180421761,14
H4,Teste,81,1T26,Ridge + Brent e Câmbio,100.0,393,EBIT_t_4,-591.7881706602078,0.015976705490901303,16
H4,Teste,81,1T26,Ridge + Brent e Câmbio,100.0,393,Trimestre_Sin,-329.5589330312923,0.008897214030254461,22
H4,Teste,81,1T26,Ridge + Brent e Câmbio,100.0,393,Trimestre_Cos,152.80625550389695,0.004125362185982159,27
H4,Teste,81,1T26,Ridge + Brent e Câmbio,100.0,393,Brent_t,291.6483645356898,0.007873729584509,23
H4,Teste,81,1T26,Ridge + Brent e Câmbio,100.0,393,Brent_t_1,-606.8391708013737,0.016383042434626714,15
H4,Teste,81,1T26,Ridge + Brent e Câmbio,100.0,393,Brent_t_4,-263.53455594101285,0.007114731580808408,24
H4,Teste,81,1T26,Ridge + Brent e Câmbio,100.0,393,USD_BRL_t,799.0907667263966,0.02157332382335942,12
H4,Teste,81,1T26,Ridge + Brent e Câmbio,100.0,393,USD_BRL_t_1,837.7049573793901,0.022615804194577618,11
H4,Teste,81,1T26,Ridge + Brent e Câmbio,100.0,393,USD_BRL_t_4,55.09430763490585,0.0014873996658737079,29
H4,Teste,81,1T26,Ridge + Brent e Câmbio,100.0,393,Brent_BRL_t,-724.9723582555565,0.019572324069897198,13
H4,Teste,81,1T26,Ridge + Brent e Câmbio,100.0,393,Brent_Var_AA,1269.469927419305,0.03427230919014018,8
H4,Teste,81,1T26,Ridge + Brent e Câmbio,100.0,393,USD_BRL_Var_AA,531.149361668685,0.014339619045770502,18
H4,Teste,81,1T26,Ridge + Brent e Câmbio,100.0,393,Segmento=CORPORATIVO / OUTROS NEGÓCIOS,-1238.2635584982306,0.033429820288856125,9
H4,Teste,81,1T26,Ridge + Brent e Câmbio,100.0,393,Segmento=DISTRIBUIÇÃO,353.04259420688726,0.009531210377346064,21
H4,Teste,81,1T26,Ridge + Brent e Câmbio,100.0,393,Segmento=E&P,-224.5547804992902,0.006062381393343356,25
H4,Teste,81,1T26,Ridge + Brent e Câmbio,100.0,393,Segmento=GÁS & ENERGIA / G&EBC,-846.8804472740712,0.02286351800004034,10
H4,Teste,81,1T26,Ridge + Brent e Câmbio,100.0,393,Segmento=INTERNACIONAL,-220.79853924390773,0.005960972877145629,26
H4,Teste,81,1T26,Ridge + Brent e Câmbio,100.0,393,Segmento=REFINO / RTC,4573.989482976513,0.1234855418053888,2
H4,Teste,82,2T26,Ridge Contábil,0.1,397,Custo_t,17699.65412529809,0.3566965340743145,1
H4,Teste,82,2T26,Ridge Contábil,0.1,397,Custo_t_1,3817.6943258423807,0.07693700252802085,5
H4,Teste,82,2T26,Ridge Contábil,0.1,397,Custo_t_4,-4262.917755550205,0.08590947470974974,4
H4,Teste,82,2T26,Ridge Contábil,0.1,397,Receita_t,1696.1258717580135,0.03418158431384995,7
H4,Teste,82,2T26,Ridge Contábil,0.1,397,Receita_t_1,-3588.7596928761686,0.07232334231011263,6
H4,Teste,82,2T26,Ridge Contábil,0.1,397,Receita_t_4,5349.6451382274845,0.10781000949650557,3
H4,Teste,82,2T26,Ridge Contábil,0.1,397,Despesas_t,162.7000457865671,0.0032788517795300912,16
H4,Teste,82,2T26,Ridge Contábil,0.1,397,Despesas_t_1,109.56806495575634,0.00220809676495808,20
H4,Teste,82,2T26,Ridge Contábil,0.1,397,Despesas_t_4,395.53755820052936,0.007971165713610812,13
H4,Teste,82,2T26,Ridge Contábil,0.1,397,EBIT_t,1344.0482842530605,0.02708625610578261,8
H4,Teste,82,2T26,Ridge Contábil,0.1,397,EBIT_t_1,-601.3693250732017,0.012119239869530965,11
H4,Teste,82,2T26,Ridge Contábil,0.1,397,EBIT_t_4,-500.3553703864849,0.010083531867847913,12
H4,Teste,82,2T26,Ridge Contábil,0.1,397,Trimestre_Sin,-140.64984156771703,0.002834479738991012,18
H4,Teste,82,2T26,Ridge Contábil,0.1,397,Trimestre_Cos,145.12375770172486,0.0029246414092385016,17
H4,Teste,82,2T26,Ridge Contábil,0.1,397,Segmento=CORPORATIVO / OUTROS NEGÓCIOS,-140.05831537173924,0.002822558865146485,19
H4,Teste,82,2T26,Ridge Contábil,0.1,397,Segmento=DISTRIBUIÇÃO,1341.0492664974633,0.027025817679614733,9
H4,Teste,82,2T26,Ridge Contábil,0.1,397,Segmento=E&P,1074.4232469636972,0.021652572734348143,10
H4,Teste,82,2T26,Ridge Contábil,0.1,397,Segmento=GÁS & ENERGIA / G&EBC,387.0049716956144,0.007799210713165786,14
H4,Teste,82,2T26,Ridge Contábil,0.1,397,Segmento=INTERNACIONAL,332.0643211573014,0.006692006047578891,15
H4,Teste,82,2T26,Ridge Contábil,0.1,397,Segmento=REFINO / RTC,6532.29391720978,0.13164362327810258,2
H4,Teste,82,2T26,Ridge + Brent e Câmbio,100.0,397,Custo_t,4909.370831518553,0.13204652840961217,1
H4,Teste,82,2T26,Ridge + Brent e Câmbio,100.0,397,Custo_t_1,4116.2370594169415,0.11071374163008031,3
H4,Teste,82,2T26,Ridge + Brent e Câmbio,100.0,397,Custo_t_4,2948.0232475625403,0.0792924895818176,6
H4,Teste,82,2T26,Ridge + Brent e Câmbio,100.0,397,Receita_t,3771.260189021683,0.10143495628657911,4
H4,Teste,82,2T26,Ridge + Brent e Câmbio,100.0,397,Receita_t_1,3097.00946139343,0.0832997469254589,5
H4,Teste,82,2T26,Ridge + Brent e Câmbio,100.0,397,Receita_t_4,2369.2868734061217,0.0637263138549611,7
H4,Teste,82,2T26,Ridge + Brent e Câmbio,100.0,397,Despesas_t,-518.443308673828,0.013944483200996354,18
H4,Teste,82,2T26,Ridge + Brent e Câmbio,100.0,397,Despesas_t_1,-370.7089321042604,0.00997089631537589,20
H4,Teste,82,2T26,Ridge + Brent e Câmbio,100.0,397,Despesas_t_4,69.50435310428261,0.0018694469926480407,29
H4,Teste,82,2T26,Ridge + Brent e Câmbio,100.0,397,EBIT_t,-382.2521965341384,0.010281373573417544,19
H4,Teste,82,2T26,Ridge + Brent e Câmbio,100.0,397,EBIT_t_1,-622.3515709977307,0.016739286401613936,14
H4,Teste,82,2T26,Ridge + Brent e Câmbio,100.0,397,EBIT_t_4,-572.313874407152,0.015393430822324632,16
H4,Teste,82,2T26,Ridge + Brent e Câmbio,100.0,397,Trimestre_Sin,-360.1670094208976,0.009687351979274063,21
H4,Teste,82,2T26,Ridge + Brent e Câmbio,100.0,397,Trimestre_Cos,155.94297620786486,0.004194372220959712,27
H4,Teste,82,2T26,Ridge + Brent e Câmbio,100.0,397,Brent_t,280.8561810288036,0.0075541418564553054,23
H4,Teste,82,2T26,Ridge + Brent e Câmbio,100.0,397,Brent_t_1,-610.7665578722836,0.016427686235870924,15
H4,Teste,82,2T26,Ridge + Brent e Câmbio,100.0,397,Brent_t_4,-266.2304438956138,0.0071607558442456955,24
H4,Teste,82,2T26,Ridge + Brent e Câmbio,100.0,397,USD_BRL_t,777.76252843764,0.020919349002508632,12
H4,Teste,82,2T26,Ridge + Brent e Câmbio,100.0,397,USD_BRL_t_1,809.7655339961996,0.021780128505159112,11
H4,Teste,82,2T26,Ridge + Brent e Câmbio,100.0,397,USD_BRL_t_4,72.35810543810614,0.0019462038931866918,28
H4,Teste,82,2T26,Ridge + Brent e Câmbio,100.0,397,Brent_BRL_t,-724.2267383135679,0.019479405784904376,13
H4,Teste,82,2T26,Ridge + Brent e Câmbio,100.0,397,Brent_Var_AA,1278.7766229731094,0.03439504153788601,8
H4,Teste,82,2T26,Ridge + Brent e Câmbio,100.0,397,USD_BRL_Var_AA,537.197874714907,0.014448921635684179,17
H4,Teste,82,2T26,Ridge + Brent e Câmbio,100.0,397,Segmento=CORPORATIVO / OUTROS NEGÓCIOS,-1254.4106457387063,0.03373967391227208,9
H4,Teste,82,2T26,Ridge + Brent e Câmbio,100.0,397,Segmento=DISTRIBUIÇÃO,359.8377714287582,0.009678496519913884,22
H4,Teste,82,2T26,Ridge + Brent e Câmbio,100.0,397,Segmento=E&P,-230.93834779811334,0.006211510221964626,25
H4,Teste,82,2T26,Ridge + Brent e Câmbio,100.0,397,Segmento=GÁS & ENERGIA / G&EBC,-861.6615055985015,0.02317596579749259,10
H4,Teste,82,2T26,Ridge + Brent e Câmbio,100.0,397,Segmento=INTERNACIONAL,-228.40987746583878,0.006143502377167071,26
H4,Teste,82,2T26,Ridge + Brent e Câmbio,100.0,397,Segmento=REFINO / RTC,4623.027466483799,0.1243447986801694,2
